# Blender 3.6.5
# www.blender.org
mtllib Motobug.mtl
o enm_motora_body
v 0.165998 1.592414 1.184775
v 0.200279 1.592208 1.184800
v 0.183109 1.587772 1.190679
v 0.218823 1.742461 0.888613
v 0.149477 1.742877 0.888562
v 0.184194 1.748652 0.867398
v 0.133412 1.729696 0.929935
v 0.234696 1.729088 0.930010
v 0.228376 1.559196 1.135481
v 0.137558 1.559741 1.135415
v 0.218523 1.540318 1.164681
v 0.147162 1.540746 1.164629
v 0.203368 1.525709 1.186406
v 0.162126 1.525957 1.186376
v 0.117190 1.669597 0.886325
v 0.250248 1.668799 0.886423
v 0.128469 1.680916 0.848242
v 0.239135 1.680252 0.848323
v 0.151597 1.688525 0.819423
v 0.216124 1.688138 0.819470
v 0.137558 1.559741 1.135415
v 0.123271 1.628078 0.986925
v 0.150571 1.615200 1.155306
v 0.137935 1.691625 1.020974
v 0.229646 1.691075 1.021041
v 0.215998 1.614807 1.155354
v 0.137935 1.691625 1.020974
v 0.150571 1.615200 1.155306
v 0.123271 1.628078 0.986925
v 0.243592 1.627356 0.987013
v 0.250248 1.668799 0.886423
v 0.243592 1.627356 0.987013
v 0.234696 1.729088 0.930010
v 0.229646 1.691075 1.021041
v 0.218523 1.540318 1.164681
v 0.215998 1.614807 1.155354
v 0.228376 1.559196 1.135481
v 0.203368 1.525709 1.186406
v 0.200279 1.592208 1.184800
v 0.182715 1.520933 1.193637
v 0.183109 1.587772 1.190679
v 0.162126 1.525957 1.186376
v 0.147162 1.540746 1.164629
v 0.165998 1.592414 1.184775
v 0.128469 1.680916 0.848242
v 0.149477 1.742877 0.888562
v 0.117190 1.669597 0.886325
v 0.133412 1.729696 0.929935
v 0.151597 1.688525 0.819423
v 0.183873 1.689849 0.809474
v 0.184194 1.748652 0.867398
v 0.216124 1.688138 0.819470
v 0.218823 1.742461 0.888613
v 0.239135 1.680252 0.848323
v 0.183873 1.689849 0.809474
v 0.182715 1.520933 1.193637
v 0.183109 1.587772 1.190679
v 0.182715 1.520933 1.193637
v 0.183600 1.653560 0.949976
v 0.183360 1.610599 0.920139
v 0.142515 1.659693 0.931424
v 0.151402 1.615956 0.905908
v 0.123910 1.672232 0.892308
v 0.136936 1.626949 0.875901
v 0.142695 1.684547 0.853220
v 0.151556 1.637766 0.845917
v 0.183865 1.690187 0.834728
v 0.183587 1.642740 0.831732
v 0.224950 1.684054 0.853280
v 0.215546 1.637383 0.845964
v 0.243554 1.671515 0.892396
v 0.230012 1.626390 0.875970
v 0.224770 1.659200 0.931484
v 0.215392 1.615572 0.905954
v 0.183600 1.653560 0.949976
v 0.183360 1.610599 0.920139
v 0.161227 1.618894 0.849473
v 0.151077 1.611383 0.870290
v 0.183464 1.622346 0.839626
v 0.205544 1.603485 0.891154
v 0.215694 1.610996 0.870337
v 0.183306 1.600032 0.901002
v 0.183306 1.600032 0.901002
v 0.161120 1.603752 0.891121
v 0.205651 1.618627 0.849506
v 0.205544 1.603485 0.891154
v 0.183581 1.645362 0.882724
v 0.183306 1.600032 0.901002
v 0.161120 1.603752 0.891121
v 0.151077 1.611383 0.870290
v 0.161227 1.618894 0.849473
v 0.183464 1.622346 0.839626
v 0.205651 1.618627 0.849506
v 0.215694 1.610996 0.870337
v 0.183493 1.630031 0.876815
v 0.165337 1.626353 0.856118
v 0.183498 1.628813 0.849067
v 0.157779 1.620197 0.873169
v 0.165250 1.613952 0.890230
v 0.183374 1.611274 0.897308
v 0.201535 1.613734 0.890257
v 0.209093 1.619890 0.873206
v 0.201622 1.626135 0.856145
v 0.147013 1.596151 0.864405
v 0.157703 1.604856 0.840292
v 0.157579 1.587318 0.888533
v 0.183210 1.583531 0.898543
v 0.208894 1.587010 0.888571
v 0.219583 1.595715 0.864458
v 0.209017 1.604548 0.840330
v 0.165061 1.578132 0.838606
v 0.183222 1.580591 0.831555
v 0.157703 1.604856 0.840292
v 0.183386 1.608335 0.830320
v 0.157503 1.571976 0.855656
v 0.147013 1.596151 0.864405
v 0.164974 1.565730 0.872718
v 0.157579 1.587318 0.888533
v 0.183098 1.563053 0.879796
v 0.183210 1.583531 0.898543
v 0.201259 1.565513 0.872744
v 0.208894 1.587010 0.888571
v 0.208818 1.571668 0.855694
v 0.219583 1.595715 0.864458
v 0.201347 1.577914 0.838633
v 0.209017 1.604548 0.840330
v 0.183103 1.561835 0.852048
v 0.209017 1.604548 0.840330
v 0.183386 1.608335 0.830320
v 0.157703 1.604856 0.840292
v 0.684987 0.966949 -0.556687
v 0.720761 1.052594 -0.418839
v 0.713513 1.111387 -0.512527
v 0.632078 1.088335 -0.687883
v 0.670857 1.010283 -0.608840
v 0.687577 1.222578 -0.596579
v 0.573595 1.168436 -0.780151
v 0.627816 1.323473 -0.680338
v 0.477329 1.240161 -0.862630
v 0.516570 1.410630 -0.756527
v 0.668269 1.450077 -0.508675
v 0.555937 1.567555 -0.576896
v 0.732305 1.321454 -0.437197
v 0.749000 1.098265 -0.249219
v 0.754247 1.187317 -0.362712
v 0.733995 1.419927 0.108140
v 0.752116 1.425136 -0.070071
v 0.747372 1.195886 0.114189
v 0.768765 1.218280 -0.047406
v 0.694099 1.588106 -0.092181
v 0.675469 1.586131 0.108946
v 0.634650 1.556096 0.305778
v 0.562547 1.745459 0.115633
v 0.527530 1.705200 0.337653
v 0.697314 1.393656 0.275258
v 0.747999 1.045298 0.112217
v 0.746738 0.997134 0.176379
v 0.735621 1.203243 0.213680
v 0.746860 1.005560 0.214040
v 0.578658 1.738092 -0.112072
v 0.707720 1.302791 0.286140
v 0.725159 1.272058 0.241070
v 0.766666 1.100749 -0.056342
v 0.141012 1.922862 0.394010
v 0.354864 1.839139 0.368229
v 0.128528 1.805924 0.633708
v 0.319316 1.737127 0.601535
v 0.474258 1.627321 0.553003
v 0.292679 1.656436 0.724562
v 0.118208 1.718528 0.755719
v 0.030084 1.735594 0.763156
v 0.030081 1.825664 0.643344
v 0.523122 1.441775 0.615159
v 0.427682 1.557120 0.672666
v 0.574112 1.498677 0.503527
v 0.030052 1.947509 0.404548
v 0.334618 1.297694 -0.923188
v 0.359720 1.485229 -0.823847
v 0.026110 1.550950 -0.883849
v 0.025883 1.349816 -0.988678
v 0.152988 1.530529 -0.869044
v 0.155462 1.334656 -0.970192
v 0.029861 1.760581 -0.690989
v 0.148244 1.736909 -0.679570
v 0.376955 1.670761 -0.640470
v 0.377504 1.892813 0.126598
v 0.391736 1.884067 -0.128656
v 0.154609 1.981743 -0.134846
v 0.148512 1.986343 0.140172
v 0.030058 2.014158 0.147375
v 0.030165 2.009845 -0.134947
v 0.639282 1.350205 0.454735
v 0.687946 1.290667 0.346106
v 0.590412 1.303455 0.554744
v 0.676514 1.241581 0.387733
v 0.630071 1.146789 0.499000
v 0.690290 1.537369 -0.304097
v 0.749906 1.383743 -0.255011
v 0.768494 1.214817 -0.212050
v 0.577522 1.673498 -0.350041
v 0.155549 1.890266 -0.424711
v 0.393753 1.802602 -0.395679
v 0.030442 1.917978 -0.432764
v 0.648608 0.935589 -0.551439
v 0.684987 0.966949 -0.556687
v 0.633285 0.974446 -0.597196
v 0.670857 1.010283 -0.608840
v 0.593648 1.060468 -0.677788
v 0.632078 1.088335 -0.687883
v 0.526605 1.137056 -0.769957
v 0.573595 1.168436 -0.780151
v 0.439044 1.207762 -0.853544
v 0.477329 1.240161 -0.862630
v 0.331340 1.256513 -0.893921
v 0.334618 1.297694 -0.923188
v 0.158553 1.288037 -0.939426
v 0.155462 1.334656 -0.970192
v 0.014295 1.310582 -0.959646
v 0.025883 1.349816 -0.988678
v 0.014295 1.310582 -0.959646
v 0.025883 1.349816 -0.988678
v 0.013381 1.522357 -0.876696
v 0.026110 1.550950 -0.883849
v 0.017623 1.731313 -0.685105
v 0.029861 1.760581 -0.690989
v 0.018251 1.889596 -0.427790
v 0.030442 1.917978 -0.432764
v 0.017989 1.981290 -0.130723
v 0.030165 2.009845 -0.134947
v 0.017923 1.985430 0.152004
v 0.030058 2.014158 0.147375
v 0.017934 1.918685 0.409831
v 0.030052 1.947509 0.404548
v 0.017674 1.795686 0.649143
v 0.030081 1.825664 0.643344
v 0.015771 1.674189 0.789312
v 0.030084 1.735594 0.763156
v 0.015771 1.674189 0.789312
v 0.030084 1.735594 0.763156
v 0.103305 1.653614 0.779799
v 0.118208 1.718528 0.755719
v 0.292679 1.656436 0.724562
v 0.254430 1.580590 0.743259
v 0.357824 1.504620 0.700022
v 0.427682 1.557120 0.672666
v 0.523122 1.441775 0.615159
v 0.558228 1.159452 0.546060
v 0.590412 1.303455 0.554744
v 0.630071 1.146789 0.499000
v 0.583266 1.029502 0.500153
v 0.640466 1.076029 0.475689
v 0.710460 0.960846 0.176091
v 0.746738 0.997134 0.176379
v 0.716188 1.011618 0.107359
v 0.747999 1.045298 0.112217
v 0.739190 1.066487 -0.057421
v 0.766666 1.100749 -0.056342
v 0.731123 1.072062 -0.244520
v 0.749000 1.098265 -0.249219
v 0.705501 1.032352 -0.408279
v 0.720761 1.052594 -0.418839
v 0.648608 0.935589 -0.551439
v 0.684987 0.966949 -0.556687
v 0.711038 0.974671 0.227802
v 0.746860 1.005560 0.214040
v 0.710460 0.960846 0.176091
v 0.746738 0.997134 0.176379
v 0.615004 0.991014 0.273526
v 0.599370 1.003072 0.382278
v 0.676179 1.031720 0.326881
v 0.711038 0.974671 0.227802
v 0.796260 1.030362 0.243520
v 0.746860 1.005560 0.214040
v 0.768628 1.009721 0.263123
v 0.711038 0.974671 0.227802
v 0.724289 1.050332 0.436819
v 0.771399 1.048787 0.406598
v 0.793602 1.046296 0.367842
v 0.799585 1.036979 0.327262
v 0.826233 1.055771 0.288864
v 0.825093 1.083180 0.373645
v 0.799585 1.036979 0.327262
v 0.712465 1.086839 0.467289
v 0.779095 1.089809 0.439061
v 0.724289 1.050332 0.436819
v 0.771399 1.048787 0.406598
v 0.656275 1.038697 0.440803
v 0.656275 1.038697 0.440803
v 0.640466 1.076029 0.475689
v 0.796260 1.030362 0.243520
v 0.775282 1.212740 0.257721
v 0.746860 1.005560 0.214040
v 0.735621 1.203243 0.213680
v 0.712465 1.086839 0.467289
v 0.731311 1.238040 0.380080
v 0.779095 1.089809 0.439061
v 0.826233 1.055771 0.288864
v 0.825093 1.083180 0.373645
v 0.775303 1.226077 0.325659
v 0.752827 1.273952 0.258695
v 0.707720 1.302791 0.286140
v 0.725159 1.272058 0.241070
v 0.752852 1.285709 0.308495
v 0.725565 1.290586 0.339032
v 0.687946 1.290667 0.346106
v 0.676514 1.241581 0.387733
v 0.640466 1.076029 0.475689
v 0.640466 1.076029 0.475689
v 0.015771 1.674189 0.789312
v -0.000000 1.674189 0.789312
v 0.017674 1.795686 0.649143
v -0.000000 1.795686 0.649143
v 0.017934 1.918685 0.409831
v -0.000000 1.918685 0.409831
v 0.017623 1.731313 -0.685105
v -0.000000 1.731313 -0.685105
v 0.013381 1.522357 -0.876696
v -0.000000 1.522356 -0.876696
v 0.017923 1.985430 0.152004
v -0.000000 1.985430 0.152004
v 0.017989 1.981290 -0.130723
v -0.000000 1.981289 -0.130722
v 0.018251 1.889596 -0.427790
v -0.000000 1.889596 -0.427790
v -0.000000 1.657994 0.778906
v 0.586460 1.008846 0.495654
v 0.656275 1.038697 0.440803
v 0.599370 1.003072 0.382278
v 0.512870 1.286936 0.595926
v 0.440418 1.416095 0.655873
v -0.000000 1.674189 0.789312
v 0.583266 1.029502 0.500153
v 0.586460 1.008846 0.495654
v 0.317514 1.027134 0.497386
v 0.317973 1.005622 0.494284
v 0.103305 1.653614 0.779799
v 0.117682 1.713093 0.609091
v -0.000000 1.657994 0.778906
v -0.000000 1.732163 0.622626
v 0.440418 1.416095 0.655873
v 0.459735 1.439556 0.468854
v 0.357824 1.504620 0.700022
v 0.315459 1.620287 0.560344
v 0.254430 1.580590 0.743259
v 0.512870 1.286936 0.595926
v 0.583266 1.029502 0.500153
v 0.561389 1.164790 0.328735
v 0.558228 1.159452 0.546060
v 0.117682 1.713093 0.609091
v -0.000000 1.562211 0.531101
v -0.000000 1.732163 0.622626
v 0.459735 1.439556 0.468854
v 0.315459 1.620287 0.560344
v -0.000000 1.316756 0.407479
v 0.229867 1.316667 0.408099
v 0.561389 1.164790 0.328735
v 0.292721 1.164989 0.329307
v -0.000000 1.310629 -0.959522
v 0.014295 1.310582 -0.959646
v 0.586460 1.008846 0.495654
v 0.768628 1.009721 0.263123
v 0.656275 1.038697 0.440803
v 0.586460 1.008846 0.495654
v 0.640466 1.076029 0.475689
v 0.014295 1.310582 -0.959646
v 0.014295 0.904676 -0.910033
v 0.158553 1.288037 -0.939426
v 0.158553 0.904676 -0.893047
v 0.633285 0.974446 -0.597196
v 0.605166 0.927329 -0.616688
v 0.648608 0.935589 -0.551439
v 0.593648 1.060468 -0.677788
v 0.526605 1.137056 -0.769957
v 0.536480 0.918638 -0.699611
v 0.439044 1.207762 -0.853544
v 0.457703 0.915161 -0.765992
v 0.331340 1.256513 -0.893921
v 0.326059 0.896989 -0.850273
v -0.000000 1.310629 -0.959522
v -0.000000 0.904676 -0.909968
v 0.014295 1.310582 -0.959646
v 0.014295 0.904676 -0.910033
v 0.014295 0.904676 -0.910033
v -0.000000 0.868949 -0.894697
v 0.158553 0.904676 -0.893047
v 0.158553 0.868949 -0.879877
v 0.326059 0.896989 -0.850273
v 0.332322 0.868815 -0.842164
v -0.000000 0.904676 -0.909968
v -0.000000 0.868949 -0.894697
v 0.014295 0.904676 -0.910033
v -0.000000 0.855023 -0.856275
v 0.158553 0.855023 -0.841454
v 0.332322 0.855023 -0.794324
v -0.000000 0.855023 -0.856275
v -0.000000 1.005265 -0.759237
v 0.158553 0.855023 -0.841454
v 0.221834 1.005265 -0.742316
v 0.332322 0.855023 -0.794324
v 0.317973 0.906478 -0.708638
v 0.221834 1.277943 -0.420806
v -0.000000 1.276469 -0.437662
v 0.317973 1.005622 -0.134061
v -0.000000 1.399837 0.060091
v 0.221834 1.391280 0.063049
v -0.000000 1.316756 0.407479
v 0.229867 1.316667 0.408099
v 0.605166 0.927329 -0.616688
v 0.621040 0.907744 -0.627015
v 0.648608 0.935589 -0.551439
v 0.668949 0.915736 -0.570620
v 0.536480 0.918638 -0.699611
v 0.550127 0.900520 -0.713166
v 0.457703 0.915161 -0.765992
v 0.474622 0.895631 -0.783975
v 0.326059 0.896989 -0.850273
v 0.318811 0.879545 -0.878559
v 0.621040 0.907744 -0.627015
v 0.619992 0.846429 -0.498006
v 0.668949 0.915736 -0.570620
v 0.682371 0.909440 -0.435262
v 0.550127 0.900520 -0.713166
v 0.474622 0.895631 -0.783975
v 0.519924 0.864039 -0.701277
v 0.317973 0.676701 -0.701361
v 0.530197 0.784175 -0.602215
v 0.519924 0.864039 -0.701277
v 0.700929 0.902026 -0.148382
v 0.645312 0.814678 -0.219038
v 0.537271 0.666242 -0.376602
v 0.536789 0.718270 -0.494774
v 0.317973 0.537916 -0.435130
v 0.537271 0.666242 -0.376602
v 0.536789 0.718270 -0.494774
v 0.711265 0.957827 0.139542
v 0.632375 0.808101 0.009321
v 0.536916 0.634211 -0.279876
v 0.317973 0.473029 -0.199095
v 0.527315 0.606269 -0.182930
v 0.536916 0.634211 -0.279876
v 0.632375 0.808101 0.009321
v 0.570207 1.003841 0.380402
v 0.711265 0.957827 0.139542
v 0.476717 0.604951 -0.002482
v 0.527315 0.606269 -0.182930
v 0.317973 0.473029 -0.199095
v 0.317973 0.487670 -0.013856
v 0.527315 0.606269 -0.182930
v 0.476717 0.604951 -0.002482
v 0.411341 0.615406 -0.061992
v 0.366626 0.577536 -0.060421
v 0.487822 0.946329 0.253556
v 0.366692 0.948541 0.304375
v 0.570207 1.003841 0.380402
v 0.538329 0.981819 0.373136
v 0.317973 1.005622 0.494284
v 0.343152 0.983892 0.460297
v 0.317973 0.487670 -0.013856
v 0.343143 0.527829 0.012764
v 0.476717 0.604951 -0.002482
v 0.451959 0.611725 0.018552
v 0.538329 0.981819 0.373136
v 0.487822 0.946329 0.253556
v 0.343152 0.983892 0.460297
v 0.366692 0.948541 0.304375
v 0.343152 0.983892 0.460297
v 0.366692 0.948541 0.304375
v 0.343143 0.527829 0.012764
v 0.366626 0.577536 -0.060421
v 0.343143 0.527829 0.012764
v 0.366626 0.577536 -0.060421
v 0.451959 0.611725 0.018552
v 0.411341 0.615406 -0.061992
v 0.451959 0.611725 0.018552
v 0.411341 0.615406 -0.061992
v 0.538329 0.981819 0.373136
v 0.487822 0.946329 0.253556
v 0.317973 1.005622 0.494284
v 0.317973 0.809698 -0.248020
v 0.317973 1.005622 -0.134061
v 0.317973 0.487670 -0.013856
v 0.317973 0.473029 -0.199095
v 0.317973 0.831117 -0.489666
v 0.317973 0.906478 -0.708638
v 0.317973 0.499819 -0.328436
v 0.317973 0.537916 -0.435130
v 0.317973 0.863843 -0.708663
v 0.318811 0.879545 -0.878559
v 0.317973 0.676701 -0.701361
v 0.317973 0.775108 -0.803060
v 0.317973 0.906478 -0.708638
v 0.318811 0.879545 -0.878559
v 0.326059 0.896989 -0.850273
v 0.682371 0.909440 -0.435262
v 0.662263 0.928455 -0.435262
v 0.668949 0.915736 -0.570620
v 0.648608 0.935589 -0.551439
v 0.680821 0.921041 -0.148382
v 0.700929 0.902026 -0.148382
v 0.685451 0.975962 0.139542
v 0.711265 0.957827 0.139542
v 0.570207 1.003841 0.380402
v 0.685451 0.975962 0.139542
v 0.711265 0.957827 0.139542
v 0.711038 0.974671 0.227802
v 0.685451 0.975962 0.139542
v 0.615004 0.991014 0.273526
v 0.739190 1.066487 -0.057421
v 0.680821 0.921041 -0.148382
v 0.716188 1.011618 0.107359
v 0.731123 1.072062 -0.244520
v 0.662263 0.928455 -0.435262
v 0.705501 1.032352 -0.408279
v 0.648608 0.935589 -0.551439
v 0.685451 0.975962 0.139542
v 0.710460 0.960846 0.176091
v 0.716188 1.011618 0.107359
v 0.711038 0.974671 0.227802
v 0.711038 0.974671 0.227802
v 0.292721 1.164989 0.329307
v 0.615004 0.991014 0.273526
v 0.570207 1.003841 0.380402
v 0.599370 1.003072 0.382278
v 0.570207 1.003841 0.380402
v 0.317973 1.005622 0.494284
v 0.599370 1.003072 0.382278
v 0.586460 1.008846 0.495654
v 0.221834 1.391280 0.063049
v 0.229867 1.316667 0.408099
v 0.292721 1.164989 0.329307
v 0.317514 1.027134 0.497386
v 0.793602 1.046296 0.367842
v 0.561389 1.164790 0.328735
v 0.292721 1.164989 0.329307
v 0.317973 1.005622 0.494284
v -0.684987 0.966949 -0.556687
v -0.713513 1.111387 -0.512527
v -0.720761 1.052594 -0.418839
v -0.632078 1.088335 -0.687883
v -0.687578 1.222578 -0.596579
v -0.670857 1.010283 -0.608840
v -0.573596 1.168436 -0.780151
v -0.477329 1.240161 -0.862630
v -0.627816 1.323473 -0.680338
v -0.516571 1.410630 -0.756527
v -0.668269 1.450077 -0.508675
v -0.555937 1.567555 -0.576896
v -0.732305 1.321454 -0.437197
v -0.754247 1.187317 -0.362712
v -0.749001 1.098265 -0.249219
v -0.733996 1.419927 0.108140
v -0.747373 1.195886 0.114189
v -0.752117 1.425136 -0.070071
v -0.768765 1.218280 -0.047406
v -0.694099 1.588106 -0.092181
v -0.675470 1.586131 0.108946
v -0.562547 1.745459 0.115633
v -0.634650 1.556096 0.305778
v -0.527531 1.705200 0.337653
v -0.697314 1.393656 0.275258
v -0.747999 1.045298 0.112217
v -0.735621 1.203243 0.213680
v -0.746739 0.997134 0.176379
v -0.746861 1.005560 0.214040
v -0.578658 1.738092 -0.112072
v -0.707720 1.302791 0.286140
v -0.725159 1.272058 0.241070
v -0.766666 1.100749 -0.056342
v -0.141012 1.922862 0.394010
v -0.128528 1.805924 0.633708
v -0.354864 1.839139 0.368229
v -0.319316 1.737127 0.601535
v -0.474258 1.627321 0.553003
v -0.292679 1.656436 0.724562
v -0.118208 1.718528 0.755719
v -0.030084 1.735594 0.763156
v -0.030081 1.825664 0.643344
v -0.523122 1.441775 0.615159
v -0.574112 1.498677 0.503527
v -0.427682 1.557120 0.672666
v -0.030053 1.947509 0.404548
v -0.334618 1.297694 -0.923188
v -0.359720 1.485229 -0.823847
v -0.026110 1.550950 -0.883849
v -0.152988 1.530529 -0.869044
v -0.025883 1.349816 -0.988678
v -0.155463 1.334656 -0.970192
v -0.029861 1.760581 -0.690989
v -0.148244 1.736909 -0.679569
v -0.376956 1.670761 -0.640470
v -0.377504 1.892813 0.126598
v -0.391736 1.884067 -0.128656
v -0.154609 1.981743 -0.134846
v -0.148513 1.986343 0.140172
v -0.030058 2.014158 0.147375
v -0.030165 2.009845 -0.134947
v -0.639283 1.350205 0.454735
v -0.687947 1.290667 0.346106
v -0.590412 1.303455 0.554744
v -0.627272 1.146789 0.506849
v -0.676514 1.241581 0.387733
v -0.690290 1.537369 -0.304097
v -0.749906 1.383743 -0.255011
v -0.768494 1.214817 -0.212050
v -0.577523 1.673498 -0.350041
v -0.155549 1.890266 -0.424711
v -0.393753 1.802602 -0.395679
v -0.030443 1.917978 -0.432764
v -0.648608 0.935589 -0.551439
v -0.633285 0.974446 -0.597196
v -0.684987 0.966949 -0.556687
v -0.670857 1.010283 -0.608840
v -0.593649 1.060468 -0.677788
v -0.632078 1.088335 -0.687883
v -0.526605 1.137056 -0.769957
v -0.573596 1.168436 -0.780151
v -0.439044 1.207762 -0.853544
v -0.477329 1.240161 -0.862630
v -0.331340 1.256513 -0.893921
v -0.334618 1.297694 -0.923188
v -0.158553 1.288037 -0.939426
v -0.155463 1.334656 -0.970192
v -0.014296 1.310582 -0.959646
v -0.025883 1.349816 -0.988678
v -0.014296 1.310582 -0.959646
v -0.013381 1.522357 -0.876696
v -0.025883 1.349816 -0.988678
v -0.026110 1.550950 -0.883849
v -0.017623 1.731313 -0.685105
v -0.029861 1.760581 -0.690989
v -0.018251 1.889596 -0.427790
v -0.030443 1.917978 -0.432764
v -0.017989 1.981290 -0.130723
v -0.030165 2.009845 -0.134947
v -0.017924 1.985430 0.152004
v -0.030058 2.014158 0.147375
v -0.017935 1.918685 0.409831
v -0.030053 1.947509 0.404548
v -0.017674 1.795686 0.649143
v -0.030081 1.825664 0.643344
v -0.015771 1.674189 0.789312
v -0.030084 1.735594 0.763156
v -0.015771 1.674189 0.789312
v -0.103305 1.653614 0.779799
v -0.030084 1.735594 0.763156
v -0.118208 1.718528 0.755719
v -0.254430 1.580590 0.743259
v -0.292679 1.656436 0.724562
v -0.357824 1.504620 0.700022
v -0.523122 1.441775 0.615159
v -0.427682 1.557120 0.672666
v -0.541699 1.159452 0.556900
v -0.627272 1.146789 0.506849
v -0.590412 1.303455 0.554744
v -0.583267 1.029502 0.500153
v -0.640466 1.076029 0.475689
v -0.710461 0.960846 0.176091
v -0.716188 1.011618 0.107359
v -0.746739 0.997134 0.176379
v -0.747999 1.045298 0.112217
v -0.739190 1.066487 -0.057421
v -0.766666 1.100749 -0.056342
v -0.731123 1.072062 -0.244520
v -0.749001 1.098265 -0.249219
v -0.705501 1.032352 -0.408279
v -0.720761 1.052594 -0.418839
v -0.648608 0.935589 -0.551439
v -0.684987 0.966949 -0.556687
v -0.711038 0.974671 0.227802
v -0.710461 0.960846 0.176091
v -0.746861 1.005560 0.214040
v -0.746739 0.997134 0.176379
v -0.615004 0.991014 0.273526
v -0.676180 1.031720 0.326881
v -0.599370 1.003072 0.382278
v -0.711038 0.974671 0.227802
v -0.796260 1.030362 0.243520
v -0.768629 1.009721 0.263123
v -0.746861 1.005560 0.214040
v -0.711038 0.974671 0.227802
v -0.771400 1.048787 0.406598
v -0.724290 1.050332 0.436819
v -0.793603 1.046296 0.367842
v -0.799586 1.036979 0.327262
v -0.826233 1.055771 0.288864
v -0.825093 1.083180 0.373645
v -0.799586 1.036979 0.327262
v -0.712466 1.086839 0.467289
v -0.724290 1.050332 0.436819
v -0.779095 1.089809 0.439061
v -0.771400 1.048787 0.406598
v -0.656276 1.038697 0.440803
v -0.656276 1.038697 0.440803
v -0.640466 1.076029 0.475689
v -0.796260 1.030362 0.243520
v -0.746861 1.005560 0.214040
v -0.775282 1.212740 0.257721
v -0.735621 1.203243 0.213680
v -0.712466 1.086839 0.467289
v -0.779095 1.089809 0.439061
v -0.731312 1.238040 0.380080
v -0.826233 1.055771 0.288864
v -0.775303 1.226077 0.325659
v -0.825093 1.083180 0.373645
v -0.752827 1.273952 0.258695
v -0.725159 1.272058 0.241070
v -0.707720 1.302791 0.286140
v -0.752852 1.285709 0.308495
v -0.725565 1.290586 0.339032
v -0.687947 1.290667 0.346106
v -0.676514 1.241581 0.387733
v -0.640466 1.076029 0.475689
v -0.640466 1.076029 0.475689
v -0.015771 1.674189 0.789312
v -0.017674 1.795686 0.649143
v -0.000000 1.674189 0.789312
v -0.000000 1.795686 0.649143
v -0.017935 1.918685 0.409831
v -0.000000 1.918685 0.409831
v -0.017623 1.731313 -0.685105
v -0.013381 1.522357 -0.876696
v -0.000000 1.731313 -0.685105
v -0.000000 1.522356 -0.876696
v -0.017924 1.985430 0.152004
v -0.000000 1.985430 0.152004
v -0.017989 1.981290 -0.130723
v -0.000000 1.981289 -0.130722
v -0.018251 1.889596 -0.427790
v -0.000000 1.889596 -0.427790
v -0.000000 1.657994 0.778906
v -0.586460 1.008846 0.495654
v -0.599370 1.003072 0.382278
v -0.656276 1.038697 0.440803
v -0.512870 1.286936 0.595926
v -0.440418 1.416095 0.655873
v -0.000000 1.674189 0.789312
v -0.583267 1.029502 0.500153
v -0.317514 1.027134 0.497387
v -0.586460 1.008846 0.495654
v -0.317974 1.005622 0.494284
v -0.103305 1.653614 0.779799
v -0.000000 1.657994 0.778906
v -0.117682 1.713093 0.609091
v -0.000000 1.732163 0.622626
v -0.440418 1.416095 0.655873
v -0.357824 1.504620 0.700022
v -0.459735 1.439556 0.468854
v -0.315460 1.620287 0.560344
v -0.254430 1.580590 0.743259
v -0.512870 1.286936 0.595926
v -0.583267 1.029502 0.500153
v -0.541699 1.159452 0.556900
v -0.561389 1.164790 0.328735
v -0.117682 1.713093 0.609091
v -0.000000 1.732163 0.622626
v -0.000000 1.562211 0.531101
v -0.459735 1.439556 0.468854
v -0.315460 1.620287 0.560344
v -0.000000 1.316756 0.407479
v -0.229868 1.316667 0.408099
v -0.561389 1.164790 0.328735
v -0.292722 1.164989 0.329307
v -0.000000 1.310629 -0.959522
v -0.014296 1.310582 -0.959646
v -0.586460 1.008846 0.495654
v -0.768629 1.009721 0.263123
v -0.656276 1.038697 0.440803
v -0.640466 1.076029 0.475689
v -0.586460 1.008846 0.495654
v -0.014296 1.310582 -0.959646
v -0.158553 1.288037 -0.939426
v -0.014296 0.904676 -0.910033
v -0.158553 0.904676 -0.893047
v -0.633285 0.974446 -0.597196
v -0.648608 0.935589 -0.551439
v -0.605166 0.927329 -0.616688
v -0.593649 1.060468 -0.677788
v -0.526605 1.137056 -0.769957
v -0.536480 0.918638 -0.699611
v -0.439044 1.207762 -0.853544
v -0.457703 0.915161 -0.765992
v -0.331340 1.256513 -0.893921
v -0.326059 0.896989 -0.850273
v -0.000000 1.310629 -0.959522
v -0.014296 1.310582 -0.959646
v -0.000000 0.904676 -0.909968
v -0.014296 0.904676 -0.910033
v -0.014296 0.904676 -0.910033
v -0.158553 0.904676 -0.893047
v -0.000000 0.868949 -0.894697
v -0.158553 0.868949 -0.879877
v -0.326059 0.896989 -0.850273
v -0.332322 0.868815 -0.842164
v -0.000000 0.904676 -0.909968
v -0.014296 0.904676 -0.910033
v -0.000000 0.868949 -0.894697
v -0.000000 0.855023 -0.856275
v -0.158553 0.855023 -0.841454
v -0.332322 0.855023 -0.794324
v -0.000000 0.855023 -0.856275
v -0.158553 0.855023 -0.841454
v -0.000000 1.005265 -0.759237
v -0.221834 1.005265 -0.742316
v -0.332322 0.855023 -0.794324
v -0.317974 0.906478 -0.708638
v -0.000000 1.276469 -0.437662
v -0.221834 1.277943 -0.420806
v -0.317974 1.005622 -0.134061
v -0.000000 1.399837 0.060091
v -0.221834 1.391280 0.063049
v -0.000000 1.316756 0.407479
v -0.229868 1.316667 0.408099
v -0.605166 0.927329 -0.616688
v -0.648608 0.935589 -0.551439
v -0.621040 0.907744 -0.627015
v -0.668950 0.915736 -0.570620
v -0.536480 0.918638 -0.699611
v -0.550127 0.900520 -0.713166
v -0.457703 0.915161 -0.765992
v -0.474623 0.895631 -0.783975
v -0.326059 0.896989 -0.850273
v -0.318812 0.879545 -0.878559
v -0.621040 0.907744 -0.627015
v -0.668950 0.915736 -0.570620
v -0.619992 0.846429 -0.498006
v -0.682372 0.909440 -0.435262
v -0.550127 0.900520 -0.713166
v -0.514840 0.753468 -0.602215
v -0.497096 0.821951 -0.701277
v -0.318812 0.879545 -0.878559
v -0.497096 0.821951 -0.701277
v -0.317974 0.775108 -0.803060
v -0.645313 0.814678 -0.219038
v -0.700929 0.902026 -0.148382
v -0.525883 0.694603 -0.494774
v -0.317974 0.601655 -0.579569
v -0.525883 0.694603 -0.494774
v -0.317974 0.537916 -0.435130
v -0.711266 0.957827 0.139542
v -0.632375 0.808101 0.009321
v -0.529183 0.620026 -0.279876
v -0.526169 0.604410 -0.182930
v -0.529183 0.620026 -0.279876
v -0.317974 0.499819 -0.328436
v -0.632375 0.808101 0.009321
v -0.711266 0.957827 0.139542
v -0.570208 1.003841 0.380402
v -0.476718 0.604951 -0.002482
v -0.526169 0.604410 -0.182930
v -0.317974 0.473029 -0.199095
v -0.526169 0.604410 -0.182930
v -0.317974 0.487670 -0.013856
v -0.476718 0.604951 -0.002482
v -0.411341 0.615406 -0.061992
v -0.487822 0.946329 0.253556
v -0.366626 0.577536 -0.060421
v -0.366693 0.948541 0.304375
v -0.570208 1.003841 0.380402
v -0.317974 1.005622 0.494284
v -0.538329 0.981819 0.373136
v -0.343153 0.983892 0.460297
v -0.317974 0.487670 -0.013856
v -0.343144 0.527829 0.012764
v -0.476718 0.604951 -0.002482
v -0.451959 0.611724 0.018552
v -0.538329 0.981819 0.373136
v -0.343153 0.983892 0.460297
v -0.487822 0.946329 0.253556
v -0.366693 0.948541 0.304375
v -0.343153 0.983892 0.460297
v -0.343144 0.527829 0.012764
v -0.366693 0.948541 0.304375
v -0.366626 0.577536 -0.060421
v -0.343144 0.527829 0.012764
v -0.451959 0.611724 0.018552
v -0.366626 0.577536 -0.060421
v -0.411341 0.615406 -0.061992
v -0.451959 0.611724 0.018552
v -0.538329 0.981819 0.373136
v -0.411341 0.615406 -0.061992
v -0.487822 0.946329 0.253556
v -0.317974 1.005622 0.494284
v -0.317974 1.005622 -0.134061
v -0.317974 0.809698 -0.248020
v -0.317974 0.487670 -0.013856
v -0.317974 0.473029 -0.199095
v -0.317974 0.906478 -0.708638
v -0.317974 0.863843 -0.708663
v -0.317974 0.831117 -0.489666
v -0.317974 0.499819 -0.328436
v -0.317974 0.537916 -0.435130
v -0.318812 0.879545 -0.878559
v -0.317974 0.676701 -0.701361
v -0.317974 0.775108 -0.803060
v -0.317974 0.601655 -0.579569
v -0.317974 0.906478 -0.708638
v -0.326059 0.896989 -0.850273
v -0.318812 0.879545 -0.878559
v -0.682372 0.909440 -0.435262
v -0.668950 0.915736 -0.570620
v -0.662264 0.928455 -0.435262
v -0.648608 0.935589 -0.551439
v -0.700929 0.902026 -0.148382
v -0.680821 0.921041 -0.148382
v -0.685451 0.975962 0.139542
v -0.711266 0.957827 0.139542
v -0.570208 1.003841 0.380402
v -0.711266 0.957827 0.139542
v -0.685451 0.975962 0.139542
v -0.711038 0.974671 0.227802
v -0.615004 0.991014 0.273526
v -0.685451 0.975962 0.139542
v -0.739190 1.066487 -0.057421
v -0.716188 1.011618 0.107359
v -0.680821 0.921041 -0.148382
v -0.731123 1.072062 -0.244520
v -0.662264 0.928455 -0.435262
v -0.705501 1.032352 -0.408279
v -0.648608 0.935589 -0.551439
v -0.685451 0.975962 0.139542
v -0.710461 0.960846 0.176091
v -0.711038 0.974671 0.227802
v -0.716188 1.011618 0.107359
v -0.711038 0.974671 0.227802
v -0.292722 1.164989 0.329307
v -0.615004 0.991014 0.273526
v -0.599370 1.003072 0.382278
v -0.570208 1.003841 0.380402
v -0.570208 1.003841 0.380402
v -0.599370 1.003072 0.382278
v -0.317974 1.005622 0.494284
v -0.586460 1.008846 0.495654
v -0.221834 1.391280 0.063049
v -0.292722 1.164989 0.329307
v -0.229868 1.316667 0.408099
v -0.317514 1.027134 0.497387
v -0.793603 1.046296 0.367842
v -0.561389 1.164790 0.328735
v -0.292722 1.164989 0.329307
v -0.317974 1.005622 0.494284
v -0.317974 0.473029 -0.199095
v -0.317974 0.676701 -0.701361
v 0.318811 0.879545 -0.878559
v 0.474622 0.895631 -0.783975
v 0.317973 0.499819 -0.328436
v 0.317973 0.601655 -0.579569
v 0.317973 0.775108 -0.803060
v -0.526169 0.604410 -0.182930
v -0.532198 0.646951 -0.376602
v -0.514840 0.753468 -0.602215
v -0.474623 0.895631 -0.783975
v 0.317973 0.601655 -0.579569
v 0.527315 0.606269 -0.182930
v -0.532198 0.646951 -0.376602
v 0.530197 0.784175 -0.602215
v -0.474623 0.895631 -0.783975
v -0.000000 1.265173 1.141918
v -0.000000 1.387509 1.072496
v 0.116737 1.253285 1.124254
v 0.135861 1.366165 1.054854
v 0.342012 1.431230 0.745634
v 0.404963 1.475862 0.543900
v 0.374614 1.410623 0.709898
v 0.389530 1.394566 0.695555
v 0.455755 1.400815 0.510994
v 0.501232 1.319057 0.476085
v 0.451795 1.290193 0.654256
v 0.511591 1.174168 0.589758
v 0.559826 1.052626 0.525134
v 0.560068 1.198813 0.425729
v 0.175516 1.655658 0.635859
v 0.160190 1.533116 0.864402
v -0.000000 1.698467 0.667545
v -0.000000 1.578445 0.877924
v 0.469640 1.108474 0.735992
v 0.510867 0.977045 0.693444
v 0.474750 1.191172 0.673826
v 0.475737 1.146185 0.700364
v -0.000000 1.500311 0.976923
v 0.151579 1.458649 0.965556
v 0.283217 1.213069 1.008693
v 0.168676 1.109012 1.138854
v 0.219799 1.228386 1.060299
v 0.431196 0.922340 0.789429
v 0.462277 0.960565 0.809350
v 0.483035 0.938665 0.675469
v 0.510867 0.977045 0.693444
v 0.559826 1.052626 0.525134
v 0.560068 1.198813 0.425729
v 0.533655 1.022085 0.506886
v 0.542088 1.168886 0.415028
v 0.533655 1.022085 0.506886
v 0.559826 1.052626 0.525134
v 0.345132 0.919856 0.938298
v 0.378600 0.955490 0.957872
v 0.250694 1.309362 0.983984
v 0.263689 1.261635 1.002305
v 0.333749 1.566356 0.581149
v 0.283811 1.435075 0.831662
v 0.262411 1.418119 0.876212
v 0.249224 1.390128 0.918279
v -0.000000 1.108479 1.189482
v 0.084573 1.108938 1.181001
v 0.303476 0.952426 1.049536
v 0.190041 0.952284 1.142425
v 0.190041 0.952284 1.142425
v 0.303476 0.952426 1.049536
v 0.194317 0.921073 1.108796
v 0.276727 0.922097 1.030936
v 0.194317 0.921073 1.108796
v 0.178658 0.939772 1.119147
v 0.190041 0.952284 1.142425
v 0.462277 0.960565 0.809350
v 0.388244 1.070719 0.914763
v 0.437936 1.064373 0.824158
v 0.414544 1.061006 0.870718
v 0.466614 1.240328 0.658118
v 0.332783 1.125490 0.982936
v 0.360488 1.092752 0.953109
v 0.378600 0.955490 0.957872
v 0.084573 1.108938 1.181001
v 0.084573 1.084740 1.165792
v -0.000000 1.108479 1.189482
v -0.000000 1.084431 1.174989
v 0.168676 1.109012 1.138854
v 0.158747 1.084546 1.130310
v 0.190041 0.952284 1.142425
v 0.174020 0.972485 1.136583
v 0.168676 1.109012 1.138854
v 0.158747 1.084546 1.130310
v 0.174020 0.972485 1.136583
v 0.194317 0.921073 1.108796
v 0.197093 0.922005 0.918760
v 0.178658 0.939772 1.119147
v 0.184983 0.932245 0.927535
v 0.411821 1.404566 0.518246
v 0.390185 1.307627 0.678722
v 0.384077 1.436309 0.532066
v 0.370401 1.338738 0.694892
v 0.501232 1.319057 0.476085
v 0.231673 1.235367 0.446231
v 0.560068 1.198813 0.425729
v 0.175516 1.655658 0.635859
v -0.000000 1.698467 0.667545
v -0.000000 1.235367 0.446231
v 0.333749 1.566356 0.581149
v 0.404963 1.475862 0.543900
v 0.542088 1.168886 0.415028
v 0.254439 1.173123 0.419942
v 0.384077 1.436309 0.532066
v 0.483035 0.938665 0.675469
v 0.533655 1.022085 0.506886
v 0.201536 0.932144 0.678085
v 0.255502 1.022390 0.507444
v 0.542088 1.168886 0.415028
v 0.254439 1.173123 0.419942
v 0.431196 0.922340 0.789429
v 0.276727 0.922097 1.030936
v 0.345132 0.919856 0.938298
v 0.197093 0.922005 0.918760
v -0.000000 0.923157 0.790654
v 0.194317 0.921073 1.108796
v -0.000000 0.922008 0.918761
v -0.000000 0.932245 0.927535
v 0.197093 0.922005 0.918760
v 0.184983 0.932245 0.927535
v 0.084573 1.084740 1.165792
v -0.000000 1.084124 1.142373
v -0.000000 1.084431 1.174989
v 0.158747 1.084546 1.130310
v 0.174020 0.972485 1.136583
v 0.080316 1.085217 1.142179
v 0.085588 1.028085 1.142981
v 0.184983 0.932245 0.927535
v -0.000000 0.932245 0.927535
v 0.090119 0.915027 1.141818
v 0.178658 0.939772 1.119147
v 0.090119 0.915027 1.141818
v -0.000000 1.035286 1.139880
v -0.000000 0.915536 1.140964
v 0.178658 0.939772 1.119147
v -0.000000 0.915536 1.140964
v 0.456730 1.080565 0.778207
v 0.181908 1.211707 0.473496
v 0.231673 1.235367 0.446231
v -0.000000 1.211388 0.473234
v -0.000000 1.235367 0.446231
v 0.175139 1.070708 0.550822
v -0.000000 0.941523 0.676289
v -0.000000 1.071013 0.551380
v 0.181908 1.211707 0.473496
v -0.000000 1.211388 0.473234
v 0.455755 1.400815 0.510994
v 0.254439 1.173123 0.419942
v 0.255502 1.022390 0.507444
v 0.175139 1.070708 0.550822
v 0.201536 0.932144 0.678085
v 0.245253 1.353041 0.955051
v 0.306500 1.166550 1.001934
v -0.000000 0.922008 0.918761
v 0.374614 1.410623 0.709898
v 0.345496 1.368179 0.718658
v 0.342012 1.431230 0.745634
v 0.319678 1.385203 0.747867
v 0.310602 1.439442 0.786931
v 0.295118 1.392261 0.781402
v 0.283811 1.435075 0.831662
v 0.274071 1.389092 0.817527
v 0.262411 1.418119 0.876212
v 0.257091 1.375640 0.853243
v 0.249224 1.390128 0.918279
v 0.246679 1.353446 0.886748
v 0.245253 1.353041 0.955051
v 0.243468 1.323862 0.916002
v 0.250694 1.309362 0.983984
v 0.247620 1.288611 0.939040
v 0.263689 1.261635 1.002305
v 0.257636 1.249730 0.953397
v 0.283217 1.213069 1.008693
v 0.273029 1.210185 0.958200
v 0.306500 1.166550 1.001934
v 0.291376 1.172422 0.952360
v 0.332783 1.125490 0.982936
v 0.312139 1.139291 0.936808
v 0.360488 1.092752 0.953109
v 0.334204 1.112995 0.912778
v 0.388244 1.070719 0.914763
v 0.356407 1.095347 0.882059
v 0.414544 1.061006 0.870718
v 0.377412 1.087570 0.846802
v 0.437936 1.064373 0.824158
v 0.396106 1.090260 0.809553
v 0.456730 1.080565 0.778207
v 0.411171 1.103219 0.772805
v 0.469640 1.108474 0.735992
v 0.421542 1.125559 0.739042
v 0.475737 1.146185 0.700364
v 0.426442 1.155741 0.710540
v 0.474750 1.191172 0.673826
v 0.425639 1.191737 0.689299
v 0.466614 1.240328 0.658118
v 0.419056 1.231067 0.676699
v 0.451795 1.290193 0.654256
v 0.407109 1.271073 0.673580
v 0.441230 1.313812 0.658218
v 0.390185 1.307627 0.678722
v 0.345496 1.368179 0.718658
v 0.380718 1.337271 0.779521
v 0.319678 1.385203 0.747867
v 0.363252 1.347019 0.798966
v 0.295118 1.392261 0.781402
v 0.348137 1.351148 0.819634
v 0.274071 1.389092 0.817527
v 0.334626 1.349327 0.841969
v 0.257091 1.375640 0.853243
v 0.323315 1.340646 0.864596
v 0.246679 1.353446 0.886748
v 0.317969 1.325870 0.885395
v 0.243468 1.323862 0.916002
v 0.316388 1.308413 0.905519
v 0.247620 1.288611 0.939040
v 0.321276 1.286448 0.919570
v 0.257636 1.249730 0.953397
v 0.328381 1.263211 0.929249
v 0.273029 1.210185 0.958200
v 0.339220 1.239435 0.932439
v 0.291376 1.172422 0.952360
v 0.350783 1.216285 0.929763
v 0.312139 1.139291 0.936808
v 0.364259 1.195786 0.919201
v 0.394894 1.321724 0.766117
v 0.396668 1.267600 0.854430
v 0.312139 1.139291 0.936808
v 0.364259 1.195786 0.919201
v 0.341511 1.181024 0.902647
v 0.367573 1.243636 0.832013
v 0.396668 1.267600 0.854430
v 0.377086 1.307454 0.751044
v 0.394894 1.321724 0.766117
v 0.370401 1.338738 0.694892
v 0.384077 1.436309 0.532066
v 0.370401 1.338738 0.694892
v 0.404963 1.475862 0.543900
v 0.389530 1.394566 0.695555
v 0.441230 1.313812 0.658218
v 0.411821 1.404566 0.518246
v 0.455755 1.400815 0.510994
v 0.441230 1.313812 0.658218
v 0.411821 1.404566 0.518246
v 0.390185 1.307627 0.678722
v 0.310602 1.439442 0.786931
v -0.000000 1.265173 1.141918
v -0.116737 1.253285 1.124254
v -0.000000 1.387509 1.072496
v -0.135862 1.366165 1.054854
v -0.342012 1.431230 0.745634
v -0.374614 1.410623 0.709898
v -0.404963 1.475862 0.543900
v -0.389530 1.394566 0.695555
v -0.455755 1.400815 0.510994
v -0.451795 1.290193 0.654256
v -0.501232 1.319057 0.476085
v -0.511592 1.174168 0.589758
v -0.559826 1.052626 0.525134
v -0.560069 1.198813 0.425729
v -0.175516 1.655658 0.635859
v -0.000000 1.698467 0.667545
v -0.160190 1.533116 0.864402
v -0.000000 1.578445 0.877924
v -0.469640 1.108474 0.735992
v -0.510868 0.977045 0.693444
v -0.474750 1.191172 0.673826
v -0.475737 1.146185 0.700364
v -0.151579 1.458649 0.965556
v -0.000000 1.500311 0.976923
v -0.283217 1.213069 1.008693
v -0.219800 1.228386 1.060299
v -0.168677 1.109012 1.138854
v -0.483036 0.938665 0.675469
v -0.510868 0.977045 0.693444
v -0.431196 0.922340 0.789429
v -0.462277 0.960565 0.809350
v -0.559826 1.052626 0.525134
v -0.533655 1.022085 0.506886
v -0.560069 1.198813 0.425729
v -0.542088 1.168886 0.415028
v -0.533655 1.022085 0.506886
v -0.559826 1.052626 0.525134
v -0.345132 0.919856 0.938298
v -0.378600 0.955490 0.957872
v -0.250695 1.309362 0.983984
v -0.263689 1.261635 1.002305
v -0.333749 1.566356 0.581149
v -0.283811 1.435075 0.831662
v -0.262412 1.418119 0.876212
v -0.249224 1.390128 0.918279
v -0.000000 1.108479 1.189482
v -0.084573 1.108938 1.181001
v -0.190041 0.952284 1.142425
v -0.303476 0.952426 1.049536
v -0.190041 0.952284 1.142425
v -0.194317 0.921073 1.108796
v -0.303476 0.952426 1.049536
v -0.276727 0.922097 1.030936
v -0.194317 0.921073 1.108796
v -0.190041 0.952284 1.142425
v -0.178659 0.939772 1.119147
v -0.462277 0.960565 0.809350
v -0.437936 1.064373 0.824158
v -0.388245 1.070719 0.914763
v -0.414544 1.061006 0.870718
v -0.466614 1.240328 0.658118
v -0.332784 1.125490 0.982936
v -0.378600 0.955490 0.957872
v -0.360488 1.092752 0.953109
v -0.084573 1.108938 1.181001
v -0.000000 1.108479 1.189482
v -0.084573 1.084740 1.165792
v -0.000000 1.084431 1.174989
v -0.168677 1.109012 1.138854
v -0.158747 1.084546 1.130310
v -0.190041 0.952284 1.142425
v -0.168677 1.109012 1.138854
v -0.174021 0.972485 1.136583
v -0.158747 1.084546 1.130310
v -0.174021 0.972485 1.136583
v -0.194317 0.921073 1.108796
v -0.178659 0.939772 1.119147
v -0.197093 0.922005 0.918760
v -0.184984 0.932245 0.927535
v -0.411822 1.404566 0.518246
v -0.384077 1.436309 0.532066
v -0.390185 1.307627 0.678722
v -0.370401 1.338738 0.694892
v -0.501232 1.319057 0.476085
v -0.560069 1.198813 0.425729
v -0.231673 1.235367 0.446231
v -0.175516 1.655658 0.635859
v -0.000000 1.235367 0.446231
v -0.000000 1.698467 0.667545
v -0.333749 1.566356 0.581149
v -0.404963 1.475862 0.543900
v -0.542088 1.168886 0.415028
v -0.254440 1.173123 0.419942
v -0.384077 1.436309 0.532066
v -0.483036 0.938665 0.675469
v -0.201536 0.932144 0.678085
v -0.533655 1.022085 0.506886
v -0.255503 1.022390 0.507444
v -0.542088 1.168886 0.415028
v -0.254440 1.173123 0.419942
v -0.431196 0.922340 0.789429
v -0.276727 0.922097 1.030936
v -0.197093 0.922005 0.918760
v -0.345132 0.919856 0.938298
v -0.000000 0.923157 0.790654
v -0.194317 0.921073 1.108796
v -0.000000 0.922008 0.918761
v -0.197093 0.922005 0.918760
v -0.000000 0.932245 0.927535
v -0.184984 0.932245 0.927535
v -0.084573 1.084740 1.165792
v -0.000000 1.084431 1.174989
v -0.000000 1.084124 1.142373
v -0.158747 1.084546 1.130310
v -0.080317 1.085217 1.142179
v -0.174021 0.972485 1.136583
v -0.085589 1.028085 1.142981
v -0.184984 0.932245 0.927535
v -0.090119 0.915027 1.141818
v -0.000000 0.932245 0.927535
v -0.178659 0.939772 1.119147
v -0.090119 0.915027 1.141818
v -0.000000 1.035286 1.139880
v -0.000000 0.915536 1.140964
v -0.178659 0.939772 1.119147
v -0.000000 0.915536 1.140964
v -0.456730 1.080565 0.778207
v -0.181909 1.211707 0.473496
v -0.000000 1.211388 0.473234
v -0.231673 1.235367 0.446231
v -0.000000 1.235367 0.446231
v -0.000000 0.941523 0.676289
v -0.175139 1.070708 0.550822
v -0.000000 1.071013 0.551380
v -0.181909 1.211707 0.473496
v -0.000000 1.211388 0.473234
v -0.455755 1.400815 0.510994
v -0.254440 1.173123 0.419942
v -0.255503 1.022390 0.507444
v -0.175139 1.070708 0.550822
v -0.201536 0.932144 0.678085
v -0.245253 1.353041 0.955051
v -0.306501 1.166550 1.001934
v -0.000000 0.922008 0.918761
v -0.389530 1.394566 0.695555
v -0.374614 1.410623 0.709898
v -0.370401 1.338738 0.694892
v -0.345496 1.368179 0.718658
v -0.310603 1.439442 0.786931
v -0.283811 1.435075 0.831662
v -0.295118 1.392261 0.781402
v -0.274071 1.389092 0.817527
v -0.262412 1.418119 0.876212
v -0.249224 1.390128 0.918279
v -0.257091 1.375640 0.853243
v -0.246680 1.353446 0.886748
v -0.245253 1.353041 0.955051
v -0.250695 1.309362 0.983984
v -0.243469 1.323862 0.916002
v -0.247620 1.288611 0.939040
v -0.263689 1.261635 1.002305
v -0.257636 1.249730 0.953397
v -0.283217 1.213069 1.008693
v -0.306501 1.166550 1.001934
v -0.273030 1.210185 0.958200
v -0.291377 1.172422 0.952360
v -0.332784 1.125490 0.982936
v -0.360488 1.092752 0.953109
v -0.312140 1.139291 0.936808
v -0.334204 1.112995 0.912778
v -0.388245 1.070719 0.914763
v -0.414544 1.061006 0.870718
v -0.356407 1.095347 0.882059
v -0.377413 1.087570 0.846802
v -0.437936 1.064373 0.824158
v -0.456730 1.080565 0.778207
v -0.396106 1.090260 0.809553
v -0.411172 1.103219 0.772805
v -0.469640 1.108474 0.735992
v -0.475737 1.146185 0.700364
v -0.421542 1.125559 0.739042
v -0.426442 1.155741 0.710540
v -0.474750 1.191172 0.673826
v -0.466614 1.240328 0.658118
v -0.425639 1.191737 0.689299
v -0.419056 1.231067 0.676699
v -0.407110 1.271073 0.673580
v -0.451795 1.290193 0.654256
v -0.390185 1.307627 0.678722
v -0.441230 1.313812 0.658218
v -0.370401 1.338738 0.694892
v -0.345496 1.368179 0.718658
v -0.394895 1.321724 0.766117
v -0.380718 1.337271 0.779521
v -0.295118 1.392261 0.781402
v -0.274071 1.389092 0.817527
v -0.348137 1.351148 0.819634
v -0.334627 1.349327 0.841969
v -0.257091 1.375640 0.853243
v -0.246680 1.353446 0.886748
v -0.323315 1.340646 0.864596
v -0.317970 1.325870 0.885395
v -0.243469 1.323862 0.916002
v -0.247620 1.288611 0.939040
v -0.316388 1.308413 0.905518
v -0.321277 1.286448 0.919570
v -0.257636 1.249730 0.953397
v -0.328382 1.263211 0.929249
v -0.273030 1.210185 0.958200
v -0.291377 1.172422 0.952360
v -0.339221 1.239435 0.932439
v -0.350783 1.216285 0.929763
v -0.396669 1.267600 0.854430
v -0.363252 1.347019 0.798966
v -0.364260 1.195786 0.919201
v -0.312140 1.139291 0.936808
v -0.341511 1.181024 0.902647
v -0.364260 1.195786 0.919201
v -0.367573 1.243636 0.832013
v -0.396669 1.267600 0.854430
v -0.377086 1.307454 0.751044
v -0.394895 1.321724 0.766117
v -0.370401 1.338738 0.694892
v -0.384077 1.436309 0.532066
v -0.404963 1.475862 0.543900
v -0.370401 1.338738 0.694892
v -0.389530 1.394566 0.695555
v -0.441230 1.313812 0.658218
v -0.411822 1.404566 0.518246
v -0.455755 1.400815 0.510994
v -0.411822 1.404566 0.518246
v -0.441230 1.313812 0.658218
v -0.390185 1.307627 0.678722
v -0.310603 1.439442 0.786931
v 0.370401 1.338738 0.694892
v 0.389530 1.394566 0.695555
v 0.370401 1.338738 0.694892
v -0.342012 1.431230 0.745634
v -0.319679 1.385203 0.747867
v -0.319679 1.385203 0.747867
v -0.312140 1.139291 0.936808
v 0.067615 0.941403 1.146351
v 0.053742 0.921411 1.146909
v 0.051885 0.965026 1.158025
v 0.045812 0.955233 1.157845
v 0.054975 1.084124 1.142373
v 0.068848 1.064132 1.142930
v 0.045812 1.069022 1.158036
v 0.051885 1.059229 1.158012
v -0.000000 1.069022 1.158036
v -0.000000 1.085213 1.140770
v -0.000000 0.955233 1.157845
v -0.000000 0.962283 1.172569
v 0.045812 0.955233 1.157845
v 0.037882 0.962766 1.173139
v 0.045812 0.955233 1.157845
v 0.037882 0.962766 1.173139
v 0.051885 0.965026 1.158025
v 0.043708 0.972635 1.173151
v 0.051885 0.965026 1.158025
v 0.043708 0.972635 1.173151
v 0.051885 1.059229 1.158012
v 0.043722 1.051573 1.173094
v 0.051885 1.059229 1.158012
v 0.043722 1.051573 1.173094
v 0.045812 1.069022 1.158036
v 0.037913 1.061450 1.173313
v 0.045812 1.069022 1.158036
v 0.037913 1.061450 1.173313
v -0.000000 1.069022 1.158036
v -0.000000 1.061941 1.172738
v -0.000000 1.053499 1.152555
v 0.033019 1.053288 1.153150
v -0.000000 0.970772 1.152416
v 0.033002 0.970976 1.153101
v -0.000000 0.962283 1.172569
v -0.000000 0.970748 1.172581
v 0.037882 0.962766 1.173139
v 0.030726 0.971148 1.173233
v 0.043708 0.972635 1.173151
v 0.032753 0.974947 1.173303
v 0.043722 1.051573 1.173094
v 0.032765 1.049268 1.173243
v 0.037913 1.061450 1.173313
v 0.030746 1.053069 1.173384
v -0.000000 1.061941 1.172738
v -0.000000 1.053475 1.172720
v -0.000000 0.970748 1.172581
v -0.000000 0.970772 1.152416
v 0.030726 0.971148 1.173233
v 0.033002 0.970976 1.153101
v 0.030726 0.971148 1.173233
v 0.033002 0.970976 1.153101
v 0.032753 0.974947 1.173303
v 0.032753 0.974947 1.173303
v 0.033002 0.970976 1.153101
v 0.032765 1.049268 1.173243
v 0.033019 1.053288 1.153150
v 0.032765 1.049268 1.173243
v 0.033019 1.053288 1.153150
v 0.030746 1.053069 1.173384
v 0.030746 1.053069 1.173384
v 0.033019 1.053288 1.153150
v -0.000000 1.053475 1.172720
v -0.000000 1.053499 1.152555
v -0.067615 0.941403 1.146351
v -0.051886 0.965026 1.158025
v -0.053742 0.921411 1.146909
v -0.045813 0.955233 1.157845
v -0.054975 1.084124 1.142373
v -0.045813 1.069022 1.158036
v -0.068848 1.064132 1.142930
v -0.051886 1.059229 1.158012
v -0.000000 1.069022 1.158036
v -0.000000 1.085213 1.140770
v -0.000000 0.955233 1.157845
v -0.045813 0.955233 1.157845
v -0.000000 0.962283 1.172569
v -0.037882 0.962766 1.173139
v -0.045813 0.955233 1.157845
v -0.051886 0.965026 1.158025
v -0.037882 0.962766 1.173139
v -0.043708 0.972635 1.173151
v -0.051886 0.965026 1.158025
v -0.051886 1.059229 1.158012
v -0.043708 0.972635 1.173151
v -0.043723 1.051573 1.173094
v -0.051886 1.059229 1.158012
v -0.045813 1.069022 1.158036
v -0.043723 1.051573 1.173094
v -0.037913 1.061450 1.173313
v -0.045813 1.069022 1.158036
v -0.000000 1.069022 1.158036
v -0.037913 1.061450 1.173313
v -0.000000 1.061941 1.172738
v -0.000000 1.053499 1.152555
v -0.000000 0.970772 1.152416
v -0.033019 1.053288 1.153150
v -0.033002 0.970976 1.153101
v -0.000000 0.962283 1.172569
v -0.037882 0.962766 1.173139
v -0.000000 0.970748 1.172581
v -0.030726 0.971148 1.173233
v -0.043708 0.972635 1.173151
v -0.032754 0.974947 1.173303
v -0.043723 1.051573 1.173094
v -0.032766 1.049268 1.173243
v -0.037913 1.061450 1.173313
v -0.030747 1.053069 1.173384
v -0.000000 1.061941 1.172738
v -0.000000 1.053475 1.172720
v -0.000000 0.970748 1.172581
v -0.030726 0.971148 1.173233
v -0.000000 0.970772 1.152416
v -0.033002 0.970976 1.153101
v -0.030726 0.971148 1.173233
v -0.032754 0.974947 1.173303
v -0.033002 0.970976 1.153101
v -0.032754 0.974947 1.173303
v -0.032766 1.049268 1.173243
v -0.033002 0.970976 1.153101
v -0.033019 1.053288 1.153150
v -0.032766 1.049268 1.173243
v -0.030747 1.053069 1.173384
v -0.033019 1.053288 1.153150
v -0.030747 1.053069 1.173384
v -0.000000 1.053475 1.172720
v -0.033019 1.053288 1.153150
v -0.000000 1.053499 1.152555
v -0.000000 0.955233 1.157845
v -0.000000 0.921411 1.146909
v -0.000000 0.955233 1.157845
v -0.000000 0.921411 1.146909
v 0.170608 0.960524 1.159412
v 0.083166 0.967258 1.193776
v 0.157065 1.088269 1.155644
v 0.083103 1.086424 1.185503
v 0.056439 0.930878 1.201535
v 0.055605 0.813610 1.198608
v 0.056871 0.965293 1.174673
v 0.083166 0.967258 1.193776
v 0.029598 0.928921 1.183186
v 0.056439 0.930878 1.201535
v 0.029598 0.928921 1.183186
v 0.056439 0.930878 1.201535
v 0.029597 0.743342 1.181364
v 0.055605 0.813610 1.198608
v 0.179447 0.954778 1.125415
v 0.029597 0.743342 1.181364
v 0.170608 0.960524 1.159412
v 0.055605 0.813610 1.198608
v 0.179447 0.954778 1.125415
v 0.170608 0.960524 1.159412
v 0.161255 1.098299 1.127218
v 0.157065 1.088269 1.155644
v 0.056871 0.965293 1.174673
v 0.054096 1.097271 1.164218
v 0.083166 0.967258 1.193776
v 0.083103 1.086424 1.185503
v 0.161255 1.098299 1.127218
v 0.157065 1.088269 1.155644
v 0.054096 1.097271 1.164218
v 0.083103 1.086424 1.185503
v 0.179447 0.954778 1.125415
v 0.056871 0.965293 1.174673
v 0.029597 0.743342 1.181364
v 0.029598 0.928921 1.183186
v 0.054096 1.097271 1.164218
v 0.161255 1.098299 1.127218
v 0.107794 1.567305 0.799129
v 0.147841 1.564005 0.772959
v 0.129727 1.603989 0.827838
v 0.169498 1.600712 0.801848
v 0.088342 1.548573 0.838221
v 0.110408 1.585385 0.866662
v 0.088342 1.548573 0.838221
v 0.110408 1.585385 0.866662
v 0.104609 1.515737 0.868448
v 0.126564 1.552776 0.896680
v 0.143147 1.488011 0.875114
v 0.164836 1.525240 0.903300
v 0.183194 1.484711 0.848944
v 0.204607 1.521963 0.877310
v 0.202646 1.503443 0.809851
v 0.223926 1.540566 0.838487
v 0.186379 1.536279 0.779624
v 0.207770 1.573176 0.808468
v 0.203421 1.582530 0.830451
v 0.202541 1.591197 0.846092
v 0.176018 1.602245 0.825711
v 0.181728 1.606172 0.842492
v 0.147542 1.604592 0.844320
v 0.160100 1.607954 0.856626
v 0.133710 1.591272 0.872118
v 0.149594 1.597837 0.877739
v 0.145277 1.567923 0.893612
v 0.133710 1.591272 0.872118
v 0.158379 1.580103 0.894064
v 0.149594 1.597837 0.877739
v 0.172680 1.548207 0.898351
v 0.179193 1.565129 0.897664
v 0.201156 1.545861 0.879743
v 0.200821 1.563347 0.883530
v 0.214989 1.559181 0.851945
v 0.211327 1.573464 0.862417
v 0.202541 1.591197 0.846092
v 0.165150 1.559536 0.849918
v 0.181728 1.606172 0.842492
v 0.160100 1.607954 0.856626
v 0.149594 1.597837 0.877739
v 0.158379 1.580103 0.894064
v 0.179193 1.565129 0.897664
v 0.200821 1.563347 0.883530
v 0.211327 1.573464 0.862417
v 0.147542 1.604592 0.844320
v 0.176018 1.602245 0.825711
v 0.133710 1.591272 0.872118
v 0.145277 1.567923 0.893612
v 0.133710 1.591272 0.872118
v 0.172680 1.548207 0.898351
v 0.201156 1.545861 0.879743
v 0.214989 1.559181 0.851945
v 0.203421 1.582530 0.830451
v 0.622498 1.007822 0.338502
v 0.637381 0.976439 0.376326
v 0.637370 0.956213 0.335218
v 0.637376 1.034135 0.379990
v 0.637361 1.059424 0.341772
v 0.637349 1.039198 0.300664
v 0.637354 0.981501 0.297000
v 0.700366 0.937123 0.383203
v 0.700351 0.924304 0.333164
v 0.700373 0.976938 0.416155
v 0.700369 1.028544 0.419432
v 0.700355 1.072227 0.391783
v 0.700338 1.091303 0.343769
v 0.700322 1.078485 0.293730
v 0.700315 1.038670 0.260779
v 0.700319 0.987064 0.257502
v 0.700333 0.943380 0.285151
v 0.763337 0.964106 0.366087
v 0.763327 0.956184 0.335161
v 0.700366 0.937123 0.383203
v 0.700351 0.924304 0.333164
v 0.763341 0.988714 0.386452
v 0.700373 0.976938 0.416155
v 0.763339 1.020608 0.388478
v 0.700369 1.028544 0.419432
v 0.763330 1.047606 0.371390
v 0.700355 1.072227 0.391783
v 0.763319 1.059395 0.341716
v 0.700338 1.091303 0.343769
v 0.763310 1.051473 0.310790
v 0.700322 1.078485 0.293730
v 0.763305 1.026866 0.290425
v 0.700315 1.038670 0.260779
v 0.763308 0.994972 0.288399
v 0.700319 0.987064 0.257502
v 0.763316 0.967974 0.305487
v 0.700333 0.943380 0.285151
v 0.778191 1.007786 0.338432
v 0.752972 0.961813 0.337734
v 0.752977 0.887276 0.332647
v 0.721853 0.959217 0.389885
v 0.721858 0.884680 0.384797
v 0.677314 0.959226 0.389911
v 0.677319 0.884689 0.384823
v 0.646167 0.961834 0.337796
v 0.646173 0.887298 0.332709
v 0.677286 0.962991 0.283067
v 0.677291 0.888454 0.277980
v 0.721825 0.962982 0.283041
v 0.721830 0.888445 0.277954
v 0.721825 0.962982 0.283041
v 0.721830 0.888445 0.277954
v 0.752977 0.887276 0.332647
v 0.738150 0.883705 0.332323
v 0.721858 0.884680 0.384797
v 0.699585 0.881756 0.369695
v 0.677319 0.884689 0.384823
v 0.646173 0.887298 0.332709
v 0.661001 0.883721 0.332368
v 0.677291 0.888454 0.277980
v 0.683479 0.884234 0.292428
v 0.721830 0.888445 0.277954
v 0.715651 0.884227 0.292409
v 0.721830 0.888445 0.277954
v 0.715651 0.884227 0.292409
v 0.680888 0.727818 0.403012
v 0.677911 0.723562 0.451377
v 0.718368 0.727811 0.402997
v 0.721367 0.723553 0.451360
v 0.647871 0.776975 0.454394
v 0.654918 0.780039 0.407746
v 0.677902 0.827760 0.457380
v 0.680880 0.831121 0.413267
v 0.721358 0.827752 0.457362
v 0.718360 0.831114 0.413252
v 0.751398 0.776954 0.454353
v 0.744330 0.780021 0.407710
v 0.721367 0.723553 0.451360
v 0.718368 0.727811 0.402997
v 0.699589 0.855778 0.372002
v 0.699585 0.881756 0.369695
v 0.737256 0.838410 0.333053
v 0.738150 0.883705 0.332323
v 0.661907 0.838425 0.333083
v 0.661001 0.883721 0.332368
v 0.683831 0.829507 0.298141
v 0.683479 0.884234 0.292428
v 0.715314 0.829501 0.298128
v 0.715651 0.884227 0.292409
v 0.715314 0.829501 0.298128
v 0.715651 0.884227 0.292409
v 0.699610 0.822352 0.405170
v 0.699599 0.829706 0.383527
v 0.737262 0.781664 0.402012
v 0.737257 0.798083 0.359209
v 0.661965 0.781679 0.402042
v 0.661935 0.798098 0.359239
v 0.683865 0.739415 0.398695
v 0.683846 0.766142 0.341465
v 0.715368 0.739408 0.398682
v 0.715339 0.766136 0.341452
v 0.715368 0.739408 0.398682
v 0.715339 0.766136 0.341452
v 0.683865 0.739415 0.398695
v 0.715368 0.739408 0.398682
v 0.661965 0.781679 0.402042
v 0.699610 0.822352 0.405170
v 0.737262 0.781664 0.402012
v 0.715368 0.739408 0.398682
v 0.736709 0.937266 0.649956
v 0.758058 0.910907 0.616213
v 0.753908 0.855761 0.739135
v 0.783601 0.823673 0.698058
v 0.699692 0.946871 0.662257
v 0.699737 0.870232 0.757652
v 0.753199 0.660406 0.572423
v 0.752088 0.684200 0.647141
v 0.799808 0.731391 0.552779
v 0.800506 0.762790 0.619719
v 0.760309 0.848774 0.470892
v 0.736640 0.846158 0.435112
v 0.785742 0.717363 0.478168
v 0.751080 0.718217 0.426795
v 0.799808 0.731391 0.552779
v 0.800506 0.762790 0.619719
v 0.771670 0.863929 0.546757
v 0.699624 0.719397 0.405204
v 0.699614 0.843862 0.419862
v 0.638956 0.848797 0.470941
v 0.760309 0.848774 0.470892
v 0.627649 0.863956 0.546814
v 0.771670 0.863929 0.546757
v 0.785742 0.717363 0.478168
v 0.745107 0.667323 0.492802
v 0.751080 0.718217 0.426795
v 0.727872 0.685650 0.438750
v 0.699624 0.719397 0.405204
v 0.736640 0.846158 0.435112
v 0.662600 0.846173 0.435142
v 0.699614 0.843862 0.419862
v 0.699725 0.661539 0.653506
v 0.757074 0.738002 0.702652
v 0.699740 0.705539 0.708692
v 0.783601 0.823673 0.698058
v 0.753908 0.855761 0.739135
v 0.746083 0.813689 0.760383
v 0.699737 0.870232 0.757652
v 0.699749 0.831129 0.776190
v 0.699698 0.647370 0.577112
v 0.699668 0.654709 0.499769
v 0.699645 0.675092 0.444133
v 0.719647 0.545572 0.769449
v 0.699792 0.540504 0.794436
v 0.725852 0.656082 0.790343
v 0.699790 0.598500 0.808484
v 0.699775 0.721119 0.808896
v 0.699749 0.831129 0.776190
v 0.746083 0.813689 0.760383
v 0.699788 0.481969 0.762330
v 0.731453 0.583756 0.747174
v 0.744409 0.671202 0.737817
v 0.757074 0.738002 0.702652
v 0.730212 0.574081 0.728420
v 0.721551 0.517709 0.739228
v 0.699783 0.463889 0.744323
v 0.615841 0.823705 0.698126
v 0.641301 0.910929 0.616260
v 0.645557 0.855781 0.739179
v 0.662669 0.937280 0.649986
v 0.758058 0.910907 0.616213
v 0.641301 0.910929 0.616260
v 0.646189 0.660427 0.572466
v 0.599549 0.731429 0.552859
v 0.647351 0.684220 0.647184
v 0.598892 0.762828 0.619800
v 0.638956 0.848797 0.470941
v 0.613562 0.717396 0.478237
v 0.662600 0.846173 0.435142
v 0.648185 0.718236 0.426836
v 0.599549 0.731429 0.552859
v 0.627649 0.863956 0.546814
v 0.598892 0.762828 0.619800
v 0.699624 0.719397 0.405204
v 0.699614 0.843862 0.419862
v 0.613562 0.717396 0.478237
v 0.654220 0.667341 0.492839
v 0.648185 0.718236 0.426836
v 0.671411 0.685661 0.438773
v 0.736709 0.937266 0.649956
v 0.662669 0.937280 0.649986
v 0.699692 0.946871 0.662257
v 0.642393 0.738024 0.702698
v 0.615841 0.823705 0.698126
v 0.645557 0.855781 0.739179
v 0.653408 0.813707 0.760420
v 0.677998 0.517717 0.739245
v 0.721551 0.517709 0.739228
v 0.669315 0.574093 0.728445
v 0.730212 0.574081 0.728420
v 0.668086 0.583768 0.747200
v 0.731453 0.583756 0.747174
v 0.655101 0.671219 0.737853
v 0.744409 0.671202 0.737817
v 0.699740 0.705539 0.708692
v 0.679918 0.545580 0.769465
v 0.673701 0.656092 0.790364
v 0.699792 0.540504 0.794436
v 0.699790 0.598500 0.808484
v 0.699775 0.721119 0.808896
v 0.699749 0.831129 0.776190
v 0.653408 0.813707 0.760420
v 0.699788 0.481969 0.762330
v 0.668086 0.583768 0.747200
v 0.655101 0.671219 0.737853
v 0.642393 0.738024 0.702698
v 0.730212 0.574081 0.728420
v 0.731453 0.583756 0.747174
v 0.669315 0.574093 0.728445
v 0.668086 0.583768 0.747200
v 0.669315 0.574093 0.728445
v 0.677998 0.517717 0.739245
v 0.699783 0.463889 0.744323
v 0.699783 0.463889 0.744323
v 0.757074 0.738002 0.702652
v 0.642393 0.738024 0.702698
v 0.313644 0.680712 -0.000010
v 0.273118 0.855045 -0.280087
v 0.277824 0.677943 -0.317920
v 0.273006 0.934960 0.151095
v 0.273011 0.976306 -0.000010
v 0.273035 0.854892 0.279512
v 0.277775 0.402629 0.158715
v 0.277752 0.516438 0.279209
v 0.277800 0.355210 -0.000010
v 0.277829 0.516614 -0.279550
v 0.277737 0.677743 0.317478
v 0.218350 0.619290 0.347383
v 0.218342 0.741894 0.347344
v 0.218363 0.504092 0.305490
v 0.218381 0.410197 0.226720
v 0.218400 0.348928 0.120572
v 0.218419 0.327676 -0.000010
v 0.277819 0.402729 -0.158984
v 0.218435 0.349004 -0.120886
v 0.218447 0.410339 -0.227073
v 0.218452 0.504285 -0.305903
v 0.218451 0.619508 -0.347869
v 0.218444 0.742113 -0.347907
v 0.218397 0.680701 -0.000010
v 0.218444 0.742113 -0.347907
v 0.218430 0.857310 -0.309559
v 0.218403 0.981839 -0.174170
v 0.218375 1.033726 -0.000010
v 0.218353 0.981730 0.173456
v 0.218341 0.857117 0.308924
v 0.218342 0.741894 0.347344
v 0.218350 0.619290 0.347383
v 0.218363 0.504092 0.305490
v 0.218381 0.410197 0.226720
v 0.218400 0.348928 0.120572
v 0.218419 0.327676 -0.000010
v 0.218435 0.349004 -0.120886
v 0.218447 0.410339 -0.227073
v 0.218452 0.504285 -0.305903
v 0.218451 0.619508 -0.347869
v 0.381182 0.965400 0.281151
v 0.273035 0.854892 0.279512
v 0.313052 1.001976 0.301858
v 0.218341 0.857117 0.308924
v 0.218403 0.981839 -0.174170
v 0.218430 0.857310 -0.309559
v 0.313132 1.121705 -0.263433
v 0.313141 1.001976 -0.302653
v 0.218430 0.857310 -0.309559
v 0.273118 0.855045 -0.280087
v 0.313141 1.001976 -0.302653
v 0.381264 0.965400 -0.281894
v 0.273054 0.935047 -0.151743
v 0.273011 0.976306 -0.000010
v 0.381211 1.089442 -0.137259
v 0.383292 1.548129 -0.274194
v 0.381211 1.089442 -0.137259
v 0.383211 1.547961 0.273266
v 0.381170 1.089442 0.136471
v 0.273118 0.855045 -0.280087
v 0.381264 0.965400 -0.281894
v 0.381182 0.965400 0.281151
v 0.218375 1.033726 -0.000010
v 0.313055 1.121705 0.262609
v 0.218353 0.981730 0.173456
v 0.218341 0.857117 0.308924
v 0.313052 1.001976 0.301858
v 0.218430 0.857310 -0.309559
v 0.218341 0.857117 0.308924
v 0.273054 0.935047 -0.151743
v 0.383211 1.547961 0.273266
v 0.314771 1.546829 0.296169
v 0.313132 1.121705 -0.263433
v 0.313141 1.001976 -0.302653
v 0.314859 1.547011 -0.297150
v 0.314859 1.547011 -0.297150
v 0.383292 1.548129 -0.274194
v 0.381170 1.089442 0.136471
v 0.273006 0.934960 0.151095
v 0.381264 0.965400 -0.281894
v 0.273035 0.854892 0.279512
v 0.381182 0.965400 0.281151
v 0.314771 1.546829 0.296169
v 0.313055 1.121705 0.262609
v 0.313052 1.001976 0.301858
v 0.072865 0.801184 -0.203769
v 0.072865 0.683186 -0.236387
v 0.123214 0.801184 -0.203769
v 0.123214 0.683186 -0.236387
v 0.072866 0.887065 -0.116522
v 0.123215 0.887065 -0.116522
v 0.072866 0.917816 0.000110
v 0.123215 0.917816 0.000110
v 0.072866 0.885199 0.119974
v 0.072866 0.917816 0.000110
v 0.123215 0.885199 0.119974
v 0.123215 0.917816 0.000110
v 0.072866 0.797951 0.205855
v 0.123215 0.797952 0.205855
v 0.072866 0.679453 0.236606
v 0.123215 0.679453 0.236606
v 0.072866 0.561455 0.203989
v 0.123215 0.561455 0.203989
v 0.072865 0.475574 0.116742
v 0.123214 0.475574 0.116742
v 0.072865 0.444823 0.000110
v 0.123214 0.444823 0.000110
v 0.072865 0.477440 -0.119755
v 0.123214 0.477440 -0.119755
v 0.072865 0.564687 -0.205636
v 0.123214 0.564687 -0.205636
v 0.196102 0.682813 -0.189088
v 0.194440 0.681712 -0.049634
v 0.196102 0.811564 -0.128095
v 0.194440 0.715563 -0.033598
v 0.196103 0.870517 0.000110
v 0.194440 0.731063 0.000110
v 0.196103 0.809524 0.130354
v 0.194440 0.715027 0.034353
v 0.196103 0.679826 0.189307
v 0.194440 0.680927 0.049853
v 0.196102 0.551075 0.128314
v 0.194440 0.647076 0.033817
v 0.196102 0.492122 0.000110
v 0.194440 0.631576 0.000110
v 0.196102 0.553115 -0.130134
v 0.194440 0.647612 -0.034134
v 0.074165 0.787159 -0.104072
v -0.000000 0.787159 -0.104072
v 0.074165 0.682533 -0.153637
v -0.000000 0.682533 -0.153637
v 0.074165 0.682533 -0.153637
v -0.000000 0.682533 -0.153637
v 0.074165 0.577137 -0.105730
v -0.000000 0.577137 -0.105730
v 0.074165 0.577137 -0.105730
v -0.000000 0.577137 -0.105730
v 0.074165 0.527573 0.000110
v -0.000000 0.527573 0.000110
v 0.074165 0.527573 0.000110
v -0.000000 0.527573 0.000110
v 0.074165 0.575480 0.104292
v -0.000000 0.575480 0.104292
v 0.074165 0.575480 0.104292
v -0.000000 0.575480 0.104292
v 0.074165 0.680106 0.153856
v -0.000000 0.680106 0.153856
v 0.074165 0.680106 0.153856
v -0.000000 0.680106 0.153856
v 0.074166 0.785502 0.105949
v -0.000000 0.785502 0.105949
v 0.074166 0.785502 0.105949
v -0.000000 0.785502 0.105949
v 0.074166 0.835066 0.000110
v -0.000000 0.835066 0.000110
v 0.074166 0.835066 0.000110
v -0.000000 0.835066 0.000110
v 0.074165 0.787159 -0.104072
v -0.000000 0.787159 -0.104072
v 0.194440 0.681712 -0.049634
v 0.270628 0.681712 -0.049634
v 0.194440 0.715563 -0.033598
v 0.270628 0.715563 -0.033598
v 0.194440 0.731063 0.000110
v 0.270628 0.731063 0.000110
v 0.194440 0.715027 0.034353
v 0.270628 0.715027 0.034353
v 0.194440 0.715027 0.034353
v 0.270628 0.715027 0.034353
v 0.194440 0.680927 0.049853
v 0.270628 0.680927 0.049853
v 0.194440 0.647076 0.033817
v 0.270628 0.647076 0.033817
v 0.194440 0.631576 0.000110
v 0.270628 0.631576 0.000110
v 0.194440 0.647612 -0.034134
v 0.270628 0.647612 -0.034134
v 0.196102 0.811564 -0.128095
v 0.123215 0.811563 -0.128095
v 0.196102 0.682813 -0.189088
v 0.123214 0.682813 -0.189088
v 0.196103 0.870517 0.000110
v 0.123215 0.870517 0.000110
v 0.196103 0.809524 0.130354
v 0.123215 0.809524 0.130354
v 0.196103 0.870517 0.000110
v 0.123215 0.870517 0.000110
v 0.196103 0.679826 0.189307
v 0.123215 0.679826 0.189307
v 0.196102 0.551075 0.128314
v 0.123215 0.551075 0.128314
v 0.196102 0.492122 0.000110
v 0.123214 0.492122 0.000110
v 0.196102 0.553115 -0.130134
v 0.123214 0.553115 -0.130134
v 0.074165 0.682533 -0.153637
v 0.072865 0.683186 -0.236387
v 0.074165 0.787159 -0.104072
v 0.072865 0.801184 -0.203769
v 0.072866 0.887065 -0.116522
v 0.074166 0.835066 0.000110
v 0.072866 0.917816 0.000110
v 0.074166 0.785502 0.105949
v 0.072866 0.885199 0.119974
v 0.072866 0.797951 0.205855
v 0.074165 0.680106 0.153856
v 0.072866 0.679453 0.236606
v 0.074165 0.575480 0.104292
v 0.072866 0.561455 0.203989
v 0.072865 0.475574 0.116742
v 0.074165 0.527573 0.000110
v 0.072865 0.444823 0.000110
v 0.074165 0.577137 -0.105730
v 0.072865 0.477440 -0.119755
v 0.072865 0.564687 -0.205636
v 0.123215 0.811563 -0.128095
v 0.123214 0.801184 -0.203769
v 0.123214 0.682813 -0.189088
v 0.123214 0.683186 -0.236387
v 0.123214 0.682813 -0.189088
v 0.123214 0.683186 -0.236387
v 0.123214 0.553115 -0.130134
v 0.123214 0.564687 -0.205636
v 0.123214 0.477440 -0.119755
v 0.123214 0.553115 -0.130134
v 0.123214 0.477440 -0.119755
v 0.123214 0.492122 0.000110
v 0.123214 0.444823 0.000110
v 0.123214 0.492122 0.000110
v 0.123214 0.444823 0.000110
v 0.123215 0.551075 0.128314
v 0.123214 0.475574 0.116742
v 0.123215 0.561455 0.203989
v 0.123215 0.551075 0.128314
v 0.123215 0.561455 0.203989
v 0.123215 0.679826 0.189307
v 0.123215 0.679453 0.236606
v 0.123215 0.809524 0.130354
v 0.123215 0.797952 0.205855
v 0.123215 0.809524 0.130354
v 0.123215 0.797952 0.205855
v 0.123215 0.885199 0.119974
v 0.123215 0.870517 0.000110
v 0.123215 0.917816 0.000110
v 0.123215 0.870517 0.000110
v 0.123215 0.917816 0.000110
v 0.123215 0.811563 -0.128095
v 0.123215 0.887065 -0.116522
v 0.123215 0.887065 -0.116522
v -0.072866 0.801184 -0.203769
v -0.123215 0.801184 -0.203769
v -0.072866 0.683186 -0.236387
v -0.123215 0.683186 -0.236387
v -0.072866 0.887065 -0.116522
v -0.123215 0.887065 -0.116522
v -0.072866 0.917816 0.000110
v -0.123215 0.917816 0.000110
v -0.072866 0.885199 0.119974
v -0.123215 0.885199 0.119974
v -0.072866 0.917816 0.000110
v -0.123215 0.917816 0.000110
v -0.072866 0.797951 0.205855
v -0.123215 0.797952 0.205855
v -0.072866 0.679453 0.236606
v -0.123215 0.679453 0.236606
v -0.072866 0.561455 0.203989
v -0.123215 0.561455 0.203989
v -0.072866 0.475574 0.116742
v -0.123215 0.475574 0.116742
v -0.072866 0.444823 0.000110
v -0.123215 0.444823 0.000110
v -0.072865 0.477440 -0.119755
v -0.123215 0.477440 -0.119755
v -0.072865 0.564687 -0.205636
v -0.123215 0.564687 -0.205636
v -0.196103 0.682813 -0.189088
v -0.196103 0.811564 -0.128095
v -0.194440 0.681712 -0.049634
v -0.194440 0.715563 -0.033598
v -0.196103 0.870517 0.000110
v -0.194441 0.731063 0.000110
v -0.196103 0.809524 0.130354
v -0.194441 0.715027 0.034353
v -0.196103 0.679826 0.189307
v -0.194441 0.680927 0.049853
v -0.196103 0.551075 0.128314
v -0.194440 0.647076 0.033817
v -0.196103 0.492122 0.000110
v -0.194440 0.631576 0.000110
v -0.196102 0.553115 -0.130134
v -0.194440 0.647612 -0.034134
v -0.074166 0.787159 -0.104072
v -0.074166 0.682533 -0.153637
v -0.000000 0.787159 -0.104072
v -0.000000 0.682533 -0.153637
v -0.074166 0.682533 -0.153637
v -0.074165 0.577137 -0.105730
v -0.000000 0.682533 -0.153637
v -0.000000 0.577137 -0.105730
v -0.074165 0.577137 -0.105730
v -0.074166 0.527573 0.000110
v -0.000000 0.577137 -0.105730
v -0.000000 0.527573 0.000110
v -0.074166 0.527573 0.000110
v -0.074166 0.575480 0.104292
v -0.000000 0.527573 0.000110
v -0.000000 0.575480 0.104292
v -0.074166 0.575480 0.104292
v -0.074166 0.680106 0.153856
v -0.000000 0.575480 0.104292
v -0.000000 0.680106 0.153856
v -0.074166 0.680106 0.153856
v -0.074166 0.785502 0.105949
v -0.000000 0.680106 0.153856
v -0.000000 0.785502 0.105949
v -0.074166 0.785502 0.105949
v -0.074166 0.835066 0.000110
v -0.000000 0.785502 0.105949
v -0.000000 0.835066 0.000110
v -0.074166 0.835066 0.000110
v -0.074166 0.787159 -0.104072
v -0.000000 0.835066 0.000110
v -0.000000 0.787159 -0.104072
v -0.194440 0.681712 -0.049634
v -0.194440 0.715563 -0.033598
v -0.270628 0.681712 -0.049634
v -0.270628 0.715563 -0.033598
v -0.194441 0.731063 0.000110
v -0.270628 0.731063 0.000110
v -0.194441 0.715027 0.034353
v -0.270628 0.715027 0.034353
v -0.194441 0.715027 0.034353
v -0.194441 0.680927 0.049853
v -0.270628 0.715027 0.034353
v -0.270629 0.680927 0.049853
v -0.194440 0.647076 0.033817
v -0.270628 0.647076 0.033817
v -0.194440 0.631576 0.000110
v -0.270628 0.631576 0.000110
v -0.194440 0.647612 -0.034134
v -0.270628 0.647612 -0.034134
v -0.196103 0.811564 -0.128095
v -0.196103 0.682813 -0.189088
v -0.123215 0.811563 -0.128095
v -0.123215 0.682813 -0.189088
v -0.196103 0.870517 0.000110
v -0.123215 0.870517 0.000110
v -0.196103 0.809524 0.130354
v -0.196103 0.870517 0.000110
v -0.123215 0.809524 0.130354
v -0.123215 0.870517 0.000110
v -0.196103 0.679826 0.189307
v -0.123215 0.679826 0.189307
v -0.196103 0.551075 0.128314
v -0.123215 0.551075 0.128314
v -0.196103 0.492122 0.000110
v -0.123215 0.492122 0.000110
v -0.196102 0.553115 -0.130134
v -0.123215 0.553115 -0.130134
v -0.074166 0.682533 -0.153637
v -0.074166 0.787159 -0.104072
v -0.072866 0.683186 -0.236387
v -0.072866 0.801184 -0.203769
v -0.072866 0.887065 -0.116522
v -0.074166 0.835066 0.000110
v -0.072866 0.917816 0.000110
v -0.074166 0.785502 0.105949
v -0.072866 0.885199 0.119974
v -0.072866 0.797951 0.205855
v -0.074166 0.680106 0.153856
v -0.072866 0.679453 0.236606
v -0.074166 0.575480 0.104292
v -0.072866 0.561455 0.203989
v -0.072866 0.475574 0.116742
v -0.074166 0.527573 0.000110
v -0.072866 0.444823 0.000110
v -0.074165 0.577137 -0.105730
v -0.072865 0.477440 -0.119755
v -0.072865 0.564687 -0.205636
v -0.123215 0.811563 -0.128095
v -0.123215 0.682813 -0.189088
v -0.123215 0.801184 -0.203769
v -0.123215 0.683186 -0.236387
v -0.123215 0.682813 -0.189088
v -0.123215 0.553115 -0.130134
v -0.123215 0.683186 -0.236387
v -0.123215 0.564687 -0.205636
v -0.123215 0.477440 -0.119755
v -0.123215 0.553115 -0.130134
v -0.123215 0.492122 0.000110
v -0.123215 0.477440 -0.119755
v -0.123215 0.444823 0.000110
v -0.123215 0.492122 0.000110
v -0.123215 0.551075 0.128314
v -0.123215 0.444823 0.000110
v -0.123215 0.475574 0.116742
v -0.123215 0.561455 0.203989
v -0.123215 0.551075 0.128314
v -0.123215 0.679826 0.189307
v -0.123215 0.561455 0.203989
v -0.123215 0.679453 0.236606
v -0.123215 0.809524 0.130354
v -0.123215 0.797952 0.205855
v -0.123215 0.809524 0.130354
v -0.123215 0.885199 0.119974
v -0.123215 0.797952 0.205855
v -0.123215 0.870517 0.000110
v -0.123215 0.917816 0.000110
v -0.123215 0.870517 0.000110
v -0.123215 0.811563 -0.128095
v -0.123215 0.917816 0.000110
v -0.123215 0.887065 -0.116522
v -0.123215 0.887065 -0.116522
v 0.039356 1.070701 0.056667
v 0.039356 1.070865 -0.055654
v 0.039344 0.796493 0.053870
v 0.039344 0.796647 -0.052231
v -0.000000 0.796660 -0.060726
v -0.000000 1.057373 -0.066262
v 0.052148 1.101121 0.070236
v 0.052148 1.101323 -0.068974
v -0.000000 1.082246 0.079951
v -0.000000 1.057178 0.067422
v -0.000000 0.796483 0.061152
v -0.000000 1.082477 -0.078744
v -0.039356 1.070701 0.056667
v -0.039344 0.796493 0.053870
v -0.039356 1.070865 -0.055654
v -0.039344 0.796647 -0.052231
v -0.000000 0.796660 -0.060726
v -0.000000 1.057373 -0.066262
v -0.052148 1.101121 0.070236
v -0.052148 1.101323 -0.068974
v -0.000000 1.082246 0.079951
v -0.000000 1.057178 0.067422
v -0.000000 0.796483 0.061152
v -0.000000 1.082477 -0.078744
v 0.039332 0.534553 -0.365537
v 0.039327 0.437199 -0.309518
v 0.039337 0.669317 -0.127257
v 0.039333 0.577354 -0.074340
v -0.000000 0.569994 -0.070104
v -0.000000 0.434761 -0.292534
v 0.052122 0.529214 -0.400946
v 0.052117 0.408555 -0.331517
v -0.000000 0.548937 -0.387187
v -0.000000 0.550628 -0.359203
v -0.000000 0.675630 -0.130888
v -0.000000 0.411391 -0.308043
v -0.039332 0.534553 -0.365537
v -0.039338 0.669317 -0.127257
v -0.039328 0.437199 -0.309518
v -0.039333 0.577354 -0.074340
v -0.000000 0.569994 -0.070104
v -0.000000 0.434761 -0.292534
v -0.052123 0.529214 -0.400946
v -0.052117 0.408555 -0.331517
v -0.000000 0.548937 -0.387187
v -0.000000 0.550628 -0.359203
v -0.000000 0.675630 -0.130888
v -0.000000 0.411391 -0.308043
v 0.039327 0.436436 0.310546
v 0.039331 0.533628 0.366848
v 0.039333 0.576045 0.073443
v 0.039337 0.667854 0.126628
v -0.000000 0.675205 0.130886
v -0.000000 0.549559 0.360467
v 0.052116 0.406652 0.331499
v 0.052122 0.527109 0.401279
v -0.000000 0.410489 0.308912
v -0.000000 0.433887 0.293461
v -0.000000 0.569746 0.069794
v -0.000000 0.547806 0.388455
v -0.039327 0.436436 0.310546
v -0.039333 0.576045 0.073443
v -0.039331 0.533628 0.366848
v -0.039338 0.667854 0.126628
v -0.000000 0.675205 0.130886
v -0.000000 0.549559 0.360467
v -0.052117 0.406652 0.331499
v -0.052122 0.527109 0.401279
v -0.000000 0.410489 0.308912
v -0.000000 0.433887 0.293461
v -0.000000 0.569746 0.069794
v -0.000000 0.547806 0.388455
v -0.000000 1.366411 0.001977
v -0.000000 1.343412 -0.174705
v 0.186468 1.333632 0.001929
v 0.186465 1.311738 -0.166270
v -0.000000 1.275468 -0.339414
v 0.186461 1.247056 -0.323070
v -0.000000 1.167208 -0.480926
v 0.186455 1.143995 -0.457787
v -0.000000 1.026012 -0.589597
v 0.186448 1.009579 -0.561239
v -0.000000 0.861501 -0.658020
v 0.186440 0.852967 -0.626377
v -0.000000 0.506287 0.659989
v -0.000000 0.682902 0.683502
v 0.186439 0.514810 0.628343
v 0.186446 0.682944 0.650727
v -0.000000 0.859584 0.660503
v 0.186453 0.851142 0.628832
v -0.000000 1.024293 0.592559
v 0.186459 1.007942 0.564151
v -0.000000 1.165805 0.484300
v 0.186464 1.142659 0.461090
v -0.000000 1.274475 0.343103
v 0.186467 1.246111 0.326674
v -0.000000 1.342898 0.178592
v 0.186468 1.311248 0.170063
v -0.000000 1.366411 0.001977
v 0.186468 1.333632 0.001929
v 0.274464 1.250752 0.001807
v 0.274461 1.231650 -0.144937
v 0.274457 1.175218 -0.281736
v 0.274452 1.085304 -0.399269
v 0.274446 0.968033 -0.489526
v 0.274440 0.831398 -0.546355
v 0.186433 0.684833 -0.648761
v 0.274433 0.684710 -0.565884
v 0.186426 0.516635 -0.626866
v 0.274427 0.537966 -0.546782
v 0.186420 0.359835 -0.562184
v 0.274422 0.401167 -0.490350
v 0.186415 0.225119 -0.459124
v 0.274418 0.283634 -0.400436
v 0.186412 0.121666 -0.324707
v 0.274415 0.193378 -0.283165
v 0.186411 0.056529 -0.168096
v 0.274414 0.136549 -0.146530
v 0.186412 0.034145 0.000038
v 0.274415 0.117020 0.000158
v 0.186414 0.056040 0.168236
v 0.274417 0.136122 0.146902
v 0.186419 0.120721 0.325036
v 0.274421 0.192554 0.283701
v 0.186425 0.223782 0.459753
v 0.274426 0.282468 0.401234
v 0.186431 0.358199 0.563205
v 0.274432 0.399739 0.491491
v 0.274438 0.536374 0.548320
v 0.274445 0.683062 0.567849
v 0.274451 0.829805 0.548747
v 0.274456 0.966605 0.492316
v 0.274461 1.084138 0.402401
v 0.274463 1.174394 0.285130
v 0.274464 1.231223 0.148495
v 0.274464 1.250752 0.001807
v -0.000000 0.684887 -0.681532
v -0.000000 0.508205 -0.658531
v -0.000000 0.343497 -0.590586
v -0.000000 0.201987 -0.482327
v -0.000000 0.093318 -0.341132
v -0.000000 0.024895 -0.176622
v -0.000000 0.001383 -0.000009
v -0.000000 0.024381 0.176672
v -0.000000 0.092324 0.341381
v -0.000000 0.200582 0.482893
v -0.000000 0.341777 0.591564
v 0.297939 1.126343 -0.185077
v 0.297939 1.163157 0.000000
v 0.297939 1.021505 -0.341978
v 0.297939 0.864604 -0.446816
v 0.297939 0.679526 -0.483631
v 0.297939 0.494449 -0.446816
v 0.297939 0.337548 -0.341979
v 0.297939 0.232710 -0.185077
v 0.297939 0.195896 0.000000
v 0.297939 0.232710 0.185078
v 0.297939 0.337548 0.341979
v 0.297939 0.494449 0.446817
v 0.297939 0.679526 0.483631
v 0.297939 0.864604 0.446817
v 0.297940 1.021505 0.341979
v 0.297939 1.126343 0.185078
v 0.297939 1.163157 0.000000
v -0.000000 0.679526 -0.416206
v -0.000000 0.838802 -0.384524
v 0.275352 0.679526 -0.452742
v 0.275352 0.852783 -0.418279
v -0.000000 0.973828 -0.294302
v 0.275352 0.999663 -0.320137
v -0.000000 1.064051 -0.159275
v 0.275352 1.097805 -0.173257
v -0.000000 1.095733 0.000000
v 0.275352 1.132268 0.000000
v -0.000000 1.095733 0.000000
v -0.000000 1.064051 0.159275
v 0.275352 1.132268 0.000000
v 0.275352 1.097805 0.173257
v -0.000000 0.973829 0.294302
v 0.275352 0.999663 0.320137
v -0.000000 0.838802 0.384525
v 0.275352 0.852783 0.418279
v -0.000000 0.679526 0.416206
v 0.275352 0.679526 0.452742
v -0.000000 0.520251 0.384525
v 0.275352 0.506270 0.418279
v -0.000000 0.385224 0.294302
v 0.275352 0.359390 0.320137
v -0.000000 0.295002 0.159275
v 0.275352 0.261247 0.173257
v -0.000000 0.263320 0.000000
v 0.275352 0.226784 0.000000
v -0.000000 0.295002 -0.159275
v 0.275352 0.261247 -0.173257
v -0.000000 0.385224 -0.294302
v 0.275352 0.359390 -0.320137
v -0.000000 0.520251 -0.384524
v 0.275352 0.506270 -0.418279
v -0.000000 1.366411 0.001977
v -0.186468 1.333632 0.001929
v -0.000000 1.343412 -0.174705
v -0.186465 1.311738 -0.166270
v -0.000000 1.275468 -0.339414
v -0.186461 1.247056 -0.323070
v -0.000000 1.167208 -0.480926
v -0.186455 1.143995 -0.457787
v -0.000000 1.026012 -0.589597
v -0.186448 1.009579 -0.561239
v -0.000000 0.861501 -0.658020
v -0.186441 0.852967 -0.626377
v -0.000000 0.506287 0.659989
v -0.186439 0.514810 0.628343
v -0.000000 0.682902 0.683502
v -0.186447 0.682944 0.650727
v -0.000000 0.859584 0.660503
v -0.186454 0.851142 0.628832
v -0.000000 1.024293 0.592559
v -0.186460 1.007942 0.564151
v -0.000000 1.165805 0.484300
v -0.186465 1.142659 0.461090
v -0.000000 1.274475 0.343103
v -0.186468 1.246111 0.326674
v -0.000000 1.342898 0.178592
v -0.186469 1.311248 0.170063
v -0.000000 1.366411 0.001977
v -0.186468 1.333632 0.001929
v -0.274464 1.250752 0.001807
v -0.274461 1.231650 -0.144937
v -0.274458 1.175218 -0.281736
v -0.274453 1.085304 -0.399269
v -0.274447 0.968033 -0.489526
v -0.274440 0.831398 -0.546355
v -0.186433 0.684833 -0.648761
v -0.274434 0.684710 -0.565884
v -0.186426 0.516635 -0.626866
v -0.274427 0.537966 -0.546782
v -0.186420 0.359835 -0.562184
v -0.274422 0.401167 -0.490350
v -0.186415 0.225119 -0.459124
v -0.274418 0.283634 -0.400436
v -0.186412 0.121666 -0.324707
v -0.274415 0.193378 -0.283165
v -0.186411 0.056529 -0.168096
v -0.274414 0.136549 -0.146530
v -0.186412 0.034145 0.000038
v -0.274415 0.117020 0.000158
v -0.186415 0.056040 0.168236
v -0.274417 0.136122 0.146902
v -0.186419 0.120721 0.325036
v -0.274421 0.192554 0.283701
v -0.186425 0.223782 0.459753
v -0.274426 0.282468 0.401234
v -0.186432 0.358199 0.563205
v -0.274432 0.399739 0.491491
v -0.274439 0.536374 0.548320
v -0.274445 0.683062 0.567849
v -0.274451 0.829805 0.548747
v -0.274457 0.966605 0.492316
v -0.274461 1.084138 0.402401
v -0.274464 1.174394 0.285130
v -0.274465 1.231223 0.148495
v -0.274464 1.250752 0.001807
v -0.000000 0.684887 -0.681532
v -0.000000 0.508205 -0.658531
v -0.000000 0.343497 -0.590586
v -0.000000 0.201987 -0.482327
v -0.000000 0.093318 -0.341132
v -0.000000 0.024895 -0.176622
v -0.000000 0.001383 -0.000009
v -0.000000 0.024381 0.176672
v -0.000000 0.092324 0.341381
v -0.000000 0.200582 0.482893
v -0.000000 0.341777 0.591564
v -0.297940 1.126343 -0.185077
v -0.297940 1.163157 0.000000
v -0.297940 1.021505 -0.341978
v -0.297940 0.864604 -0.446816
v -0.297940 0.679526 -0.483631
v -0.297940 0.494449 -0.446816
v -0.297940 0.337548 -0.341979
v -0.297940 0.232710 -0.185077
v -0.297940 0.195896 0.000000
v -0.297940 0.232710 0.185078
v -0.297940 0.337548 0.341979
v -0.297940 0.494449 0.446817
v -0.297940 0.679526 0.483631
v -0.297940 0.864604 0.446817
v -0.297940 1.021505 0.341979
v -0.297940 1.126343 0.185078
v -0.297940 1.163157 0.000000
v -0.000000 0.679526 -0.416206
v -0.275352 0.679526 -0.452742
v -0.000000 0.838802 -0.384524
v -0.275352 0.852783 -0.418279
v -0.000000 0.973828 -0.294302
v -0.275352 0.999663 -0.320137
v -0.000000 1.064051 -0.159275
v -0.275352 1.097805 -0.173257
v -0.000000 1.095733 0.000000
v -0.275352 1.132268 0.000000
v -0.000000 1.095733 0.000000
v -0.275352 1.132268 0.000000
v -0.000000 1.064051 0.159275
v -0.275352 1.097805 0.173257
v -0.000000 0.973829 0.294302
v -0.275352 0.999663 0.320137
v -0.000000 0.838802 0.384525
v -0.275352 0.852783 0.418279
v -0.000000 0.679526 0.416206
v -0.275352 0.679526 0.452742
v -0.000000 0.520251 0.384525
v -0.275352 0.506270 0.418279
v -0.000000 0.385224 0.294302
v -0.275352 0.359390 0.320137
v -0.000000 0.295002 0.159275
v -0.275352 0.261247 0.173257
v -0.000000 0.263320 0.000000
v -0.275352 0.226784 0.000000
v -0.000000 0.295002 -0.159275
v -0.275352 0.261247 -0.173257
v -0.000000 0.385224 -0.294302
v -0.275352 0.359390 -0.320137
v -0.000000 0.520251 -0.384524
v -0.275352 0.506270 -0.418279
v 0.886073 1.154887 -0.654886
v 0.886409 1.170503 -0.880458
v 0.885372 1.018779 -0.662060
v 0.885338 1.024392 -0.793559
v 0.868307 1.024392 -0.793559
v 0.867231 1.170503 -0.880458
v 0.868273 1.018779 -0.662060
v 0.867572 1.154887 -0.654886
v 0.886073 0.882672 -0.669233
v 0.886408 0.888328 -0.895286
v 0.867231 0.888328 -0.895286
v 0.867572 0.882672 -0.669233
v 0.886408 0.888328 -0.895286
v 0.867231 0.888328 -0.895286
v 0.886073 0.882672 -0.669233
v 0.867572 0.882672 -0.669233
v 0.886073 1.154887 -0.654886
v 0.867572 1.154887 -0.654886
v 0.886409 1.170503 -0.880458
v 0.867231 1.170503 -0.880458
v 0.732871 1.022470 -0.670459
v 0.727795 1.031471 -0.896396
v 0.869949 1.020816 -0.661571
v 0.869970 1.025105 -0.793171
v 0.871028 1.008111 -0.794159
v 0.728987 1.012335 -0.897501
v 0.871011 1.003754 -0.662563
v 0.734020 1.004009 -0.671531
v 1.006927 1.021413 -0.671230
v 1.011878 1.030375 -0.897184
v 1.013069 1.011239 -0.898289
v 1.008077 1.002952 -0.672302
v 1.011878 1.030375 -0.897184
v 1.013069 1.011239 -0.898289
v 1.006927 1.021413 -0.671230
v 1.008077 1.002952 -0.672302
v 0.732871 1.022470 -0.670459
v 0.734020 1.004009 -0.671531
v 0.727795 1.031471 -0.896396
v 0.728987 1.012335 -0.897501
v 0.945685 0.946058 -0.767140
v 0.969858 0.915420 -0.648044
v 0.980113 1.021487 -0.763164
v 1.015273 1.015108 -0.642183
v 0.969858 1.114609 -0.636937
v 0.945685 1.096915 -0.759187
v 0.869943 1.161741 -0.634453
v 0.869943 1.132644 -0.757304
v 0.869943 1.161741 -0.634453
v 0.794201 1.096915 -0.759187
v 0.770029 1.114609 -0.636937
v 0.759773 1.021487 -0.763164
v 0.724613 1.015108 -0.642183
v 0.770029 0.915608 -0.647429
v 0.794201 0.946059 -0.767140
v 0.869943 0.910330 -0.769024
v 0.869943 0.868476 -0.649914
v 0.989285 1.101534 -0.972758
v 0.869943 1.026989 -0.867532
v 1.006333 1.032728 -0.976386
v 0.989284 0.963922 -0.980013
v 0.869943 1.170340 -0.969130
v 0.938138 1.150682 -0.970167
v 0.750602 1.101534 -0.972758
v 0.801748 1.150682 -0.970167
v 0.750602 0.963922 -0.980013
v 0.733553 1.032728 -0.976385
v 0.869943 0.895115 -0.983641
v 0.801748 0.914774 -0.982604
v 0.938138 0.914774 -0.982604
v 0.949352 0.969537 0.222181
v 1.015274 0.971527 0.184444
v 0.924537 0.915171 0.219315
v 0.997108 0.898211 0.180578
v 0.924537 1.023904 0.225047
v 0.997108 1.044843 0.188309
v 0.942609 1.097212 0.191070
v 0.869944 1.049657 0.226405
v 0.869944 1.118159 0.192175
v 0.815351 1.023904 0.225047
v 0.797279 1.097212 0.191070
v 0.742780 1.044843 0.188309
v 0.790536 0.969538 0.222181
v 0.724614 0.971527 0.184444
v 0.815351 0.915171 0.219315
v 0.742780 0.898211 0.180578
v 0.797279 0.845842 0.177817
v 0.869944 0.889418 0.217957
v 0.869944 0.824895 0.176713
v 0.942609 0.845842 0.177817
v 1.015274 0.971527 0.184444
v 0.997108 1.044843 0.188309
v 0.997108 0.898211 0.180578
v 0.942609 1.097212 0.191070
v 0.869944 1.118159 0.192175
v 0.742780 1.044843 0.188309
v 0.797279 1.097212 0.191070
v 0.869944 1.118159 0.192175
v 0.724614 0.971527 0.184444
v 0.742780 0.898211 0.180578
v 0.797279 0.845842 0.177817
v 0.869944 0.824895 0.176713
v 0.942609 0.845842 0.177817
v 0.968001 1.125040 -0.869950
v 1.012573 1.027388 -0.875098
v 0.968001 0.929736 -0.880246
v 0.869943 0.883480 -0.882685
v 0.771885 0.929736 -0.880246
v 0.727314 1.027388 -0.875098
v 0.771885 1.125040 -0.869949
v 0.869943 1.171296 -0.867511
v 0.869943 1.132644 -0.757304
v 0.869943 1.171296 -0.867511
v 1.006294 0.948970 -0.882945
v 1.025773 1.027583 -0.878800
v 1.006294 0.954115 -0.980530
v 1.025773 1.032728 -0.976386
v 1.006294 1.106196 -0.874656
v 1.006294 1.111341 -0.972241
v 0.869943 0.870357 -0.887090
v 0.947858 0.892818 -0.885905
v 0.869943 0.875502 -0.984675
v 0.947858 0.897963 -0.983491
v 0.733592 0.948970 -0.882945
v 0.792028 0.892818 -0.885905
v 0.733592 0.954115 -0.980530
v 0.792028 0.897963 -0.983490
v 0.733592 1.106196 -0.874656
v 0.714114 1.027583 -0.878800
v 0.733592 1.111341 -0.972241
v 0.714114 1.032728 -0.976385
v 0.869943 1.184809 -0.870511
v 0.792028 1.162348 -0.871695
v 0.869943 1.189954 -0.968096
v 0.792028 1.167493 -0.969280
v 0.947858 1.162348 -0.871695
v 0.947858 1.167493 -0.969280
v 0.869943 1.189954 -0.968096
v 0.869943 1.184809 -0.870511
v 1.006294 1.111341 -0.972241
v 0.989285 1.101534 -0.972758
v 1.025773 1.032728 -0.976386
v 1.006333 1.032728 -0.976386
v 1.006294 0.954115 -0.980530
v 0.989284 0.963922 -0.980013
v 0.947858 0.897963 -0.983491
v 0.938138 0.914774 -0.982604
v 0.869943 0.875502 -0.984675
v 0.869943 0.895115 -0.983641
v 0.792028 0.897963 -0.983490
v 0.801748 0.914774 -0.982604
v 0.733592 0.954115 -0.980530
v 0.750602 0.963922 -0.980013
v 0.714114 1.032728 -0.976385
v 0.733553 1.032728 -0.976385
v 0.733592 1.111341 -0.972241
v 0.750602 1.101534 -0.972758
v 0.792028 1.167493 -0.969280
v 0.801748 1.150682 -0.970167
v 0.869943 1.189954 -0.968096
v 0.869943 1.170340 -0.969130
v 0.869943 1.189954 -0.968096
v 0.869943 1.170340 -0.969130
v 0.947858 1.167493 -0.969280
v 0.938138 1.150682 -0.970167
v 1.006294 1.106196 -0.874656
v 1.025773 1.027583 -0.878800
v 1.006294 0.948970 -0.882945
v 0.947858 0.892818 -0.885905
v 0.869943 0.870357 -0.887090
v 0.792028 0.892818 -0.885905
v 0.733592 0.948970 -0.882945
v 0.714114 1.027583 -0.878800
v 0.733592 1.106196 -0.874656
v 0.792028 1.162348 -0.871695
v 0.869943 1.184809 -0.870511
v 0.869943 1.184809 -0.870511
v 0.947858 1.162348 -0.871695
v 0.869944 0.968736 0.237375
v -0.170608 0.960524 1.159412
v -0.157066 1.088269 1.155644
v -0.083166 0.967258 1.193776
v -0.083103 1.086424 1.185503
v -0.056439 0.930878 1.201535
v -0.055606 0.813610 1.198608
v -0.056872 0.965293 1.174673
v -0.029598 0.928921 1.183186
v -0.083166 0.967258 1.193776
v -0.056439 0.930878 1.201535
v -0.029598 0.928921 1.183186
v -0.029598 0.743342 1.181364
v -0.056439 0.930878 1.201535
v -0.055606 0.813610 1.198608
v -0.179447 0.954778 1.125415
v -0.170608 0.960524 1.159412
v -0.029598 0.743342 1.181364
v -0.055606 0.813610 1.198608
v -0.179447 0.954778 1.125415
v -0.161256 1.098299 1.127218
v -0.170608 0.960524 1.159412
v -0.157066 1.088269 1.155644
v -0.056872 0.965293 1.174673
v -0.083166 0.967258 1.193776
v -0.054096 1.097271 1.164218
v -0.083103 1.086424 1.185503
v -0.161256 1.098299 1.127218
v -0.054096 1.097271 1.164218
v -0.157066 1.088269 1.155644
v -0.083103 1.086424 1.185503
v -0.179447 0.954778 1.125415
v -0.029598 0.743342 1.181364
v -0.056872 0.965293 1.174673
v -0.029598 0.928921 1.183186
v -0.054096 1.097271 1.164218
v -0.161256 1.098299 1.127218
v -0.107795 1.567305 0.799129
v -0.129727 1.603989 0.827838
v -0.147841 1.564005 0.772959
v -0.169498 1.600712 0.801848
v -0.088342 1.548573 0.838221
v -0.110409 1.585385 0.866662
v -0.088342 1.548573 0.838221
v -0.104610 1.515737 0.868448
v -0.110409 1.585385 0.866662
v -0.126564 1.552776 0.896680
v -0.143148 1.488011 0.875114
v -0.164837 1.525240 0.903300
v -0.183194 1.484711 0.848944
v -0.204607 1.521963 0.877310
v -0.202646 1.503443 0.809851
v -0.223926 1.540566 0.838487
v -0.186379 1.536279 0.779624
v -0.207770 1.573176 0.808468
v -0.203422 1.582530 0.830451
v -0.176018 1.602245 0.825711
v -0.202541 1.591197 0.846092
v -0.181728 1.606172 0.842492
v -0.147542 1.604592 0.844320
v -0.160100 1.607954 0.856626
v -0.133710 1.591272 0.872118
v -0.149594 1.597837 0.877739
v -0.145277 1.567923 0.893612
v -0.158380 1.580103 0.894064
v -0.133710 1.591272 0.872118
v -0.149594 1.597837 0.877739
v -0.172681 1.548207 0.898351
v -0.179193 1.565129 0.897664
v -0.201157 1.545861 0.879743
v -0.200821 1.563347 0.883530
v -0.214989 1.559181 0.851945
v -0.211327 1.573464 0.862417
v -0.202541 1.591197 0.846092
v -0.181728 1.606172 0.842492
v -0.165150 1.559536 0.849918
v -0.160100 1.607954 0.856626
v -0.149594 1.597837 0.877739
v -0.158380 1.580103 0.894064
v -0.179193 1.565129 0.897664
v -0.200821 1.563347 0.883530
v -0.211327 1.573464 0.862417
v -0.147542 1.604592 0.844320
v -0.176018 1.602245 0.825711
v -0.133710 1.591272 0.872118
v -0.145277 1.567923 0.893612
v -0.133710 1.591272 0.872118
v -0.172681 1.548207 0.898351
v -0.201157 1.545861 0.879743
v -0.214989 1.559181 0.851945
v -0.203422 1.582530 0.830451
v -0.166439 1.592201 1.185122
v -0.183580 1.587658 1.191014
v -0.200720 1.592199 1.185129
v -0.218215 1.742724 0.889016
v -0.183540 1.748721 0.867822
v -0.148868 1.742727 0.889001
v -0.132904 1.729428 0.930375
v -0.234189 1.729423 0.930397
v -0.228988 1.559383 1.135777
v -0.219263 1.540430 1.164971
v -0.138168 1.559387 1.135757
v -0.147901 1.540433 1.164956
v -0.204206 1.525719 1.186696
v -0.162964 1.525721 1.186687
v -0.117017 1.669258 0.886739
v -0.128209 1.680664 0.848657
v -0.250078 1.669252 0.886768
v -0.238877 1.680660 0.848681
v -0.151276 1.688427 0.819830
v -0.215804 1.688424 0.819844
v -0.138168 1.559387 1.135757
v -0.150861 1.614911 1.155672
v -0.123397 1.627719 0.987313
v -0.137701 1.691334 1.021390
v -0.229413 1.691330 1.021410
v -0.137701 1.691334 1.021390
v -0.216289 1.614908 1.155686
v -0.150861 1.614911 1.155672
v -0.123397 1.627719 0.987313
v -0.243721 1.627714 0.987339
v -0.250078 1.669252 0.886768
v -0.234189 1.729423 0.930397
v -0.243721 1.627714 0.987339
v -0.229413 1.691330 1.021410
v -0.219263 1.540430 1.164971
v -0.228988 1.559383 1.135777
v -0.216289 1.614908 1.155686
v -0.204206 1.525719 1.186696
v -0.200720 1.592199 1.185129
v -0.183586 1.520816 1.193934
v -0.183580 1.587658 1.191014
v -0.162964 1.525721 1.186687
v -0.166439 1.592201 1.185122
v -0.147901 1.540433 1.164956
v -0.128209 1.680664 0.848657
v -0.117017 1.669258 0.886739
v -0.148868 1.742727 0.889001
v -0.132904 1.729428 0.930375
v -0.151276 1.688427 0.819830
v -0.183539 1.689949 0.809865
v -0.183540 1.748721 0.867822
v -0.215804 1.688424 0.819844
v -0.218215 1.742724 0.889016
v -0.238877 1.680660 0.848681
v -0.183539 1.689949 0.809865
v -0.183586 1.520816 1.193934
v -0.183580 1.587658 1.191014
v -0.183586 1.520816 1.193934
v -0.183554 1.653581 0.950347
v -0.142424 1.659479 0.931820
v -0.183555 1.610635 0.920487
v -0.151558 1.615811 0.906274
v -0.123725 1.671929 0.892720
v -0.137011 1.626733 0.876282
v -0.142415 1.684378 0.853629
v -0.151551 1.637655 0.846295
v -0.183542 1.690273 0.835119
v -0.183545 1.642827 0.832097
v -0.224672 1.684374 0.853647
v -0.215542 1.637652 0.846309
v -0.243371 1.671924 0.892746
v -0.230089 1.626729 0.876302
v -0.224681 1.659476 0.931837
v -0.215549 1.615808 0.906288
v -0.183554 1.653581 0.950347
v -0.183555 1.610635 0.920487
v -0.161336 1.618837 0.849837
v -0.151242 1.611255 0.870654
v -0.183547 1.622428 0.839980
v -0.205766 1.603670 0.891486
v -0.215860 1.611253 0.870668
v -0.183554 1.600080 0.901343
v -0.183554 1.600080 0.901343
v -0.161341 1.603673 0.891476
v -0.205761 1.618835 0.849847
v -0.205766 1.603670 0.891486
v -0.183554 1.600080 0.901343
v -0.183549 1.645420 0.883090
v -0.161341 1.603673 0.891476
v -0.151242 1.611255 0.870654
v -0.161336 1.618837 0.849837
v -0.183547 1.622428 0.839980
v -0.205761 1.618835 0.849847
v -0.215860 1.611253 0.870668
v -0.183550 1.630092 0.877173
v -0.183548 1.628889 0.849425
v -0.165406 1.626318 0.856484
v -0.157893 1.620108 0.873535
v -0.165410 1.613897 0.890589
v -0.183553 1.611324 0.897656
v -0.201695 1.613896 0.890597
v -0.209208 1.620106 0.873546
v -0.201691 1.626316 0.856492
v -0.157891 1.604784 0.840649
v -0.183548 1.608421 0.830666
v -0.147266 1.596002 0.864763
v -0.157897 1.587219 0.888881
v -0.183556 1.583580 0.898875
v -0.209212 1.587217 0.888892
v -0.219837 1.595999 0.864779
v -0.209207 1.604782 0.840661
v -0.165408 1.578106 0.838945
v -0.157891 1.604784 0.840649
v -0.183550 1.580677 0.831886
v -0.183548 1.608421 0.830666
v -0.157895 1.571895 0.855996
v -0.147266 1.596002 0.864763
v -0.165412 1.565685 0.873050
v -0.157897 1.587219 0.888881
v -0.183556 1.563111 0.880117
v -0.183556 1.583580 0.898875
v -0.201698 1.565683 0.873057
v -0.209212 1.587217 0.888892
v -0.209211 1.571893 0.856007
v -0.219837 1.595999 0.864779
v -0.201694 1.578104 0.838953
v -0.209207 1.604782 0.840661
v -0.183553 1.561909 0.852369
v -0.622498 1.007822 0.338502
v -0.637370 0.956213 0.335218
v -0.637381 0.976439 0.376326
v -0.637377 1.034135 0.379990
v -0.637361 1.059424 0.341772
v -0.637350 1.039198 0.300664
v -0.637354 0.981501 0.297000
v -0.700367 0.937123 0.383203
v -0.700351 0.924304 0.333164
v -0.700374 0.976938 0.416155
v -0.700369 1.028544 0.419432
v -0.700356 1.072227 0.391783
v -0.700338 1.091303 0.343769
v -0.700322 1.078485 0.293730
v -0.700315 1.038670 0.260779
v -0.700320 0.987064 0.257502
v -0.700333 0.943380 0.285151
v -0.763337 0.964106 0.366087
v -0.700367 0.937123 0.383203
v -0.763328 0.956184 0.335161
v -0.700351 0.924304 0.333164
v -0.763342 0.988714 0.386452
v -0.700374 0.976938 0.416155
v -0.763339 1.020608 0.388478
v -0.700369 1.028544 0.419432
v -0.763330 1.047606 0.371390
v -0.700356 1.072227 0.391783
v -0.763319 1.059395 0.341716
v -0.700338 1.091303 0.343769
v -0.763310 1.051473 0.310790
v -0.700322 1.078485 0.293730
v -0.763306 1.026866 0.290425
v -0.700315 1.038670 0.260779
v -0.763308 0.994972 0.288399
v -0.700320 0.987064 0.257502
v -0.763317 0.967974 0.305487
v -0.700333 0.943380 0.285151
v -0.778191 1.007786 0.338432
v -0.752972 0.961813 0.337734
v -0.721853 0.959217 0.389885
v -0.752978 0.887276 0.332647
v -0.721859 0.884680 0.384797
v -0.677314 0.959226 0.389911
v -0.677319 0.884689 0.384823
v -0.646167 0.961834 0.337796
v -0.646173 0.887298 0.332709
v -0.677286 0.962991 0.283067
v -0.677291 0.888454 0.277980
v -0.721825 0.962982 0.283041
v -0.721831 0.888445 0.277954
v -0.721825 0.962982 0.283041
v -0.721831 0.888445 0.277954
v -0.752978 0.887276 0.332647
v -0.721859 0.884680 0.384797
v -0.738150 0.883705 0.332323
v -0.699585 0.881756 0.369695
v -0.677319 0.884689 0.384823
v -0.646173 0.887298 0.332709
v -0.661001 0.883721 0.332368
v -0.677291 0.888454 0.277980
v -0.683479 0.884234 0.292428
v -0.721831 0.888445 0.277954
v -0.715651 0.884227 0.292409
v -0.721831 0.888445 0.277954
v -0.715651 0.884227 0.292409
v -0.680888 0.727818 0.403012
v -0.718368 0.727811 0.402997
v -0.677911 0.723562 0.451377
v -0.721367 0.723553 0.451360
v -0.647871 0.776975 0.454394
v -0.654918 0.780039 0.407746
v -0.677902 0.827760 0.457380
v -0.680880 0.831121 0.413267
v -0.721358 0.827752 0.457362
v -0.718360 0.831114 0.413252
v -0.751398 0.776954 0.454353
v -0.744330 0.780021 0.407710
v -0.721367 0.723553 0.451360
v -0.718368 0.727811 0.402997
v -0.699590 0.855778 0.372002
v -0.737256 0.838410 0.333053
v -0.699585 0.881756 0.369695
v -0.738150 0.883705 0.332323
v -0.661907 0.838425 0.333083
v -0.661001 0.883721 0.332368
v -0.683831 0.829507 0.298141
v -0.683479 0.884234 0.292428
v -0.715315 0.829501 0.298128
v -0.715651 0.884227 0.292409
v -0.715315 0.829501 0.298128
v -0.715651 0.884227 0.292409
v -0.699610 0.822352 0.405170
v -0.737262 0.781664 0.402012
v -0.699599 0.829706 0.383527
v -0.737257 0.798083 0.359209
v -0.661966 0.781679 0.402042
v -0.661935 0.798098 0.359239
v -0.683866 0.739415 0.398695
v -0.683847 0.766142 0.341465
v -0.715369 0.739408 0.398682
v -0.715340 0.766136 0.341452
v -0.715369 0.739408 0.398682
v -0.715340 0.766136 0.341452
v -0.683866 0.739415 0.398695
v -0.715369 0.739408 0.398682
v -0.661966 0.781679 0.402042
v -0.699610 0.822352 0.405170
v -0.737262 0.781664 0.402012
v -0.715369 0.739408 0.398682
v -0.736709 0.937266 0.649956
v -0.753908 0.855761 0.739135
v -0.758058 0.910907 0.616213
v -0.783601 0.823673 0.698058
v -0.699692 0.946871 0.662257
v -0.699738 0.870232 0.757652
v -0.753200 0.660406 0.572423
v -0.799808 0.731391 0.552779
v -0.752088 0.684200 0.647141
v -0.800507 0.762790 0.619719
v -0.760310 0.848774 0.470892
v -0.785742 0.717363 0.478168
v -0.736640 0.846158 0.435112
v -0.751080 0.718217 0.426795
v -0.799808 0.731391 0.552779
v -0.771670 0.863929 0.546757
v -0.800507 0.762790 0.619719
v -0.699625 0.719397 0.405204
v -0.699615 0.843862 0.419862
v -0.638956 0.848797 0.470941
v -0.627649 0.863956 0.546814
v -0.760310 0.848774 0.470892
v -0.771670 0.863929 0.546757
v -0.785742 0.717363 0.478168
v -0.745107 0.667323 0.492802
v -0.751080 0.718217 0.426795
v -0.727872 0.685650 0.438750
v -0.699625 0.719397 0.405204
v -0.736640 0.846158 0.435112
v -0.662600 0.846173 0.435142
v -0.699615 0.843862 0.419862
v -0.757074 0.738002 0.702652
v -0.699725 0.661539 0.653506
v -0.699740 0.705539 0.708692
v -0.783601 0.823673 0.698058
v -0.753908 0.855761 0.739135
v -0.746084 0.813689 0.760383
v -0.699738 0.870232 0.757652
v -0.699749 0.831129 0.776190
v -0.699698 0.647370 0.577112
v -0.699668 0.654709 0.499769
v -0.699645 0.675092 0.444133
v -0.719647 0.545572 0.769449
v -0.725852 0.656082 0.790343
v -0.699793 0.540504 0.794436
v -0.699791 0.598500 0.808484
v -0.699776 0.721119 0.808896
v -0.699749 0.831129 0.776190
v -0.746084 0.813689 0.760383
v -0.699788 0.481969 0.762330
v -0.731453 0.583756 0.747174
v -0.744410 0.671202 0.737817
v -0.757074 0.738002 0.702652
v -0.730212 0.574081 0.728420
v -0.721551 0.517709 0.739228
v -0.699784 0.463889 0.744323
v -0.615841 0.823705 0.698126
v -0.645557 0.855781 0.739179
v -0.641301 0.910929 0.616260
v -0.662669 0.937280 0.649986
v -0.758058 0.910907 0.616213
v -0.641301 0.910929 0.616260
v -0.646190 0.660427 0.572466
v -0.647351 0.684220 0.647184
v -0.599549 0.731429 0.552859
v -0.598892 0.762828 0.619800
v -0.638956 0.848797 0.470941
v -0.662600 0.846173 0.435142
v -0.613563 0.717396 0.478237
v -0.648186 0.718236 0.426836
v -0.599549 0.731429 0.552859
v -0.598892 0.762828 0.619800
v -0.627649 0.863956 0.546814
v -0.699625 0.719397 0.405204
v -0.699615 0.843862 0.419862
v -0.613563 0.717396 0.478237
v -0.654220 0.667341 0.492839
v -0.648186 0.718236 0.426836
v -0.671411 0.685661 0.438773
v -0.736709 0.937266 0.649956
v -0.662669 0.937280 0.649986
v -0.699692 0.946871 0.662257
v -0.642393 0.738024 0.702698
v -0.615841 0.823705 0.698126
v -0.645557 0.855781 0.739179
v -0.653408 0.813707 0.760420
v -0.677999 0.517717 0.739245
v -0.669315 0.574093 0.728445
v -0.721551 0.517709 0.739228
v -0.730212 0.574081 0.728420
v -0.668086 0.583768 0.747200
v -0.655101 0.671219 0.737853
v -0.731453 0.583756 0.747174
v -0.744410 0.671202 0.737817
v -0.699740 0.705539 0.708692
v -0.679918 0.545580 0.769465
v -0.699793 0.540504 0.794436
v -0.673701 0.656092 0.790364
v -0.699791 0.598500 0.808484
v -0.699776 0.721119 0.808896
v -0.699749 0.831129 0.776190
v -0.653408 0.813707 0.760420
v -0.699788 0.481969 0.762330
v -0.668086 0.583768 0.747200
v -0.655101 0.671219 0.737853
v -0.642393 0.738024 0.702698
v -0.730212 0.574081 0.728420
v -0.669315 0.574093 0.728445
v -0.731453 0.583756 0.747174
v -0.668086 0.583768 0.747200
v -0.669315 0.574093 0.728445
v -0.677999 0.517717 0.739245
v -0.699784 0.463889 0.744323
v -0.699784 0.463889 0.744323
v -0.757074 0.738002 0.702652
v -0.642393 0.738024 0.702698
v -0.313645 0.680712 -0.000010
v -0.277825 0.677943 -0.317920
v -0.273118 0.855045 -0.280087
v -0.273011 0.976306 -0.000010
v -0.273007 0.934960 0.151095
v -0.273035 0.854892 0.279512
v -0.277752 0.516438 0.279209
v -0.277775 0.402629 0.158715
v -0.277800 0.355210 -0.000010
v -0.277829 0.516614 -0.279550
v -0.277737 0.677743 0.317478
v -0.218343 0.741894 0.347344
v -0.218350 0.619290 0.347383
v -0.218364 0.504092 0.305490
v -0.218381 0.410197 0.226720
v -0.218400 0.348928 0.120572
v -0.218419 0.327676 -0.000010
v -0.277819 0.402729 -0.158984
v -0.218435 0.349004 -0.120886
v -0.218447 0.410339 -0.227073
v -0.218453 0.504285 -0.305903
v -0.218452 0.619508 -0.347869
v -0.218444 0.742113 -0.347907
v -0.218397 0.680701 -0.000010
v -0.218431 0.857310 -0.309559
v -0.218444 0.742113 -0.347907
v -0.218404 0.981839 -0.174170
v -0.218375 1.033726 -0.000010
v -0.218353 0.981730 0.173456
v -0.218342 0.857117 0.308924
v -0.218343 0.741894 0.347344
v -0.218350 0.619290 0.347383
v -0.218364 0.504092 0.305490
v -0.218381 0.410197 0.226720
v -0.218400 0.348928 0.120572
v -0.218419 0.327676 -0.000010
v -0.218435 0.349004 -0.120886
v -0.218447 0.410339 -0.227073
v -0.218453 0.504285 -0.305903
v -0.218452 0.619508 -0.347869
v -0.381183 0.965400 0.281151
v -0.313053 1.001976 0.301858
v -0.273035 0.854892 0.279512
v -0.218342 0.857117 0.308924
v -0.218404 0.981839 -0.174170
v -0.313132 1.121705 -0.263433
v -0.218431 0.857310 -0.309559
v -0.313141 1.001976 -0.302653
v -0.218431 0.857310 -0.309559
v -0.313141 1.001976 -0.302653
v -0.273118 0.855045 -0.280087
v -0.381265 0.965400 -0.281894
v -0.273054 0.935047 -0.151743
v -0.381211 1.089442 -0.137259
v -0.273011 0.976306 -0.000010
v -0.383293 1.548129 -0.274194
v -0.383212 1.547961 0.273266
v -0.381211 1.089442 -0.137259
v -0.381171 1.089442 0.136471
v -0.273118 0.855045 -0.280087
v -0.381265 0.965400 -0.281894
v -0.381183 0.965400 0.281151
v -0.218375 1.033726 -0.000010
v -0.218353 0.981730 0.173456
v -0.313055 1.121705 0.262609
v -0.218342 0.857117 0.308924
v -0.313053 1.001976 0.301858
v -0.218431 0.857310 -0.309559
v -0.218342 0.857117 0.308924
v -0.273054 0.935047 -0.151743
v -0.383212 1.547961 0.273266
v -0.314772 1.546829 0.296169
v -0.313132 1.121705 -0.263433
v -0.314859 1.547011 -0.297150
v -0.313141 1.001976 -0.302653
v -0.314859 1.547011 -0.297150
v -0.383293 1.548129 -0.274194
v -0.381171 1.089442 0.136471
v -0.273007 0.934960 0.151095
v -0.381265 0.965400 -0.281894
v -0.273035 0.854892 0.279512
v -0.381183 0.965400 0.281151
v -0.314772 1.546829 0.296169
v -0.313055 1.121705 0.262609
v -0.313053 1.001976 0.301858
v -0.886074 1.147510 -0.654886
v -0.885373 1.011403 -0.662060
v -0.886409 1.163127 -0.880458
v -0.885338 1.017016 -0.793559
v -0.868308 1.017016 -0.793559
v -0.868273 1.011403 -0.662060
v -0.867231 1.163127 -0.880458
v -0.867573 1.147510 -0.654886
v -0.886073 0.875295 -0.669233
v -0.886409 0.880952 -0.895286
v -0.867231 0.880952 -0.895286
v -0.867572 0.875295 -0.669233
v -0.886409 0.880952 -0.895286
v -0.886073 0.875295 -0.669233
v -0.867231 0.880952 -0.895286
v -0.867572 0.875295 -0.669233
v -0.886074 1.147510 -0.654886
v -0.886409 1.163127 -0.880458
v -0.867573 1.147510 -0.654886
v -0.867231 1.163127 -0.880458
v -0.739519 1.027053 -0.670459
v -0.876466 1.020834 -0.661571
v -0.734746 1.036219 -0.896396
v -0.876630 1.025121 -0.793171
v -0.877121 1.008101 -0.794159
v -0.876959 1.003746 -0.662563
v -0.735299 1.017053 -0.897501
v -0.740053 1.008565 -0.671531
v -1.013388 1.016869 -0.671230
v -1.018634 1.025661 -0.897184
v -1.019187 1.006496 -0.898289
v -1.013922 0.998380 -0.672302
v -1.018634 1.025661 -0.897184
v -1.013388 1.016869 -0.671230
v -1.019187 1.006496 -0.898289
v -1.013922 0.998380 -0.672302
v -0.739519 1.027053 -0.670459
v -0.734746 1.036219 -0.896396
v -0.740053 1.008565 -0.671531
v -0.735299 1.017053 -0.897501
v -0.733120 1.027053 -0.670459
v -0.870066 1.020834 -0.661571
v -0.728347 1.036219 -0.896396
v -0.870230 1.025121 -0.793171
v -0.870721 1.008101 -0.794159
v -0.870560 1.003746 -0.662563
v -0.728900 1.017053 -0.897501
v -0.733653 1.008565 -0.671531
v -1.006989 1.016869 -0.671230
v -1.012235 1.025661 -0.897184
v -1.012788 1.006496 -0.898289
v -1.007522 0.998380 -0.672302
v -1.012235 1.025661 -0.897184
v -1.006989 1.016869 -0.671230
v -1.012788 1.006496 -0.898289
v -1.007522 0.998380 -0.672302
v -0.733120 1.027053 -0.670459
v -0.728347 1.036219 -0.896396
v -0.733653 1.008565 -0.671531
v -0.728900 1.017053 -0.897501
v -0.886073 1.154887 -0.654886
v -0.885372 1.018779 -0.662060
v -0.886409 1.170503 -0.880458
v -0.885338 1.024392 -0.793559
v -0.868307 1.024392 -0.793559
v -0.868273 1.018779 -0.662060
v -0.867231 1.170503 -0.880458
v -0.867572 1.154887 -0.654886
v -0.886073 0.882672 -0.669233
v -0.886408 0.888328 -0.895286
v -0.867231 0.888328 -0.895286
v -0.867572 0.882672 -0.669233
v -0.886408 0.888328 -0.895286
v -0.886073 0.882672 -0.669233
v -0.867231 0.888328 -0.895286
v -0.867572 0.882672 -0.669233
v -0.886073 1.154887 -0.654886
v -0.886409 1.170503 -0.880458
v -0.867572 1.154887 -0.654886
v -0.867231 1.170503 -0.880458
v -0.945685 0.946058 -0.767140
v -0.980113 1.021487 -0.763164
v -0.969858 0.915420 -0.648044
v -0.969858 1.114609 -0.636937
v -1.015273 1.015108 -0.642183
v -0.945685 1.096915 -0.759187
v -0.869943 1.161741 -0.634453
v -0.869943 1.132644 -0.757304
v -0.794201 1.096915 -0.759187
v -0.869943 1.161741 -0.634453
v -0.759773 1.021487 -0.763164
v -0.770029 1.114609 -0.636937
v -0.770029 0.915608 -0.647429
v -0.724613 1.015108 -0.642183
v -0.794201 0.946059 -0.767140
v -0.869943 0.910330 -0.769024
v -0.869943 0.868476 -0.649914
v -0.989285 1.101534 -0.972758
v -1.006333 1.032728 -0.976386
v -0.869943 1.026989 -0.867532
v -0.989284 0.963922 -0.980013
v -0.869943 1.170340 -0.969130
v -0.938138 1.150682 -0.970167
v -0.750602 1.101534 -0.972758
v -0.801748 1.150682 -0.970167
v -0.750602 0.963922 -0.980013
v -0.733553 1.032728 -0.976385
v -0.869943 0.895115 -0.983641
v -0.801748 0.914774 -0.982604
v -0.938138 0.914774 -0.982604
v -0.949352 0.969537 0.222181
v -0.924537 0.915171 0.219315
v -1.015274 0.971527 0.184444
v -0.997108 0.898211 0.180578
v -0.924537 1.023904 0.225047
v -0.997108 1.044843 0.188309
v -0.942609 1.097212 0.191070
v -0.869944 1.049657 0.226405
v -0.869944 1.118159 0.192175
v -0.815351 1.023904 0.225047
v -0.797279 1.097212 0.191070
v -0.742780 1.044843 0.188309
v -0.790536 0.969538 0.222181
v -0.724614 0.971527 0.184444
v -0.815351 0.915171 0.219315
v -0.742780 0.898211 0.180578
v -0.797279 0.845842 0.177817
v -0.869944 0.889418 0.217957
v -0.869944 0.824895 0.176713
v -0.942609 0.845842 0.177817
v -1.015274 0.971527 0.184444
v -0.997108 1.044843 0.188309
v -0.997108 0.898211 0.180578
v -0.942609 1.097212 0.191070
v -0.869944 1.118159 0.192175
v -0.742780 1.044843 0.188309
v -0.797279 1.097212 0.191070
v -0.869944 1.118159 0.192175
v -0.724614 0.971527 0.184444
v -0.742780 0.898211 0.180578
v -0.797279 0.845842 0.177817
v -0.869944 0.824895 0.176713
v -0.942609 0.845842 0.177817
v -0.968001 1.125040 -0.869950
v -0.968001 0.929736 -0.880246
v -1.012573 1.027388 -0.875098
v -0.771885 0.929736 -0.880246
v -0.869943 0.883480 -0.882685
v -0.771885 1.125040 -0.869949
v -0.727314 1.027388 -0.875098
v -0.869943 1.171296 -0.867511
v -0.869943 1.132644 -0.757304
v -0.869943 1.171296 -0.867511
v -1.006294 0.948970 -0.882945
v -1.006294 0.954115 -0.980530
v -1.025773 1.027583 -0.878800
v -1.025773 1.032728 -0.976386
v -1.006294 1.106196 -0.874656
v -1.006294 1.111341 -0.972241
v -0.869943 0.870357 -0.887090
v -0.869943 0.875502 -0.984675
v -0.947858 0.892818 -0.885905
v -0.947858 0.897963 -0.983491
v -0.733592 0.948970 -0.882945
v -0.733592 0.954115 -0.980530
v -0.792028 0.892818 -0.885905
v -0.792028 0.897963 -0.983490
v -0.733592 1.106196 -0.874656
v -0.733592 1.111341 -0.972241
v -0.714114 1.027583 -0.878800
v -0.714114 1.032728 -0.976385
v -0.869943 1.184809 -0.870511
v -0.869943 1.189954 -0.968096
v -0.792028 1.162348 -0.871695
v -0.792028 1.167493 -0.969280
v -0.947858 1.162348 -0.871695
v -0.947858 1.167493 -0.969280
v -0.869943 1.189954 -0.968096
v -0.869943 1.184809 -0.870511
v -1.006294 1.111341 -0.972241
v -1.025773 1.032728 -0.976386
v -0.989285 1.101534 -0.972758
v -1.006333 1.032728 -0.976386
v -1.006294 0.954115 -0.980530
v -0.989284 0.963922 -0.980013
v -0.947858 0.897963 -0.983491
v -0.938138 0.914774 -0.982604
v -0.869943 0.875502 -0.984675
v -0.869943 0.895115 -0.983641
v -0.792028 0.897963 -0.983490
v -0.801748 0.914774 -0.982604
v -0.733592 0.954115 -0.980530
v -0.750602 0.963922 -0.980013
v -0.714114 1.032728 -0.976385
v -0.733553 1.032728 -0.976385
v -0.733592 1.111341 -0.972241
v -0.750602 1.101534 -0.972758
v -0.792028 1.167493 -0.969280
v -0.801748 1.150682 -0.970167
v -0.869943 1.189954 -0.968096
v -0.869943 1.170340 -0.969130
v -0.869943 1.189954 -0.968096
v -0.947858 1.167493 -0.969280
v -0.869943 1.170340 -0.969130
v -0.938138 1.150682 -0.970167
v -1.006294 1.106196 -0.874656
v -1.025773 1.027583 -0.878800
v -1.006294 0.948970 -0.882945
v -0.947858 0.892818 -0.885905
v -0.869943 0.870357 -0.887090
v -0.792028 0.892818 -0.885905
v -0.733592 0.948970 -0.882945
v -0.714114 1.027583 -0.878800
v -0.733592 1.106196 -0.874656
v -0.792028 1.162348 -0.871695
v -0.869943 1.184809 -0.870511
v -0.869943 1.184809 -0.870511
v -0.947858 1.162348 -0.871695
v -0.869944 0.968736 0.237375
vn 0.4545 -0.8855 0.0960
vn 0.0041 0.7923 0.6101
vn 0.0043 0.7922 0.6103
vn 0.0039 0.8626 0.5058
vn 0.0039 0.8956 0.4449
vn 0.0039 0.8956 0.4448
vn 0.0039 0.9305 0.3663
vn 0.0039 0.9527 0.3038
vn 0.0039 0.9527 0.3039
vn 0.0039 0.9627 0.2706
vn -0.0039 -0.8371 -0.5470
vn -0.0039 -0.9021 -0.4315
vn -0.0039 -0.9167 -0.3996
vn -0.0041 -0.8284 -0.5601
vn -0.0039 -0.8284 -0.5601
vn -0.0038 -0.8284 -0.5601
vn -0.0039 -0.9334 -0.3588
vn -0.0039 -0.9334 -0.3589
vn -0.0039 -0.9599 -0.2802
vn -0.0039 -0.9665 -0.2568
vn -0.0039 -0.9889 -0.1488
vn -0.9673 0.1429 0.2095
vn -0.9763 0.1568 0.1490
vn -0.9713 0.1430 0.1899
vn -0.8489 0.0863 0.5215
vn -0.9760 0.1568 0.1509
vn -0.7109 0.0764 0.6991
vn -0.9727 0.2270 0.0489
vn -0.5974 0.0666 0.7992
vn -0.9659 0.2586 0.0078
vn -0.0000 0.0411 0.9992
vn -0.7350 0.5547 -0.3900
vn -0.8487 0.4508 -0.2764
vn -0.4492 0.6688 -0.5924
vn 0.0039 0.7434 -0.6689
vn 0.4566 0.6643 -0.5918
vn 0.7409 0.5468 -0.3900
vn 0.8545 0.4410 -0.2744
vn 0.9691 0.2467 0.0098
vn 0.9753 0.2154 0.0489
vn 0.9781 0.1451 0.1490
vn 0.9779 0.1450 0.1509
vn 0.9730 0.1312 0.1899
vn 0.9689 0.1314 0.2099
vn 0.8501 0.0764 0.5210
vn 0.5977 0.0588 0.7996
vn 0.7114 0.0666 0.6996
vn -0.6807 -0.4688 0.5630
vn -0.0039 -0.6406 0.7679
vn -0.0039 -0.5718 0.8204
vn -0.6687 -0.5393 0.5118
vn -0.0039 -0.8761 0.4822
vn -0.5494 -0.7849 0.2865
vn -0.9656 -0.2507 -0.0685
vn -0.7605 -0.6097 -0.2235
vn -0.9392 -0.3255 -0.1098
vn -0.6951 -0.0176 -0.7187
vn -0.5471 -0.4176 -0.7254
vn -0.6703 -0.1019 -0.7350
vn -0.0000 0.0647 -0.9979
vn -0.0000 -0.3605 -0.9327
vn -0.0000 -0.0215 -0.9998
vn 0.6960 -0.0255 -0.7176
vn 0.5429 -0.4234 -0.7252
vn 0.6698 -0.1097 -0.7344
vn 0.9626 -0.2627 -0.0667
vn 0.7530 -0.6196 -0.2216
vn 0.9352 -0.3372 -0.1078
vn 0.6742 -0.4763 0.5645
vn 0.5392 -0.7921 0.2862
vn 0.6608 -0.5471 0.5138
vn -0.0039 -0.5717 0.8204
vn -0.0039 -0.8761 0.4821
vn -0.0000 -0.3744 -0.9273
vn -0.0040 -0.9401 -0.3408
vn -0.5388 -0.4291 -0.7250
vn -0.7510 -0.6199 -0.2274
vn 0.5354 -0.4354 -0.7237
vn -0.5426 -0.7933 0.2762
vn 0.7443 -0.6287 -0.2253
vn -0.0038 -0.8824 0.4706
vn 0.5328 -0.7992 0.2781
vn 0.0039 0.7898 -0.6134
vn -0.5937 0.7093 -0.3801
vn 0.0039 0.9401 0.3408
vn -0.7058 0.2451 -0.6646
vn 0.0020 0.3408 -0.9401
vn 0.6030 0.7013 -0.3802
vn 0.7091 0.2370 -0.6641
vn 1.0000 -0.0059 -0.0000
vn 0.8489 0.4960 0.1826
vn 0.7058 -0.2451 0.6646
vn 0.6000 0.2922 0.7448
vn -0.0020 -0.3408 0.9401
vn 0.0006 0.2115 0.9774
vn -0.7091 -0.2370 0.6640
vn -0.5972 0.2996 0.7440
vn -1.0000 0.0059 -0.0000
vn -0.8434 0.5060 0.1804
vn -0.0000 -0.2115 -0.9774
vn -0.6000 -0.2922 -0.7448
vn -0.8489 -0.4960 -0.1826
vn -0.7091 -0.2370 0.6641
vn 0.5972 -0.2996 -0.7441
vn 0.7091 0.2370 -0.6640
vn -0.0039 -0.9401 -0.3408
vn 0.8434 -0.5061 -0.1804
vn 0.5937 -0.7093 0.3801
vn 0.7058 -0.2451 0.6647
vn -0.0039 -0.7898 0.6134
vn -0.6033 -0.7012 0.3800
vn 0.9520 -0.0392 -0.3036
vn 0.9738 -0.1685 -0.1528
vn 0.9619 -0.1136 -0.2488
vn 0.9151 -0.0529 -0.3997
vn 0.9857 0.0039 -0.1685
vn 0.9840 -0.1548 -0.0882
vn 0.9108 0.0784 -0.4054
vn 0.8761 -0.0020 -0.4822
vn 0.7703 0.1431 -0.6214
vn 0.9973 0.0431 -0.0588
vn 0.9971 -0.0274 0.0705
vn 0.9509 0.1784 -0.2529
vn 0.7973 0.2684 -0.5407
vn 0.5902 0.3059 -0.7471
vn 0.9963 0.0548 0.0666
vn 0.9962 0.0117 0.0861
vn 0.8366 0.4055 -0.3683
vn 0.6137 0.4353 -0.6588
vn 0.8599 0.4681 -0.2037
vn 0.4037 0.5370 -0.7407
vn 0.3882 0.4019 -0.8293
vn 0.2510 0.4392 -0.8626
vn 0.6510 0.5941 -0.4725
vn 0.6780 0.6780 -0.2841
vn 0.4314 0.7098 -0.5569
vn 0.2586 0.5701 -0.7798
vn 0.1762 0.4543 -0.8733
vn 0.1882 0.5783 -0.7939
vn 0.2822 0.7505 -0.5976
vn 0.2078 0.7604 -0.6154
vn 0.2176 0.8921 -0.3960
vn 0.3078 0.8704 -0.3842
vn 0.4644 0.8132 -0.3508
vn 0.3231 0.9340 -0.1527
vn 0.2214 0.9622 -0.1587
vn 0.6955 0.7131 -0.0882
vn 0.3290 0.9382 0.1077
vn 0.2295 0.9671 0.1099
vn 0.4858 0.8639 -0.1332
vn 0.4953 0.8615 0.1116
vn 0.3270 0.8852 0.3310
vn 0.2314 0.9118 0.3392
vn 0.2214 0.8444 0.4878
vn 0.7041 0.6982 0.1294
vn 0.4921 0.8097 0.3196
vn 0.7011 0.6424 0.3094
vn 0.8684 0.4705 0.1568
vn 0.3197 0.8178 0.4785
vn 0.3117 0.7585 0.5723
vn 0.2079 0.7844 0.5844
vn 0.4844 0.7412 0.4647
vn 0.4782 0.6761 0.5605
vn 0.6746 0.5020 0.5412
vn 0.6900 0.5724 0.4430
vn 0.8318 0.3609 0.4218
vn 0.8011 0.3016 0.5171
vn 0.8545 0.4214 0.3038
vn 0.8915 0.2018 0.4056
vn 0.8668 0.1530 0.4746
vn 0.9236 0.1117 0.3667
vn 0.9042 0.0549 0.4236
vn 0.9075 0.0451 0.4175
vn 0.9208 0.0060 0.3899
vn 0.9203 0.2585 0.2937
vn 0.9478 0.1488 0.2820
vn 0.9613 0.2252 0.1586
vn 0.9760 0.1097 0.1881
vn 0.8701 0.4919 -0.0313
vn 0.9918 0.0392 0.1215
vn 0.9950 0.0509 0.0862
vn 0.9757 0.2175 0.0254
vn 0.9985 0.0470 0.0294
vn 0.9985 0.0470 0.0293
vn 0.9701 0.2156 -0.1117
vn 0.3491 -0.6139 -0.7080
vn 0.4215 -0.6274 -0.6548
vn 0.4215 -0.6273 -0.6548
vn 0.3158 -0.6041 -0.7316
vn 0.2766 -0.6160 -0.7376
vn 0.2742 -0.6208 -0.7344
vn 0.2608 -0.6040 -0.7531
vn 0.2627 -0.6059 -0.7509
vn 0.1862 -0.5450 -0.8175
vn 0.2039 -0.5529 -0.8079
vn 0.1155 -0.5365 -0.8360
vn 0.1118 -0.5471 -0.8296
vn 0.0822 -0.5658 -0.8204
vn 0.0686 -0.5687 -0.8197
vn 0.0352 -0.5736 -0.8183
vn 0.0352 -0.5736 -0.8184
vn -0.9210 0.2019 -0.3332
vn -0.9292 0.1510 -0.3372
vn -0.9293 0.1509 -0.3372
vn -0.9054 0.2704 -0.3273
vn -0.9036 0.3273 -0.2764
vn -0.9091 0.3370 -0.2449
vn -0.9173 0.3607 -0.1686
vn -0.9184 0.3642 -0.1547
vn -0.9218 0.3825 -0.0628
vn -0.9218 0.3825 -0.0627
vn -0.9168 0.3957 0.0529
vn -0.9186 0.3937 0.0353
vn -0.8972 0.4075 0.1704
vn -0.9047 0.4034 0.1371
vn -0.8895 0.3781 0.2567
vn -0.8891 0.3995 0.2233
vn -0.8884 0.3589 0.2863
vn 0.2175 0.2684 0.9384
vn 0.1608 0.3315 0.9297
vn 0.0960 0.3781 0.9208
vn 0.2138 0.3060 0.9277
vn 0.0005 0.7236 0.6902
vn -0.0000 -0.5217 0.8531
vn 0.3293 0.0804 0.9408
vn 0.3332 0.0627 0.9408
vn 0.3954 -0.0254 0.9181
vn 0.3981 -0.0529 0.9158
vn 0.4622 -0.1136 0.8794
vn 0.4584 -0.0764 0.8855
vn 0.4842 -0.1470 0.8625
vn 0.4937 -0.1528 0.8561
vn 0.5118 -0.1746 0.8412
vn 0.5155 -0.1843 0.8369
vn 0.5039 -0.1784 0.8451
vn 0.5151 -0.1959 0.8344
vn 0.4698 -0.1175 0.8749
vn 0.7260 -0.6417 -0.2473
vn 0.6646 -0.6156 -0.4235
vn 0.7388 -0.6448 -0.1960
vn 0.7737 -0.6268 -0.0921
vn 0.7767 -0.6237 -0.0883
vn 0.8055 -0.5919 -0.0274
vn 0.7685 -0.6293 0.1157
vn 0.7717 -0.6268 0.1077
vn 0.7227 -0.6640 0.1919
vn 0.6881 -0.7057 0.1686
vn 0.6881 -0.7058 0.1686
vn 0.2313 -0.9274 0.2941
vn 0.4333 -0.8901 0.1412
vn 0.2547 -0.8875 0.3840
vn 0.1431 -0.8351 0.5312
vn 0.2860 -0.9522 0.1078
vn 0.1039 -0.8836 0.4566
vn 0.1155 -0.9866 0.1155
vn 0.0392 -0.9493 0.3119
vn 0.0705 -0.9893 0.1273
vn 0.0627 -0.9840 0.1666
vn 0.5797 -0.8069 -0.1136
vn 0.5609 -0.8080 -0.1804
vn 0.5899 -0.8035 -0.0803
vn 0.6683 -0.7369 0.1019
vn 0.6980 -0.7000 0.1510
vn 0.7039 -0.6059 0.3706
vn 0.6883 -0.6412 0.3392
vn 0.5786 -0.5845 0.5688
vn 0.5176 -0.5666 0.6411
vn 0.2508 -0.5995 0.7601
vn 0.2078 -0.6000 0.7725
vn 0.3840 -0.5270 0.7582
vn 0.3296 -0.5532 0.7651
vn 0.6155 0.0804 -0.7841
vn 0.8200 0.2217 -0.5277
vn 0.6565 0.0921 -0.7486
vn 0.9137 0.2353 -0.3314
vn 0.6171 0.1195 -0.7777
vn 0.8917 0.3959 0.2195
vn 0.9038 0.3803 0.1960
vn 0.7978 0.4548 -0.3960
vn 0.5625 0.4311 -0.7055
vn 0.5722 0.4527 0.6839
vn 0.2980 0.9508 -0.0843
vn 0.3706 0.5098 0.7764
vn 0.1490 0.4648 0.8728
vn 0.8208 0.5407 0.1842
vn 0.0941 0.4977 0.8622
vn 0.0844 0.4702 0.8785
vn 0.4644 0.6623 0.5879
vn 0.1331 0.7028 0.6988
vn -0.0000 0.8424 0.5388
vn -0.0000 0.7236 0.6902
vn -0.0000 0.8425 0.5388
vn -0.0000 0.9342 0.3567
vn -0.0000 0.9343 0.3566
vn -0.0000 0.9935 0.1137
vn -0.0000 0.9935 0.1136
vn -0.0000 0.9867 -0.1625
vn -0.0000 0.9121 -0.4100
vn -0.0000 0.7811 -0.6244
vn -0.0000 0.7803 -0.6254
vn -0.0000 0.5551 -0.8318
vn -0.0001 0.5543 -0.8323
vn -0.0020 0.3646 -0.9312
vn -0.0000 0.3646 -0.9312
vn -0.4000 0.6412 0.6549
vn -0.0039 -0.1765 0.9843
vn -0.0059 0.7158 0.6982
vn -0.7875 -0.1254 0.6034
vn -0.9399 0.1528 0.3054
vn -0.0039 0.7786 0.6276
vn -0.0000 -0.9242 -0.3818
vn -0.3056 -0.8813 -0.3604
vn -0.2687 -0.8923 -0.3628
vn -0.5214 -0.7822 -0.3411
vn -0.6879 -0.6781 -0.2587
vn -0.7701 -0.5976 -0.2234
vn -0.8878 -0.4488 -0.1019
vn -0.8193 -0.5449 -0.1784
vn -0.9365 -0.3488 -0.0353
vn -0.9501 -0.3115 -0.0176
vn -0.9507 -0.3097 -0.0176
vn -0.9831 -0.1821 -0.0177
vn -0.0000 -0.4745 0.8803
vn -0.0000 -0.4503 0.8929
vn 0.0079 -0.4644 0.8856
vn -0.0000 -0.4527 0.8917
vn 0.0020 -0.4511 0.8925
vn -0.0000 -0.4472 0.8945
vn -0.0000 -0.4504 0.8928
vn 0.0038 -0.4550 0.8905
vn 0.0039 -0.4550 0.8905
vn 0.6667 -0.3372 0.6647
vn 0.1724 -0.1195 -0.9777
vn 0.1058 -0.1195 -0.9872
vn 0.1038 -0.1195 -0.9874
vn 0.1823 -0.1195 -0.9760
vn 0.2999 -0.1333 -0.9446
vn 0.3196 -0.1392 -0.9373
vn 0.4569 -0.1726 -0.8726
vn 0.4880 -0.1783 -0.8544
vn 0.6181 -0.1962 -0.7613
vn 0.6900 -0.2058 -0.6939
vn 0.7292 -0.1921 -0.6567
vn 0.7715 -0.2193 -0.5972
vn 0.7843 -0.2294 -0.5764
vn 0.8160 -0.2764 -0.5077
vn 0.1039 -0.1195 -0.9874
vn -0.0000 -0.1195 -0.9928
vn 0.1510 -0.3413 -0.9277
vn -0.0000 -0.7608 -0.6490
vn 0.0920 -0.3856 -0.9181
vn 0.1118 -0.7352 -0.6686
vn 0.2136 -0.2900 -0.9329
vn -0.0000 -0.9401 -0.3408
vn 0.1371 -0.7990 -0.5855
vn 0.0568 -0.9460 -0.3193
vn 0.0725 -0.9500 -0.3036
vn -0.0000 -0.3923 -0.9199
vn -0.1608 -0.5470 0.8215
vn -0.0000 -0.7071 0.7071
vn -0.0000 -0.5365 0.8439
vn -0.6110 -0.6189 0.4935
vn -0.4178 -0.5570 0.7178
vn -0.0000 -0.8968 0.4425
vn -0.8834 -0.3996 0.2448
vn -0.5609 -0.7570 0.3353
vn -0.0000 -0.9989 0.0470
vn -0.9511 -0.2961 0.0882
vn -0.4544 -0.8892 0.0529
vn -0.0000 -0.9752 -0.2213
vn -0.0157 -0.9751 -0.2213
vn -0.9399 0.1527 0.3055
vn 0.4645 0.7623 -0.4507
vn 0.4903 0.7335 -0.4707
vn 0.4590 0.7356 -0.4982
vn 0.4606 0.7349 -0.4978
vn 0.3194 0.7740 -0.5467
vn 0.3159 0.7750 -0.5474
vn 0.2607 0.7803 -0.5685
vn 0.6805 -0.7021 -0.2099
vn 0.8102 -0.5551 -0.1883
vn 0.5859 -0.7505 -0.3057
vn 0.6100 -0.6708 -0.4217
vn 0.6217 -0.6550 -0.4295
vn 0.6640 -0.6111 -0.4309
vn 0.7903 -0.4608 -0.4039
vn 0.8447 -0.5017 -0.1862
vn 0.8092 -0.5761 -0.1156
vn 0.8548 -0.4941 -0.1588
vn 0.8536 -0.5188 -0.0470
vn 0.8723 -0.4881 -0.0274
vn 0.8705 -0.4921 0.0078
vn 0.8447 -0.5350 0.0137
vn 0.8561 -0.5153 0.0392
vn 0.8482 -0.5270 0.0529
vn 0.5529 -0.5960 -0.5823
vn 0.5658 -0.6545 -0.5015
vn 0.5564 -0.6564 -0.5094
vn 0.5490 -0.7392 -0.3902
vn 0.5561 -0.5483 -0.6246
vn 0.5449 -0.5115 -0.6644
vn 0.3866 -0.7709 -0.5062
vn 0.5468 -0.7409 -0.3900
vn 0.5433 -0.7787 -0.3138
vn 0.5407 -0.7837 -0.3056
vn 0.5407 -0.8111 -0.2232
vn 0.5452 -0.8080 -0.2236
vn 0.5410 -0.8231 -0.1725
vn 0.5372 -0.8235 -0.1824
vn 0.5571 -0.6924 0.4585
vn 0.6580 -0.6149 0.4347
vn 0.6998 -0.5920 0.3999
vn 0.7415 -0.5866 0.3256
vn 0.7702 -0.6016 0.2117
vn 0.5547 -0.8253 0.1058
vn 0.5547 -0.8253 0.1059
vn 0.5548 -0.8253 0.1059
vn 0.3511 -0.6709 0.6532
vn 0.3511 -0.6708 0.6532
vn 0.3255 -0.6647 0.6725
vn 0.3271 -0.6875 0.6483
vn 0.3648 -0.6805 0.6354
vn 0.3272 -0.6643 0.6721
vn 0.3628 -0.6550 0.6629
vn 0.3606 -0.6566 0.6625
vn 0.0902 -0.9668 0.2391
vn 0.0902 -0.9668 0.2392
vn 0.0902 -0.9668 0.2393
vn 0.9655 -0.1822 0.1860
vn 0.9655 -0.1821 0.1861
vn 0.9655 -0.1822 0.1861
vn 0.9655 -0.1823 0.1860
vn -0.5941 0.7373 0.3216
vn -0.8768 -0.2099 0.4326
vn -0.8769 -0.2095 0.4326
vn -0.8768 -0.2098 0.4326
vn -0.8769 -0.2096 0.4326
vn -1.0000 -0.0000 -0.0000
vn -1.0000 0.0001 -0.0000
vn -1.0000 0.0020 -0.0021
vn -1.0000 0.0020 -0.0020
vn -0.8657 0.4938 -0.0820
vn 0.6838 0.7289 -0.0333
vn 0.6860 0.7271 -0.0274
vn 0.6541 0.7500 -0.0979
vn 0.6542 0.7502 -0.0960
vn 0.6214 0.7664 -0.1627
vn 0.5662 0.8052 0.1763
vn -0.1528 -0.9878 0.0294
vn 0.6022 -0.7984 -0.0001
vn -0.0686 -0.9976 0.0039
vn 0.8533 -0.5198 0.0412
vn 0.9309 -0.3626 -0.0431
vn 0.9311 -0.3646 -0.0137
vn 0.9338 -0.3524 -0.0626
vn 0.6022 -0.7984 -0.0000
vn 0.9302 -0.3564 -0.0881
vn 0.9278 -0.3668 -0.0687
vn 0.9274 -0.3510 -0.1295
vn -0.9956 0.0922 -0.0137
vn -0.0314 -0.9941 0.1039
vn 0.0059 -0.9991 0.0411
vn 0.0059 -0.9991 0.0412
vn -0.9326 -0.3567 -0.0549
vn -0.9738 -0.1685 -0.1529
vn -0.9520 -0.0392 -0.3036
vn -0.9619 -0.1136 -0.2488
vn -0.9151 -0.0529 -0.3997
vn -0.9857 0.0039 -0.1685
vn -0.9840 -0.1549 -0.0881
vn -0.9108 0.0784 -0.4054
vn -0.8761 -0.0020 -0.4822
vn -0.7703 0.1431 -0.6214
vn -0.9973 0.0431 -0.0588
vn -0.9971 -0.0274 0.0705
vn -0.7973 0.2684 -0.5407
vn -0.5902 0.3059 -0.7471
vn -0.9509 0.1784 -0.2529
vn -0.8366 0.4055 -0.3683
vn -0.6137 0.4353 -0.6588
vn -0.4037 0.5370 -0.7407
vn -0.3882 0.4019 -0.8293
vn -0.2509 0.4392 -0.8627
vn -0.6510 0.5941 -0.4725
vn -0.2586 0.5701 -0.7798
vn -0.1762 0.4543 -0.8733
vn -0.1882 0.5783 -0.7939
vn -0.2822 0.7505 -0.5976
vn -0.2077 0.7604 -0.6154
vn -0.2176 0.8921 -0.3960
vn -0.4314 0.7098 -0.5569
vn -0.3078 0.8704 -0.3842
vn -0.3231 0.9340 -0.1527
vn -0.2214 0.9622 -0.1587
vn -0.4644 0.8132 -0.3508
vn -0.6780 0.6780 -0.2841
vn -0.3290 0.9382 0.1077
vn -0.2295 0.9671 0.1099
vn -0.8599 0.4681 -0.2037
vn -0.3270 0.8852 0.3310
vn -0.2314 0.9118 0.3392
vn -0.2214 0.8444 0.4878
vn -0.9701 0.2156 -0.1117
vn -0.3117 0.7585 0.5723
vn -0.2079 0.7844 0.5844
vn -0.9963 0.0548 0.0665
vn -0.9962 0.0117 0.0861
vn -0.3197 0.8178 0.4785
vn -0.4844 0.7412 0.4647
vn -0.4782 0.6761 0.5605
vn -0.6746 0.5020 0.5412
vn -0.4921 0.8097 0.3196
vn -0.6900 0.5724 0.4430
vn -0.8318 0.3609 0.4218
vn -0.8011 0.3016 0.5171
vn -0.7011 0.6424 0.3094
vn -0.8915 0.2018 0.4056
vn -0.8673 0.1527 0.4738
vn -0.8545 0.4214 0.3038
vn -0.9236 0.1117 0.3667
vn -0.9052 0.0568 0.4212
vn -0.9092 0.0490 0.4135
vn -0.9232 0.0019 0.3842
vn -0.9203 0.2585 0.2937
vn -0.9478 0.1488 0.2820
vn -0.9613 0.2252 0.1586
vn -0.9760 0.1097 0.1881
vn -0.8684 0.4705 0.1568
vn -0.9918 0.0392 0.1216
vn -0.9950 0.0509 0.0862
vn -0.9985 0.0470 0.0294
vn -0.9985 0.0470 0.0293
vn -0.9757 0.2175 0.0254
vn -0.8701 0.4919 -0.0313
vn -0.6955 0.7131 -0.0882
vn -0.7041 0.6982 0.1294
vn -0.4858 0.8639 -0.1332
vn -0.4953 0.8615 0.1116
vn -0.4215 -0.6273 -0.6548
vn -0.3491 -0.6139 -0.7080
vn -0.3158 -0.6041 -0.7316
vn -0.2766 -0.6160 -0.7376
vn -0.2742 -0.6208 -0.7344
vn -0.2608 -0.6040 -0.7531
vn -0.2627 -0.6059 -0.7509
vn -0.1862 -0.5450 -0.8175
vn -0.2039 -0.5529 -0.8079
vn -0.1155 -0.5365 -0.8360
vn -0.1118 -0.5471 -0.8296
vn -0.0822 -0.5658 -0.8204
vn -0.0686 -0.5687 -0.8197
vn -0.0352 -0.5736 -0.8183
vn -0.0352 -0.5736 -0.8184
vn 0.9292 0.1510 -0.3372
vn 0.9210 0.2019 -0.3332
vn 0.9293 0.1509 -0.3372
vn 0.9054 0.2704 -0.3273
vn 0.9036 0.3273 -0.2764
vn 0.9091 0.3370 -0.2449
vn 0.9173 0.3607 -0.1686
vn 0.9184 0.3642 -0.1547
vn 0.9218 0.3825 -0.0628
vn 0.9218 0.3825 -0.0627
vn 0.9168 0.3957 0.0529
vn 0.9186 0.3937 0.0353
vn 0.8972 0.4075 0.1704
vn 0.9047 0.4034 0.1371
vn 0.8895 0.3781 0.2567
vn 0.8891 0.3995 0.2233
vn 0.8884 0.3589 0.2863
vn -0.1608 0.3315 0.9297
vn -0.2175 0.2684 0.9384
vn -0.0960 0.3781 0.9208
vn -0.2138 0.3060 0.9277
vn -0.3293 0.0804 0.9408
vn -0.3332 0.0627 0.9408
vn -0.3955 -0.0254 0.9181
vn -0.3981 -0.0529 0.9158
vn -0.4622 -0.1136 0.8794
vn -0.4584 -0.0764 0.8855
vn -0.4844 -0.1431 0.8630
vn -0.4858 -0.1450 0.8619
vn -0.4785 -0.1726 0.8609
vn -0.4821 -0.1940 0.8544
vn -0.4860 -0.2097 0.8485
vn -0.5436 -0.2453 0.8027
vn -0.4697 -0.1174 0.8750
vn -0.6646 -0.6156 -0.4235
vn -0.7260 -0.6417 -0.2473
vn -0.7388 -0.6448 -0.1960
vn -0.7737 -0.6268 -0.0921
vn -0.7767 -0.6237 -0.0883
vn -0.8055 -0.5919 -0.0274
vn -0.7685 -0.6293 0.1157
vn -0.7717 -0.6268 0.1077
vn -0.7227 -0.6640 0.1919
vn -0.6881 -0.7058 0.1686
vn -0.6881 -0.7057 0.1686
vn -0.4333 -0.8901 0.1412
vn -0.2313 -0.9274 0.2941
vn -0.2547 -0.8875 0.3840
vn -0.1431 -0.8351 0.5312
vn -0.2860 -0.9521 0.1078
vn -0.1039 -0.8836 0.4565
vn -0.1155 -0.9866 0.1155
vn -0.0392 -0.9493 0.3119
vn -0.0705 -0.9893 0.1273
vn -0.0627 -0.9840 0.1666
vn -0.5609 -0.8080 -0.1804
vn -0.5797 -0.8069 -0.1136
vn -0.5899 -0.8035 -0.0803
vn -0.6683 -0.7369 0.1019
vn -0.6980 -0.7000 0.1510
vn -0.7039 -0.6059 0.3706
vn -0.6883 -0.6412 0.3393
vn -0.5786 -0.5845 0.5688
vn -0.5176 -0.5666 0.6411
vn -0.2508 -0.5995 0.7601
vn -0.2078 -0.6000 0.7725
vn -0.3840 -0.5270 0.7582
vn -0.3296 -0.5532 0.7651
vn -0.8200 0.2217 -0.5277
vn -0.6155 0.0804 -0.7841
vn -0.6565 0.0921 -0.7486
vn -0.9137 0.2353 -0.3314
vn -0.6171 0.1195 -0.7777
vn -0.8917 0.3959 0.2195
vn -0.9038 0.3803 0.1960
vn -0.7978 0.4548 -0.3959
vn -0.5625 0.4311 -0.7055
vn -0.5722 0.4527 0.6839
vn -0.2980 0.9508 -0.0843
vn -0.3706 0.5098 0.7764
vn -0.1490 0.4648 0.8728
vn -0.8208 0.5407 0.1841
vn -0.4644 0.6623 0.5879
vn -0.1331 0.7028 0.6989
vn -0.0941 0.4977 0.8622
vn -0.0843 0.4705 0.8783
vn -0.0000 0.9343 0.3565
vn -0.0000 0.5543 -0.8323
vn 0.0019 0.3646 -0.9312
vn -0.4545 -0.8855 0.0960
vn 0.0039 -0.1765 0.9843
vn 0.4000 0.6412 0.6549
vn 0.0059 0.7158 0.6982
vn 0.7875 -0.1254 0.6034
vn 0.9399 0.1528 0.3054
vn 0.0039 0.7786 0.6276
vn 0.3056 -0.8813 -0.3604
vn 0.2687 -0.8923 -0.3628
vn 0.5214 -0.7822 -0.3411
vn 0.6879 -0.6781 -0.2587
vn 0.7701 -0.5976 -0.2234
vn 0.8971 -0.4270 -0.1136
vn 0.8193 -0.5449 -0.1784
vn 0.9487 -0.3117 -0.0529
vn 0.9564 -0.2881 -0.0470
vn 0.9598 -0.2664 -0.0882
vn -0.0079 -0.4644 0.8856
vn -0.0020 -0.4511 0.8925
vn -0.0039 -0.4550 0.8905
vn -0.6667 -0.3372 0.6647
vn -0.1058 -0.1195 -0.9872
vn -0.1724 -0.1195 -0.9777
vn -0.1038 -0.1195 -0.9874
vn -0.1823 -0.1195 -0.9760
vn -0.2999 -0.1333 -0.9446
vn -0.3196 -0.1392 -0.9373
vn -0.4569 -0.1726 -0.8726
vn -0.4880 -0.1783 -0.8544
vn -0.6181 -0.1962 -0.7613
vn -0.6900 -0.2058 -0.6939
vn -0.7292 -0.1921 -0.6567
vn -0.7715 -0.2193 -0.5972
vn -0.7843 -0.2294 -0.5764
vn -0.8159 -0.2765 -0.5078
vn -0.1039 -0.1195 -0.9874
vn -0.1510 -0.3413 -0.9277
vn -0.0920 -0.3856 -0.9181
vn -0.1118 -0.7352 -0.6686
vn -0.2136 -0.2900 -0.9329
vn -0.0568 -0.9460 -0.3193
vn -0.1371 -0.7990 -0.5855
vn -0.0725 -0.9500 -0.3036
vn 0.1608 -0.5470 0.8215
vn 0.6110 -0.6189 0.4935
vn 0.4178 -0.5570 0.7178
vn 0.8834 -0.3996 0.2448
vn 0.9511 -0.2961 0.0882
vn 0.5609 -0.7570 0.3353
vn 0.9399 0.1527 0.3055
vn 0.4544 -0.8892 0.0529
vn 0.0157 -0.9751 -0.2213
vn -0.4903 0.7335 -0.4707
vn -0.4645 0.7623 -0.4507
vn -0.4590 0.7356 -0.4982
vn -0.4606 0.7349 -0.4978
vn -0.3194 0.7740 -0.5467
vn -0.3159 0.7750 -0.5474
vn -0.2607 0.7803 -0.5685
vn -0.8171 -0.5408 -0.1999
vn -0.6805 -0.7021 -0.2099
vn -0.5859 -0.7505 -0.3057
vn -0.8092 -0.5760 -0.1156
vn -0.6957 -0.5624 -0.4468
vn -0.8447 -0.5351 0.0137
vn -0.7057 -0.5449 -0.4528
vn -0.7248 -0.5230 -0.4486
vn -0.7973 -0.4506 -0.4016
vn -0.8550 -0.4824 -0.1902
vn -0.8636 -0.4798 -0.1547
vn -0.8558 -0.5150 -0.0490
vn -0.8482 -0.5270 0.0529
vn -0.8717 -0.4897 -0.0196
vn -0.8561 -0.5153 0.0392
vn -0.8705 -0.4921 0.0078
vn -0.5153 -0.5603 -0.6485
vn -0.5136 -0.6116 -0.6018
vn -0.5099 -0.5236 -0.6825
vn -0.4605 -0.5976 -0.6564
vn -0.5133 -0.6818 -0.5212
vn -0.5195 -0.6999 -0.4902
vn -0.5039 -0.7706 -0.3902
vn -0.5057 -0.7624 -0.4037
vn -0.5059 -0.8020 -0.3177
vn -0.4958 -0.8192 -0.2881
vn -0.5153 -0.8366 -0.1861
vn -0.5211 -0.8227 -0.2272
vn -0.5208 -0.8380 -0.1625
vn -0.5364 -0.8357 -0.1176
vn -0.6580 -0.6149 0.4347
vn -0.5570 -0.6923 0.4588
vn -0.6998 -0.5920 0.3999
vn -0.7415 -0.5866 0.3257
vn -0.7702 -0.6017 0.2117
vn -0.5524 -0.8266 0.1077
vn -0.3511 -0.6709 0.6532
vn -0.3511 -0.6708 0.6532
vn -0.3271 -0.6875 0.6483
vn -0.3255 -0.6647 0.6725
vn -0.3648 -0.6805 0.6354
vn -0.3272 -0.6643 0.6721
vn -0.3628 -0.6550 0.6629
vn -0.3606 -0.6566 0.6625
vn -0.0902 -0.9668 0.2392
vn -0.0902 -0.9668 0.2393
vn -0.9655 -0.1821 0.1861
vn -0.9655 -0.1823 0.1860
vn -0.9655 -0.1821 0.1860
vn -0.9655 -0.1822 0.1860
vn 0.5941 0.7373 0.3215
vn 0.5941 0.7373 0.3216
vn 0.8768 -0.2098 0.4326
vn 0.8768 -0.2099 0.4326
vn 0.8769 -0.2096 0.4326
vn 1.0000 -0.0000 -0.0000
vn 1.0000 0.0001 -0.0000
vn 1.0000 0.0020 -0.0021
vn 1.0000 0.0020 -0.0020
vn 0.8657 0.4937 -0.0821
vn -0.6860 0.7271 -0.0274
vn -0.6838 0.7289 -0.0333
vn -0.6541 0.7501 -0.0979
vn -0.6542 0.7502 -0.0960
vn -0.6214 0.7664 -0.1627
vn -0.5662 0.8052 0.1763
vn -0.6022 -0.7984 -0.0000
vn 0.1528 -0.9878 0.0294
vn 0.0686 -0.9976 0.0039
vn -0.9309 -0.3626 -0.0431
vn -0.8533 -0.5198 0.0412
vn -0.9311 -0.3646 -0.0137
vn -0.9338 -0.3524 -0.0627
vn -0.9302 -0.3564 -0.0881
vn -0.9278 -0.3668 -0.0687
vn -0.9274 -0.3510 -0.1294
vn 0.9956 0.0922 -0.0137
vn 0.0314 -0.9941 0.1039
vn -0.0059 -0.9991 0.0412
vn -0.0059 -0.9991 0.0411
vn 0.9326 -0.3566 -0.0549
vn 0.3335 0.3923 0.8572
vn -0.0000 0.5899 0.8075
vn -0.0000 0.4116 0.9114
vn 0.2075 0.2976 0.9319
vn -0.0000 0.3133 0.9497
vn 0.6039 0.1882 0.7745
vn 0.3784 0.5274 0.7607
vn -0.0000 0.7331 0.6802
vn 0.5961 0.3314 0.7314
vn 0.3804 0.6627 0.6451
vn -0.0000 0.8485 0.5291
vn 0.6035 0.4291 0.6721
vn 0.6528 0.2117 0.7273
vn 0.6167 0.3838 0.6873
vn 0.6213 0.4900 0.6115
vn 0.6313 0.5686 0.5274
vn 0.6980 0.1510 0.7000
vn 0.6620 0.1586 0.7325
vn 0.6293 0.1019 0.7704
vn 0.6905 0.1373 0.7101
vn 0.8150 0.1136 0.5682
vn 0.8170 0.1274 0.5623
vn 0.8471 0.1196 0.5177
vn 0.8901 0.1353 0.4352
vn 0.8734 0.1273 0.4700
vn 0.8934 0.1391 0.4271
vn 0.9042 0.1491 0.4001
vn 0.9174 0.1725 0.3587
vn 0.9196 0.1765 0.3510
vn 0.9148 0.2038 0.3487
vn 0.9102 0.2374 0.3393
vn 0.9146 0.2429 0.3232
vn 0.9194 0.2118 0.3313
vn 0.9155 0.2568 0.3097
vn 0.9042 0.3001 0.3040
vn 0.8970 0.3232 0.3016
vn 0.9035 0.2744 0.3293
vn 0.8966 0.3257 0.3002
vn 0.8899 0.3488 0.2939
vn 0.7746 0.5274 0.3490
vn 0.7976 0.4879 0.3547
vn 0.7285 0.5522 0.4054
vn 0.7746 0.5275 0.3490
vn 0.6353 0.6432 0.4275
vn 0.5939 0.6703 0.4449
vn 0.6840 0.5841 0.4370
vn 0.4569 0.7608 0.4608
vn 0.4354 0.7550 0.4903
vn -0.0000 0.8710 0.4913
vn 0.6245 0.5873 0.5149
vn 0.7705 -0.6333 0.0725
vn 0.6598 -0.6950 0.2858
vn 0.6610 -0.6944 0.2844
vn 0.7737 -0.6307 0.0607
vn 0.7984 -0.6003 -0.0471
vn 0.5879 -0.7231 0.3626
vn 0.5858 -0.7229 0.3664
vn 0.5192 -0.6975 0.4938
vn 0.5215 -0.7038 0.4823
vn 0.4957 -0.6602 0.5643
vn 0.4957 -0.6603 0.5642
vn 0.0353 -0.7135 -0.6998
vn 0.7980 -0.3451 -0.4941
vn 0.1177 -0.5178 -0.8474
vn -0.5702 -0.2195 0.7916
vn -0.5293 -0.6116 0.5881
vn -0.4354 -0.6863 0.5826
vn -0.4975 -0.0548 0.8657
vn -0.0000 -0.5231 0.8523
vn 0.2566 -0.4976 0.8286
vn 0.2274 -0.5039 0.8333
vn 0.3884 -0.4669 0.7945
vn -0.4804 -0.0333 0.8764
vn -0.5702 -0.2194 0.7916
vn -0.7236 -0.6902 -0.0039
vn 0.8195 0.4470 0.3587
vn 0.8469 0.4470 0.2882
vn 0.8194 0.4470 0.3588
vn 0.8389 0.4489 0.3077
vn -0.0137 0.3761 -0.9265
vn -0.0059 0.3547 -0.9350
vn -0.0118 0.3818 -0.9242
vn -0.0118 0.3704 -0.9288
vn -0.0118 0.3703 -0.9288
vn -0.0000 0.4156 -0.9096
vn -0.0137 0.3996 -0.9166
vn -0.0471 0.4863 -0.8725
vn 0.0392 0.3254 -0.9448
vn 0.0020 0.3704 -0.9289
vn -0.0412 0.4120 -0.9103
vn -0.0607 0.4314 -0.9001
vn -0.0000 0.4307 -0.9025
vn -0.0020 -0.9114 -0.4116
vn 0.0078 -0.9139 -0.4059
vn 0.0039 -0.9983 -0.0587
vn -0.0000 -0.7544 -0.6564
vn -0.0118 -0.5156 -0.8567
vn -0.0000 -0.9985 -0.0548
vn -0.0000 -0.7915 -0.6112
vn -0.0078 -0.6012 -0.7990
vn -0.0000 -0.5991 -0.8007
vn -0.0000 -0.4836 -0.8753
vn -0.0039 -1.0000 -0.0078
vn -0.0000 -1.0000 -0.0079
vn -0.0019 -1.0000 0.0019
vn 0.0078 -1.0000 -0.0040
vn -0.0000 -0.6512 0.7589
vn -0.0000 -0.6511 0.7590
vn -0.0000 -1.0000 0.0078
vn -0.0000 -0.2979 0.9546
vn -0.0000 -0.9999 -0.0137
vn 0.0667 -0.1529 0.9860
vn 0.1273 0.0314 0.9914
vn 0.1353 -0.0412 0.9900
vn 0.0392 0.0157 0.9991
vn -0.0000 -0.0059 1.0000
vn 0.0078 -0.0137 0.9999
vn 0.3316 -0.4062 0.8515
vn -0.0000 -0.0000 1.0000
vn 0.0607 -0.9969 -0.0509
vn -0.0000 -0.9969 -0.0784
vn 0.0372 -0.9973 -0.0627
vn 0.2804 -0.9588 0.0451
vn -0.0000 -0.9971 -0.0764
vn -0.0000 -0.7526 -0.6585
vn -0.2723 -0.4193 -0.8660
vn -0.4034 -0.5484 -0.7325
vn -0.6368 -0.3448 -0.6897
vn -0.6405 -0.4465 -0.6248
vn -0.6413 -0.4413 -0.6276
vn -0.6288 -0.5876 -0.5093
vn 0.6783 -0.2961 0.6725
vn 0.5954 -0.2429 0.7658
vn 0.5941 -0.2431 0.7667
vn 0.5464 -0.2017 0.8128
vn 0.5465 -0.2017 0.8128
vn 0.6822 -0.2960 0.6685
vn 0.7789 -0.3198 0.5395
vn 0.7821 -0.3195 0.5351
vn 0.8666 -0.3060 0.3941
vn 0.8678 -0.3056 0.3918
vn 0.9370 -0.2489 0.2450
vn 0.9377 -0.2485 0.2427
vn 0.9850 -0.1469 0.0901
vn 0.9849 -0.1469 0.0920
vn 0.9993 -0.0098 -0.0372
vn 0.9993 -0.0137 -0.0353
vn 0.9829 0.1312 -0.1292
vn 0.9839 0.1254 -0.1274
vn 0.9452 0.2707 -0.1824
vn 0.9468 0.2666 -0.1803
vn 0.8940 0.4000 -0.2019
vn 0.8947 0.3983 -0.2021
vn 0.8308 0.5231 -0.1901
vn 0.8308 0.5232 -0.1900
vn 0.7535 0.6416 -0.1433
vn 0.7528 0.6430 -0.1412
vn 0.6656 0.7440 -0.0588
vn 0.6637 0.7459 -0.0569
vn 0.5727 0.8178 0.0568
vn 0.5706 0.8190 0.0611
vn 0.4799 0.8538 0.2017
vn 0.4781 0.8544 0.2038
vn 0.3975 0.8446 0.3587
vn 0.3958 0.8446 0.3606
vn 0.3317 0.7909 0.5142
vn 0.3313 0.7901 0.5157
vn 0.2880 0.6955 0.6582
vn 0.2885 0.6963 0.6572
vn 0.2706 0.5665 0.7783
vn 0.2703 0.5679 0.7774
vn 0.2766 0.4140 0.8672
vn 0.2763 0.4173 0.8658
vn 0.3096 0.2506 0.9172
vn 0.3076 0.2547 0.9168
vn 0.3505 0.1097 0.9301
vn 0.3486 0.1136 0.9304
vn 0.3759 0.0313 0.9261
vn 0.5508 0.8233 0.1372
vn 0.7269 0.6681 0.1587
vn 0.6585 0.7526 0.0020
vn 0.7644 0.6350 0.1117
vn 0.7206 0.6893 -0.0744
vn 0.6981 0.4862 0.5256
vn 0.6509 0.7137 0.2588
vn 0.4670 0.8455 0.2590
vn 0.5836 0.7344 0.3466
vn 0.3865 0.8319 0.3982
vn 0.5254 0.7215 0.4509
vn 0.3216 0.7824 0.5334
vn 0.4723 0.6898 0.5487
vn 0.2782 0.7191 0.6368
vn 0.4586 0.6467 0.6095
vn 0.2469 0.6271 0.7388
vn 0.4310 0.5956 0.6779
vn 0.2331 0.4858 0.8424
vn 0.4450 0.4940 0.7469
vn 0.2526 0.3212 0.9127
vn 0.4546 0.3762 0.8073
vn 0.3058 0.1333 0.9427
vn 0.5172 0.2351 0.8229
vn 0.3980 -0.0569 0.9156
vn 0.5796 0.0842 0.8106
vn 0.6075 0.0333 0.7936
vn 0.4473 -0.1432 0.8829
vn 0.6974 -0.6464 -0.3095
vn 0.7039 -0.6373 -0.3137
vn 0.6592 -0.6961 -0.2844
vn 0.7272 -0.5979 -0.3372
vn 0.7285 -0.5954 -0.3388
vn 0.7466 -0.5565 -0.3645
vn 0.7469 -0.5587 -0.3607
vn 0.7535 -0.5318 -0.3866
vn 0.9214 -0.3686 -0.1235
vn 0.9214 -0.3685 -0.1235
vn 0.1294 0.8447 0.5194
vn 0.1293 0.8447 0.5194
vn -0.3335 0.3923 0.8572
vn -0.2075 0.2976 0.9319
vn -0.6039 0.1882 0.7745
vn -0.3784 0.5274 0.7607
vn -0.6905 0.1373 0.7101
vn -0.6293 0.1019 0.7705
vn -0.3804 0.6627 0.6451
vn -0.0000 0.7331 0.6801
vn -0.6035 0.4291 0.6721
vn -0.5961 0.3314 0.7314
vn -0.6213 0.4900 0.6115
vn -0.6313 0.5686 0.5274
vn -0.6528 0.2117 0.7273
vn -0.6167 0.3838 0.6873
vn -0.4354 0.7550 0.4903
vn -0.6245 0.5873 0.5149
vn -0.0000 0.8486 0.5291
vn -0.4569 0.7608 0.4608
vn -0.5939 0.6703 0.4449
vn -0.6353 0.6432 0.4275
vn -0.7285 0.5523 0.4054
vn -0.6840 0.5841 0.4370
vn -0.7976 0.4880 0.3547
vn -0.7746 0.5275 0.3490
vn -0.9042 0.3001 0.3040
vn -0.8970 0.3232 0.3016
vn -0.8966 0.3257 0.3002
vn -0.8899 0.3488 0.2939
vn -0.9146 0.2429 0.3232
vn -0.9155 0.2568 0.3097
vn -0.9194 0.2118 0.3313
vn -0.9174 0.1725 0.3587
vn -0.9035 0.2744 0.3293
vn -0.9102 0.2374 0.3393
vn -0.9196 0.1765 0.3510
vn -0.9148 0.2038 0.3487
vn -0.9042 0.1490 0.4002
vn -0.8934 0.1391 0.4271
vn -0.8901 0.1353 0.4352
vn -0.8471 0.1196 0.5177
vn -0.8734 0.1273 0.4700
vn -0.8150 0.1136 0.5682
vn -0.8170 0.1274 0.5623
vn -0.6980 0.1510 0.7000
vn -0.6620 0.1586 0.7325
vn -0.6610 -0.6944 0.2844
vn -0.7737 -0.6307 0.0607
vn -0.7705 -0.6333 0.0725
vn -0.7984 -0.6003 -0.0471
vn -0.6597 -0.6950 0.2858
vn -0.5879 -0.7231 0.3626
vn -0.5858 -0.7229 0.3664
vn -0.5192 -0.6975 0.4938
vn -0.5215 -0.7038 0.4823
vn -0.4957 -0.6602 0.5643
vn -0.4957 -0.6603 0.5642
vn -0.7980 -0.3451 -0.4941
vn -0.0353 -0.7135 -0.6998
vn -0.1177 -0.5178 -0.8474
vn 0.5293 -0.6116 0.5881
vn 0.5702 -0.2195 0.7916
vn 0.4354 -0.6864 0.5825
vn 0.4975 -0.0548 0.8657
vn -0.2566 -0.4976 0.8286
vn -0.2274 -0.5039 0.8333
vn -0.3884 -0.4669 0.7945
vn 0.4804 -0.0333 0.8764
vn 0.7236 -0.6902 -0.0039
vn -0.8469 0.4470 0.2882
vn -0.8195 0.4470 0.3587
vn -0.8194 0.4470 0.3588
vn -0.8389 0.4489 0.3077
vn 0.0058 0.3547 -0.9350
vn 0.0137 0.3761 -0.9265
vn 0.0118 0.3818 -0.9242
vn 0.0118 0.3704 -0.9288
vn 0.0118 0.3703 -0.9288
vn 0.0137 0.3996 -0.9166
vn 0.0471 0.4863 -0.8725
vn -0.0392 0.3254 -0.9448
vn -0.0018 0.3702 -0.9289
vn 0.0412 0.4120 -0.9103
vn 0.0607 0.4314 -0.9001
vn 0.0020 -0.9114 -0.4116
vn -0.0078 -0.9139 -0.4059
vn -0.0039 -0.9983 -0.0587
vn 0.0118 -0.5156 -0.8567
vn 0.0078 -0.6012 -0.7990
vn -0.0000 -0.4837 -0.8752
vn 0.0039 -1.0000 -0.0078
vn -0.0000 -1.0000 -0.0078
vn 0.0019 -1.0000 0.0019
vn -0.0078 -1.0000 -0.0040
vn -0.0000 -0.6513 0.7589
vn 0.0055 -0.2978 0.9546
vn -0.0667 -0.1529 0.9860
vn -0.1273 0.0314 0.9914
vn -0.1353 -0.0412 0.9900
vn -0.0392 0.0157 0.9991
vn -0.0078 -0.0137 0.9999
vn -0.3316 -0.4063 0.8515
vn -0.0607 -0.9969 -0.0509
vn -0.0372 -0.9973 -0.0627
vn -0.2804 -0.9588 0.0451
vn 0.2723 -0.4193 -0.8660
vn 0.4034 -0.5484 -0.7325
vn 0.6368 -0.3448 -0.6897
vn 0.6405 -0.4465 -0.6248
vn 0.6413 -0.4413 -0.6276
vn 0.6288 -0.5876 -0.5093
vn -0.5465 -0.2017 0.8128
vn -0.5941 -0.2431 0.7667
vn -0.5954 -0.2429 0.7658
vn -0.6783 -0.2961 0.6725
vn -0.6822 -0.2960 0.6685
vn -0.7789 -0.3198 0.5395
vn -0.7821 -0.3195 0.5351
vn -0.8667 -0.3059 0.3941
vn -0.8678 -0.3056 0.3918
vn -0.9370 -0.2490 0.2450
vn -0.9377 -0.2485 0.2427
vn -0.9850 -0.1469 0.0901
vn -0.9849 -0.1469 0.0920
vn -0.9993 -0.0098 -0.0372
vn -0.9993 -0.0137 -0.0353
vn -0.9829 0.1312 -0.1292
vn -0.9839 0.1254 -0.1274
vn -0.9452 0.2707 -0.1824
vn -0.9468 0.2666 -0.1803
vn -0.8940 0.4000 -0.2019
vn -0.8947 0.3983 -0.2021
vn -0.8308 0.5231 -0.1902
vn -0.8308 0.5231 -0.1901
vn -0.7536 0.6416 -0.1433
vn -0.7528 0.6430 -0.1412
vn -0.6656 0.7440 -0.0588
vn -0.6637 0.7459 -0.0569
vn -0.5727 0.8178 0.0569
vn -0.5706 0.8190 0.0611
vn -0.4798 0.8539 0.2017
vn -0.4781 0.8544 0.2038
vn -0.3975 0.8446 0.3587
vn -0.3959 0.8446 0.3606
vn -0.3317 0.7909 0.5143
vn -0.3312 0.7902 0.5157
vn -0.2880 0.6955 0.6583
vn -0.2886 0.6963 0.6572
vn -0.2704 0.5670 0.7781
vn -0.2703 0.5679 0.7774
vn -0.2767 0.4140 0.8672
vn -0.2763 0.4172 0.8658
vn -0.3096 0.2507 0.9172
vn -0.3076 0.2547 0.9168
vn -0.3505 0.1097 0.9301
vn -0.3486 0.1136 0.9304
vn -0.3759 0.0313 0.9261
vn -0.7644 0.6350 0.1117
vn -0.6585 0.7526 0.0020
vn -0.7206 0.6893 -0.0744
vn -0.7269 0.6681 0.1587
vn -0.5508 0.8233 0.1372
vn -0.6981 0.4863 0.5255
vn -0.6509 0.7137 0.2588
vn -0.4668 0.8456 0.2589
vn -0.5836 0.7344 0.3466
vn -0.3865 0.8319 0.3982
vn -0.5254 0.7215 0.4509
vn -0.3216 0.7824 0.5333
vn -0.4723 0.6898 0.5487
vn -0.2782 0.7191 0.6368
vn -0.4586 0.6467 0.6095
vn -0.2469 0.6271 0.7388
vn -0.4310 0.5956 0.6779
vn -0.2331 0.4858 0.8424
vn -0.4450 0.4940 0.7469
vn -0.2527 0.3212 0.9127
vn -0.4546 0.3762 0.8073
vn -0.3058 0.1333 0.9427
vn -0.5172 0.2351 0.8229
vn -0.3980 -0.0569 0.9156
vn -0.5796 0.0842 0.8106
vn -0.6075 0.0333 0.7936
vn -0.4473 -0.1432 0.8828
vn -0.7039 -0.6373 -0.3137
vn -0.6974 -0.6464 -0.3095
vn -0.6592 -0.6961 -0.2844
vn -0.7272 -0.5979 -0.3372
vn -0.7285 -0.5954 -0.3388
vn -0.7466 -0.5565 -0.3645
vn -0.7469 -0.5587 -0.3607
vn -0.7535 -0.5319 -0.3865
vn -0.9214 -0.3686 -0.1235
vn -0.9214 -0.3685 -0.1235
vn -0.1293 0.8447 0.5194
vn -0.1294 0.8447 0.5194
vn 0.6134 -0.0118 0.7897
vn 0.0529 -0.2957 0.9538
vn 0.5376 -0.0765 0.8397
vn 0.6315 0.0647 0.7727
vn 0.0940 -0.2859 0.9536
vn -0.0000 -0.3077 0.9515
vn 0.1451 0.6686 0.7294
vn 0.1529 0.6647 0.7313
vn -0.0000 0.7255 0.6882
vn 0.0020 -0.8995 0.4370
vn -0.0000 -0.8995 0.4370
vn -0.0000 -0.8994 0.4370
vn 0.6942 -0.4256 0.5805
vn 0.6942 -0.4255 0.5805
vn 0.8795 0.0002 0.4760
vn 0.8797 0.0001 0.4756
vn 0.8797 0.0001 0.4755
vn 0.8795 -0.0001 0.4759
vn 0.7011 0.4152 0.5797
vn -0.0000 0.8983 0.4393
vn 0.0020 0.8983 0.4393
vn 0.0020 0.8983 0.4394
vn -0.0176 -0.0000 0.9998
vn -0.0098 -0.0118 0.9999
vn -0.0000 -0.0137 0.9999
vn -0.0118 -0.0117 0.9999
vn 0.0118 -0.0000 0.9999
vn 0.0137 -0.0000 0.9999
vn -0.0059 0.0020 1.0000
vn -0.0098 0.0039 0.9999
vn -0.0000 0.0098 1.0000
vn -0.0079 1.0000 -0.0040
vn -0.0000 1.0000 -0.0039
vn -0.0078 1.0000 -0.0040
vn -0.8769 0.4698 -0.1018
vn -0.9999 -0.0000 -0.0117
vn -0.9999 -0.0000 -0.0118
vn -0.9999 0.0001 -0.0120
vn -0.8805 -0.4626 -0.1039
vn -0.0000 -1.0000 -0.0059
vn -0.0078 -1.0000 -0.0059
vn -0.0529 -0.2957 0.9538
vn -0.6134 -0.0118 0.7897
vn -0.5376 -0.0765 0.8397
vn -0.6315 0.0647 0.7727
vn -0.0940 -0.2859 0.9536
vn -0.1451 0.6686 0.7294
vn -0.1529 0.6647 0.7313
vn -0.0020 -0.8995 0.4370
vn -0.6942 -0.4256 0.5805
vn -0.8795 -0.0000 0.4759
vn -0.8795 0.0002 0.4760
vn -0.8795 -0.0000 0.4760
vn -0.8795 -0.0001 0.4759
vn -0.7011 0.4152 0.5797
vn -0.0020 0.8983 0.4393
vn -0.0019 0.8983 0.4394
vn 0.0176 -0.0000 0.9998
vn 0.0098 -0.0118 0.9999
vn 0.0118 -0.0118 0.9999
vn -0.0118 -0.0000 0.9999
vn -0.0137 -0.0000 0.9999
vn 0.0059 0.0020 1.0000
vn 0.0098 0.0039 0.9999
vn 0.0079 1.0000 -0.0040
vn 0.0078 1.0000 -0.0039
vn 0.8769 0.4698 -0.1017
vn 0.9999 -0.0000 -0.0118
vn 0.9999 -0.0000 -0.0117
vn 0.9999 0.0001 -0.0120
vn 0.8804 -0.4626 -0.1039
vn 0.0078 -1.0000 -0.0059
vn 0.3703 0.0647 0.9266
vn 0.3622 0.0117 0.9320
vn 0.3645 0.0294 0.9308
vn 0.3703 0.0646 0.9267
vn 0.3529 -0.0333 0.9351
vn -0.5141 0.5317 0.6730
vn -0.5141 0.5318 0.6730
vn -0.5470 -0.0098 0.8371
vn -0.5469 -0.0098 0.8371
vn 0.7780 -0.4625 0.4252
vn 0.7780 -0.4625 0.4253
vn 0.9712 0.1136 0.2095
vn -0.5834 0.0529 0.8105
vn 0.1098 0.9350 0.3372
vn 0.1098 0.9350 0.3371
vn -0.3622 0.0157 -0.9320
vn -0.3588 -0.0137 -0.9333
vn -0.3564 -0.0235 -0.9340
vn -0.3525 -0.0548 -0.9342
vn -0.5229 0.8030 -0.2859
vn 0.0391 0.6030 -0.7968
vn -0.6151 0.6797 -0.3996
vn -0.8058 0.4921 0.3294
vn -0.9027 0.3642 0.2291
vn -0.3235 0.7665 0.5548
vn -0.1351 0.9848 0.1096
vn 0.1176 0.7272 -0.6763
vn 0.3291 0.9325 -0.1489
vn 0.7704 0.6273 -0.1137
vn 0.7405 0.3037 -0.5995
vn 0.6740 0.1704 -0.7188
vn 0.9315 0.2706 0.2432
vn 0.9716 -0.2096 -0.1097
vn 0.9102 -0.3511 -0.2197
vn 0.6217 -0.6687 0.4079
vn 0.6894 -0.5190 0.5053
vn 0.7345 0.0352 0.6777
vn -0.0314 -0.5906 0.8064
vn 0.0451 -0.4428 0.8955
vn 0.2801 0.1098 0.9537
vn -0.1705 0.3938 0.9032
vn -0.5739 -0.0196 0.8187
vn -0.6661 -0.1587 0.7288
vn 0.2820 0.9088 -0.3075
vn 0.7896 0.5546 -0.2626
vn 0.9788 0.1409 0.1487
vn 0.9788 0.1409 0.1488
vn -0.2545 0.9671 -0.0020
vn 0.7470 -0.1255 0.6529
vn -0.2545 0.9671 -0.0039
vn 0.7488 -0.1255 0.6508
vn -0.4767 0.7160 0.5100
vn 0.2233 -0.0451 0.9737
vn -0.2961 0.2844 0.9118
vn -0.2977 0.2860 0.9108
vn 0.2623 0.0588 0.9632
vn 0.4208 0.7184 0.5539
vn -0.2115 0.3603 0.9086
vn -0.3724 0.7527 0.5429
vn 0.7404 -0.0157 0.6720
vn -0.1725 0.9823 0.0725
vn 0.9497 0.2291 0.2135
vn 0.3157 0.9275 -0.2000
vn 0.7786 0.6061 -0.1628
vn -0.6071 -0.7931 -0.0490
vn -0.6548 -0.4215 0.6274
vn -0.0725 -0.9954 -0.0627
vn -0.0000 -0.8618 0.5073
vn -0.0000 -0.7898 -0.6134
vn -0.0568 -0.2939 0.9542
vn -0.6544 -0.3390 -0.6759
vn -0.0568 -0.1724 -0.9834
vn -0.0568 0.2939 -0.9542
vn -0.6533 0.3394 0.6768
vn -0.0568 0.1724 0.9834
vn -0.0000 0.7898 0.6134
vn -0.6071 0.7931 0.0490
vn -0.0725 0.9954 0.0627
vn -0.6548 0.4215 -0.6274
vn -0.0000 0.8618 -0.5073
vn 0.5697 -0.8203 -0.0509
vn 0.5705 -0.6937 0.4397
vn 0.5701 -0.3028 0.7637
vn 0.5698 -0.6324 -0.5248
vn 0.5703 0.2037 0.7957
vn 0.5681 -0.2038 -0.7973
vn 0.5704 0.6324 0.5241
vn 0.5688 0.3021 -0.7650
vn 0.5706 0.8196 0.0521
vn 0.5700 0.6934 -0.4407
vn 0.5660 -0.0548 0.8226
vn 1.0000 -0.0000 -0.0098
vn 1.0000 -0.0000 0.0098
vn 0.5798 0.0549 -0.8129
vn 0.5900 0.0549 -0.8056
vn 0.5705 -0.0549 0.8195
vn -0.5696 -0.0548 0.8201
vn -0.5647 -0.0549 0.8235
vn -1.0000 -0.0000 0.0098
vn -1.0000 -0.0000 -0.0098
vn -0.5922 0.0549 -0.8039
vn -0.5798 0.0548 -0.8129
vn 0.5900 0.0548 -0.8056
vn 0.1292 -0.9887 0.0764
vn 0.1841 -0.9828 -0.0157
vn 0.1862 -0.9823 -0.0216
vn 0.1451 -0.9669 -0.2099
vn 0.1234 -0.9674 -0.2213
vn -0.0000 -0.9963 0.0861
vn -0.1292 -0.9887 0.0763
vn -0.1862 -0.9823 -0.0216
vn -0.1840 -0.9828 -0.0157
vn -0.1234 -0.9674 -0.2213
vn -0.1451 -0.9669 -0.2099
vn 0.1233 -0.9674 -0.2213
vn 0.5801 -0.7781 -0.2411
vn -0.6152 -0.7777 -0.1293
vn -0.5801 -0.7781 -0.2410
vn 0.6151 -0.7777 -0.1293
vn 0.3333 -0.2745 -0.9020
vn -0.9942 -0.0059 -0.1078
vn -0.3351 -0.2743 -0.9014
vn -0.9695 0.0059 -0.2449
vn -0.4425 0.1664 -0.8812
vn -0.0000 0.4251 -0.9051
vn -0.5921 0.7863 -0.1764
vn -0.6189 0.7854 -0.0098
vn 0.5921 0.7863 -0.1765
vn 0.6189 0.7854 -0.0098
vn 0.9939 -0.0059 -0.1098
vn 0.9691 0.0059 -0.2467
vn 0.4410 0.1666 -0.8819
vn 0.5801 -0.7780 -0.2411
vn 0.6152 -0.7777 -0.1293
vn 0.9981 -0.0431 -0.0451
vn -0.0000 0.0294 0.9996
vn -0.0000 0.2587 0.9660
vn 0.9983 -0.0157 0.0567
vn -0.9981 -0.0176 0.0587
vn 0.4880 -0.3214 -0.8115
vn 0.5351 -0.0804 -0.8409
vn 0.4902 -0.6588 -0.5706
vn 0.9954 -0.0666 -0.0686
vn 0.4922 -0.7922 -0.3608
vn 0.9971 -0.0607 -0.0450
vn -0.0000 0.7424 0.6699
vn -0.0000 0.9386 0.3449
vn -0.9981 -0.0431 -0.0431
vn -0.9955 -0.0666 -0.0666
vn -0.9972 -0.0607 -0.0431
vn -0.4880 -0.3214 -0.8115
vn -0.5352 -0.0804 -0.8409
vn 0.4881 -0.3214 -0.8115
vn -0.4902 -0.6589 -0.5706
vn -0.4922 -0.7922 -0.3608
vn 0.4902 -0.6589 -0.5706
vn 0.6682 0.6133 0.4213
vn 0.9368 0.3410 0.0784
vn 0.6706 0.6118 0.4196
vn 0.9348 0.3449 0.0843
vn -0.0000 0.7786 0.6275
vn 0.9665 0.2549 -0.0294
vn -0.0000 0.7786 0.6276
vn 0.9681 0.2332 -0.0921
vn -0.6706 0.6118 0.4196
vn 0.9665 0.1882 -0.1745
vn -0.6670 0.6141 0.4218
vn 0.9242 0.1645 -0.3446
vn -0.9366 0.3410 0.0803
vn 0.9252 0.1666 -0.3410
vn -0.9348 0.3449 0.0843
vn 0.6448 0.1215 -0.7546
vn -0.9681 0.2332 -0.0921
vn 0.6510 0.1235 -0.7490
vn -0.9665 0.2549 -0.0294
vn -0.0000 0.1136 -0.9935
vn -0.0000 0.1137 -0.9935
vn -0.9665 0.1882 -0.1745
vn -0.9248 0.1646 -0.3429
vn -0.9255 0.1645 -0.3411
vn -0.6448 0.1215 -0.7546
vn -0.6522 0.1214 -0.7482
vn 0.8392 -0.5392 0.0706
vn 0.6962 -0.6217 0.3589
vn 0.6523 -0.7541 0.0764
vn 0.8706 -0.4000 0.2863
vn 0.7589 -0.6197 -0.2000
vn 0.8726 -0.2255 0.4333
vn 0.5847 -0.7867 -0.1981
vn 0.5897 -0.6250 -0.5114
vn 0.8053 -0.3919 0.4448
vn 0.7452 0.0530 0.6648
vn 0.7686 0.0235 0.6392
vn -0.0000 0.4052 0.9142
vn -0.7452 0.0529 0.6648
vn -0.7677 0.0235 0.6404
vn -0.8053 -0.3919 0.4448
vn -0.8718 -0.2253 0.4350
vn -0.6962 -0.6217 0.3589
vn -0.8706 -0.4000 0.2863
vn -0.8392 -0.5392 0.0706
vn -0.0000 -0.8937 0.4488
vn -0.0000 -0.7598 0.6501
vn -0.0000 -0.9965 0.0842
vn -0.6522 -0.7540 0.0783
vn -0.7589 -0.6197 -0.2000
vn -0.0000 -0.9829 -0.1841
vn -0.5846 -0.7867 -0.1981
vn -0.5905 -0.6238 -0.5120
vn -0.0000 -0.8948 -0.4464
vn -0.4526 -0.7386 -0.4996
vn -0.0000 -0.5899 -0.8074
vn 0.4526 -0.7386 -0.4996
vn -0.0000 0.9209 -0.3899
vn -0.0000 0.9847 -0.1742
vn -0.0000 0.9972 -0.0745
vn -0.0000 0.9889 -0.1487
vn -0.0000 0.8213 -0.5704
vn -0.0001 0.7880 -0.6156
vn 0.8345 -0.0235 0.5505
vn -0.0000 -0.3015 0.9535
vn 0.8770 -0.1919 0.4405
vn -0.0000 -0.6564 0.7544
vn -0.0000 -0.2116 0.9774
vn 0.8851 -0.3192 0.3388
vn -0.0000 0.1685 0.9857
vn 0.9211 -0.2724 0.2783
vn -0.0000 0.1783 0.9840
vn 0.9771 -0.1625 0.1371
vn 0.7487 0.0764 0.6585
vn 0.9590 -0.1275 0.2530
vn 0.9565 -0.0568 0.2862
vn 0.9556 -0.0627 0.2879
vn -0.0001 -0.1882 -0.9821
vn -0.0000 -0.1666 -0.9860
vn -0.0001 -0.0941 -0.9956
vn -0.0274 -0.2332 -0.9720
vn 0.0001 -0.1056 -0.9944
vn -0.0000 -0.1057 -0.9944
vn 0.0274 -0.2332 -0.9720
vn -0.0000 -0.5552 -0.8317
vn -0.1844 -0.4845 -0.8552
vn 0.1844 -0.4846 -0.8551
vn -0.8345 -0.0235 0.5505
vn -0.8766 -0.1922 0.4412
vn -0.8847 -0.3197 0.3393
vn -0.9211 -0.2724 0.2783
vn -0.0000 0.1784 0.9840
vn -0.9771 -0.1625 0.1371
vn -0.7468 0.0764 0.6606
vn -0.9586 -0.1274 0.2548
vn -0.9560 -0.0568 0.2879
vn -0.9549 -0.0628 0.2902
vn -0.0000 0.8889 -0.4582
vn -0.0000 0.8890 -0.4580
vn -0.0000 0.8889 -0.4580
vn 0.9551 -0.0020 -0.2961
vn 0.9791 0.0979 -0.1782
vn 1.0000 0.0079 -0.0000
vn 0.4645 0.2782 -0.8408
vn 0.5546 0.1568 -0.8172
vn 0.5189 -0.2036 -0.8302
vn 0.9908 0.1234 -0.0548
vn 0.5334 -0.4177 -0.7355
vn 0.9908 0.1351 -0.0000
vn 0.9209 -0.1959 -0.3370
vn 0.5053 -0.6208 -0.5993
vn 0.9909 0.1233 0.0548
vn 0.9435 -0.2877 -0.1644
vn 0.4958 -0.8349 -0.2391
vn 0.5171 -0.8559 -0.0000
vn 0.9791 0.0979 0.1782
vn 0.9209 -0.3899 -0.0000
vn 0.4956 -0.8345 0.2409
vn 0.4627 0.2803 0.8410
vn 0.5546 0.1568 0.8172
vn 0.9435 -0.2877 0.1644
vn 0.5039 -0.6215 0.5999
vn 0.5335 -0.4177 0.7355
vn 0.9546 -0.0020 0.2980
vn 0.5175 -0.2038 0.8311
vn 0.9209 -0.1959 0.3370
vn -1.0000 -0.0001 -0.0001
vn 0.3078 -0.0294 0.9510
vn 0.3059 -0.2235 0.9255
vn 0.3077 -0.0451 0.9504
vn 0.3056 0.0098 0.9521
vn -0.7985 0.5336 -0.2786
vn -0.7760 0.3664 -0.5134
vn -0.8290 0.4292 -0.3586
vn -0.7302 0.6832 -0.0000
vn -0.7985 0.5336 0.2786
vn -0.8290 0.4292 0.3586
vn -0.7760 0.3664 0.5134
vn 0.3078 -0.0313 -0.9509
vn 0.3057 -0.2254 -0.9251
vn 0.3058 -0.2254 -0.9250
vn 0.3077 -0.0451 -0.9504
vn 0.3074 0.0098 -0.9515
vn 0.7397 -0.6318 0.2315
vn 0.7679 -0.6406 -0.0000
vn 0.7229 -0.5858 0.3663
vn 0.6864 -0.5825 0.4354
vn 0.7397 -0.6318 -0.2315
vn 0.7229 -0.5858 -0.3664
vn 0.6874 -0.5817 -0.4348
vn 0.6875 -0.5817 -0.4348
vn 1.0000 -0.0038 0.0001
vn 1.0000 -0.0039 -0.0000
vn 1.0000 -0.0020 0.0020
vn 1.0000 -0.0020 -0.0020
vn -1.0000 0.0039 0.0001
vn -0.9999 0.0020 -0.0098
vn -1.0000 0.0039 -0.0000
vn -1.0000 0.0039 -0.0001
vn -1.0000 0.0020 0.0098
vn -0.0000 0.5059 -0.8626
vn -0.0000 0.0079 -1.0000
vn -0.0000 0.8684 -0.4959
vn -0.0000 -0.4920 -0.8706
vn -0.0000 1.0000 0.0078
vn -0.0000 -0.4921 -0.8705
vn -0.0000 -0.8640 -0.5035
vn -0.0000 -0.8640 -0.5036
vn -0.0000 -0.8684 0.4959
vn -0.0000 -0.5059 0.8626
vn -0.0000 -0.0079 1.0000
vn -0.0000 0.4921 0.8706
vn -0.0000 0.4921 0.8705
vn -0.0000 0.8640 0.5036
vn 0.9999 -0.0078 0.0078
vn 0.9867 -0.0000 -0.1625
vn 0.9999 -0.0001 0.0119
vn 0.9844 -0.1235 -0.1255
vn 0.9844 0.1255 -0.1235
vn 0.9999 0.0078 0.0078
vn 0.9999 -0.0119 -0.0000
vn 0.9867 -0.1625 -0.0000
vn 0.9867 0.1625 -0.0000
vn 0.9999 0.0119 -0.0000
vn 0.9999 -0.0078 -0.0078
vn 0.9844 -0.1255 0.1236
vn 0.9844 0.1235 0.1255
vn 0.9999 0.0078 -0.0078
vn 0.9999 0.0001 -0.0119
vn 0.9867 -0.0000 0.1625
vn -0.0000 0.4274 -0.9041
vn -0.0000 0.4275 -0.9040
vn -0.0000 -0.4132 -0.9106
vn -0.0000 -0.4133 -0.9106
vn -0.0000 -0.4135 -0.9105
vn -0.0000 -0.9059 -0.4236
vn -0.0000 -0.9058 -0.4237
vn -0.0000 -0.9058 -0.4238
vn -0.0000 -0.9088 0.4172
vn -0.0000 -0.9087 0.4173
vn -0.0000 -0.9088 0.4173
vn -0.0000 -0.4274 0.9041
vn -0.0000 -0.4275 0.9040
vn -0.0000 -0.4278 0.9039
vn -0.0000 0.4133 0.9106
vn -0.0000 0.4134 0.9106
vn -0.0000 0.4132 0.9106
vn -0.0000 0.9059 0.4236
vn -0.0000 0.9058 0.4237
vn -0.0000 0.9088 -0.4172
vn -0.0000 0.9087 -0.4173
vn -0.0000 0.9088 -0.4173
vn 0.9844 0.1255 -0.1236
vn -0.0000 -0.7042 -0.7100
vn -0.0000 0.7101 -0.7041
vn -0.0000 1.0000 0.0079
vn 0.9844 0.1236 0.1255
vn -0.0000 0.7042 0.7100
vn -0.0000 -0.7101 0.7041
vn 0.9844 -0.1255 0.1235
vn -0.0000 0.7042 0.7101
vn -0.0000 0.7100 -0.7042
vn -0.0000 -0.7100 0.7042
vn -0.0000 0.7041 0.7101
vn -0.9999 -0.0099 0.0096
vn -0.9999 -0.0000 0.0137
vn -0.9999 0.0059 0.0118
vn -0.9999 -0.0060 0.0118
vn -0.9999 0.0097 0.0099
vn -0.9999 -0.0118 0.0059
vn -0.9999 0.0117 0.0058
vn -0.9999 -0.0137 -0.0000
vn -0.9999 0.0136 -0.0000
vn -0.9999 0.0137 -0.0000
vn -0.9999 -0.0097 -0.0099
vn -0.9999 0.0118 -0.0059
vn -0.9999 -0.0118 -0.0059
vn -0.9999 0.0099 -0.0096
vn -0.9999 -0.0059 -0.0118
vn -0.9999 0.0060 -0.0118
vn -0.9999 -0.0000 -0.0137
vn -0.0000 0.5060 -0.8625
vn -0.0000 0.8683 -0.4960
vn -0.0000 -0.8683 0.4960
vn -0.0000 -0.5060 0.8625
vn -0.0000 0.4920 0.8706
vn -0.9867 -0.0000 -0.1625
vn -0.9999 -0.0078 0.0078
vn -0.9999 -0.0001 0.0119
vn -0.9844 -0.1235 -0.1255
vn -0.9844 0.1255 -0.1235
vn -0.9999 0.0078 0.0078
vn -0.9999 -0.0119 -0.0000
vn -0.9867 -0.1625 -0.0000
vn -0.9867 0.1625 -0.0000
vn -0.9999 0.0119 -0.0000
vn -0.9999 -0.0078 -0.0078
vn -0.9844 -0.1255 0.1235
vn -0.9844 0.1235 0.1255
vn -0.9999 0.0078 -0.0078
vn -0.9999 0.0001 -0.0119
vn -0.9867 -0.0000 0.1625
vn -0.0000 0.4277 -0.9039
vn -0.0000 -0.7041 -0.7101
vn -0.9844 0.1236 0.1255
vn 0.9999 -0.0000 0.0137
vn 0.9999 -0.0099 0.0096
vn 0.9999 0.0059 0.0118
vn 0.9999 -0.0060 0.0118
vn 0.9999 0.0097 0.0099
vn 0.9999 -0.0118 0.0059
vn 0.9999 0.0118 0.0059
vn 0.9999 -0.0137 -0.0000
vn 0.9999 0.0136 -0.0000
vn 0.9999 0.0137 -0.0000
vn 0.9999 -0.0097 -0.0099
vn 0.9999 0.0118 -0.0059
vn 0.9999 -0.0118 -0.0059
vn 0.9999 0.0099 -0.0096
vn 0.9999 -0.0059 -0.0118
vn 0.9999 0.0060 -0.0118
vn 0.9999 -0.0000 -0.0137
vn 0.9516 -0.0074 0.3074
vn 0.9635 -0.0764 -0.2565
vn 0.9634 -0.0783 0.2565
vn -0.0000 -0.0157 0.9999
vn 0.9527 -0.0039 -0.3038
vn -0.0000 -0.0587 0.9983
vn -0.0000 -0.0157 -0.9999
vn -0.0000 -0.0568 -0.9984
vn 0.8732 -0.4445 0.1997
vn -0.0000 -0.4936 0.8697
vn 0.8740 -0.4429 -0.1999
vn -0.0000 -0.4898 -0.8718
vn -0.9635 -0.0764 -0.2565
vn -0.9516 -0.0039 0.3074
vn -0.9634 -0.0783 0.2565
vn -0.9527 -0.0039 -0.3038
vn -0.8732 -0.4445 0.1997
vn -0.8740 -0.4429 -0.1999
vn 0.9518 0.2688 -0.1479
vn 0.9639 -0.1822 0.1940
vn 0.9636 0.2605 -0.0607
vn -0.0000 0.8740 -0.4860
vn 0.9526 -0.2607 0.1568
vn -0.0000 0.8936 -0.4488
vn -0.0000 -0.8568 0.5156
vn -0.0000 -0.8348 0.5506
vn 0.8935 0.3644 0.2625
vn -0.0000 0.9994 -0.0333
vn 0.8909 0.0411 0.4523
vn -0.9639 -0.1822 0.1940
vn -0.9518 0.2683 -0.1488
vn -0.9636 0.2605 -0.0607
vn -0.9526 -0.2607 0.1568
vn -0.8935 0.3644 0.2625
vn -0.8909 0.0411 0.4523
vn 0.9521 -0.2617 -0.1581
vn 0.9635 0.2604 0.0626
vn 0.9639 -0.1822 -0.1939
vn -0.0000 -0.8582 -0.5133
vn 0.9525 0.2666 0.1470
vn -0.0000 -0.8348 -0.5506
vn -0.0000 0.8753 0.4837
vn -0.0000 0.8936 0.4488
vn 0.8857 0.0411 -0.4624
vn -0.0000 -0.5035 -0.8640
vn 0.8951 0.3604 -0.2625
vn -0.0000 0.9987 0.0509
vn -0.9635 0.2604 0.0627
vn -0.9521 -0.2625 -0.1567
vn -0.9639 -0.1822 -0.1939
vn -0.9525 0.2666 0.1470
vn -0.8857 0.0411 -0.4624
vn -0.8951 0.3604 -0.2625
vn 0.3663 0.9305 -0.0000
vn -0.0000 0.9665 -0.2568
vn -0.0000 1.0000 -0.0000
vn 0.3664 0.8991 -0.2395
vn -0.0000 0.8670 -0.4982
vn 0.8386 0.5447 -0.0000
vn 0.3667 0.8064 -0.4640
vn -0.0000 0.7081 -0.7061
vn 0.8213 0.5526 -0.1416
vn 0.9999 -0.0137 0.0039
vn 0.9995 0.0314 -0.0000
vn 0.2370 -0.9715 -0.0000
vn 0.8196 0.4941 -0.2902
vn 0.2373 -0.8980 0.3705
vn -0.0000 -1.0000 -0.0000
vn -0.0000 -0.9242 0.3818
vn 0.9995 0.0215 -0.0235
vn 0.2368 -0.6870 0.6870
vn 0.8350 0.3901 -0.3881
vn 0.2373 -0.3706 0.8980
vn -0.0000 -0.3818 0.9242
vn 0.9999 -0.0059 0.0157
vn 0.2370 -0.0000 0.9715
vn 0.9994 -0.0000 -0.0333
vn 0.2373 0.3706 0.8980
vn -0.0000 0.3818 0.9242
vn 0.9998 0.0059 0.0176
vn 0.2368 0.6870 0.6870
vn -0.0000 0.7071 0.7071
vn 0.9994 -0.0235 -0.0235
vn 0.2373 0.8980 0.3706
vn -0.0000 0.9242 0.3818
vn 0.9998 0.0176 0.0078
vn 0.2370 0.9715 -0.0000
vn 0.9994 -0.0353 -0.0000
vn 0.2373 0.8980 -0.3706
vn -0.0000 0.9242 -0.3818
vn 0.9998 0.0177 -0.0078
vn 0.2368 0.6870 -0.6870
vn -0.0000 0.7071 -0.7071
vn 0.9994 -0.0235 0.0235
vn 0.2373 0.3706 -0.8980
vn -0.0000 0.3818 -0.9242
vn 0.9999 0.0059 -0.0157
vn 0.2370 -0.0000 -0.9715
vn -0.0000 -0.0000 -1.0000
vn 0.9994 -0.0000 0.0333
vn 0.2373 -0.3706 -0.8980
vn -0.0000 -0.3818 -0.9242
vn 0.9999 -0.0059 -0.0137
vn 0.2368 -0.6870 -0.6870
vn -0.0000 -0.7071 -0.7071
vn 0.9995 0.0215 0.0215
vn 0.2373 -0.8980 -0.3706
vn 0.9995 0.0313 -0.0000
vn 0.9999 -0.0137 -0.0039
vn 0.8222 0.5514 0.1413
vn 0.8375 0.3864 0.3864
vn 0.3668 0.8984 0.2413
vn -0.0000 0.9660 0.2586
vn 0.8218 0.4903 0.2903
vn 0.3664 0.8052 0.4663
vn -0.0000 0.8653 0.5012
vn 0.3667 0.6569 0.6588
vn -0.0000 0.7061 0.7081
vn 0.8210 0.2900 0.4918
vn 0.3667 0.4647 0.8059
vn -0.0000 0.4983 0.8670
vn 0.3664 0.2390 0.8992
vn -0.0000 0.2568 0.9665
vn 0.8182 0.1413 0.5573
vn 0.8332 -0.0000 0.5529
vn 0.3663 -0.0000 0.9305
vn 0.8171 -0.1430 0.5585
vn 0.3668 -0.2413 0.8985
vn -0.0000 -0.2586 0.9660
vn -0.0000 -0.5012 0.8653
vn 0.8138 -0.2961 0.5001
vn 0.3663 -0.4663 0.8052
vn -0.0000 -0.7081 0.7061
vn 0.8287 -0.3957 0.3957
vn 0.3667 -0.6588 0.6569
vn -0.0000 -0.8670 0.4982
vn 0.8130 -0.5015 0.2958
vn 0.3667 -0.8059 0.4647
vn -0.0000 -0.9665 0.2568
vn 0.8104 -0.5677 0.1449
vn 0.3664 -0.8992 0.2390
vn 0.8254 -0.5646 -0.0000
vn 0.3663 -0.9305 -0.0000
vn -0.0000 -0.9660 -0.2586
vn 0.8097 -0.5686 -0.1451
vn 0.3668 -0.8984 -0.2413
vn -0.0000 -0.8653 -0.5012
vn 0.8111 -0.5035 -0.2978
vn 0.3664 -0.8052 -0.4663
vn -0.0000 -0.7061 -0.7081
vn 0.8268 -0.3977 -0.3977
vn 0.3667 -0.6569 -0.6588
vn -0.0000 -0.4983 -0.8670
vn 0.8115 -0.2960 -0.5038
vn 0.3667 -0.4647 -0.8059
vn -0.0000 -0.2568 -0.9665
vn 0.8147 -0.1429 -0.5620
vn 0.3663 -0.2390 -0.8993
vn 0.8308 -0.0000 -0.5565
vn 0.3663 -0.0000 -0.9305
vn 0.8153 0.1450 -0.5605
vn 0.3668 0.2413 -0.8985
vn -0.0000 0.2586 -0.9660
vn 0.8191 0.2920 -0.4938
vn 0.3664 0.4663 -0.8052
vn -0.0000 0.5012 -0.8653
vn 0.3667 0.6588 -0.6569
vn -0.3663 0.9305 -0.0000
vn -0.3664 0.8992 -0.2390
vn -0.8386 0.5447 -0.0000
vn -0.3667 0.8059 -0.4647
vn -0.8213 0.5527 -0.1411
vn -0.9999 -0.0137 0.0039
vn -0.9995 0.0314 -0.0000
vn -0.2370 -0.9715 -0.0000
vn -0.8196 0.4941 -0.2902
vn -0.2373 -0.8980 0.3706
vn -0.9995 0.0215 -0.0235
vn -0.2368 -0.6870 0.6870
vn -0.8350 0.3901 -0.3881
vn -0.2373 -0.3706 0.8980
vn -0.9999 -0.0059 0.0157
vn -0.2370 -0.0000 0.9715
vn -0.9994 -0.0000 -0.0333
vn -0.2373 0.3706 0.8980
vn -0.9998 0.0059 0.0176
vn -0.2368 0.6870 0.6870
vn -0.9994 -0.0235 -0.0235
vn -0.2373 0.8980 0.3706
vn -0.9998 0.0176 0.0078
vn -0.2370 0.9715 -0.0000
vn -0.9994 -0.0353 -0.0000
vn -0.2373 0.8980 -0.3706
vn -0.9998 0.0177 -0.0078
vn -0.2368 0.6870 -0.6870
vn -0.9994 -0.0235 0.0235
vn -0.2373 0.3706 -0.8980
vn -0.9999 0.0059 -0.0157
vn -0.2370 -0.0000 -0.9715
vn -0.9994 -0.0000 0.0333
vn -0.2373 -0.3706 -0.8980
vn -0.9999 -0.0059 -0.0137
vn -0.2368 -0.6870 -0.6870
vn -0.9995 0.0215 0.0215
vn -0.2373 -0.8980 -0.3706
vn -0.9995 0.0313 -0.0000
vn -0.9999 -0.0137 -0.0039
vn -0.8222 0.5514 0.1413
vn -0.8375 0.3864 0.3864
vn -0.3668 0.8984 0.2413
vn -0.8218 0.4903 0.2903
vn -0.3664 0.8052 0.4663
vn -0.3667 0.6569 0.6588
vn -0.8210 0.2900 0.4918
vn -0.3667 0.4647 0.8060
vn -0.3664 0.2390 0.8992
vn -0.8182 0.1413 0.5573
vn -0.8332 -0.0000 0.5529
vn -0.3663 -0.0000 0.9305
vn -0.8171 -0.1430 0.5585
vn -0.3668 -0.2413 0.8985
vn -0.8138 -0.2961 0.5001
vn -0.3663 -0.4664 0.8051
vn -0.8287 -0.3957 0.3957
vn -0.3666 -0.6588 0.6569
vn -0.8130 -0.5015 0.2958
vn -0.3667 -0.8064 0.4640
vn -0.8104 -0.5677 0.1449
vn -0.3664 -0.8991 0.2395
vn -0.8254 -0.5646 -0.0000
vn -0.3663 -0.9305 -0.0000
vn -0.8097 -0.5686 -0.1451
vn -0.3668 -0.8982 -0.2421
vn -0.8111 -0.5035 -0.2978
vn -0.3664 -0.8051 -0.4664
vn -0.8268 -0.3977 -0.3977
vn -0.3667 -0.6569 -0.6588
vn -0.8115 -0.2960 -0.5038
vn -0.3667 -0.4640 -0.8064
vn -0.8147 -0.1430 -0.5620
vn -0.3663 -0.2395 -0.8991
vn -0.8308 -0.0000 -0.5565
vn -0.3663 -0.0000 -0.9305
vn -0.8153 0.1450 -0.5605
vn -0.3668 0.2413 -0.8985
vn -0.8191 0.2920 -0.4938
vn -0.3664 0.4663 -0.8052
vn -0.3667 0.6588 -0.6569
vn 1.0000 -0.0059 0.0001
vn 1.0000 -0.0001 0.0002
vn 1.0000 0.0059 -0.0000
vn -1.0000 -0.0059 -0.0000
vn -1.0000 -0.0058 0.0001
vn -1.0000 0.0059 -0.0001
vn -0.0000 -0.9997 -0.0235
vn -0.0000 0.9977 0.0685
vn -0.0000 0.9976 0.0686
vn 0.0039 0.9994 0.0352
vn 0.0137 0.9993 0.0353
vn 0.0039 0.9994 0.0353
vn -0.0059 0.9994 0.0353
vn -0.0039 -0.9994 -0.0353
vn -0.0000 -0.9994 -0.0353
vn -0.0000 -0.9994 -0.0352
vn -0.0059 -0.9994 -0.0353
vn 0.9979 0.0608 0.0234
vn 0.9979 0.0608 0.0235
vn -0.9978 -0.0627 0.0196
vn -0.9978 -0.0628 0.0196
vn 0.7133 -0.6977 -0.0666
vn 0.7111 -0.7013 -0.0490
vn -0.0000 -0.9979 -0.0647
vn 0.6335 -0.6512 0.4178
vn 0.9996 -0.0000 -0.0294
vn 0.8880 -0.4587 -0.0314
vn 0.4645 -0.8840 -0.0529
vn 0.8884 0.4589 0.0157
vn -0.0000 -0.9966 -0.0822
vn -0.0000 -0.9982 -0.0607
vn -0.7134 -0.6977 -0.0647
vn -0.4645 -0.8840 -0.0529
vn -0.8880 -0.4587 -0.0314
vn -0.9996 -0.0000 -0.0294
vn -0.7112 -0.7014 -0.0470
vn -0.7129 0.7012 0.0059
vn -0.8884 0.4589 0.0157
vn -0.4648 0.8845 0.0392
vn -0.0000 0.9991 0.0431
vn -0.0000 0.9997 0.0235
vn -0.6940 0.7195 0.0255
vn -0.0000 0.9992 0.0392
vn -0.0000 0.7706 0.6373
vn -0.0000 0.1175 0.9931
vn -0.0706 0.1196 0.9903
vn -0.6250 0.6171 0.4780
vn -0.1647 0.0118 0.9863
vn -0.1626 -0.0509 0.9854
vn -0.8113 -0.0294 0.5840
vn -0.1646 -0.1156 0.9796
vn -0.6336 -0.6512 0.4178
vn -0.0706 -0.2234 0.9722
vn -0.0000 -0.2213 0.9752
vn -0.0000 -0.8471 0.5314
vn 0.0706 -0.2234 0.9722
vn 0.1646 -0.1156 0.9796
vn 0.1626 -0.0509 0.9854
vn 0.8112 -0.0294 0.5840
vn 0.1647 0.0118 0.9863
vn 0.6257 0.6159 0.4786
vn 0.0706 0.1196 0.9903
vn 0.6940 0.7195 0.0255
vn 0.7129 0.7012 0.0059
vn 0.4648 0.8845 0.0392
vn -0.6249 0.0411 -0.7796
vn -0.0000 0.0509 -0.9987
vn -0.5373 -0.2685 -0.7995
vn -0.3116 -0.4978 -0.8094
vn -0.5373 0.3511 -0.7669
vn -0.0000 -0.5782 -0.8159
vn -0.3116 0.5801 -0.7525
vn 0.3116 -0.4977 -0.8094
vn -0.0000 0.6608 -0.7505
vn 0.5373 -0.2685 -0.7995
vn 0.3116 0.5801 -0.7526
vn 0.6248 0.0411 -0.7797
vn 0.5373 0.3511 -0.7669
vn 0.2820 -0.3251 0.9027
vn 0.4624 -0.0451 0.8855
vn 0.4095 -0.0470 0.9111
vn 0.4314 -0.2569 0.8648
vn 0.4309 0.1645 0.8873
vn 0.2176 -0.4783 0.8508
vn -0.0000 -0.5096 0.8604
vn 0.2820 0.2272 0.9321
vn 0.2177 0.3864 0.8963
vn -0.0000 0.4156 0.9096
vn -0.0000 -0.0509 0.9987
vn -0.0000 -0.4582 0.8889
vn -0.2820 -0.3250 0.9027
vn -0.2176 -0.4783 0.8508
vn -0.4314 -0.2569 0.8648
vn -0.4095 -0.0470 0.9111
vn -0.4624 -0.0451 0.8855
vn -0.4309 0.1645 0.8873
vn -0.2820 0.2272 0.9321
vn -0.2177 0.3864 0.8963
vn -0.0000 0.3605 0.9327
vn 0.8659 -0.4995 -0.0255
vn 0.8659 -0.4995 -0.0256
vn 0.5001 -0.8648 -0.0450
vn 0.5001 -0.8648 -0.0451
vn 0.8659 0.4995 0.0255
vn -0.0000 -0.9987 -0.0509
vn 0.8659 0.4995 0.0256
vn 0.5001 0.8648 0.0451
vn -0.5001 -0.8648 -0.0450
vn 0.5000 0.8648 0.0452
vn -0.5001 -0.8648 -0.0451
vn -0.8659 -0.4995 -0.0256
vn -0.8659 0.4995 0.0255
vn -0.5001 0.8648 0.0450
vn -0.3622 0.0117 0.9320
vn -0.3703 0.0647 0.9267
vn -0.3645 0.0294 0.9308
vn -0.3529 -0.0333 0.9351
vn 0.5141 0.5317 0.6730
vn 0.5141 0.5318 0.6730
vn 0.5470 -0.0098 0.8371
vn 0.5469 -0.0098 0.8371
vn -0.7780 -0.4625 0.4252
vn -0.7780 -0.4625 0.4253
vn -0.9712 0.1136 0.2095
vn 0.5834 0.0529 0.8105
vn -0.1098 0.9350 0.3372
vn 0.3588 -0.0137 -0.9333
vn 0.3622 0.0157 -0.9320
vn 0.3564 -0.0235 -0.9340
vn 0.3525 -0.0548 -0.9342
vn -0.0391 0.6030 -0.7968
vn 0.5234 0.8029 -0.2854
vn 0.6151 0.6797 -0.3996
vn 0.8058 0.4921 0.3294
vn 0.9027 0.3642 0.2291
vn 0.3235 0.7665 0.5548
vn 0.1351 0.9848 0.1096
vn -0.1176 0.7272 -0.6763
vn -0.3291 0.9325 -0.1489
vn -0.7704 0.6273 -0.1137
vn -0.7405 0.3037 -0.5995
vn -0.6739 0.1704 -0.7189
vn -0.9315 0.2706 0.2432
vn -0.9716 -0.2096 -0.1097
vn -0.9102 -0.3511 -0.2197
vn -0.6217 -0.6687 0.4079
vn -0.6894 -0.5190 0.5053
vn -0.7345 0.0353 0.6777
vn 0.0314 -0.5906 0.8064
vn -0.0451 -0.4428 0.8955
vn -0.2800 0.1095 0.9537
vn 0.1704 0.3938 0.9033
vn 0.5739 -0.0196 0.8187
vn 0.6661 -0.1587 0.7288
vn -0.7896 0.5546 -0.2626
vn -0.2820 0.9088 -0.3075
vn -0.9788 0.1409 0.1488
vn -0.9788 0.1409 0.1487
vn 0.2545 0.9671 -0.0020
vn -0.7470 -0.1255 0.6529
vn 0.2544 0.9671 -0.0040
vn -0.7488 -0.1255 0.6508
vn 0.4767 0.7160 0.5100
vn -0.2233 -0.0451 0.9737
vn 0.2961 0.2844 0.9118
vn 0.2977 0.2860 0.9108
vn -0.4208 0.7184 0.5539
vn -0.2623 0.0587 0.9632
vn 0.2115 0.3603 0.9085
vn 0.3723 0.7527 0.5430
vn -0.7404 -0.0157 0.6719
vn 0.1725 0.9823 0.0725
vn -0.9497 0.2291 0.2134
vn -0.3157 0.9276 -0.1999
vn -0.7786 0.6060 -0.1628
vn -0.0000 0.7914 0.6112
vn -0.0000 0.7915 0.6112
vn -0.0000 0.7916 0.6111
vn -0.0000 0.8626 0.5058
vn -0.0000 0.8956 0.4449
vn -0.0000 0.9305 0.3663
vn -0.0000 0.9527 0.3038
vn -0.0000 0.9622 0.2723
vn -0.0000 -0.9014 -0.4330
vn -0.0000 -0.8362 -0.5484
vn -0.0000 -0.9014 -0.4331
vn -0.0000 -0.8363 -0.5483
vn -0.0000 -0.9160 -0.4012
vn -0.0000 -0.8283 -0.5603
vn -0.0000 -0.8284 -0.5602
vn -0.0000 -0.8284 -0.5601
vn -0.0000 -0.9327 -0.3605
vn -0.0000 -0.9327 -0.3606
vn -0.0000 -0.9600 -0.2801
vn -0.0000 -0.9600 -0.2802
vn -0.0000 -0.9665 -0.2568
vn -0.0000 -0.9885 -0.1510
vn 0.9773 0.1508 0.1489
vn 0.9681 0.1372 0.2097
vn 0.9721 0.1372 0.1901
vn 0.8498 0.0803 0.5209
vn 0.9770 0.1508 0.1508
vn 0.7112 0.0705 0.6994
vn 0.9739 0.2214 0.0490
vn 0.5975 0.0627 0.7994
vn 0.9675 0.2527 0.0078
vn 0.7384 0.5504 -0.3897
vn 0.8513 0.4472 -0.2746
vn 0.4529 0.6666 -0.5921
vn -0.0000 0.7434 -0.6689
vn -0.4529 0.6666 -0.5921
vn -0.7384 0.5504 -0.3898
vn -0.8512 0.4472 -0.2746
vn -0.9675 0.2526 0.0078
vn -0.9739 0.2215 0.0490
vn -0.9773 0.1508 0.1488
vn -0.9770 0.1508 0.1507
vn -0.9721 0.1372 0.1901
vn -0.9681 0.1372 0.2097
vn -0.8498 0.0803 0.5209
vn -0.5975 0.0627 0.7994
vn -0.7112 0.0705 0.6994
vn -0.0000 -0.6406 0.7679
vn 0.6784 -0.4725 0.5627
vn -0.0000 -0.5717 0.8204
vn 0.6651 -0.5435 0.5121
vn -0.0000 -0.8761 0.4822
vn 0.5450 -0.7881 0.2862
vn 0.9641 -0.2567 -0.0686
vn 0.7569 -0.6141 -0.2236
vn 0.9373 -0.3314 -0.1078
vn 0.6950 -0.0215 -0.7186
vn 0.5452 -0.4197 -0.7256
vn 0.6701 -0.1058 -0.7347
vn -0.0002 -0.3605 -0.9328
vn -0.0008 -0.0216 -0.9998
vn -0.6951 -0.0216 -0.7186
vn -0.5452 -0.4197 -0.7257
vn -0.6701 -0.1058 -0.7347
vn -0.9641 -0.2567 -0.0686
vn -0.7567 -0.6143 -0.2237
vn -0.9371 -0.3313 -0.1098
vn -0.6783 -0.4725 0.5627
vn -0.5450 -0.7881 0.2863
vn -0.6651 -0.5435 0.5121
vn -0.0000 -0.5718 0.8204
vn -0.0000 -0.8761 0.4821
vn -0.0000 -0.3721 -0.9282
vn 0.5370 -0.4312 -0.7251
vn 0.7476 -0.6239 -0.2277
vn -0.5370 -0.4311 -0.7251
vn 0.5376 -0.7965 0.2766
vn -0.7477 -0.6237 -0.2279
vn 0.0001 -0.8824 0.4706
vn -0.5376 -0.7966 0.2766
vn 0.5978 0.7057 -0.3803
vn -0.0000 0.7898 -0.6134
vn -0.0000 0.9401 0.3408
vn -0.0000 0.3408 -0.9401
vn 0.7075 0.2411 -0.6643
vn -0.7075 0.2410 -0.6644
vn 0.8467 0.4998 0.1823
vn -0.5979 0.7057 -0.3803
vn 0.5979 0.2960 0.7449
vn 0.7075 -0.2411 0.6644
vn -0.8467 0.4998 0.1823
vn -0.7075 -0.2411 0.6643
vn -0.0000 0.2115 0.9774
vn -0.0000 -0.3408 0.9401
vn -0.5979 0.2960 0.7449
vn 0.5979 -0.2960 -0.7449
vn 0.8467 -0.4998 -0.1823
vn 0.7075 -0.2410 0.6644
vn -0.5979 -0.2960 -0.7449
vn -0.7075 0.2411 -0.6644
vn -0.0000 -0.9402 -0.3407
vn -0.8467 -0.4998 -0.1823
vn -0.5979 -0.7057 0.3803
vn 0.5979 -0.7056 0.3803
vn -0.0000 -0.7898 0.6134
vn 0.6548 -0.4215 0.6274
vn 0.6071 -0.7931 -0.0490
vn 0.0725 -0.9954 -0.0627
vn 0.0568 -0.2939 0.9542
vn 0.6544 -0.3389 -0.6759
vn 0.0568 -0.1724 -0.9834
vn 0.0568 0.2939 -0.9542
vn 0.6548 0.4215 -0.6274
vn 0.0725 0.9954 0.0627
vn 0.6071 0.7931 0.0490
vn 0.6533 0.3394 0.6768
vn 0.0568 0.1724 0.9834
vn -0.5697 -0.8203 -0.0509
vn -0.5705 -0.6940 0.4392
vn -0.5701 -0.3017 0.7641
vn -0.5698 -0.6324 -0.5248
vn -0.5703 0.2038 0.7957
vn -0.5681 -0.2037 -0.7973
vn -0.5704 0.6331 0.5233
vn -0.5688 0.3021 -0.7650
vn -0.5706 0.8196 0.0510
vn -0.5700 0.6939 -0.4400
vn -0.5660 -0.0548 0.8226
vn -0.5798 0.0549 -0.8129
vn -0.5900 0.0549 -0.8056
vn -0.5705 -0.0549 0.8195
vn 0.5696 -0.0548 0.8201
vn 0.5647 -0.0549 0.8235
vn 1.0000 0.0001 -0.0098
vn 0.5922 0.0549 -0.8039
vn -0.5900 0.0548 -0.8056
vn -0.1841 -0.9828 -0.0157
vn -0.1292 -0.9887 0.0764
vn 0.1292 -0.9887 0.0763
vn 0.1840 -0.9828 -0.0157
vn -0.1233 -0.9674 -0.2213
vn -0.5801 -0.7781 -0.2411
vn 0.5801 -0.7781 -0.2410
vn -0.6151 -0.7777 -0.1293
vn -0.3333 -0.2745 -0.9020
vn 0.9941 -0.0059 -0.1078
vn 0.3351 -0.2743 -0.9014
vn 0.9695 0.0059 -0.2449
vn 0.4425 0.1664 -0.8812
vn 0.5922 0.7863 -0.1765
vn -0.5921 0.7863 -0.1765
vn -0.9939 -0.0059 -0.1098
vn -0.9691 0.0059 -0.2467
vn -0.4410 0.1666 -0.8819
vn -0.5801 -0.7780 -0.2411
vn -0.9981 -0.0431 -0.0451
vn -0.9983 -0.0157 0.0567
vn 0.9981 -0.0176 0.0587
vn -0.5351 -0.0804 -0.8409
vn -0.4902 -0.6588 -0.5706
vn -0.9954 -0.0666 -0.0686
vn -0.9971 -0.0607 -0.0450
vn 0.9981 -0.0431 -0.0431
vn 0.9955 -0.0666 -0.0666
vn 0.9972 -0.0607 -0.0431
vn 0.5352 -0.0804 -0.8409
vn -0.4881 -0.3215 -0.8115
vn -0.9368 0.3410 0.0784
vn -0.6682 0.6133 0.4213
vn 0.6670 0.6141 0.4218
vn -0.9242 0.1645 -0.3446
vn 0.9366 0.3410 0.0803
vn -0.9252 0.1666 -0.3410
vn -0.6509 0.1237 -0.7490
vn 0.9665 0.2548 -0.0294
vn 0.9248 0.1646 -0.3429
vn 0.9255 0.1647 -0.3412
vn 0.6522 0.1214 -0.7482
vn -0.6523 -0.7541 0.0764
vn -0.8726 -0.2255 0.4333
vn -0.5847 -0.7867 -0.1981
vn -0.5898 -0.6250 -0.5114
vn -0.7452 0.0530 0.6648
vn -0.7686 0.0235 0.6392
vn 0.7452 0.0529 0.6648
vn 0.7677 0.0235 0.6404
vn 0.8718 -0.2253 0.4350
vn 0.6522 -0.7540 0.0783
vn 0.0002 -0.9829 -0.1841
vn 0.5905 -0.6238 -0.5120
vn 0.0003 -0.8948 -0.4464
vn -0.0000 -0.5899 -0.8075
vn -0.0000 0.9847 -0.1743
vn -0.0000 0.9972 -0.0744
vn 0.0001 0.7880 -0.6156
vn -0.8770 -0.1919 0.4405
vn -0.8851 -0.3192 0.3388
vn -0.7487 0.0764 0.6585
vn -0.9590 -0.1275 0.2530
vn -0.9566 -0.0549 0.2862
vn -0.9556 -0.0627 0.2879
vn -0.0000 -0.1882 -0.9821
vn -0.0001 -0.1056 -0.9944
vn -0.0002 -0.5551 -0.8318
vn 0.1844 -0.4845 -0.8551
vn -0.1843 -0.4844 -0.8552
vn 0.8766 -0.1922 0.4412
vn 0.8847 -0.3197 0.3393
vn 0.7468 0.0764 0.6606
vn 0.9586 -0.1274 0.2548
vn 0.9560 -0.0568 0.2880
vn 0.9549 -0.0628 0.2902
vn -0.0000 0.8889 -0.4581
vn -0.9791 0.0979 -0.1782
vn -0.9551 -0.0061 -0.2961
vn -1.0000 0.0079 -0.0000
vn -0.4645 0.2782 -0.8408
vn -0.5546 0.1568 -0.8172
vn -0.5189 -0.2036 -0.8302
vn -0.9908 0.1234 -0.0548
vn -0.5334 -0.4177 -0.7355
vn -0.9908 0.1352 -0.0000
vn -0.9209 -0.1959 -0.3370
vn -0.5053 -0.6208 -0.5993
vn -0.9908 0.1234 0.0548
vn -0.9435 -0.2877 -0.1644
vn -0.4958 -0.8349 -0.2391
vn -0.5171 -0.8559 -0.0000
vn -0.9791 0.0979 0.1782
vn -0.9209 -0.3899 -0.0000
vn -0.4956 -0.8345 0.2409
vn -0.5546 0.1568 0.8172
vn -0.4627 0.2803 0.8410
vn -0.9435 -0.2877 0.1644
vn -0.5039 -0.6215 0.5999
vn -0.5335 -0.4177 0.7355
vn -0.9546 -0.0020 0.2980
vn -0.5175 -0.2038 0.8311
vn -0.9209 -0.1959 0.3370
vn 1.0000 -0.0001 -0.0001
vn -0.3059 -0.2235 0.9255
vn -0.3078 -0.0294 0.9510
vn -0.3077 -0.0451 0.9504
vn -0.3056 0.0098 0.9521
vn 0.7760 0.3664 -0.5134
vn 0.7985 0.5336 -0.2786
vn 0.8290 0.4292 -0.3586
vn 0.7302 0.6832 -0.0000
vn 0.7985 0.5336 0.2786
vn 0.8290 0.4292 0.3586
vn 0.7760 0.3664 0.5134
vn -0.3057 -0.2254 -0.9251
vn -0.3078 -0.0313 -0.9509
vn -0.3058 -0.2254 -0.9250
vn -0.3077 -0.0451 -0.9504
vn -0.3074 0.0098 -0.9515
vn -0.7679 -0.6406 -0.0000
vn -0.7397 -0.6318 0.2315
vn -0.7229 -0.5858 0.3663
vn -0.6864 -0.5825 0.4354
vn -0.7397 -0.6318 -0.2315
vn -0.7229 -0.5858 -0.3664
vn -0.6875 -0.5817 -0.4347
vn -0.6875 -0.5817 -0.4348
vn -1.0000 -0.0039 -0.0000
vn -1.0000 -0.0038 0.0001
vn -1.0000 -0.0020 0.0020
vn -1.0000 -0.0020 -0.0020
vn 0.9999 0.0020 -0.0098
vn 1.0000 0.0039 0.0001
vn 1.0000 0.0039 -0.0000
vn 1.0000 0.0039 -0.0001
vn 0.9999 0.0020 0.0098
vn -1.0000 -0.0001 0.0002
vn 1.0000 -0.0058 -0.0001
vn 1.0000 0.0059 -0.0001
vn 1.0000 0.0059 0.0001
vn -0.0000 -0.9997 -0.0234
vn -0.0470 0.9983 0.0352
vn -0.0372 0.9987 0.0352
vn -0.0255 0.9991 0.0353
vn 0.0333 -0.9988 -0.0353
vn 0.0372 -0.9987 -0.0352
vn 0.0372 -0.9987 -0.0353
vn 0.0333 -0.9988 -0.0352
vn 0.0392 -0.9986 -0.0352
vn -0.9993 0.0274 0.0235
vn -0.9993 0.0274 0.0237
vn 0.9994 -0.0294 0.0196
vn 0.0391 -0.9986 -0.0353
vn -0.9993 0.0274 0.0236
vn 0.9994 -0.0295 0.0196
vn -1.0000 -0.0059 0.0001
vn 1.0000 -0.0058 0.0001
vn -0.7133 -0.6976 -0.0666
vn -0.7111 -0.7013 -0.0490
vn 0.7134 -0.6977 -0.0647
vn 0.7112 -0.7014 -0.0470
vn 0.7130 0.7012 0.0059
vn 0.6250 0.6172 0.4780
vn 0.8113 -0.0294 0.5840
vn -0.8112 -0.0294 0.5840
vn 0.5369 -0.2686 -0.7998
vn 0.3116 -0.4978 -0.8094
vn -0.0000 -0.5785 -0.8157
vn 0.3116 0.5801 -0.7525
vn -0.0000 0.6605 -0.7509
vn -0.6248 0.0411 -0.7797
vn -0.2820 -0.3251 0.9027
vn 0.2820 -0.3250 0.9027
vn -0.0000 0.3606 0.9327
vn -0.8659 -0.4995 -0.0255
vn -0.5001 0.8648 0.0451
vn 0.5001 0.8648 0.0450
vt 0.506836 0.833618
vt 0.500977 0.809448
vt 0.525879 0.815674
vt 0.776367 0.925354
vt 0.773926 0.932617
vt 0.775391 0.917847
vt 0.764648 0.938599
vt 0.767578 0.910461
vt 0.731445 0.901855
vt 0.727051 0.941315
vt 0.703613 0.941498
vt 0.708008 0.897949
vt 0.693848 0.933838
vt 0.697266 0.903992
vt 0.690430 0.918518
vt 0.420654 0.911377
vt 0.397705 0.903625
vt 0.424072 0.906677
vt 0.399902 0.908936
vt 0.395996 0.879150
vt 0.403809 0.913269
vt 0.431152 0.883240
vt 0.415771 0.914612
vt 0.409668 0.915222
vt 0.434814 0.867554
vt 0.395996 0.863037
vt 0.399902 0.857666
vt 0.432129 0.861450
vt 0.426025 0.856323
vt 0.407227 0.854126
vt 0.416748 0.853882
vt 0.619141 0.833740
vt 0.658203 0.800537
vt 0.623047 0.800537
vt 0.615723 0.800537
vt 0.658203 0.833740
vt 0.608398 0.833740
vt 0.687500 0.833740
vt 0.608398 0.800537
vt 0.687500 0.800537
vt 0.602539 0.833740
vt 0.602539 0.800537
vt 0.700195 0.833740
vt 0.695801 0.800537
vt 0.705078 0.800537
vt 0.715332 0.800537
vt 0.715332 0.833740
vt 0.726562 0.800537
vt 0.730957 0.833740
vt 0.735352 0.800537
vt 0.743652 0.800537
vt 0.743652 0.833740
vt 0.770996 0.800537
vt 0.770996 0.833740
vt 0.806152 0.800537
vt 0.809570 0.833740
vt 0.812988 0.800537
vt 0.818359 0.800537
vt 0.818359 0.833740
vt 0.826172 0.800537
vt 0.826172 0.833740
vt 0.761230 0.984955
vt 0.770508 0.958893
vt 0.770508 0.984955
vt 0.761230 0.958893
vt 0.770508 0.949982
vt 0.761230 0.949982
vt 0.751465 0.984955
vt 0.751465 0.949982
vt 0.751465 0.958893
vt 0.741211 0.984962
vt 0.741211 0.949982
vt 0.741211 0.958893
vt 0.730469 0.984962
vt 0.730469 0.949982
vt 0.730469 0.958893
vt 0.720215 0.984962
vt 0.720215 0.949982
vt 0.720215 0.958893
vt 0.710449 0.984962
vt 0.710449 0.949982
vt 0.710449 0.958893
vt 0.700195 0.984962
vt 0.700195 0.949982
vt 0.700195 0.958893
vt 0.690430 0.984962
vt 0.690430 0.949982
vt 0.690430 0.958893
vt 0.519043 0.500000
vt 0.519043 0.486816
vt 0.530273 0.495605
vt 0.535156 0.486816
vt 0.507812 0.495605
vt 0.530273 0.477539
vt 0.502930 0.486816
vt 0.519043 0.473145
vt 0.507812 0.477539
vt 0.315430 0.596436
vt 0.304932 0.592529
vt 0.315430 0.583252
vt 0.300537 0.596436
vt 0.315430 0.601807
vt 0.325928 0.592529
vt 0.330322 0.596436
vt 0.336426 0.583252
vt 0.330322 0.583252
vt 0.330322 0.570068
vt 0.325928 0.573975
vt 0.315430 0.564453
vt 0.315430 0.570068
vt 0.300537 0.570068
vt 0.304932 0.573975
vt 0.294434 0.583252
vt 0.300537 0.583252
vt 0.143066 0.985313
vt 0.158936 0.985313
vt 0.147705 0.980591
vt 0.136475 0.969193
vt 0.158936 0.991989
vt 0.143066 0.969193
vt 0.143066 0.953094
vt 0.170166 0.980591
vt 0.174805 0.985313
vt 0.158936 0.969193
vt 0.174805 0.969193
vt 0.181396 0.969193
vt 0.170166 0.957794
vt 0.174805 0.953094
vt 0.158936 0.953094
vt 0.158936 0.946411
vt 0.147705 0.957794
vt 0.341064 0.042480
vt 0.327637 0.021973
vt 0.366699 0.006348
vt 0.378662 0.021484
vt 0.300781 0.054688
vt 0.257324 0.037598
vt 0.358154 0.074707
vt 0.397705 0.046387
vt 0.417969 0.071777
vt 0.261719 0.060547
vt 0.220459 0.027832
vt 0.316406 0.092773
vt 0.376465 0.104004
vt 0.437012 0.108398
vt 0.221680 0.059082
vt 0.185913 0.015137
vt 0.331543 0.129395
vt 0.390137 0.139160
vt 0.283936 0.143066
vt 0.404297 0.182617
vt 0.449463 0.143555
vt 0.461670 0.184570
vt 0.341309 0.168457
vt 0.288330 0.188477
vt 0.350830 0.219238
vt 0.415039 0.231934
vt 0.468262 0.224609
vt 0.420654 0.271973
vt 0.356689 0.271973
vt 0.361328 0.310547
vt 0.295410 0.334961
vt 0.295410 0.294434
vt 0.293701 0.239258
vt 0.225708 0.299316
vt 0.224121 0.339355
vt 0.231812 0.191406
vt 0.160034 0.295898
vt 0.152222 0.334961
vt 0.231201 0.244629
vt 0.169434 0.242676
vt 0.101685 0.281738
vt 0.093689 0.319336
vt 0.039429 0.292969
vt 0.176758 0.189941
vt 0.112854 0.231934
vt 0.124451 0.183594
vt 0.182251 0.146484
vt 0.047485 0.258301
vt 0.017258 0.242188
vt 0.005737 0.272949
vt 0.062622 0.215820
vt 0.031433 0.203125
vt 0.045197 0.168457
vt 0.077759 0.174805
vt 0.091736 0.133789
vt 0.060577 0.127930
vt 0.136841 0.142578
vt 0.101013 0.093262
vt 0.074036 0.085449
vt 0.125122 0.074707
vt 0.117493 0.066895
vt 0.087646 0.032715
vt 0.104309 0.039551
vt 0.142700 0.100586
vt 0.140503 0.082031
vt 0.182983 0.104980
vt 0.153076 0.070801
vt 0.231934 0.146973
vt 0.184204 0.051758
vt 0.155640 0.058594
vt 0.226685 0.106934
vt 0.155518 0.024902
vt 0.161377 0.014648
vt 0.273682 0.103027
vt 0.992676 0.023438
vt 0.959473 0.003418
vt 0.992676 0.003418
vt 0.959473 0.023438
vt 0.992676 0.063477
vt 0.959473 0.063477
vt 0.992676 0.109863
vt 0.959473 0.109863
vt 0.992676 0.161133
vt 0.959473 0.161133
vt 0.992676 0.216309
vt 0.959473 0.216309
vt 0.992676 0.270508
vt 0.959473 0.270508
vt 0.992676 0.292480
vt 0.959473 0.292480
vt 0.694824 0.784668
vt 0.729492 0.760742
vt 0.729492 0.784668
vt 0.694824 0.760742
vt 0.664062 0.784668
vt 0.664062 0.760742
vt 0.631836 0.784668
vt 0.631836 0.760742
vt 0.595215 0.784668
vt 0.595215 0.760742
vt 0.559082 0.784668
vt 0.559082 0.760742
vt 0.527344 0.784668
vt 0.527832 0.760742
vt 0.499268 0.784668
vt 0.499512 0.760742
vt 0.468018 0.784668
vt 0.468262 0.760742
vt 0.945801 0.548340
vt 0.990234 0.565918
vt 0.964355 0.565918
vt 0.990234 0.548340
vt 0.945801 0.583984
vt 0.945801 0.565918
vt 0.990234 0.507568
vt 0.945801 0.506592
vt 0.945801 0.481445
vt 0.990234 0.459961
vt 0.990234 0.412598
vt 0.945801 0.432129
vt 0.945801 0.386719
vt 0.990234 0.363281
vt 0.945801 0.345703
vt 0.990234 0.330566
vt 0.945801 0.330566
vt 0.990234 0.310059
vt 0.945801 0.305176
vt 0.896484 0.713623
vt 0.925781 0.737305
vt 0.896484 0.737305
vt 0.925781 0.713623
vt 0.896484 0.666504
vt 0.925781 0.666504
vt 0.896484 0.620117
vt 0.925781 0.620117
vt 0.896484 0.541504
vt 0.925781 0.541504
vt 0.897461 0.519043
vt 0.925781 0.517822
vt 0.925781 0.752441
vt 0.896484 0.752441
vt 0.479248 0.827637
vt 0.486816 0.851929
vt 0.456055 0.843628
vt 0.446777 0.823853
vt 0.483643 0.796631
vt 0.448486 0.804077
vt 0.467285 0.793579
vt 0.456055 0.796875
vt 0.254639 0.800171
vt 0.283447 0.814575
vt 0.264404 0.814575
vt 0.282959 0.800171
vt 0.247192 0.814575
vt 0.239624 0.800171
vt 0.224731 0.814575
vt 0.224609 0.800171
vt 0.207764 0.800171
vt 0.200195 0.814575
vt 0.190918 0.800171
vt 0.179932 0.814575
vt 0.160645 0.814575
vt 0.161255 0.799438
vt 0.247314 0.881226
vt 0.268555 0.881226
vt 0.224731 0.881226
vt 0.244019 0.895752
vt 0.263672 0.895752
vt 0.224731 0.934387
vt 0.199951 0.881226
vt 0.224731 0.895752
vt 0.179565 0.881226
vt 0.206421 0.895752
vt 0.188354 0.895752
vt 0.625488 0.578369
vt 0.606445 0.608643
vt 0.606445 0.578369
vt 0.625488 0.608643
vt 0.658691 0.578369
vt 0.658691 0.608643
vt 0.696777 0.578369
vt 0.696777 0.608643
vt 0.741699 0.578369
vt 0.741699 0.608643
vt 0.787598 0.578369
vt 0.787598 0.608643
vt 0.829102 0.578369
vt 0.829102 0.608643
vt 0.869629 0.578369
vt 0.869629 0.608643
vt 0.886230 0.578369
vt 0.886230 0.607910
vt 0.019394 0.708008
vt 0.012375 0.649902
vt 0.019058 0.651855
vt 0.012550 0.706787
vt 0.037750 0.711426
vt 0.038391 0.656738
vt 0.137573 0.763794
vt 0.111389 0.741455
vt 0.135742 0.739502
vt 0.114014 0.763794
vt 0.127686 0.707520
vt 0.104675 0.722656
vt 0.121704 0.691406
vt 0.071716 0.676270
vt 0.107117 0.669922
vt 0.086609 0.654785
vt 0.069214 0.644775
vt 0.048981 0.634277
vt 0.089539 0.763794
vt 0.060669 0.763794
vt 0.051788 0.719971
vt 0.990723 0.302246
vt 0.763184 0.435059
vt 0.720703 0.260254
vt 0.720703 0.440430
vt 0.763184 0.260254
vt 0.813965 0.418945
vt 0.813477 0.260254
vt 0.844238 0.403809
vt 0.859375 0.260254
vt 0.881348 0.368652
vt 0.890137 0.260254
vt 0.909668 0.330566
vt 0.919922 0.260254
vt 0.931641 0.282715
vt 0.940918 0.260254
vt 0.720703 0.243164
vt 0.763184 0.243164
vt 0.720703 0.222656
vt 0.813965 0.243164
vt 0.763184 0.222656
vt 0.820312 0.222656
vt 0.009720 0.584473
vt 0.035492 0.618408
vt 0.007145 0.605957
vt 0.041718 0.594482
vt 0.018600 0.567139
vt 0.114807 0.638184
vt 0.040314 0.567139
vt 0.121033 0.611816
vt 0.220337 0.638184
vt 0.157715 0.563965
vt 0.213745 0.610840
vt 0.292480 0.621094
vt 0.281006 0.595215
vt 0.258301 0.574219
vt 0.284180 0.554443
vt 0.283203 0.549805
vt 0.797852 0.550293
vt 0.806152 0.539795
vt 0.812012 0.544189
vt 0.792969 0.545410
vt 0.826172 0.531982
vt 0.832520 0.536133
vt 0.842773 0.524658
vt 0.848145 0.528564
vt 0.869141 0.507080
vt 0.875977 0.511475
vt 0.774414 0.531006
vt 0.822266 0.515869
vt 0.798340 0.507324
vt 0.771484 0.499512
vt 0.759766 0.546387
vt 0.742188 0.493652
vt 0.705566 0.530029
vt 0.718262 0.489746
vt 0.694336 0.487793
vt 0.688965 0.548584
vt 0.648438 0.529297
vt 0.617676 0.559814
vt 0.822754 0.479004
vt 0.847656 0.493164
vt 0.795898 0.468750
vt 0.759277 0.459961
vt 0.727539 0.453613
vt 0.694336 0.450195
vt 0.555176 0.556885
vt 0.648438 0.484863
vt 0.648438 0.453613
vt 0.477783 0.748779
vt 0.636719 0.692627
vt 0.633789 0.717529
vt 0.448242 0.684570
vt 0.522461 0.536133
vt 0.556152 0.550293
vt 0.643066 0.483887
vt 0.531250 0.534668
vt 0.642090 0.461914
vt 0.557617 0.535889
vt 0.552734 0.531494
vt 0.627441 0.479492
vt 0.628418 0.485352
vt 0.131104 0.530273
vt 0.174316 0.476074
vt 0.136841 0.476562
vt 0.111023 0.482910
vt 0.089966 0.490723
vt 0.080933 0.540283
vt 0.060516 0.502686
vt 0.036316 0.516357
vt 0.032043 0.546143
vt 0.004086 0.551758
vt 0.018494 0.533203
vt 0.008896 0.559326
vt 0.759766 0.551270
vt 0.689941 0.553467
vt 0.617188 0.564941
vt 0.449463 0.864990
vt 0.663574 0.663818
vt 0.743652 0.624268
vt 0.715820 0.687500
vt 0.774902 0.687744
vt 0.653809 0.645264
vt 0.625488 0.649658
vt 0.834473 0.623047
vt 0.826660 0.668457
vt 0.871582 0.623047
vt 0.513672 0.839355
vt 0.593262 0.865112
vt -0.672363 0.021973
vt -0.659180 0.042480
vt -0.633301 0.006348
vt -0.621094 0.021484
vt -0.699219 0.054688
vt -0.742676 0.037598
vt -0.642090 0.074707
vt -0.602539 0.046387
vt -0.582031 0.071777
vt -0.738281 0.060547
vt -0.779785 0.027832
vt -0.623535 0.104004
vt -0.562988 0.108398
vt -0.683594 0.092773
vt -0.668457 0.129395
vt -0.609863 0.139160
vt -0.595703 0.182617
vt -0.550293 0.143555
vt -0.538086 0.184570
vt -0.658691 0.168457
vt -0.584961 0.231934
vt -0.531738 0.224609
vt -0.579102 0.271973
vt -0.643066 0.271973
vt -0.638672 0.310547
vt -0.704590 0.334961
vt -0.649414 0.219238
vt -0.704590 0.294434
vt -0.774414 0.299316
vt -0.775879 0.339355
vt -0.706055 0.239258
vt -0.711914 0.188477
vt -0.839844 0.295898
vt -0.847656 0.334961
vt -0.715820 0.143066
vt -0.898438 0.281738
vt -0.906250 0.319336
vt -0.960449 0.292969
vt -0.726562 0.103027
vt -0.982910 0.242188
vt -0.994141 0.272949
vt -0.778320 0.059082
vt -0.813965 0.015137
vt -0.952637 0.258301
vt -0.937500 0.215820
vt -0.968750 0.203125
vt -0.954590 0.168457
vt -0.887207 0.231934
vt -0.922363 0.174805
vt -0.908203 0.133789
vt -0.939453 0.127930
vt -0.875488 0.183594
vt -0.898926 0.093262
vt -0.925781 0.085449
vt -0.863281 0.142578
vt -0.875000 0.074707
vt -0.882324 0.066895
vt -0.912109 0.032715
vt -0.895508 0.039551
vt -0.857422 0.100586
vt -0.859375 0.082031
vt -0.816895 0.104980
vt -0.846680 0.070801
vt -0.817871 0.146484
vt -0.815918 0.051758
vt -0.844238 0.058594
vt -0.844238 0.024902
vt -0.838379 0.014648
vt -0.773438 0.106934
vt -0.768066 0.146973
vt -0.768066 0.191406
vt -0.823242 0.189941
vt -0.768555 0.244629
vt -0.830566 0.242676
vt -0.040314 0.003418
vt -0.007267 0.023438
vt -0.007267 0.003418
vt -0.040314 0.023438
vt -0.007267 0.063477
vt -0.040314 0.063477
vt -0.007267 0.109863
vt -0.040314 0.109863
vt -0.007267 0.161133
vt -0.040314 0.161133
vt -0.007267 0.216309
vt -0.040314 0.216309
vt -0.007267 0.270508
vt -0.040314 0.270508
vt -0.007267 0.292480
vt -0.040314 0.292480
vt -0.270752 0.760742
vt -0.305176 0.784668
vt -0.270752 0.784668
vt -0.305176 0.760742
vt -0.335938 0.784668
vt -0.335938 0.760742
vt -0.368164 0.784668
vt -0.368164 0.760742
vt -0.404785 0.784668
vt -0.404785 0.760742
vt -0.440918 0.784668
vt -0.440918 0.760742
vt -0.472412 0.784668
vt -0.472412 0.760742
vt -0.500488 0.784668
vt -0.500488 0.760742
vt -0.531738 0.784668
vt -0.531738 0.760742
vt -0.009560 0.565918
vt -0.054047 0.548340
vt -0.035797 0.565918
vt -0.009560 0.548340
vt -0.054352 0.583984
vt -0.054047 0.565918
vt -0.009560 0.507568
vt -0.054047 0.506592
vt -0.054047 0.481445
vt -0.009560 0.459961
vt -0.009560 0.412598
vt -0.054047 0.432129
vt -0.054047 0.386719
vt -0.009560 0.363281
vt -0.054047 0.345703
vt -0.009560 0.330566
vt -0.054047 0.330566
vt -0.009560 0.310059
vt -0.054047 0.305176
vt -0.074097 0.737305
vt -0.103333 0.713623
vt -0.103333 0.737305
vt -0.074097 0.713623
vt -0.103333 0.666504
vt -0.074097 0.666504
vt -0.103333 0.620117
vt -0.074097 0.620117
vt -0.103333 0.541504
vt -0.074097 0.541504
vt -0.102356 0.519043
vt -0.074097 0.517822
vt -0.074097 0.752441
vt -0.103333 0.752441
vt -0.493164 0.833618
vt -0.520508 0.827637
vt -0.513184 0.851929
vt -0.543945 0.843628
vt -0.498779 0.809448
vt -0.553223 0.823853
vt -0.516602 0.796631
vt -0.551270 0.804077
vt -0.532715 0.793579
vt -0.543945 0.796875
vt -0.716797 0.814575
vt -0.745117 0.800171
vt -0.735352 0.814575
vt -0.717285 0.800171
vt -0.752930 0.814575
vt -0.760254 0.800171
vt -0.775391 0.814575
vt -0.775391 0.800171
vt -0.792480 0.800171
vt -0.799805 0.814575
vt -0.809082 0.800171
vt -0.820312 0.814575
vt -0.839355 0.814575
vt -0.838867 0.799438
vt -0.752930 0.881226
vt -0.731445 0.881226
vt -0.775391 0.881226
vt -0.755859 0.895752
vt -0.736328 0.895752
vt -0.775391 0.934387
vt -0.799805 0.881226
vt -0.775391 0.895752
vt -0.793457 0.895752
vt -0.811523 0.895752
vt -0.820312 0.881226
vt -0.393311 0.608643
vt -0.374512 0.578369
vt -0.393311 0.578369
vt -0.374512 0.608643
vt -0.341309 0.578369
vt -0.341309 0.608643
vt -0.302979 0.578369
vt -0.302979 0.608643
vt -0.258545 0.578369
vt -0.258545 0.608643
vt -0.212158 0.578369
vt -0.212158 0.608643
vt -0.170898 0.578369
vt -0.170898 0.608643
vt -0.130493 0.578369
vt -0.130493 0.608643
vt -0.113770 0.578369
vt -0.113770 0.607910
vt -0.474365 0.815674
vt -0.987793 0.649902
vt -0.980469 0.708008
vt -0.980957 0.651855
vt -0.987305 0.706787
vt -0.962402 0.711426
vt -0.961426 0.656738
vt -0.888672 0.741455
vt -0.862305 0.763794
vt -0.864258 0.739502
vt -0.886230 0.763794
vt -0.872559 0.707520
vt -0.895508 0.722656
vt -0.878418 0.691406
vt -0.928223 0.676270
vt -0.893066 0.669922
vt -0.913574 0.654785
vt -0.930664 0.644775
vt -0.951172 0.634277
vt -0.910645 0.763794
vt -0.939453 0.763794
vt -0.948242 0.719971
vt -0.009453 0.302246
vt -0.279297 0.260254
vt -0.236572 0.435059
vt -0.279297 0.440430
vt -0.236572 0.260254
vt -0.185913 0.418945
vt -0.186646 0.260254
vt -0.155884 0.403809
vt -0.140503 0.260254
vt -0.118652 0.368652
vt -0.109619 0.260254
vt -0.090088 0.330566
vt -0.079895 0.260254
vt -0.068481 0.282715
vt -0.058960 0.260254
vt -0.279297 0.243164
vt -0.236572 0.243164
vt -0.279297 0.222656
vt -0.236572 0.222656
vt -0.185791 0.243164
vt -0.179443 0.222656
vt -0.964355 0.618408
vt -0.990234 0.584473
vt -0.992676 0.605957
vt -0.958496 0.594482
vt -0.981445 0.567139
vt -0.959473 0.567139
vt -0.842285 0.563965
vt -0.878906 0.611816
vt -0.885254 0.638184
vt -0.779785 0.638184
vt -0.715820 0.554443
vt -0.716797 0.549805
vt -0.741699 0.574219
vt -0.786133 0.610840
vt -0.707520 0.621094
vt -0.719238 0.595215
vt -0.193726 0.539795
vt -0.202148 0.550293
vt -0.187866 0.544189
vt -0.206909 0.545410
vt -0.173706 0.531982
vt -0.167603 0.536133
vt -0.157471 0.524658
vt -0.151733 0.528564
vt -0.131104 0.507080
vt -0.124207 0.511475
vt -0.225830 0.531006
vt -0.240234 0.546387
vt -0.311279 0.548584
vt -0.177856 0.515869
vt -0.201782 0.507324
vt -0.228394 0.499512
vt -0.257812 0.493652
vt -0.294678 0.530029
vt -0.382568 0.559814
vt -0.281982 0.489746
vt -0.351562 0.529297
vt -0.305664 0.487793
vt -0.152222 0.493164
vt -0.177368 0.479004
vt -0.204346 0.468750
vt -0.240601 0.459961
vt -0.272705 0.453613
vt -0.305664 0.450195
vt -0.444824 0.556885
vt -0.351562 0.484863
vt -0.351562 0.453613
vt -0.363037 0.692627
vt -0.522461 0.748779
vt -0.365967 0.717529
vt -0.551758 0.684570
vt -0.443604 0.550293
vt -0.477783 0.536133
vt -0.357178 0.483887
vt -0.468750 0.534668
vt -0.357666 0.461914
vt -0.442383 0.535889
vt -0.447266 0.531494
vt -0.372314 0.479492
vt -0.371582 0.485352
vt -0.869141 0.530273
vt -0.825684 0.476074
vt -0.863281 0.476562
vt -0.889160 0.482910
vt -0.910156 0.490723
vt -0.918945 0.540283
vt -0.939453 0.502686
vt -0.963867 0.516357
vt -0.967773 0.546143
vt -0.996094 0.551758
vt -0.981445 0.533203
vt -0.991211 0.559326
vt -0.240234 0.551270
vt -0.310303 0.553467
vt -0.382568 0.564941
vt -0.550781 0.864990
vt -0.256104 0.624268
vt -0.336182 0.663818
vt -0.283936 0.687500
vt -0.224976 0.687744
vt -0.346191 0.645264
vt -0.374512 0.649658
vt -0.165527 0.623047
vt -0.173462 0.668457
vt -0.128662 0.623047
vt -0.486328 0.839355
vt -0.406494 0.865112
vt 0.504395 0.082520
vt 0.475098 0.117188
vt 0.475098 0.084473
vt 0.494873 0.049316
vt 0.475098 0.049316
vt 0.518066 0.051270
vt 0.512695 0.113281
vt 0.475098 0.151855
vt 0.533203 0.080566
vt 0.521484 0.142090
vt 0.475098 0.181641
vt 0.546875 0.103027
vt 0.551270 0.078125
vt 0.547852 0.090332
vt 0.548340 0.115723
vt 0.553711 0.127441
vt 0.566406 0.057617
vt 0.557617 0.066895
vt 0.522949 0.014648
vt 0.553223 0.017578
vt 0.577637 0.020020
vt 0.574219 0.050781
vt 0.584473 0.046387
vt 0.615234 0.022949
vt 0.596191 0.044922
vt 0.608398 0.046387
vt 0.619629 0.051758
vt 0.643066 0.027344
vt 0.629883 0.059570
vt 0.637695 0.069824
vt 0.643066 0.082031
vt 0.664062 0.076660
vt 0.680664 0.042480
vt 0.700195 0.078125
vt 0.690918 0.107910
vt 0.644043 0.108398
vt 0.645508 0.095215
vt 0.677734 0.136230
vt 0.641602 0.114258
vt 0.619141 0.141113
vt 0.664551 0.159180
vt 0.604980 0.145996
vt 0.624512 0.137207
vt 0.644531 0.186523
vt 0.573730 0.144043
vt 0.589355 0.146484
vt 0.582520 0.225098
vt 0.534668 0.170410
vt 0.475098 0.240234
vt 0.562012 0.137207
vt 0.643555 0.020508
vt 0.615234 0.022461
vt 0.614258 0.015625
vt 0.643066 0.026855
vt 0.683105 0.037598
vt 0.680664 0.041992
vt 0.577637 0.019531
vt 0.574707 0.013184
vt 0.548828 0.011230
vt 0.553223 0.017090
vt 0.524902 0.008301
vt 0.522949 0.014160
vt 0.700195 0.077637
vt 0.702637 0.074219
vt 0.520020 0.011230
vt 0.518555 0.017090
vt 0.495361 0.045410
vt 0.475098 0.045410
vt 0.514648 0.047363
vt 0.518555 0.017578
vt 0.501953 0.532227
vt 0.472900 0.537109
vt 0.500488 0.537354
vt 0.476074 0.532959
vt 0.668945 0.151855
vt 0.629395 0.121582
vt 0.672363 0.147461
vt 0.625977 0.127930
vt 0.385498 0.602539
vt 0.380859 0.543213
vt 0.371094 0.593750
vt 0.389893 0.547363
vt 0.389893 0.599609
vt 0.381836 0.501953
vt 0.357910 0.583008
vt 0.356689 0.575195
vt 0.352295 0.570312
vt 0.347168 0.573975
vt 0.333984 0.561279
vt 0.320312 0.533203
vt 0.313232 0.501953
vt 0.437012 0.538086
vt 0.408936 0.597656
vt 0.436523 0.588623
vt 0.453857 0.579346
vt 0.409180 0.547607
vt 0.454102 0.501709
vt 0.436523 0.501709
vt 0.413574 0.533203
vt 0.413574 0.501709
vt 0.390137 0.534668
vt 0.390625 0.501709
vt 0.472900 0.501709
vt 0.475830 0.563721
vt 0.489502 0.551514
vt 0.476074 0.501709
vt 0.258789 0.744629
vt 0.252686 0.744629
vt 0.257080 0.756836
vt 0.253174 0.762695
vt 0.254395 0.774170
vt 0.244263 0.782959
vt 0.241211 0.764038
vt 0.242188 0.744629
vt 0.221680 0.766235
vt 0.218628 0.788452
vt 0.221436 0.745117
vt 0.171753 0.745117
vt 0.171753 0.788452
vt 0.613281 0.132812
vt 0.601562 0.137207
vt 0.590332 0.136719
vt 0.578613 0.135742
vt 0.571289 0.129395
vt 0.564453 0.122070
vt 0.560547 0.113281
vt 0.558594 0.103027
vt 0.559082 0.092773
vt 0.561035 0.083008
vt 0.564941 0.074219
vt 0.567871 0.066406
vt 0.576172 0.060547
vt 0.585449 0.056641
vt 0.595703 0.055664
vt 0.604980 0.057129
vt 0.614258 0.061523
vt 0.622559 0.067871
vt 0.628418 0.077148
vt 0.633301 0.087402
vt 0.634277 0.098633
vt 0.633789 0.110352
vt 0.606445 0.115723
vt 0.611816 0.112305
vt 0.597168 0.095215
vt 0.599609 0.117676
vt 0.593750 0.118164
vt 0.587891 0.117188
vt 0.582520 0.114258
vt 0.578613 0.109863
vt 0.575684 0.104980
vt 0.575195 0.099121
vt 0.575195 0.093750
vt 0.576660 0.088379
vt 0.579102 0.083496
vt 0.582520 0.079102
vt 0.584961 0.072266
vt 0.602539 0.091309
vt 0.618652 0.109863
vt -0.524902 0.117188
vt -0.495605 0.082520
vt -0.524902 0.084473
vt -0.504883 0.049316
vt -0.524902 0.049316
vt -0.481934 0.051270
vt -0.487305 0.113281
vt -0.446777 0.017578
vt -0.476807 0.014648
vt -0.478271 0.142090
vt -0.524902 0.151855
vt -0.453369 0.103027
vt -0.466797 0.080566
vt -0.451660 0.115723
vt -0.446533 0.127441
vt -0.448730 0.078125
vt -0.452148 0.090332
vt -0.465576 0.170410
vt -0.437988 0.137207
vt -0.524902 0.181641
vt -0.524902 0.240234
vt -0.417480 0.225098
vt -0.426514 0.144043
vt -0.355713 0.186523
vt -0.395020 0.145996
vt -0.410400 0.146484
vt -0.335205 0.159180
vt -0.381104 0.141113
vt -0.375488 0.137207
vt -0.309082 0.107910
vt -0.355713 0.108398
vt -0.322266 0.136230
vt -0.358398 0.114258
vt -0.335938 0.076660
vt -0.299561 0.078125
vt -0.319092 0.042480
vt -0.356689 0.027344
vt -0.354736 0.095215
vt -0.356689 0.082031
vt -0.370117 0.059570
vt -0.362061 0.069824
vt -0.380127 0.051758
vt -0.391846 0.046387
vt -0.384521 0.022949
vt -0.415527 0.046387
vt -0.403809 0.044922
vt -0.422363 0.020020
vt -0.425781 0.050781
vt -0.433838 0.057617
vt -0.442383 0.066895
vt -0.385742 0.015625
vt -0.356689 0.026855
vt -0.356689 0.020508
vt -0.316650 0.037598
vt -0.319092 0.041992
vt -0.384521 0.022461
vt -0.422363 0.019531
vt -0.425293 0.013184
vt -0.450928 0.011230
vt -0.446777 0.017090
vt -0.475342 0.008301
vt -0.476807 0.014160
vt -0.299561 0.077637
vt -0.297363 0.074219
vt -0.479980 0.011230
vt -0.481201 0.017090
vt -0.504883 0.045410
vt -0.524902 0.045410
vt -0.485352 0.047363
vt -0.481201 0.017578
vt -0.527344 0.516602
vt -0.498047 0.511719
vt -0.499512 0.516602
vt -0.523926 0.512451
vt -0.370605 0.121582
vt -0.331055 0.151855
vt -0.327881 0.147461
vt -0.374023 0.127930
vt -0.619141 0.522461
vt -0.614258 0.581787
vt -0.628906 0.573242
vt -0.609863 0.526855
vt -0.609863 0.579102
vt -0.618164 0.481445
vt -0.642090 0.562500
vt -0.643066 0.554688
vt -0.647949 0.549561
vt -0.652832 0.553467
vt -0.666016 0.540771
vt -0.679688 0.512451
vt -0.686523 0.481445
vt -0.590820 0.577148
vt -0.562988 0.517334
vt -0.563477 0.567871
vt -0.546387 0.558594
vt -0.590820 0.527100
vt -0.545898 0.481445
vt -0.563477 0.481445
vt -0.586426 0.512695
vt -0.586426 0.481445
vt -0.609863 0.514160
vt -0.609375 0.480957
vt -0.527344 0.481445
vt -0.524414 0.543213
vt -0.510742 0.531006
vt -0.523926 0.481445
vt -0.747070 0.744629
vt -0.741211 0.744629
vt -0.743164 0.756836
vt -0.747070 0.762695
vt -0.745605 0.774170
vt -0.755859 0.782959
vt -0.758789 0.764038
vt -0.757812 0.744629
vt -0.778320 0.766235
vt -0.781250 0.788452
vt -0.778809 0.745117
vt -0.828125 0.745117
vt -0.828125 0.788452
vt -0.386719 0.132812
vt -0.398438 0.137207
vt -0.409424 0.136719
vt -0.421143 0.135742
vt -0.428955 0.129395
vt -0.435547 0.122070
vt -0.439453 0.113281
vt -0.441650 0.103027
vt -0.440918 0.092773
vt -0.438721 0.083008
vt -0.435059 0.074219
vt -0.432373 0.066406
vt -0.423584 0.060547
vt -0.414551 0.056641
vt -0.404297 0.055664
vt -0.395020 0.057129
vt -0.385498 0.061523
vt -0.377441 0.067871
vt -0.371338 0.077148
vt -0.366943 0.087402
vt -0.365723 0.098633
vt -0.366455 0.110352
vt -0.388184 0.112305
vt -0.393555 0.115723
vt -0.402832 0.095215
vt -0.400146 0.117676
vt -0.406494 0.118164
vt -0.412354 0.117188
vt -0.417480 0.114258
vt -0.421387 0.109863
vt -0.424072 0.104980
vt -0.424805 0.099121
vt -0.424805 0.093750
vt -0.423340 0.088379
vt -0.421143 0.083496
vt -0.417480 0.079102
vt -0.415039 0.072266
vt -0.397705 0.091309
vt -0.381348 0.109863
vt 0.802246 0.907776
vt 0.786133 0.905396
vt 0.795410 0.898132
vt 0.846191 0.907776
vt 0.797852 0.912720
vt 0.853516 0.898132
vt 0.787109 0.934753
vt 0.797852 0.934753
vt 0.851074 0.912231
vt 0.862793 0.905334
vt 0.851074 0.934753
vt 0.862793 0.934753
vt 0.801270 0.934753
vt 0.801270 0.915771
vt 0.805176 0.912781
vt 0.843750 0.912903
vt 0.847656 0.915771
vt 0.847656 0.934753
vt 0.461182 0.332031
vt 0.440430 0.288086
vt 0.461182 0.287598
vt 0.440430 0.331543
vt 0.804199 0.934753
vt 0.804199 0.919495
vt 0.807129 0.916748
vt 0.841797 0.916748
vt 0.843750 0.919495
vt 0.843750 0.934631
vt 0.463135 0.966675
vt 0.449219 0.984940
vt 0.449219 0.966675
vt 0.466553 0.984940
vt 0.470215 0.966675
vt 0.506836 0.966675
vt 0.509766 0.984940
vt 0.512695 0.966675
vt 0.526855 0.966675
vt 0.526855 0.984940
vt -0.213745 0.905396
vt -0.197754 0.907776
vt -0.204346 0.898132
vt -0.153564 0.907776
vt -0.202271 0.912720
vt -0.146484 0.898132
vt -0.213013 0.934753
vt -0.202271 0.934753
vt -0.149048 0.912231
vt -0.136963 0.905334
vt -0.149048 0.934753
vt -0.136963 0.934753
vt -0.198853 0.934753
vt -0.198853 0.915771
vt -0.194824 0.912781
vt -0.156494 0.912903
vt -0.152466 0.915771
vt -0.152466 0.934753
vt -0.559570 0.288086
vt -0.539062 0.332031
vt -0.539062 0.287598
vt -0.559570 0.331543
vt -0.195679 0.934753
vt -0.195679 0.919495
vt -0.192871 0.916748
vt -0.158081 0.916748
vt -0.156494 0.919495
vt -0.156494 0.934631
vt -0.550781 0.984940
vt -0.537109 0.966675
vt -0.550781 0.966675
vt -0.533203 0.984940
vt -0.529785 0.966675
vt -0.492920 0.966675
vt -0.489990 0.984940
vt -0.487061 0.966675
vt -0.473145 0.966675
vt -0.473389 0.984940
vt 0.049347 0.112305
vt 0.024887 0.073242
vt 0.055634 0.077148
vt 0.023102 0.108398
vt 0.014725 0.062012
vt 0.014557 0.028320
vt 0.005192 0.062988
vt 0.015587 0.074707
vt 0.005379 0.009766
vt 0.062744 0.077637
vt 0.055756 0.118652
vt 0.014694 0.113281
vt 0.069458 0.070801
vt 0.061584 0.028809
vt 0.032349 0.032227
vt 0.068176 0.035645
vt 0.060425 0.003906
vt 0.035278 0.004395
vt 0.917969 0.482910
vt 0.891602 0.463379
vt 0.891602 0.482910
vt 0.917969 0.500000
vt 0.891602 0.500244
vt 0.928711 0.499512
vt 0.928711 0.481934
vt 0.917969 0.463379
vt 0.928711 0.462891
vt 0.928711 0.445801
vt 0.917969 0.446289
vt 0.891602 0.446289
vt 0.928711 0.429199
vt 0.917969 0.429688
vt 0.891602 0.429688
vt 0.891602 0.413574
vt 0.917969 0.413574
vt 0.928711 0.413086
vt 0.891602 0.396484
vt 0.917969 0.396484
vt 0.928711 0.396484
vt 0.928711 0.380371
vt 0.917969 0.380371
vt 0.928711 0.365234
vt 0.891602 0.380371
vt 0.917969 0.365234
vt 0.891602 0.365234
vt 0.860352 0.801270
vt 0.873047 0.828125
vt 0.873047 0.801270
vt 0.886230 0.801270
vt 0.860352 0.828125
vt 0.886230 0.828125
vt 0.848145 0.828125
vt 0.898438 0.801270
vt 0.848145 0.801270
vt 0.898438 0.828125
vt 0.835938 0.828125
vt 0.835938 0.801270
vt 0.909180 0.801270
vt 0.909180 0.828125
vt 0.920898 0.801270
vt 0.920898 0.828125
vt 0.933105 0.801270
vt 0.933105 0.828125
vt 0.412598 0.838989
vt 0.412598 0.825073
vt 0.425049 0.834595
vt 0.430420 0.825073
vt 0.400391 0.834595
vt 0.425049 0.815674
vt 0.394775 0.825073
vt 0.412598 0.811157
vt 0.400391 0.815674
vt 0.741211 0.742432
vt 0.726562 0.734375
vt 0.741211 0.724121
vt 0.741211 0.753784
vt 0.722656 0.748047
vt 0.760254 0.748047
vt 0.711426 0.733154
vt 0.756348 0.734375
vt 0.771484 0.733154
vt 0.771484 0.714844
vt 0.726562 0.713867
vt 0.711426 0.714844
vt 0.722656 0.699951
vt 0.741211 0.705566
vt 0.741211 0.694336
vt 0.756348 0.713867
vt 0.760254 0.699951
vt 0.655273 0.744385
vt 0.675293 0.737793
vt 0.663086 0.733887
vt 0.643066 0.727539
vt 0.675293 0.750732
vt 0.655273 0.723389
vt 0.643066 0.706543
vt 0.687988 0.733887
vt 0.695312 0.744385
vt 0.655273 0.710693
vt 0.655273 0.689697
vt 0.695312 0.723389
vt 0.708008 0.727539
vt 0.663086 0.700195
vt 0.675293 0.683350
vt 0.695312 0.710693
vt 0.708008 0.706543
vt 0.675293 0.696045
vt 0.695312 0.689697
vt 0.687988 0.700195
vt 0.675293 0.717041
vt 0.449219 0.899231
vt 0.465576 0.886902
vt 0.449219 0.886902
vt 0.465576 0.875488
vt 0.449219 0.875488
vt 0.465576 0.899231
vt 0.465576 0.914490
vt 0.449219 0.914490
vt 0.449219 0.929993
vt 0.465576 0.929993
vt 0.449219 0.944214
vt 0.465576 0.944214
vt 0.465576 0.957794
vt 0.449219 0.957794
vt 0.471191 0.888123
vt 0.471191 0.877258
vt 0.471191 0.907349
vt 0.471191 0.928650
vt 0.471191 0.941650
vt 0.471191 0.954620
vt 0.521973 0.955963
vt 0.534668 0.943542
vt 0.521973 0.942596
vt 0.534668 0.957306
vt 0.509766 0.954620
vt 0.534668 0.929810
vt 0.509766 0.941650
vt 0.521973 0.929260
vt 0.509766 0.928711
vt 0.509766 0.907349
vt 0.521973 0.914612
vt 0.534668 0.914734
vt 0.521973 0.899902
vt 0.534668 0.899597
vt 0.534668 0.886780
vt 0.521973 0.887451
vt 0.509766 0.888123
vt 0.509766 0.877258
vt 0.521973 0.876221
vt 0.534668 0.875244
vt 0.486084 0.888123
vt 0.486084 0.907349
vt 0.486084 0.877258
vt 0.497314 0.877258
vt 0.497314 0.888123
vt 0.497314 0.907349
vt 0.486084 0.928650
vt 0.497314 0.928650
vt 0.486084 0.941650
vt 0.486084 0.954620
vt 0.497314 0.941650
vt 0.497314 0.954620
vt 0.606445 0.263184
vt 0.627441 0.333008
vt 0.609375 0.333008
vt 0.622070 0.263184
vt 0.590332 0.263184
vt 0.651855 0.263184
vt 0.590332 0.333008
vt 0.661133 0.333008
vt 0.571289 0.333008
vt 0.672363 0.263184
vt 0.574707 0.263184
vt 0.686523 0.333008
vt 0.553711 0.333008
vt 0.690430 0.263184
vt 0.559082 0.263184
vt 0.696777 0.333008
vt 0.519531 0.333008
vt 0.700195 0.263184
vt 0.529297 0.263184
vt 0.707031 0.333008
vt 0.708008 0.263184
vt 0.508301 0.263184
vt 0.494385 0.333008
vt 0.490479 0.263184
vt 0.483887 0.333008
vt 0.480469 0.263184
vt 0.473633 0.333008
vt 0.472656 0.263184
vt 0.668945 0.427734
vt 0.642578 0.410156
vt 0.664062 0.410156
vt 0.649902 0.428711
vt 0.689941 0.421875
vt 0.627441 0.422363
vt 0.686035 0.406250
vt 0.704590 0.407715
vt 0.626465 0.412109
vt 0.602051 0.413086
vt 0.609863 0.407715
vt 0.604980 0.389648
vt 0.596191 0.388672
vt 0.603027 0.364746
vt 0.608887 0.371094
vt 0.625977 0.366699
vt 0.626465 0.355957
vt 0.642090 0.368652
vt 0.648926 0.348633
vt 0.667969 0.348633
vt 0.640625 0.389648
vt 0.625000 0.389648
vt 0.662598 0.388672
vt 0.663574 0.367676
vt 0.689453 0.353516
vt 0.684082 0.388184
vt 0.685547 0.370117
vt 0.704102 0.367188
vt 0.699707 0.387695
vt 0.700684 0.376465
vt 0.710449 0.387207
vt 0.701172 0.398926
vt 0.059662 0.936890
vt 0.026199 0.983871
vt 0.026108 0.941010
vt 0.011055 0.949432
vt 0.011108 0.975571
vt 0.004456 0.962524
vt 0.059753 0.987747
vt 0.096008 0.982803
vt 0.095947 0.941559
vt 0.114197 0.975189
vt 0.114136 0.949036
vt 0.120789 0.962097
vt 0.981934 0.834229
vt 0.977051 0.869507
vt 0.969238 0.866333
vt 0.963379 0.885132
vt 0.984863 0.852783
vt 0.956543 0.889465
vt 0.991211 0.815674
vt 0.957520 0.872803
vt 0.986328 0.780151
vt 0.957031 0.855103
vt 0.979980 0.784424
vt 0.963867 0.853271
vt 0.957031 0.803711
vt 0.965332 0.826172
vt 0.362549 0.755493
vt 0.344971 0.777710
vt 0.344971 0.759155
vt 0.328613 0.768433
vt 0.362549 0.781494
vt 0.394287 0.749512
vt 0.367432 0.781982
vt 0.367432 0.754883
vt 0.394287 0.787476
vt 0.406250 0.768433
vt 0.416260 0.743896
vt 0.416260 0.792969
vt 0.314453 0.685059
vt 0.309570 0.720215
vt 0.305908 0.685791
vt 0.305420 0.666260
vt 0.317383 0.703125
vt 0.299805 0.660156
vt 0.313965 0.740723
vt 0.296387 0.676514
vt 0.299561 0.773438
vt 0.291260 0.693359
vt 0.294922 0.767700
vt 0.297119 0.697021
vt 0.277588 0.742920
vt 0.291504 0.723389
vt 0.431641 0.658691
vt 0.428711 0.686035
vt 0.379395 0.659912
vt 0.432129 0.687744
vt 0.439697 0.668701
vt 0.439941 0.648438
vt 0.406982 0.705566
vt 0.432861 0.629639
vt 0.378418 0.714355
vt 0.425781 0.633789
vt 0.419434 0.614502
vt 0.350098 0.706787
vt 0.406250 0.616455
vt 0.401123 0.604980
vt 0.380127 0.602051
vt 0.329102 0.688232
vt 0.380127 0.609619
vt 0.359131 0.605957
vt 0.325684 0.690186
vt 0.318604 0.671387
vt 0.353760 0.617676
vt 0.340576 0.616455
vt 0.326660 0.632080
vt 0.326904 0.661133
vt 0.319092 0.651123
vt 0.333740 0.635742
vt 0.531738 0.591797
vt 0.544434 0.587891
vt 0.550781 0.633545
vt 0.558105 0.588135
vt 0.518066 0.610352
vt 0.570312 0.593750
vt 0.512207 0.633301
vt 0.580566 0.604004
vt 0.518066 0.656494
vt 0.587402 0.618164
vt 0.531738 0.674561
vt 0.589844 0.634033
vt 0.543945 0.678955
vt 0.587402 0.649658
vt 0.557617 0.679199
vt 0.580566 0.663574
vt 0.570312 0.673828
vt 0.073730 0.801270
vt 0.004490 0.811768
vt 0.073730 0.811768
vt 0.004490 0.801270
vt 0.142944 0.811768
vt 0.142944 0.801270
vt 0.499268 0.597656
vt 0.512695 0.592529
vt 0.499023 0.668213
vt 0.512207 0.673340
vt 0.073730 0.926880
vt 0.004490 0.915771
vt 0.004490 0.926880
vt 0.073730 0.915771
vt 0.142944 0.915771
vt 0.142944 0.926880
vt 0.086792 0.904724
vt 0.041138 0.863525
vt 0.030640 0.893677
vt 0.086121 0.822754
vt 0.029297 0.833740
vt 0.452393 0.593262
vt 0.452148 0.672607
vt 0.894043 0.887695
vt 0.873535 0.873657
vt 0.894043 0.873657
vt 0.914551 0.887695
vt 0.873535 0.887695
vt 0.914551 0.873657
vt 0.853516 0.873657
vt 0.934570 0.887695
vt 0.934570 0.873657
vt 0.853516 0.887695
vt 0.833008 0.873657
vt 0.833008 0.887695
vt 0.812500 0.873657
vt 0.812500 0.887695
vt 0.792480 0.873657
vt 0.792480 0.887695
vt 0.771973 0.873657
vt 0.771973 0.887695
vt 0.751465 0.873657
vt 0.751465 0.887695
vt 0.730957 0.873657
vt 0.730957 0.887695
vt 0.710938 0.873657
vt 0.710938 0.887695
vt 0.690430 0.873657
vt 0.690430 0.887695
vt 0.283447 0.483398
vt 0.285889 0.498535
vt 0.271729 0.492188
vt 0.286133 0.502441
vt 0.289062 0.496094
vt 0.272461 0.506592
vt 0.298828 0.483887
vt 0.288818 0.505371
vt 0.292969 0.496582
vt 0.282959 0.517578
vt 0.309570 0.495117
vt 0.292969 0.505371
vt 0.295898 0.499512
vt 0.298584 0.518066
vt 0.310059 0.509277
vt 0.295898 0.503174
vt 0.828125 0.779419
vt 0.798340 0.760742
vt 0.798340 0.779419
vt 0.828125 0.760742
vt 0.857422 0.779419
vt 0.857422 0.760742
vt 0.887207 0.779419
vt 0.887207 0.760742
vt 0.916504 0.779419
vt 0.916504 0.760742
vt 0.946289 0.779419
vt 0.946289 0.760742
vt 0.976074 0.779419
vt 0.976074 0.760742
vt 0.768555 0.779419
vt 0.739258 0.760742
vt 0.739258 0.779419
vt 0.768555 0.760742
vt 0.990234 0.918213
vt 0.972656 0.930664
vt 0.990234 0.930664
vt 0.972656 0.943085
vt 0.972656 0.918213
vt 0.990234 0.943085
vt 0.990234 0.905823
vt 0.972656 0.955475
vt 0.972656 0.905823
vt 0.990234 0.955475
vt 0.990234 0.893433
vt 0.972656 0.893433
vt 0.972656 0.967896
vt 0.990234 0.967896
vt 0.972656 0.980316
vt 0.990234 0.980316
vt 0.972656 0.992733
vt 0.990234 0.992733
vt 0.853516 0.863892
vt 0.880371 0.844116
vt 0.880371 0.863892
vt 0.907715 0.844116
vt 0.907715 0.863892
vt 0.853516 0.844116
vt 0.826172 0.863892
vt 0.826172 0.844116
vt 0.799316 0.863892
vt 0.799316 0.844116
vt 0.771973 0.863892
vt 0.771973 0.844116
vt 0.744629 0.863892
vt 0.744629 0.844116
vt 0.717773 0.863892
vt 0.717773 0.844116
vt 0.690430 0.863892
vt 0.690430 0.844116
vt 0.619141 0.968689
vt 0.602539 0.948547
vt 0.615723 0.951935
vt 0.612305 0.933228
vt 0.603027 0.966461
vt 0.626953 0.939178
vt 0.613281 0.982178
vt 0.628906 0.924622
vt 0.633789 0.979828
vt 0.648438 0.924988
vt 0.630371 0.991463
vt 0.645508 0.936646
vt 0.651855 0.977280
vt 0.666016 0.934265
vt 0.649902 0.991844
vt 0.659668 0.947754
vt 0.666992 0.983215
vt 0.675781 0.949982
vt 0.663574 0.964508
vt 0.676270 0.967896
vt 0.310303 0.838745
vt 0.303467 0.822876
vt 0.314697 0.818237
vt 0.313721 0.807129
vt 0.302979 0.840698
vt 0.324463 0.854492
vt 0.312256 0.856079
vt 0.329102 0.864624
vt 0.346924 0.857666
vt 0.348877 0.864258
vt 0.364990 0.843994
vt 0.366211 0.855103
vt 0.376465 0.839355
vt 0.369385 0.823364
vt 0.376709 0.821533
vt 0.355225 0.807739
vt 0.367432 0.806152
vt 0.350586 0.797485
vt 0.332764 0.804565
vt 0.330811 0.797852
vt -0.126343 0.873657
vt -0.105896 0.887695
vt -0.105896 0.873657
vt -0.085571 0.887695
vt -0.126343 0.887695
vt -0.085571 0.873657
vt -0.146606 0.873657
vt -0.065186 0.887695
vt -0.065186 0.873657
vt -0.146606 0.887695
vt -0.166992 0.873657
vt -0.166992 0.887695
vt -0.187378 0.873657
vt -0.187378 0.887695
vt -0.207764 0.873657
vt -0.207764 0.887695
vt -0.228149 0.873657
vt -0.228149 0.887695
vt -0.248535 0.873657
vt -0.248535 0.887695
vt -0.268799 0.873657
vt -0.268799 0.887695
vt -0.289307 0.873657
vt -0.289307 0.887695
vt -0.309570 0.873657
vt -0.309570 0.887695
vt -0.713867 0.498535
vt -0.716797 0.483398
vt -0.728027 0.492188
vt -0.713867 0.502441
vt -0.710938 0.496094
vt -0.727539 0.506592
vt -0.701172 0.483887
vt -0.710938 0.505371
vt -0.707031 0.496582
vt -0.717285 0.517578
vt -0.690430 0.495117
vt -0.707031 0.505371
vt -0.704102 0.499512
vt -0.701660 0.518066
vt -0.689941 0.509277
vt -0.704102 0.503174
vt -0.201660 0.760742
vt -0.171997 0.779419
vt -0.201660 0.779419
vt -0.171997 0.760742
vt -0.142456 0.779419
vt -0.142456 0.760742
vt -0.112854 0.779419
vt -0.112854 0.760742
vt -0.083252 0.779419
vt -0.083252 0.760742
vt -0.053650 0.779419
vt -0.053650 0.760742
vt -0.024078 0.779419
vt -0.024078 0.760742
vt -0.260742 0.760742
vt -0.231201 0.779419
vt -0.260742 0.779419
vt -0.231201 0.760742
vt -0.027451 0.930664
vt -0.009735 0.918213
vt -0.009735 0.930664
vt -0.027451 0.943085
vt -0.027451 0.918213
vt -0.009735 0.943085
vt -0.009735 0.905823
vt -0.027451 0.955475
vt -0.027451 0.905823
vt -0.009735 0.955475
vt -0.009735 0.893433
vt -0.027451 0.893433
vt -0.027451 0.967896
vt -0.009735 0.967896
vt -0.027451 0.980316
vt -0.009735 0.980316
vt -0.027451 0.992733
vt -0.009735 0.992733
vt -0.119385 0.844116
vt -0.146606 0.863892
vt -0.119385 0.863892
vt -0.092224 0.844116
vt -0.092224 0.863892
vt -0.146606 0.844116
vt -0.173706 0.863892
vt -0.173706 0.844116
vt -0.200928 0.863892
vt -0.200928 0.844116
vt -0.228027 0.863892
vt -0.228027 0.844116
vt -0.255371 0.863892
vt -0.255371 0.844116
vt -0.282471 0.863892
vt -0.282471 0.844116
vt -0.309570 0.863892
vt -0.309570 0.844116
vt -0.397461 0.948547
vt -0.380859 0.968689
vt -0.384521 0.951935
vt -0.387939 0.933228
vt -0.396973 0.966461
vt -0.372803 0.939178
vt -0.386719 0.982178
vt -0.371094 0.924622
vt -0.366455 0.979828
vt -0.351562 0.924988
vt -0.369629 0.991463
vt -0.354736 0.936646
vt -0.348145 0.977280
vt -0.334229 0.934265
vt -0.349854 0.991844
vt -0.340088 0.947754
vt -0.333008 0.983215
vt -0.323975 0.949982
vt -0.336426 0.964508
vt -0.323730 0.967896
vt -0.696777 0.822876
vt -0.689453 0.838745
vt -0.685059 0.818237
vt -0.686523 0.807129
vt -0.697266 0.840698
vt -0.675293 0.854492
vt -0.687500 0.856079
vt -0.670898 0.864624
vt -0.652832 0.857666
vt -0.651367 0.864258
vt -0.635254 0.843994
vt -0.633789 0.855103
vt -0.623535 0.839355
vt -0.630371 0.823364
vt -0.623047 0.821533
vt -0.645020 0.807739
vt -0.632812 0.806152
vt -0.649414 0.797485
vt -0.667480 0.804565
vt -0.668945 0.797852
vt 0.994141 0.667725
vt 0.943359 0.691406
vt 0.943359 0.667725
vt 0.994141 0.665039
vt 0.994141 0.691406
vt 0.943359 0.665039
vt 0.994141 0.694336
vt 0.943359 0.694336
vt 0.935547 0.665283
vt 0.939453 0.662842
vt 0.935547 0.693848
vt 0.939453 0.696045
vt -0.056793 0.691406
vt -0.005661 0.667725
vt -0.056793 0.667725
vt -0.005661 0.665039
vt -0.005661 0.691406
vt -0.056793 0.665039
vt -0.005661 0.694336
vt -0.056793 0.694336
vt -0.064697 0.665283
vt -0.060516 0.662842
vt -0.064697 0.693848
vt -0.060516 0.696045
vt 0.993652 0.629883
vt 0.942871 0.653564
vt 0.942871 0.629883
vt 0.993652 0.627197
vt 0.993652 0.653564
vt 0.942871 0.627197
vt 0.993652 0.656494
vt 0.942871 0.656494
vt 0.935059 0.627441
vt 0.938965 0.625244
vt 0.935059 0.656250
vt 0.938965 0.658203
vt -0.057251 0.653564
vt -0.006123 0.629883
vt -0.057251 0.629883
vt -0.006123 0.627197
vt -0.006123 0.653564
vt -0.057251 0.627197
vt -0.006123 0.656494
vt -0.057251 0.656494
vt -0.065186 0.627441
vt -0.060974 0.625244
vt -0.065186 0.656250
vt -0.060974 0.658203
vt 0.994141 0.706543
vt 0.943359 0.730225
vt 0.943359 0.706543
vt 0.994141 0.703857
vt 0.994141 0.730225
vt 0.943359 0.703857
vt 0.994141 0.733154
vt 0.943359 0.733154
vt 0.935547 0.704102
vt 0.939453 0.701660
vt 0.935547 0.732666
vt 0.939453 0.734863
vt -0.056793 0.730225
vt -0.005661 0.706543
vt -0.056793 0.706543
vt -0.005661 0.703857
vt -0.005661 0.730225
vt -0.056793 0.703857
vt -0.005661 0.733154
vt -0.056793 0.733154
vt -0.064697 0.704102
vt -0.060516 0.701660
vt -0.064697 0.732666
vt -0.060516 0.734863
vt 0.583008 0.390625
vt 0.559082 0.350098
vt 0.583008 0.350098
vt 0.559082 0.390625
vt 0.535645 0.350098
vt 0.583008 0.416016
vt 0.535645 0.390625
vt 0.510742 0.350098
vt 0.559082 0.416016
vt 0.546387 0.433105
vt 0.583008 0.433105
vt 0.583008 0.441895
vt 0.535645 0.416016
vt 0.546387 0.441895
vt 0.583008 0.459473
vt 0.546387 0.459473
vt 0.510742 0.433105
vt 0.510742 0.441895
vt 0.510742 0.459473
vt 0.510742 0.416016
vt 0.474854 0.441895
vt 0.474854 0.459473
vt 0.474854 0.433105
vt 0.438965 0.441895
vt 0.438965 0.459473
vt 0.438965 0.433105
vt 0.403076 0.441895
vt 0.403076 0.459473
vt 0.403076 0.433105
vt 0.367676 0.441895
vt 0.367676 0.459473
vt 0.367676 0.433105
vt 0.331543 0.441895
vt 0.331543 0.459473
vt 0.331543 0.433105
vt 0.295898 0.441895
vt 0.295898 0.459473
vt 0.295898 0.433105
vt 0.259766 0.441895
vt 0.259766 0.459473
vt 0.259766 0.433105
vt 0.224121 0.441895
vt 0.224121 0.459473
vt 0.224121 0.433105
vt 0.188232 0.441895
vt 0.188232 0.459473
vt 0.188232 0.433105
vt 0.152100 0.441895
vt 0.152100 0.459473
vt 0.152100 0.433105
vt 0.116272 0.441895
vt 0.116272 0.459473
vt 0.116272 0.433105
vt 0.080261 0.441895
vt 0.080261 0.459473
vt 0.080261 0.433105
vt 0.044342 0.441895
vt 0.044342 0.459473
vt 0.008560 0.441895
vt 0.008560 0.459473
vt 0.008560 0.433105
vt 0.044342 0.433105
vt 0.032410 0.416016
vt 0.008560 0.416016
vt 0.008560 0.390625
vt 0.080261 0.416016
vt 0.032410 0.390625
vt 0.008560 0.350098
vt 0.032410 0.350098
vt 0.055756 0.416016
vt 0.055756 0.390625
vt 0.055756 0.350098
vt 0.080261 0.390625
vt 0.080261 0.350098
vt 0.104248 0.416016
vt 0.104248 0.390625
vt 0.104248 0.350098
vt 0.127808 0.390625
vt 0.127808 0.350098
vt 0.127808 0.416016
vt 0.152710 0.416016
vt 0.152710 0.390625
vt 0.152710 0.350098
vt 0.176392 0.416016
vt 0.176392 0.390625
vt 0.176392 0.350098
vt 0.200439 0.350098
vt 0.200439 0.416016
vt 0.200439 0.390625
vt 0.224121 0.350098
vt 0.224121 0.416016
vt 0.224121 0.390625
vt 0.247803 0.350098
vt 0.247803 0.416016
vt 0.247803 0.390625
vt 0.272217 0.350098
vt 0.272217 0.416016
vt 0.272217 0.390625
vt 0.295898 0.350098
vt 0.295898 0.416016
vt 0.295898 0.390625
vt 0.320801 0.350098
vt 0.320801 0.416016
vt 0.320801 0.390625
vt 0.343994 0.350098
vt 0.343994 0.416016
vt 0.343994 0.390625
vt 0.367676 0.350098
vt 0.367676 0.416016
vt 0.367676 0.390625
vt 0.391846 0.350098
vt 0.391846 0.416016
vt 0.391846 0.390625
vt 0.415771 0.350098
vt 0.415771 0.416016
vt 0.415771 0.390625
vt 0.438965 0.350098
vt 0.438965 0.416016
vt 0.438965 0.390625
vt 0.463379 0.416016
vt 0.463379 0.390625
vt 0.463379 0.350098
vt 0.487549 0.416016
vt 0.487549 0.390625
vt 0.487549 0.350098
vt 0.510742 0.390625
vt -0.441162 0.350098
vt -0.417236 0.390625
vt -0.417236 0.350098
vt -0.441162 0.390625
vt -0.464600 0.350098
vt -0.417236 0.416016
vt -0.464600 0.390625
vt -0.489014 0.350098
vt -0.441162 0.416016
vt -0.453369 0.433105
vt -0.417236 0.433105
vt -0.417236 0.441895
vt -0.464600 0.416016
vt -0.453369 0.441895
vt -0.417236 0.459473
vt -0.453369 0.459473
vt -0.489014 0.433105
vt -0.489014 0.441895
vt -0.489014 0.459473
vt -0.489014 0.416016
vt -0.525391 0.441895
vt -0.525391 0.459473
vt -0.525391 0.433105
vt -0.561035 0.441895
vt -0.561035 0.459473
vt -0.561035 0.433105
vt -0.597168 0.441895
vt -0.597168 0.459473
vt -0.597168 0.433105
vt -0.632324 0.441895
vt -0.632324 0.459473
vt -0.632324 0.433105
vt -0.668457 0.441895
vt -0.668457 0.459473
vt -0.668457 0.433105
vt -0.704102 0.441895
vt -0.704102 0.459473
vt -0.704102 0.433105
vt -0.740234 0.441895
vt -0.740234 0.459473
vt -0.740234 0.433105
vt -0.775879 0.441895
vt -0.775879 0.459473
vt -0.775879 0.433105
vt -0.812012 0.441895
vt -0.812012 0.459473
vt -0.812012 0.433105
vt -0.848145 0.441895
vt -0.848145 0.459473
vt -0.848145 0.433105
vt -0.883789 0.441895
vt -0.883789 0.459473
vt -0.883789 0.433105
vt -0.919922 0.441895
vt -0.919922 0.459473
vt -0.919922 0.433105
vt -0.955566 0.441895
vt -0.955566 0.459473
vt -0.991211 0.441895
vt -0.991211 0.459473
vt -0.991211 0.433105
vt -0.955566 0.433105
vt -0.967773 0.416016
vt -0.991211 0.416016
vt -0.991211 0.390625
vt -0.919922 0.416016
vt -0.967773 0.390625
vt -0.991211 0.350098
vt -0.944336 0.416016
vt -0.967773 0.350098
vt -0.944336 0.390625
vt -0.944336 0.350098
vt -0.919922 0.390625
vt -0.919922 0.350098
vt -0.895508 0.416016
vt -0.895508 0.390625
vt -0.895508 0.350098
vt -0.872070 0.390625
vt -0.872070 0.350098
vt -0.872070 0.416016
vt -0.847168 0.416016
vt -0.847168 0.390625
vt -0.847168 0.350098
vt -0.823730 0.416016
vt -0.823730 0.390625
vt -0.823730 0.350098
vt -0.799316 0.350098
vt -0.799316 0.416016
vt -0.799316 0.390625
vt -0.775879 0.350098
vt -0.775879 0.416016
vt -0.775879 0.390625
vt -0.751953 0.350098
vt -0.751953 0.416016
vt -0.751953 0.390625
vt -0.727539 0.350098
vt -0.727539 0.416016
vt -0.727539 0.390625
vt -0.704102 0.350098
vt -0.704102 0.416016
vt -0.704102 0.390625
vt -0.679199 0.350098
vt -0.679199 0.416016
vt -0.679199 0.390625
vt -0.656250 0.350098
vt -0.656250 0.416016
vt -0.656250 0.390625
vt -0.632324 0.350098
vt -0.632324 0.416016
vt -0.632324 0.390625
vt -0.607910 0.350098
vt -0.607910 0.416016
vt -0.607910 0.390625
vt -0.584473 0.350098
vt -0.584473 0.416016
vt -0.584473 0.390625
vt -0.561035 0.350098
vt -0.561035 0.416016
vt -0.561035 0.390625
vt -0.536621 0.416016
vt -0.536621 0.390625
vt -0.536621 0.350098
vt -0.512695 0.416016
vt -0.512695 0.390625
vt -0.512695 0.350098
vt -0.489014 0.390625
vt 0.930176 0.990814
vt 0.958008 0.957489
vt 0.957031 0.990814
vt 0.929688 0.971405
vt 0.901855 0.957489
vt 0.902832 0.990814
vt 0.889648 0.710449
vt 0.849121 0.686279
vt 0.866211 0.710693
vt 0.889648 0.687012
vt 0.889648 0.733887
vt 0.849121 0.735107
vt 0.586426 0.958862
vt 0.554199 0.981628
vt 0.554199 0.958862
vt 0.586426 0.981628
vt 0.410156 0.293457
vt 0.433105 0.328125
vt 0.410156 0.328125
vt 0.433105 0.293457
vt 0.902344 0.905151
vt 0.874512 0.939331
vt 0.875488 0.906494
vt 0.902344 0.924255
vt 0.930176 0.939362
vt 0.929199 0.906555
vt 0.812988 0.732910
vt 0.840820 0.698730
vt 0.812988 0.713867
vt 0.839844 0.731445
vt 0.786133 0.731445
vt 0.784668 0.698730
vt 0.888184 0.966125
vt 0.856445 0.988167
vt 0.856445 0.966125
vt 0.888184 0.988167
vt 0.588867 0.911560
vt 0.553711 0.933594
vt 0.553711 0.911560
vt 0.588867 0.933594
vt 0.762207 0.060547
vt 0.784668 0.085938
vt 0.762207 0.085938
vt 0.762207 0.110840
vt 0.741211 0.085938
vt 0.784668 0.060547
vt 0.939453 0.077637
vt 0.939453 0.060547
vt 0.939453 0.094238
vt 0.939453 0.043945
vt 0.784668 0.110840
vt 0.939453 0.110840
vt 0.784668 0.136230
vt 0.939453 0.127930
vt 0.939453 0.144531
vt 0.784668 0.161621
vt 0.939453 0.161621
vt 0.762207 0.136230
vt 0.784668 0.187012
vt 0.939453 0.178223
vt 0.939453 0.195312
vt 0.762207 0.161621
vt 0.939453 0.211914
vt 0.784668 0.212402
vt 0.762207 0.187012
vt 0.762207 0.212402
vt 0.741211 0.212402
vt 0.733887 0.212402
vt 0.733887 0.195312
vt 0.741211 0.187012
vt 0.733887 0.178223
vt 0.733887 0.161621
vt 0.741211 0.161621
vt 0.733887 0.144531
vt 0.741211 0.136230
vt 0.733887 0.127930
vt 0.733887 0.110840
vt 0.741211 0.110840
vt 0.733887 0.094238
vt 0.733887 0.077637
vt 0.733887 0.060547
vt 0.741211 0.060547
vt 0.733887 0.043945
vt 0.741211 0.035645
vt 0.733887 0.027344
vt 0.733887 0.010254
vt 0.741211 0.010254
vt 0.762207 0.035645
vt 0.762207 0.010254
vt 0.784668 0.010254
vt 0.784668 0.035645
vt 0.939453 0.010254
vt 0.939453 0.027344
vt 0.266357 0.691162
vt 0.218018 0.691162
vt 0.260254 0.713135
vt 0.242188 0.728760
vt 0.260254 0.669189
vt 0.218018 0.735107
vt 0.242188 0.653320
vt 0.193970 0.728760
vt 0.218018 0.647217
vt 0.175781 0.713135
vt 0.193970 0.653320
vt 0.169800 0.691162
vt 0.175781 0.669189
vt 0.656250 0.866333
vt 0.680664 0.879456
vt 0.663086 0.879456
vt 0.675781 0.861816
vt 0.675781 0.897156
vt 0.661133 0.849121
vt 0.641602 0.844116
vt 0.656250 0.892578
vt 0.661133 0.909790
vt 0.641602 0.914856
vt 0.641602 0.879456
vt 0.641602 0.860107
vt 0.626953 0.866333
vt 0.622070 0.849121
vt 0.607422 0.861816
vt 0.620117 0.879456
vt 0.602539 0.879456
vt 0.607422 0.897156
vt 0.626953 0.892578
vt 0.622070 0.909790
vt 0.641602 0.898804
vt 0.715820 0.077637
vt 0.715820 0.060547
vt 0.715820 0.094238
vt 0.715820 0.043945
vt 0.715820 0.110840
vt 0.715820 0.027344
vt 0.715820 0.127930
vt 0.715820 0.010254
vt 0.715820 0.144531
vt 0.715820 0.161621
vt 0.715820 0.178223
vt 0.715820 0.195312
vt 0.715820 0.212402
vt 0.708984 0.043945
vt 0.708984 0.027344
vt 0.708984 0.060547
vt 0.708984 0.010254
vt 0.708984 0.077637
vt 0.708984 0.094238
vt 0.708984 0.110840
vt 0.708984 0.127930
vt 0.708984 0.144531
vt 0.708984 0.161621
vt 0.708984 0.178223
vt 0.708984 0.195312
vt 0.708984 0.212402
vt -0.975098 0.073242
vt -0.950684 0.112305
vt -0.944336 0.077148
vt -0.977051 0.108398
vt -0.985352 0.062012
vt -0.985352 0.028320
vt -0.994629 0.062988
vt -0.984375 0.074707
vt -0.994629 0.009766
vt -0.937012 0.077637
vt -0.944336 0.118652
vt -0.985352 0.113281
vt -0.938477 0.028809
vt -0.930664 0.070801
vt -0.967773 0.032227
vt -0.931641 0.035645
vt -0.939453 0.003906
vt -0.964844 0.004395
vt -0.108459 0.463379
vt -0.082214 0.482910
vt -0.108459 0.482910
vt -0.082214 0.500000
vt -0.108459 0.500244
vt -0.071533 0.499512
vt -0.071533 0.481934
vt -0.082214 0.463379
vt -0.071533 0.462891
vt -0.071533 0.445801
vt -0.082214 0.446289
vt -0.108459 0.446289
vt -0.071533 0.429199
vt -0.082214 0.429688
vt -0.108459 0.429688
vt -0.108337 0.413574
vt -0.082214 0.413574
vt -0.071533 0.413086
vt -0.108337 0.396484
vt -0.082214 0.396484
vt -0.071533 0.396484
vt -0.071533 0.380371
vt -0.082214 0.380371
vt -0.071533 0.365234
vt -0.108337 0.380371
vt -0.082214 0.365234
vt -0.108337 0.365234
vt -0.127075 0.828125
vt -0.139893 0.801270
vt -0.127075 0.801270
vt -0.113770 0.801270
vt -0.139893 0.828125
vt -0.113770 0.828125
vt -0.151611 0.828125
vt -0.101685 0.801270
vt -0.151611 0.801270
vt -0.101685 0.828125
vt -0.163940 0.828125
vt -0.163940 0.801270
vt -0.090759 0.801270
vt -0.090759 0.828125
vt -0.079285 0.801270
vt -0.079285 0.828125
vt -0.067139 0.801270
vt -0.067139 0.828125
vt -0.587402 0.825073
vt -0.587402 0.838989
vt -0.575195 0.834595
vt -0.569336 0.825073
vt -0.599609 0.834595
vt -0.575195 0.815674
vt -0.605469 0.825073
vt -0.587402 0.811157
vt -0.599609 0.815674
vt -0.225952 0.932617
vt -0.223389 0.925354
vt -0.224365 0.917847
vt -0.235352 0.938599
vt -0.232300 0.910461
vt -0.268555 0.901855
vt -0.272705 0.941315
vt -0.296387 0.941498
vt -0.291748 0.897949
vt -0.305908 0.933838
vt -0.302734 0.903992
vt -0.309570 0.918518
vt -0.602539 0.903625
vt -0.579590 0.911377
vt -0.576172 0.906677
vt -0.600098 0.908936
vt -0.604004 0.879150
vt -0.596191 0.913269
vt -0.568848 0.883240
vt -0.583984 0.914612
vt -0.590332 0.915222
vt -0.565430 0.867554
vt -0.604004 0.863037
vt -0.600098 0.857666
vt -0.567871 0.861450
vt -0.574219 0.856323
vt -0.592773 0.854126
vt -0.583008 0.853882
vt -0.342041 0.800537
vt -0.380615 0.833740
vt -0.377197 0.800537
vt -0.384277 0.800537
vt -0.342041 0.833740
vt -0.391602 0.833740
vt -0.312256 0.833740
vt -0.391602 0.800537
vt -0.312256 0.800537
vt -0.397461 0.833740
vt -0.397461 0.800537
vt -0.299561 0.833740
vt -0.304199 0.800537
vt -0.294922 0.800537
vt -0.284424 0.800537
vt -0.284424 0.833740
vt -0.273682 0.800537
vt -0.269043 0.833740
vt -0.264404 0.800537
vt -0.256348 0.800537
vt -0.256348 0.833740
vt -0.229126 0.800537
vt -0.229126 0.833740
vt -0.193970 0.800537
vt -0.190430 0.833740
vt -0.186890 0.800537
vt -0.181519 0.800537
vt -0.181519 0.833740
vt -0.173706 0.800537
vt -0.173706 0.833740
vt -0.229370 0.958893
vt -0.238647 0.984955
vt -0.229370 0.984955
vt -0.238647 0.958893
vt -0.229370 0.949982
vt -0.238647 0.949982
vt -0.248779 0.984955
vt -0.248779 0.949982
vt -0.248779 0.958893
vt -0.259033 0.984962
vt -0.259033 0.949982
vt -0.259033 0.958893
vt -0.269531 0.984962
vt -0.269531 0.949982
vt -0.269531 0.958893
vt -0.279541 0.984962
vt -0.279541 0.949982
vt -0.279541 0.958893
vt -0.289795 0.984962
vt -0.289795 0.949982
vt -0.289795 0.958893
vt -0.300049 0.984962
vt -0.300049 0.949982
vt -0.300049 0.958893
vt -0.309570 0.984962
vt -0.309570 0.949982
vt -0.309570 0.958893
vt -0.480957 0.486816
vt -0.480957 0.500000
vt -0.469727 0.495605
vt -0.464600 0.486816
vt -0.492188 0.495605
vt -0.469727 0.477539
vt -0.497314 0.486816
vt -0.480957 0.473145
vt -0.492188 0.477539
vt -0.695312 0.592529
vt -0.684570 0.596436
vt -0.684570 0.583252
vt -0.684570 0.601807
vt -0.699219 0.596436
vt -0.669434 0.596436
vt -0.699219 0.583252
vt -0.705566 0.583252
vt -0.673828 0.592529
vt -0.663574 0.583252
vt -0.695312 0.573975
vt -0.699219 0.570068
vt -0.669434 0.583252
vt -0.669434 0.570068
vt -0.684570 0.570068
vt -0.684570 0.564453
vt -0.673828 0.573975
vt -0.840820 0.985313
vt -0.856934 0.985313
vt -0.852539 0.980591
vt -0.863770 0.969193
vt -0.840820 0.991989
vt -0.856934 0.969193
vt -0.856934 0.953094
vt -0.829590 0.980591
vt -0.825195 0.985313
vt -0.840820 0.969193
vt -0.825195 0.969193
vt -0.818359 0.969193
vt -0.829590 0.957794
vt -0.825195 0.953094
vt -0.852539 0.957794
vt -0.840820 0.946411
vt -0.840820 0.953094
vt -0.273682 0.734375
vt -0.258545 0.742432
vt -0.258545 0.724121
vt -0.258545 0.753784
vt -0.277100 0.748047
vt -0.239990 0.748047
vt -0.288574 0.733154
vt -0.243530 0.734375
vt -0.228394 0.733154
vt -0.228394 0.714844
vt -0.243530 0.713867
vt -0.239990 0.699951
vt -0.258545 0.694336
vt -0.258545 0.705566
vt -0.277100 0.699951
vt -0.273682 0.713867
vt -0.288574 0.714844
vt -0.324463 0.737793
vt -0.344727 0.744385
vt -0.336914 0.733887
vt -0.356934 0.727539
vt -0.324463 0.750732
vt -0.344727 0.723389
vt -0.356934 0.706543
vt -0.312256 0.733887
vt -0.304443 0.744385
vt -0.344727 0.710693
vt -0.344727 0.689697
vt -0.304443 0.723389
vt -0.291992 0.727539
vt -0.336914 0.700195
vt -0.324463 0.683350
vt -0.304443 0.710693
vt -0.291992 0.706543
vt -0.324463 0.696045
vt -0.304443 0.689697
vt -0.312256 0.700195
vt -0.324463 0.717041
vt -0.534668 0.886902
vt -0.550781 0.899231
vt -0.550781 0.886902
vt -0.534668 0.875488
vt -0.550781 0.875488
vt -0.534668 0.899231
vt -0.534668 0.914490
vt -0.550781 0.914490
vt -0.550781 0.929993
vt -0.534668 0.929993
vt -0.550781 0.944214
vt -0.534668 0.944214
vt -0.534668 0.957794
vt -0.550781 0.957794
vt -0.528809 0.888123
vt -0.528809 0.877258
vt -0.528809 0.907349
vt -0.528809 0.928650
vt -0.528809 0.941650
vt -0.528809 0.954620
vt -0.465576 0.943542
vt -0.477783 0.955963
vt -0.477783 0.942596
vt -0.465576 0.957306
vt -0.490234 0.954620
vt -0.465576 0.929810
vt -0.490234 0.941650
vt -0.477783 0.929260
vt -0.490234 0.928711
vt -0.490234 0.907349
vt -0.477783 0.914612
vt -0.465576 0.914734
vt -0.477783 0.899902
vt -0.465576 0.899597
vt -0.465576 0.886780
vt -0.477783 0.887451
vt -0.490234 0.888123
vt -0.490234 0.877258
vt -0.477783 0.876221
vt -0.465576 0.875244
vt -0.513672 0.888123
vt -0.513672 0.907349
vt -0.513672 0.877258
vt -0.502930 0.877258
vt -0.502930 0.888123
vt -0.502930 0.907349
vt -0.513672 0.928650
vt -0.502930 0.928650
vt -0.513672 0.941650
vt -0.513672 0.954620
vt -0.502930 0.941650
vt -0.502930 0.954620
vt -0.372803 0.333008
vt -0.393799 0.263184
vt -0.390381 0.333008
vt -0.378174 0.263184
vt -0.409668 0.263184
vt -0.348389 0.263184
vt -0.409668 0.333008
vt -0.338867 0.333008
vt -0.428711 0.333008
vt -0.327637 0.263184
vt -0.425293 0.263184
vt -0.313477 0.333008
vt -0.446533 0.333008
vt -0.309570 0.263184
vt -0.441162 0.263184
vt -0.302979 0.333008
vt -0.480469 0.333008
vt -0.299805 0.263184
vt -0.470947 0.263184
vt -0.292725 0.333008
vt -0.291748 0.263184
vt -0.491455 0.263184
vt -0.505859 0.333008
vt -0.509277 0.263184
vt -0.516113 0.333008
vt -0.519531 0.263184
vt -0.526367 0.333008
vt -0.527344 0.263184
vt -0.357422 0.410156
vt -0.330811 0.427734
vt -0.336182 0.410156
vt -0.350098 0.428711
vt -0.309814 0.421875
vt -0.372803 0.422363
vt -0.313721 0.406250
vt -0.295654 0.407715
vt -0.373291 0.412109
vt -0.397705 0.413086
vt -0.390381 0.407715
vt -0.395264 0.389648
vt -0.403809 0.388672
vt -0.396973 0.364746
vt -0.390869 0.371094
vt -0.374023 0.366699
vt -0.373535 0.355957
vt -0.357910 0.368652
vt -0.351074 0.348633
vt -0.332031 0.348633
vt -0.359131 0.389648
vt -0.375000 0.389648
vt -0.337646 0.388672
vt -0.336670 0.367676
vt -0.310791 0.353516
vt -0.315918 0.388184
vt -0.314209 0.370117
vt -0.296143 0.367188
vt -0.300293 0.387695
vt -0.299072 0.376465
vt -0.289795 0.387207
vt -0.298828 0.398926
vt -0.973633 0.983871
vt -0.940430 0.936890
vt -0.974121 0.941010
vt -0.988770 0.949432
vt -0.988770 0.975571
vt -0.995605 0.962524
vt -0.940430 0.987747
vt -0.903809 0.982803
vt -0.904297 0.941559
vt -0.885742 0.975189
vt -0.885742 0.949036
vt -0.879395 0.962097
vt -0.022781 0.869507
vt -0.018158 0.834229
vt -0.030807 0.866333
vt -0.036469 0.885132
vt -0.015121 0.852783
vt -0.043365 0.889465
vt -0.008652 0.815674
vt -0.042267 0.872803
vt -0.013824 0.780151
vt -0.042938 0.855103
vt -0.019958 0.784424
vt -0.036224 0.853271
vt -0.043030 0.803711
vt -0.034821 0.826172
vt -0.655273 0.777710
vt -0.637695 0.755493
vt -0.655273 0.759155
vt -0.671387 0.768433
vt -0.637695 0.781494
vt -0.632324 0.781982
vt -0.605469 0.749512
vt -0.632324 0.754883
vt -0.605469 0.787476
vt -0.593750 0.768433
vt -0.583496 0.743896
vt -0.583496 0.792969
vt -0.690430 0.720215
vt -0.685547 0.685059
vt -0.694336 0.685791
vt -0.694824 0.666260
vt -0.682617 0.703125
vt -0.700195 0.660156
vt -0.686035 0.740723
vt -0.703613 0.676514
vt -0.700195 0.773438
vt -0.708984 0.693359
vt -0.705078 0.767700
vt -0.702637 0.697021
vt -0.722656 0.742920
vt -0.708496 0.723389
vt -0.571289 0.686035
vt -0.568359 0.658691
vt -0.620605 0.659912
vt -0.567871 0.687744
vt -0.560547 0.668701
vt -0.560059 0.648438
vt -0.593262 0.705566
vt -0.566895 0.629639
vt -0.621582 0.714355
vt -0.574219 0.633789
vt -0.580566 0.614502
vt -0.649902 0.706787
vt -0.593750 0.616455
vt -0.598633 0.604980
vt -0.619629 0.602051
vt -0.670898 0.688232
vt -0.620117 0.609619
vt -0.640625 0.605957
vt -0.681152 0.671387
vt -0.674316 0.690186
vt -0.645996 0.617676
vt -0.659668 0.616455
vt -0.673340 0.632080
vt -0.672852 0.661133
vt -0.681152 0.651123
vt -0.666504 0.635742
vt -0.455566 0.587891
vt -0.468018 0.591797
vt -0.448975 0.633545
vt -0.442139 0.588135
vt -0.481934 0.610352
vt -0.429443 0.593750
vt -0.487549 0.633301
vt -0.419189 0.604004
vt -0.481934 0.656494
vt -0.412598 0.618164
vt -0.468262 0.674561
vt -0.410400 0.634033
vt -0.455811 0.678955
vt -0.412842 0.649658
vt -0.442383 0.679199
vt -0.419434 0.663574
vt -0.429932 0.673828
vt -0.995605 0.811768
vt -0.926270 0.801270
vt -0.926270 0.811768
vt -0.995605 0.801270
vt -0.856934 0.811768
vt -0.856934 0.801270
vt -0.500488 0.597656
vt -0.487549 0.592529
vt -0.500977 0.668213
vt -0.487793 0.673340
vt -0.995605 0.915771
vt -0.926270 0.926880
vt -0.995605 0.926880
vt -0.926270 0.915771
vt -0.856934 0.915771
vt -0.856934 0.926880
vt -0.958984 0.863525
vt -0.913086 0.904724
vt -0.969238 0.893677
vt -0.914062 0.822754
vt -0.970703 0.833740
vt -0.547363 0.593262
vt -0.547852 0.672607
vt -0.042206 0.957489
vt -0.069946 0.990814
vt -0.042938 0.990814
vt -0.070190 0.971405
vt -0.098206 0.957489
vt -0.096985 0.990814
vt -0.150879 0.686279
vt -0.110291 0.710449
vt -0.133911 0.710693
vt -0.110291 0.687012
vt -0.110291 0.733887
vt -0.150879 0.735107
vt -0.445557 0.981628
vt -0.413818 0.958862
vt -0.445557 0.958862
vt -0.413818 0.981628
vt -0.566895 0.328125
vt -0.589844 0.293457
vt -0.589844 0.328125
vt -0.566895 0.293457
vt -0.125732 0.939331
vt -0.097778 0.905151
vt -0.124756 0.906494
vt -0.097717 0.924255
vt -0.069763 0.939362
vt -0.070801 0.906555
vt -0.159180 0.698730
vt -0.187134 0.732910
vt -0.187134 0.713867
vt -0.160156 0.731445
vt -0.214111 0.731445
vt -0.215088 0.698730
vt -0.143799 0.988167
vt -0.112000 0.966125
vt -0.143799 0.966125
vt -0.112000 0.988167
vt -0.446045 0.933594
vt -0.411377 0.911560
vt -0.446045 0.911560
vt -0.411377 0.933594
vt -0.215210 0.085938
vt -0.237671 0.060547
vt -0.237671 0.085938
vt -0.237671 0.110840
vt -0.258545 0.085938
vt -0.215088 0.060547
vt -0.060730 0.077637
vt -0.060730 0.060547
vt -0.060730 0.094238
vt -0.060730 0.043945
vt -0.215088 0.110840
vt -0.060730 0.110840
vt -0.215088 0.136230
vt -0.060730 0.127930
vt -0.060730 0.144531
vt -0.215088 0.161621
vt -0.060730 0.161621
vt -0.237671 0.136230
vt -0.215088 0.187012
vt -0.060730 0.178223
vt -0.060730 0.195312
vt -0.237671 0.161621
vt -0.060730 0.211914
vt -0.215088 0.212402
vt -0.237671 0.187012
vt -0.237671 0.212402
vt -0.258545 0.212402
vt -0.265869 0.212402
vt -0.265869 0.195312
vt -0.258545 0.187012
vt -0.265869 0.178223
vt -0.265869 0.161621
vt -0.258545 0.161621
vt -0.265869 0.144531
vt -0.258545 0.136230
vt -0.265869 0.127930
vt -0.265869 0.110840
vt -0.258545 0.110840
vt -0.265869 0.094238
vt -0.265869 0.077637
vt -0.265869 0.060547
vt -0.258545 0.060547
vt -0.265869 0.043945
vt -0.258545 0.035645
vt -0.265869 0.027344
vt -0.265869 0.010254
vt -0.258545 0.010254
vt -0.237671 0.035645
vt -0.237671 0.010254
vt -0.215088 0.010254
vt -0.215088 0.035645
vt -0.060730 0.010254
vt -0.060730 0.027344
vt -0.781738 0.691162
vt -0.733887 0.691162
vt -0.739746 0.713135
vt -0.757812 0.728760
vt -0.739746 0.669189
vt -0.781738 0.735107
vt -0.757812 0.653320
vt -0.806152 0.728760
vt -0.781738 0.647217
vt -0.824219 0.713135
vt -0.806152 0.653320
vt -0.830078 0.691162
vt -0.824219 0.669189
vt -0.319336 0.879456
vt -0.343750 0.866333
vt -0.337158 0.879456
vt -0.324219 0.861816
vt -0.324219 0.897156
vt -0.338867 0.849121
vt -0.358398 0.844116
vt -0.343750 0.892578
vt -0.338867 0.909790
vt -0.358398 0.914856
vt -0.358398 0.879456
vt -0.358398 0.860107
vt -0.373047 0.866333
vt -0.377930 0.849121
vt -0.392578 0.861816
vt -0.379639 0.879456
vt -0.397461 0.879456
vt -0.392578 0.897156
vt -0.373047 0.892578
vt -0.377930 0.909790
vt -0.358398 0.898804
vt -0.284180 0.077637
vt -0.284180 0.060547
vt -0.284180 0.094238
vt -0.284180 0.043945
vt -0.284180 0.110840
vt -0.284180 0.027344
vt -0.284180 0.127930
vt -0.284180 0.010254
vt -0.284180 0.144531
vt -0.284180 0.161621
vt -0.284180 0.178223
vt -0.284180 0.195312
vt -0.284180 0.212402
vt -0.291016 0.043945
vt -0.291016 0.027344
vt -0.291016 0.060547
vt -0.291016 0.010254
vt -0.291016 0.077637
vt -0.291016 0.094238
vt -0.291016 0.110840
vt -0.291016 0.127930
vt -0.291016 0.144531
vt -0.291016 0.161621
vt -0.291016 0.178223
vt -0.291016 0.195312
vt -0.291016 0.212402
s 1
usemtl enm_motora_body
f 328/1/1 327/2/1 326/3/1
f 3/4/2 2/5/2 1/6/3
f 26/7/4 1/6/3 2/5/2
f 28/8/4 1/6/3 26/7/4
f 28/8/4 26/7/4 27/9/5
f 27/9/5 26/7/4 25/10/6
f 25/10/6 8/11/7 27/9/5
f 27/9/5 8/11/7 7/12/7
f 8/11/7 4/13/8 7/12/7
f 7/12/7 4/13/8 5/14/9
f 6/15/10 5/14/9 4/13/8
f 11/16/11 10/17/12 9/18/12
f 12/19/11 10/17/12 11/16/11
f 29/20/13 9/18/12 10/17/12
f 12/19/11 11/16/11 14/21/14
f 30/22/13 9/18/12 29/20/13
f 14/21/14 11/16/11 13/23/15
f 56/24/16 14/21/14 13/23/15
f 30/22/13 29/20/13 16/25/17
f 16/25/17 29/20/13 15/26/18
f 17/27/19 16/25/17 15/26/18
f 18/28/19 16/25/17 17/27/19
f 18/28/19 17/27/19 20/29/20
f 20/29/20 17/27/19 19/30/20
f 55/31/21 20/29/20 19/30/20
f 23/32/22 22/33/23 21/34/24
f 43/35/25 23/32/22 21/34/24
f 24/36/26 22/33/23 23/32/22
f 23/32/22 43/35/25 44/37/27
f 24/36/26 48/38/28 22/33/23
f 44/37/27 43/35/25 42/39/29
f 22/33/23 48/38/28 47/40/30
f 42/39/29 57/41/31 44/37/27
f 58/42/31 57/41/31 42/39/29
f 48/38/28 46/43/32 47/40/30
f 47/40/30 46/43/32 45/44/33
f 45/44/33 46/43/32 49/45/34
f 46/43/32 50/46/35 49/45/34
f 51/47/35 50/46/35 46/43/32
f 51/47/35 52/48/36 50/46/35
f 53/49/37 52/48/36 51/47/35
f 52/48/36 53/49/37 54/50/38
f 53/49/37 31/51/39 54/50/38
f 33/52/40 31/51/39 53/49/37
f 33/52/40 32/53/41 31/51/39
f 34/54/42 32/53/41 33/52/40
f 32/53/41 34/54/42 37/55/43
f 37/55/43 34/54/42 36/56/44
f 37/55/43 36/56/44 35/57/45
f 36/56/44 38/58/46 35/57/45
f 39/59/47 38/58/46 36/56/44
f 39/59/47 40/60/31 38/58/46
f 41/61/31 40/60/31 39/59/47
f 61/62/48 60/63/49 59/64/50
f 62/65/51 60/63/49 61/62/48
f 62/65/51 83/66/52 60/63/49
f 84/67/53 83/66/52 62/65/51
f 63/68/54 62/65/51 61/62/48
f 84/67/53 62/65/51 78/69/55
f 64/70/56 62/65/51 63/68/54
f 78/69/55 62/65/51 64/70/56
f 65/71/57 64/70/56 63/68/54
f 78/69/55 64/70/56 77/72/58
f 66/73/59 64/70/56 65/71/57
f 77/72/58 64/70/56 66/73/59
f 67/74/60 66/73/59 65/71/57
f 77/72/58 66/73/59 79/75/61
f 68/76/62 66/73/59 67/74/60
f 79/75/61 66/73/59 68/76/62
f 69/77/63 68/76/62 67/74/60
f 79/75/61 68/76/62 85/78/64
f 70/79/65 68/76/62 69/77/63
f 85/78/64 68/76/62 70/79/65
f 71/80/66 70/79/65 69/77/63
f 85/78/64 70/79/65 81/81/67
f 72/82/68 70/79/65 71/80/66
f 81/81/67 70/79/65 72/82/68
f 73/83/69 72/82/68 71/80/66
f 81/81/67 72/82/68 80/84/70
f 74/85/71 72/82/68 73/83/69
f 80/84/70 72/82/68 74/85/71
f 75/86/72 74/85/71 73/83/69
f 80/84/70 74/85/71 82/87/73
f 76/88/49 74/85/71 75/86/72
f 82/87/73 74/85/71 76/88/49
f 88/89/74 87/90/75 86/91/76
f 86/91/76 87/90/75 94/92/77
f 89/93/78 87/90/75 88/89/74
f 94/92/77 87/90/75 93/94/79
f 90/95/80 87/90/75 89/93/78
f 93/94/79 87/90/75 92/96/81
f 91/97/82 87/90/75 90/95/80
f 92/96/81 87/90/75 91/97/82
f 97/98/83 96/99/84 95/100/85
f 96/99/84 97/98/83 130/101/86
f 130/101/86 97/98/83 129/102/87
f 97/98/83 103/103/88 129/102/87
f 129/102/87 103/103/88 128/104/89
f 103/103/88 97/98/83 95/100/85
f 103/103/88 109/105/90 110/104/89
f 102/106/91 109/105/90 103/103/88
f 102/106/91 103/103/88 95/100/85
f 102/106/91 108/107/92 109/105/90
f 101/108/93 108/107/92 102/106/91
f 101/108/93 102/106/91 95/100/85
f 101/108/93 107/109/94 108/107/92
f 100/110/95 107/109/94 101/108/93
f 100/110/95 101/108/93 95/100/85
f 100/110/95 106/111/96 107/109/94
f 99/112/97 106/111/96 100/110/95
f 99/112/97 100/110/95 95/100/85
f 99/112/97 104/113/98 106/111/96
f 98/114/99 99/112/97 95/100/85
f 98/114/99 104/113/98 99/112/97
f 96/99/84 98/114/99 95/100/85
f 98/114/99 105/101/86 104/113/98
f 96/99/84 105/101/86 98/114/99
f 113/115/86 112/116/100 111/117/101
f 113/115/86 111/117/101 116/118/98
f 114/119/87 112/116/100 113/115/86
f 116/118/98 111/117/101 115/120/102
f 116/118/98 115/120/102 118/121/103
f 114/119/87 125/122/104 112/116/100
f 126/123/105 125/122/104 114/119/87
f 111/117/101 112/116/100 127/124/106
f 112/116/100 125/122/104 127/124/106
f 115/120/102 111/117/101 127/124/106
f 126/123/105 123/125/107 125/122/104
f 125/122/104 123/125/107 127/124/106
f 124/126/90 123/125/107 126/123/105
f 124/126/90 121/127/108 123/125/107
f 123/125/107 121/127/108 127/124/106
f 122/128/109 121/127/108 124/126/90
f 122/128/109 119/129/110 121/127/108
f 121/127/108 119/129/110 127/124/106
f 120/130/94 119/129/110 122/128/109
f 119/129/110 117/131/111 127/124/106
f 120/130/94 117/131/111 119/129/110
f 117/131/111 115/120/102 127/124/106
f 118/121/103 117/131/111 120/130/94
f 118/121/103 115/120/102 117/131/111
f 133/132/112 132/133/113 131/134/114
f 135/135/115 133/132/112 131/134/114
f 133/132/112 145/136/116 132/133/113
f 145/136/116 144/137/117 132/133/113
f 133/132/112 135/135/115 136/138/118
f 136/138/118 145/136/116 133/132/112
f 136/138/118 135/135/115 134/139/119
f 134/139/119 137/140/120 136/138/118
f 145/136/116 199/141/121 144/137/117
f 144/137/117 199/141/121 163/142/122
f 143/143/123 145/136/116 136/138/118
f 143/143/123 199/141/121 145/136/116
f 136/138/118 137/140/120 138/144/124
f 139/145/125 138/144/124 137/140/120
f 199/141/121 149/146/126 163/142/122
f 149/146/126 156/147/127 163/142/122
f 138/144/124 141/148/128 136/138/118
f 136/138/118 141/148/128 143/143/123
f 140/149/129 141/148/128 138/144/124
f 140/149/129 138/144/124 139/145/125
f 197/150/130 143/143/123 141/148/128
f 140/149/129 139/145/125 178/151/131
f 178/151/131 139/145/125 177/152/132
f 177/152/132 182/153/133 178/151/131
f 142/154/134 141/148/128 140/149/129
f 178/151/131 142/154/134 140/149/129
f 200/155/135 141/148/128 142/154/134
f 197/150/130 141/148/128 200/155/135
f 185/156/136 142/154/134 178/151/131
f 185/156/136 200/155/135 142/154/134
f 178/151/131 182/153/133 181/157/137
f 182/153/133 180/158/138 181/157/137
f 181/157/137 180/158/138 179/159/139
f 181/157/137 184/160/140 178/151/131
f 181/157/137 179/159/139 184/160/140
f 184/160/140 179/159/139 183/161/141
f 178/151/131 184/160/140 185/156/136
f 203/162/142 184/160/140 183/161/141
f 201/163/143 185/156/136 184/160/140
f 201/163/143 184/160/140 203/162/142
f 202/164/144 185/156/136 201/163/143
f 202/164/144 200/155/135 185/156/136
f 201/163/143 203/162/142 188/165/145
f 201/163/143 188/165/145 202/164/144
f 188/165/145 203/162/142 191/166/146
f 200/155/135 202/164/144 160/167/147
f 188/165/145 191/166/146 189/168/148
f 189/168/148 191/166/146 190/169/149
f 202/164/144 188/165/145 187/170/150
f 160/167/147 202/164/144 187/170/150
f 189/168/148 186/171/151 188/165/145
f 188/165/145 186/171/151 187/170/150
f 189/168/148 190/169/149 164/172/152
f 189/168/148 164/172/152 186/171/151
f 164/172/152 190/169/149 176/173/153
f 172/174/154 164/172/152 176/173/153
f 153/175/155 187/170/150 186/171/151
f 160/167/147 187/170/150 153/175/155
f 186/171/151 164/172/152 165/176/156
f 186/171/151 154/177/157 153/175/155
f 165/176/156 154/177/157 186/171/151
f 153/175/155 151/178/158 160/167/147
f 166/179/159 165/176/156 164/172/152
f 166/179/159 164/172/152 172/174/154
f 170/180/160 172/174/154 171/181/161
f 166/179/159 172/174/154 170/180/160
f 166/179/159 170/180/160 167/182/162
f 167/182/162 165/176/156 166/179/159
f 167/182/162 170/180/160 169/183/163
f 174/184/164 167/182/162 169/183/163
f 167/182/162 168/185/165 165/176/156
f 168/185/165 167/182/162 174/184/164
f 165/176/156 168/185/165 154/177/157
f 168/185/165 174/184/164 175/186/166
f 175/186/166 174/184/164 173/187/167
f 154/177/157 168/185/165 152/188/168
f 152/188/168 168/185/165 175/186/166
f 154/177/157 152/188/168 153/175/155
f 175/186/166 173/187/167 192/189/169
f 175/186/166 192/189/169 152/188/168
f 192/189/169 173/187/167 194/190/170
f 153/175/155 152/188/168 151/178/158
f 192/189/169 194/190/170 193/191/171
f 193/191/171 194/190/170 195/192/172
f 196/193/173 195/192/172 194/190/170
f 308/194/174 195/192/172 196/193/173
f 193/191/171 155/195/175 192/189/169
f 152/188/168 192/189/169 155/195/175
f 161/196/176 155/195/175 193/191/171
f 146/197/177 152/188/168 155/195/175
f 161/196/176 146/197/177 155/195/175
f 151/178/158 152/188/168 146/197/177
f 162/198/178 146/197/177 161/196/176
f 151/178/158 146/197/177 150/199/179
f 160/167/147 151/178/158 150/199/179
f 150/199/179 200/155/135 160/167/147
f 197/150/130 200/155/135 150/199/179
f 148/200/180 146/197/177 162/198/178
f 162/198/178 158/201/181 148/200/180
f 150/199/179 146/197/177 147/202/182
f 148/200/180 147/202/182 146/197/177
f 159/203/183 157/204/184 158/201/181
f 158/201/181 157/204/184 156/147/127
f 148/200/180 158/201/181 156/147/127
f 148/200/180 156/147/127 149/146/126
f 149/146/126 147/202/182 148/200/180
f 149/146/126 198/205/185 147/202/182
f 198/205/185 150/199/179 147/202/182
f 199/141/121 198/205/185 149/146/126
f 197/150/130 150/199/179 198/205/185
f 198/205/185 199/141/121 143/143/123
f 198/205/185 143/143/123 197/150/130
f 206/206/186 205/207/187 204/208/188
f 207/209/189 205/207/187 206/206/186
f 208/210/190 207/209/189 206/206/186
f 209/211/191 207/209/189 208/210/190
f 210/212/192 209/211/191 208/210/190
f 211/213/193 209/211/191 210/212/192
f 212/214/194 211/213/193 210/212/192
f 213/215/195 211/213/193 212/214/194
f 214/216/196 213/215/195 212/214/194
f 215/217/197 213/215/195 214/216/196
f 216/218/198 215/217/197 214/216/196
f 217/219/199 215/217/197 216/218/198
f 218/220/200 217/219/199 216/218/198
f 219/221/201 217/219/199 218/220/200
f 222/222/202 221/223/203 220/224/204
f 223/225/205 221/223/203 222/222/202
f 224/226/206 223/225/205 222/222/202
f 225/227/207 223/225/205 224/226/206
f 226/228/208 225/227/207 224/226/206
f 227/229/209 225/227/207 226/228/208
f 228/230/210 227/229/209 226/228/208
f 229/231/211 227/229/209 228/230/210
f 230/232/212 229/231/211 228/230/210
f 231/233/213 229/231/211 230/232/212
f 232/234/214 231/233/213 230/232/212
f 233/235/215 231/233/213 232/234/214
f 234/236/216 233/235/215 232/234/214
f 235/237/217 233/235/215 234/236/216
f 236/238/218 235/237/217 234/236/216
f 237/239/218 235/237/217 236/238/218
f 240/240/219 239/241/220 238/242/221
f 241/243/222 239/241/220 240/240/219
f 238/242/221 331/244/223 325/245/224
f 240/240/219 238/242/221 325/245/224
f 242/246/225 241/243/222 240/240/219
f 243/247/226 242/246/225 240/240/219
f 244/248/227 242/246/225 243/247/226
f 245/249/228 242/246/225 244/248/227
f 246/250/229 245/249/228 244/248/227
f 330/251/230 246/250/229 244/248/227
f 246/250/229 330/251/230 329/252/231
f 248/253/232 246/250/229 329/252/231
f 247/254/233 248/253/232 329/252/231
f 249/255/234 248/253/232 247/254/233
f 250/256/235 249/255/234 247/254/233
f 251/257/236 249/255/234 250/256/235
f 250/256/235 360/258/237 251/257/236
f 254/259/238 253/260/239 252/261/239
f 255/262/240 253/260/239 254/259/238
f 256/263/241 255/262/240 254/259/238
f 257/264/242 255/262/240 256/263/241
f 258/265/243 257/264/242 256/263/241
f 259/266/243 257/264/242 258/265/243
f 260/267/244 259/266/243 258/265/243
f 261/268/245 259/266/243 260/267/244
f 262/269/246 261/268/245 260/267/244
f 263/270/246 261/268/245 262/269/246
f 266/261/247 265/271/248 264/272/248
f 267/260/248 265/271/248 266/261/247
f 270/273/249 269/1/250 268/274/251
f 270/273/249 268/274/251 271/275/252
f 269/1/250 270/273/249 287/2/253
f 361/276/254 270/273/249 271/275/252
f 287/2/253 270/273/249 276/277/255
f 361/276/254 279/278/256 270/273/249
f 277/279/257 276/277/255 270/273/249
f 270/273/249 279/278/256 278/280/258
f 278/280/258 277/279/257 270/273/249
f 274/281/259 273/282/260 272/283/261
f 275/284/260 273/282/260 274/281/259
f 280/285/262 274/281/259 272/283/261
f 274/281/259 280/285/262 282/286/263
f 282/286/263 280/285/262 281/287/264
f 532/288/265 282/286/263 281/287/264
f 532/288/265 281/287/264 286/289/266
f 281/287/264 284/290/267 286/289/266
f 284/290/267 285/291/268 286/289/266
f 285/291/268 284/290/267 283/292/269
f 283/292/269 289/293/270 285/291/268
f 285/291/268 289/293/270 288/294/271
f 292/282/272 291/295/273 290/283/274
f 290/283/274 291/295/273 297/285/275
f 293/296/276 291/295/273 292/282/272
f 291/295/273 299/297/277 297/285/275
f 299/297/277 298/287/278 297/285/275
f 291/295/273 293/296/276 300/298/279
f 291/295/273 300/298/279 299/297/277
f 300/298/279 293/296/276 302/299/280
f 298/287/278 299/297/277 296/290/281
f 302/299/280 301/300/282 300/298/279
f 295/301/283 296/290/281 299/297/277
f 296/290/281 295/301/283 294/292/284
f 299/297/277 300/298/279 303/302/285
f 301/300/282 303/302/285 300/298/279
f 295/301/283 306/303/286 294/292/284
f 294/292/284 306/303/286 307/293/287
f 295/301/283 299/297/277 304/304/288
f 295/301/283 304/304/288 306/303/286
f 304/304/288 299/297/277 303/302/285
f 306/303/286 304/304/288 305/305/289
f 303/302/285 301/300/282 304/304/288
f 304/304/288 301/300/282 305/305/289
f 311/306/290 310/307/291 309/308/221
f 312/309/292 310/307/291 311/306/290
f 313/310/293 312/309/292 311/306/290
f 314/311/294 312/309/292 313/310/293
f 319/312/295 314/311/294 313/310/293
f 320/313/296 314/311/294 319/312/295
f 321/314/297 320/313/296 319/312/295
f 322/315/297 320/313/296 321/314/297
f 323/316/298 322/315/297 321/314/297
f 324/317/298 322/315/297 323/316/298
f 315/318/299 324/317/298 323/316/298
f 316/319/300 324/317/298 315/318/299
f 317/320/301 316/319/300 315/318/299
f 318/321/302 316/319/300 317/320/301
f 317/320/301 359/322/303 318/321/302
f 318/321/302 359/322/303 358/323/304
f 334/324/305 333/325/306 332/326/307
f 335/327/308 333/325/306 334/324/305
f 334/324/305 332/326/307 534/328/309
f 534/328/309 332/326/307 533/329/310
f 338/330/311 337/331/312 336/332/313
f 339/333/311 337/331/312 338/330/311
f 336/332/313 337/331/312 344/334/314
f 337/331/312 343/335/315 344/334/314
f 344/334/314 343/335/315 342/336/316
f 343/335/315 341/337/317 342/336/316
f 342/336/316 341/337/317 340/338/318
f 340/338/318 341/337/317 345/339/319
f 341/337/317 347/329/320 345/339/319
f 345/339/319 347/329/320 348/340/321
f 348/340/321 347/329/320 346/341/322
f 351/333/323 350/342/324 349/331/325
f 349/331/325 350/342/324 353/335/326
f 353/335/326 350/342/324 352/337/327
f 354/343/328 352/337/327 350/342/324
f 355/344/329 352/337/327 354/343/328
f 355/344/329 356/329/330 352/337/327
f 357/328/331 356/329/330 355/344/329
f 364/257/270 363/258/332 362/345/271
f 367/346/333 366/347/334 365/348/335
f 368/349/336 366/347/334 367/346/333
f 377/350/337 368/349/336 367/346/333
f 378/351/338 368/349/336 377/350/337
f 375/352/339 378/351/338 377/350/337
f 376/353/340 378/351/338 375/352/339
f 373/354/341 376/353/340 375/352/339
f 374/355/342 376/353/340 373/354/341
f 372/356/343 374/355/342 373/354/341
f 370/357/344 374/355/342 372/356/343
f 369/358/345 370/357/344 372/356/343
f 371/359/346 370/357/344 369/358/345
f 381/322/347 380/323/348 379/323/348
f 382/322/334 380/323/348 381/322/347
f 385/349/349 384/360/350 383/347/351
f 386/361/352 384/360/350 385/349/349
f 387/351/353 386/361/352 385/349/349
f 386/361/352 392/362/354 384/360/350
f 388/363/355 386/361/352 387/351/353
f 393/364/356 392/362/354 386/361/352
f 388/363/355 393/364/356 386/361/352
f 394/365/357 393/364/356 388/363/355
f 391/322/351 390/322/350 389/323/358
f 397/366/359 396/367/360 395/368/361
f 398/369/362 396/367/360 397/366/359
f 399/370/363 398/369/362 397/366/359
f 396/367/360 398/369/362 402/371/364
f 400/372/365 398/369/362 399/370/363
f 402/371/364 398/369/362 401/373/366
f 398/369/362 400/372/365 401/373/366
f 401/373/366 404/374/367 402/371/364
f 401/373/366 400/372/365 403/375/368
f 405/376/369 404/374/367 401/373/366
f 403/375/368 405/376/369 401/373/366
f 405/376/369 406/377/370 404/374/367
f 407/378/371 406/377/370 405/376/369
f 403/375/368 520/379/372 405/376/369
f 531/380/305 520/379/372 403/375/368
f 535/381/308 531/380/305 403/375/368
f 410/382/373 409/383/374 408/384/374
f 411/385/373 409/383/374 410/382/373
f 409/383/374 413/386/375 408/384/374
f 408/384/374 413/386/375 412/387/376
f 413/386/375 415/388/377 412/387/376
f 412/387/376 415/388/377 414/389/378
f 415/388/377 417/390/379 414/389/378
f 414/389/378 417/390/379 416/391/379
f 420/385/380 419/392/381 418/383/382
f 418/383/382 419/392/381 422/386/383
f 419/392/381 423/388/384 422/386/383
f 424/393/385 423/388/384 419/392/381
f 419/392/381 955/394/386 424/393/385
f 431/395/387 955/394/386 419/392/381
f 421/396/388 419/392/381 420/385/380
f 431/395/387 419/392/381 430/397/389
f 419/392/381 421/396/388 429/398/390
f 430/397/389 419/392/381 429/398/390
f 437/399/391 430/397/389 429/398/390
f 437/399/391 429/398/390 953/400/392
f 429/398/390 421/396/388 428/401/393
f 953/400/392 429/398/390 436/402/394
f 429/398/390 428/401/393 436/402/394
f 436/402/394 428/401/393 435/403/395
f 427/393/396 426/394/397 425/404/398
f 426/394/397 434/395/399 425/404/398
f 427/393/396 425/404/398 947/405/400
f 427/393/396 947/405/400 943/390/401
f 944/388/402 427/393/396 943/390/401
f 434/395/399 946/406/403 425/404/398
f 434/395/399 432/407/404 946/406/403
f 434/395/399 433/397/405 432/407/404
f 433/397/405 440/399/406 432/407/404
f 440/399/406 945/408/407 432/407/404
f 440/399/406 438/409/408 945/408/407
f 440/399/406 439/400/409 438/409/408
f 443/403/410 442/410/411 441/402/412
f 442/410/411 444/411/413 441/402/412
f 441/402/412 444/411/413 445/400/414
f 448/400/415 447/412/415 446/409/416
f 449/411/417 447/412/415 448/400/415
f 452/413/418 451/414/418 450/415/419
f 453/416/418 451/414/418 452/413/418
f 456/417/420 455/418/421 454/410/421
f 455/418/421 461/419/422 454/410/421
f 457/420/423 455/418/421 456/417/420
f 454/410/421 461/419/422 460/411/422
f 458/412/424 457/420/423 456/417/420
f 461/419/422 459/421/425 460/411/422
f 459/421/425 457/420/423 458/412/424
f 460/411/422 459/421/425 458/412/424
f 464/420/426 463/422/427 462/418/428
f 465/423/427 463/422/427 464/420/426
f 468/421/429 467/423/430 466/420/431
f 469/424/432 467/423/430 468/421/429
f 472/419/433 471/424/433 470/421/433
f 473/425/433 471/424/433 472/419/433
f 476/418/434 475/425/435 474/419/436
f 477/422/437 475/425/435 476/418/434
f 480/375/438 479/426/438 478/381/438
f 478/381/438 479/426/438 481/427/438
f 479/426/438 482/428/438 481/427/438
f 479/426/438 485/429/438 482/428/438
f 486/430/438 485/429/438 479/426/438
f 480/375/438 484/372/438 479/426/438
f 486/430/438 479/426/438 483/431/438
f 479/426/438 484/372/438 483/431/438
f 952/432/438 486/430/438 483/431/438
f 489/433/439 952/432/438 483/431/438
f 484/372/438 487/434/438 483/431/438
f 489/433/439 483/431/438 487/434/438
f 484/372/438 488/435/440 487/434/438
f 488/435/440 489/433/439 487/434/438
f 490/436/441 489/433/439 488/435/440
f 493/437/442 492/435/442 491/372/442
f 496/385/443 495/438/444 494/396/444
f 497/382/443 495/438/444 496/385/443
f 498/439/445 494/396/444 495/438/444
f 499/401/446 494/396/444 498/439/445
f 500/440/447 499/401/446 498/439/445
f 501/403/447 499/401/446 500/440/447
f 504/403/448 503/440/448 502/410/448
f 507/274/449 506/441/450 505/275/451
f 510/442/452 509/443/453 508/444/454
f 508/444/454 509/443/453 511/445/455
f 515/446/456 509/443/453 510/442/452
f 510/442/452 519/447/451 515/446/456
f 509/443/453 512/448/457 511/445/455
f 511/445/455 512/448/457 513/449/458
f 512/448/457 514/450/459 513/449/458
f 518/261/460 517/259/460 516/261/460
f 523/1/461 522/451/461 521/274/461
f 526/1/462 525/452/463 524/451/463
f 527/3/462 525/452/463 526/1/462
f 530/379/464 529/378/464 528/376/464
f 538/453/465 537/454/466 536/455/467
f 537/454/466 541/456/468 536/455/467
f 549/457/469 537/454/466 538/453/465
f 550/458/470 549/457/469 538/453/465
f 537/454/466 540/459/471 541/456/468
f 549/457/469 540/459/471 537/454/466
f 541/456/468 540/459/471 539/460/472
f 539/460/472 540/459/471 542/461/473
f 604/462/474 549/457/469 550/458/470
f 604/462/474 550/458/470 568/463/475
f 542/461/473 540/459/471 544/464/476
f 544/464/476 543/465/477 542/461/473
f 548/466/478 540/459/471 549/457/469
f 604/462/474 548/466/478 549/457/469
f 544/464/476 540/459/471 546/467/479
f 546/467/479 540/459/471 548/466/478
f 545/468/480 543/465/477 544/464/476
f 546/467/479 545/468/480 544/464/476
f 545/468/480 583/469/481 543/465/477
f 543/465/477 583/469/481 582/470/482
f 582/470/482 583/469/481 587/471/483
f 547/472/484 545/468/480 546/467/479
f 547/472/484 583/469/481 545/468/480
f 587/471/483 583/469/481 585/473/485
f 587/471/483 585/473/485 586/474/486
f 586/474/486 585/473/485 584/475/487
f 585/473/485 589/476/488 584/475/487
f 585/473/485 583/469/481 589/476/488
f 584/475/487 589/476/488 588/477/489
f 589/476/488 608/478/490 588/477/489
f 589/476/488 583/469/481 590/479/491
f 590/479/491 583/469/481 547/472/484
f 606/480/492 608/478/490 589/476/488
f 590/479/491 606/480/492 589/476/488
f 606/480/492 593/481/493 608/478/490
f 608/478/490 593/481/493 596/482/494
f 607/483/495 606/480/492 590/479/491
f 606/480/492 607/483/495 593/481/493
f 605/484/496 590/479/491 547/472/484
f 607/483/495 590/479/491 605/484/496
f 546/467/479 605/484/496 547/472/484
f 593/481/493 594/485/497 596/482/494
f 596/482/494 594/485/497 595/486/498
f 602/487/499 605/484/496 546/467/479
f 548/466/478 602/487/499 546/467/479
f 594/485/497 569/488/500 595/486/498
f 595/486/498 569/488/500 581/489/501
f 569/488/500 577/490/502 581/489/501
f 603/491/503 602/487/499 548/466/478
f 603/491/503 548/466/478 604/462/474
f 577/490/502 575/492/504 576/493/505
f 604/462/474 554/494/506 603/491/503
f 554/494/506 604/462/474 568/463/475
f 561/495/507 554/494/506 568/463/475
f 570/496/508 575/492/504 577/490/502
f 570/496/508 577/490/502 569/488/500
f 570/496/508 572/497/509 575/492/504
f 575/492/504 572/497/509 574/498/510
f 572/497/509 580/499/511 574/498/510
f 571/500/512 570/496/508 569/488/500
f 572/497/509 570/496/508 571/500/512
f 573/501/513 580/499/511 572/497/509
f 572/497/509 571/500/512 573/501/513
f 573/501/513 579/502/514 580/499/511
f 580/499/511 579/502/514 578/503/515
f 573/501/513 571/500/512 559/504/516
f 579/502/514 597/505/517 578/503/515
f 578/503/515 597/505/517 599/506/518
f 573/501/513 558/507/519 579/502/514
f 579/502/514 558/507/519 597/505/517
f 559/504/516 558/507/519 573/501/513
f 597/505/517 598/508/520 599/506/518
f 599/506/518 598/508/520 601/509/521
f 601/509/521 600/510/522 599/506/518
f 601/509/521 713/511/523 600/510/522
f 560/512/524 598/508/520 597/505/517
f 566/513/525 598/508/520 560/512/524
f 597/505/517 558/507/519 560/512/524
f 551/514/526 566/513/525 560/512/524
f 558/507/519 551/514/526 560/512/524
f 567/515/527 566/513/525 551/514/526
f 556/516/528 551/514/526 558/507/519
f 551/514/526 552/517/529 567/515/527
f 562/518/530 567/515/527 552/517/529
f 564/519/531 562/518/530 563/520/532
f 563/520/532 562/518/530 561/495/507
f 562/518/530 552/517/529 561/495/507
f 552/517/529 554/494/506 561/495/507
f 554/494/506 552/517/529 553/521/533
f 553/521/533 552/517/529 551/514/526
f 603/491/503 554/494/506 553/521/533
f 551/514/526 555/522/534 553/521/533
f 555/522/534 603/491/503 553/521/533
f 602/487/499 603/491/503 555/522/534
f 556/516/528 555/522/534 551/514/526
f 602/487/499 555/522/534 605/484/496
f 605/484/496 555/522/534 565/523/535
f 556/516/528 565/523/535 555/522/534
f 605/484/496 565/523/535 607/483/495
f 557/524/536 565/523/535 556/516/528
f 558/507/519 557/524/536 556/516/528
f 607/483/495 565/523/535 592/525/537
f 565/523/535 557/524/536 592/525/537
f 593/481/493 607/483/495 592/525/537
f 559/504/516 557/524/536 558/507/519
f 591/526/538 593/481/493 592/525/537
f 592/525/537 557/524/536 591/526/538
f 559/504/516 591/526/538 557/524/536
f 594/485/497 593/481/493 591/526/538
f 571/500/512 591/526/538 559/504/516
f 594/485/497 591/526/538 569/488/500
f 569/488/500 591/526/538 571/500/512
f 611/527/539 610/528/540 609/529/539
f 612/530/541 610/528/540 611/527/539
f 612/530/541 613/531/542 610/528/540
f 614/532/543 613/531/542 612/530/541
f 614/532/543 615/533/544 613/531/542
f 616/534/545 615/533/544 614/532/543
f 616/534/545 617/535/546 615/533/544
f 618/536/547 617/535/546 616/534/545
f 618/536/547 619/537/548 617/535/546
f 620/538/549 619/537/548 618/536/547
f 620/538/549 621/539/550 619/537/548
f 622/540/551 621/539/550 620/538/549
f 622/540/551 623/541/552 621/539/550
f 624/542/553 623/541/552 622/540/551
f 627/543/554 626/544/555 625/545/556
f 628/546/557 626/544/555 627/543/554
f 628/546/557 629/547/558 626/544/555
f 630/548/559 629/547/558 628/546/557
f 630/548/559 631/549/560 629/547/558
f 632/550/561 631/549/560 630/548/559
f 632/550/561 633/551/562 631/549/560
f 634/552/563 633/551/562 632/550/561
f 634/552/563 635/553/564 633/551/562
f 636/554/565 635/553/564 634/552/563
f 636/554/565 637/555/566 635/553/564
f 638/556/567 637/555/566 636/554/565
f 638/556/567 639/557/568 637/555/566
f 640/558/569 639/557/568 638/556/567
f 640/558/569 641/559/570 639/557/568
f 642/560/570 641/559/570 640/558/569
f 645/561/571 644/562/572 643/563/573
f 646/564/574 644/562/572 645/561/571
f 736/565/291 643/563/573 730/566/224
f 643/563/573 644/562/572 730/566/224
f 646/564/574 648/567/575 644/562/572
f 648/567/575 647/568/576 644/562/572
f 648/567/575 649/569/577 647/568/576
f 648/567/575 651/570/578 649/569/577
f 651/570/578 650/571/579 649/569/577
f 650/571/579 735/572/580 649/569/577
f 735/572/580 650/571/579 734/573/581
f 650/571/579 654/574/582 734/573/581
f 654/574/582 652/575/583 734/573/581
f 654/574/582 653/576/584 652/575/583
f 653/576/584 655/577/585 652/575/583
f 653/576/584 656/578/586 655/577/585
f 765/579/587 655/577/585 656/578/586
f 659/580/588 658/581/589 657/582/588
f 660/583/590 658/581/589 659/580/588
f 660/583/590 661/584/591 658/581/589
f 662/585/592 661/584/591 660/583/590
f 662/585/592 663/586/593 661/584/591
f 664/587/593 663/586/593 662/585/592
f 664/587/593 665/588/594 663/586/593
f 666/589/595 665/588/594 664/587/593
f 666/589/595 667/590/596 665/588/594
f 668/591/596 667/590/596 666/589/595
f 671/592/597 670/582/598 669/593/597
f 672/580/597 670/582/598 671/592/597
f 675/594/599 674/595/600 673/596/601
f 673/596/601 674/595/600 676/597/602
f 674/595/600 675/594/599 692/598/603
f 674/595/600 766/599/604 676/597/602
f 674/595/600 692/598/603 682/600/605
f 684/601/606 766/599/604 674/595/600
f 682/600/605 681/602/607 674/595/600
f 684/601/606 674/595/600 683/603/608
f 681/602/607 683/603/608 674/595/600
f 679/604/609 678/605/610 677/606/611
f 680/607/609 678/605/610 679/604/609
f 678/605/610 685/608/612 677/606/611
f 685/608/612 678/605/610 687/609/613
f 685/608/612 687/609/613 686/610/614
f 687/609/613 937/611/615 686/610/614
f 686/610/614 937/611/615 691/612/616
f 690/613/617 686/610/614 691/612/616
f 689/614/618 690/613/617 691/612/616
f 690/613/617 689/614/618 688/615/619
f 688/615/619 689/614/618 694/616/620
f 694/616/620 689/614/618 693/617/621
f 697/618/622 696/604/623 695/606/624
f 697/618/622 695/606/624 702/608/625
f 698/619/626 696/604/623 697/618/622
f 703/620/627 697/618/622 702/608/625
f 704/610/628 703/620/627 702/608/625
f 697/618/622 705/621/629 698/619/626
f 697/618/622 703/620/627 705/621/629
f 698/619/626 705/621/629 706/622/630
f 703/620/627 704/610/628 700/613/631
f 707/623/632 706/622/630 705/621/629
f 700/613/631 701/624/633 703/620/627
f 701/624/633 700/613/631 699/615/634
f 705/621/629 703/620/627 708/625/635
f 708/625/635 707/623/632 705/621/629
f 703/620/627 709/626/636 708/625/635
f 707/623/632 708/625/635 709/626/636
f 701/624/633 709/626/636 703/620/627
f 707/623/632 709/626/636 710/627/637
f 709/626/636 711/628/638 710/627/637
f 701/624/633 711/628/638 709/626/636
f 701/624/633 699/615/634 711/628/638
f 711/628/638 699/615/634 712/616/639
f 716/629/291 715/630/290 714/631/573
f 717/632/292 715/630/290 716/629/291
f 717/632/292 718/633/640 715/630/290
f 719/634/294 718/633/640 717/632/292
f 719/634/294 724/635/295 718/633/640
f 725/636/296 724/635/295 719/634/294
f 725/636/296 726/637/297 724/635/295
f 727/638/297 726/637/297 725/636/296
f 727/638/297 728/639/298 726/637/297
f 729/640/298 728/639/298 727/638/297
f 729/640/298 720/641/299 728/639/298
f 722/642/300 720/641/299 729/640/298
f 722/642/300 721/643/301 720/641/299
f 723/644/641 721/643/301 722/642/300
f 721/643/301 723/644/641 764/645/642
f 764/645/642 723/644/641 763/646/304
f 733/598/643 732/594/643 731/647/643
f 739/648/644 738/649/645 737/650/646
f 740/651/647 738/649/645 739/648/644
f 738/649/645 939/652/648 737/650/646
f 737/650/646 939/652/648 938/653/649
f 743/654/650 742/655/311 741/656/651
f 744/657/311 742/655/311 743/654/650
f 743/654/650 741/656/651 749/658/652
f 748/659/653 743/654/650 749/658/652
f 748/659/653 749/658/652 746/660/654
f 748/659/653 746/660/654 747/661/655
f 747/661/655 746/660/654 745/662/656
f 747/661/655 745/662/656 750/663/657
f 747/661/655 750/663/657 753/653/658
f 753/653/658 750/663/657 752/664/658
f 753/653/658 752/664/658 751/665/659
f 756/666/324 755/657/323 754/654/660
f 756/666/324 754/654/660 758/659/326
f 756/666/324 758/659/326 757/661/661
f 757/661/661 759/667/328 756/666/324
f 760/668/324 759/667/328 757/661/661
f 761/653/662 760/668/324 757/661/661
f 762/652/662 760/668/324 761/653/662
f 769/579/663 768/578/620 767/669/621
f 772/670/664 771/671/665 770/672/666
f 773/673/667 771/671/665 772/670/664
f 773/673/667 782/674/668 771/671/665
f 783/675/669 782/674/668 773/673/667
f 783/675/669 780/676/670 782/674/668
f 781/677/671 780/676/670 783/675/669
f 781/677/671 778/678/672 780/676/670
f 781/677/671 779/679/673 778/678/672
f 779/679/673 777/680/674 778/678/672
f 779/679/673 776/681/675 777/680/674
f 776/681/675 774/682/676 777/680/674
f 776/681/675 775/683/677 774/682/676
f 786/646/348 785/645/678 784/646/348
f 787/645/664 785/645/678 786/646/348
f 790/684/350 789/673/679 788/670/680
f 791/685/681 789/673/679 790/684/350
f 797/686/354 791/685/681 790/684/350
f 791/685/681 792/675/682 789/673/679
f 798/687/683 791/685/681 797/686/354
f 793/688/684 792/675/682 791/685/681
f 798/687/683 793/688/684 791/685/681
f 799/689/685 793/688/684 798/687/683
f 796/645/350 795/645/680 794/646/358
f 802/690/360 801/691/686 800/692/361
f 803/693/687 801/691/686 802/690/360
f 803/693/687 804/694/688 801/691/686
f 805/695/689 804/694/688 803/693/687
f 805/695/689 803/693/687 808/696/690
f 803/693/687 802/690/360 807/697/691
f 808/696/690 803/693/687 807/697/691
f 807/697/691 802/690/360 806/698/364
f 809/699/367 807/697/691 806/698/364
f 936/700/645 940/701/647 808/696/690
f 925/702/692 936/700/645 808/696/690
f 925/702/692 808/696/690 810/703/693
f 810/703/693 808/696/690 807/697/691
f 810/703/693 807/697/691 809/699/367
f 811/704/370 810/703/693 809/699/367
f 812/705/694 810/703/693 811/704/370
f 815/706/695 814/707/696 813/708/695
f 816/709/696 814/707/696 815/706/695
f 815/706/695 813/708/695 818/710/697
f 818/710/697 813/708/695 817/711/698
f 818/710/697 817/711/698 820/712/699
f 820/712/699 817/711/698 819/713/700
f 820/712/699 819/713/700 822/714/701
f 822/714/701 819/713/700 821/715/701
f 825/716/702 824/709/703 823/706/704
f 826/717/705 824/709/703 825/716/702
f 825/716/702 823/706/704 827/710/706
f 826/717/705 825/716/702 834/718/707
f 956/712/708 829/719/709 827/710/706
f 827/710/706 829/719/709 825/716/702
f 829/719/709 828/720/710 825/716/702
f 825/716/702 828/720/710 835/721/711
f 954/722/712 825/716/702 835/721/711
f 834/718/707 825/716/702 833/723/713
f 833/723/713 825/716/702 954/722/712
f 833/723/713 839/724/714 834/718/707
f 954/722/712 841/725/715 833/723/713
f 840/726/716 839/724/714 833/723/713
f 841/725/715 840/726/716 833/723/713
f 842/727/717 840/726/716 841/725/715
f 832/728/718 831/719/719 830/714/720
f 831/719/719 951/712/721 830/714/720
f 942/729/722 831/719/719 832/728/718
f 942/729/722 950/720/723 831/719/719
f 837/721/724 950/720/723 942/729/722
f 836/730/725 837/721/724 942/729/722
f 838/731/726 837/721/724 836/730/725
f 838/731/726 949/722/727 837/721/724
f 843/725/728 949/722/727 838/731/726
f 844/732/729 843/725/728 838/731/726
f 941/733/730 843/725/728 844/732/729
f 941/733/730 948/727/731 843/725/728
f 847/734/732 846/724/733 845/726/734
f 848/735/735 847/734/732 845/726/734
f 848/735/735 845/726/734 849/727/736
f 852/736/737 851/727/737 850/733/737
f 853/735/737 851/727/737 852/736/737
f 856/737/738 855/738/738 854/739/739
f 857/740/738 855/738/738 856/737/738
f 860/741/740 859/742/741 858/734/740
f 860/741/740 858/734/740 865/743/742
f 861/744/743 859/742/741 860/741/740
f 865/743/742 858/734/740 864/735/742
f 861/744/743 862/736/744 859/742/741
f 865/743/742 864/735/742 863/745/745
f 863/745/745 862/736/744 861/744/743
f 863/745/745 864/735/742 862/736/744
f 868/746/746 867/744/746 866/741/747
f 869/747/746 867/744/746 868/746/746
f 872/747/748 871/745/749 870/744/750
f 873/748/751 871/745/749 872/747/748
f 876/748/752 875/743/753 874/745/753
f 877/749/753 875/743/753 876/748/752
f 880/749/754 879/741/755 878/743/754
f 881/746/756 879/741/755 880/749/754
f 884/750/757 883/696/757 882/701/757
f 884/750/757 882/701/757 885/751/757
f 886/752/757 884/750/757 885/751/757
f 890/753/757 884/750/757 886/752/757
f 891/754/757 884/750/757 890/753/757
f 884/750/757 887/695/757 883/696/757
f 884/750/757 891/754/757 889/755/757
f 889/755/757 887/695/757 884/750/757
f 891/754/757 895/756/757 889/755/757
f 889/755/757 895/756/757 893/757/758
f 889/755/757 888/758/757 887/695/757
f 889/755/757 893/757/758 888/758/757
f 892/759/759 887/695/757 888/758/757
f 893/757/758 892/759/759 888/758/757
f 894/760/760 892/759/759 893/757/758
f 898/759/761 897/761/761 896/695/761
f 901/762/762 900/709/763 899/717/762
f 902/707/763 900/709/763 901/762/762
f 901/762/762 899/717/762 904/763/764
f 904/763/764 899/717/762 903/718/765
f 903/718/765 906/724/766 904/763/764
f 904/763/764 906/724/766 905/764/766
f 909/764/767 908/724/767 907/734/767
f 912/765/768 911/596/769 910/597/770
f 915/766/771 914/767/772 913/768/773
f 915/766/771 913/768/773 916/769/774
f 915/766/771 920/770/768 914/767/772
f 924/771/770 914/767/772 920/770/768
f 917/772/775 915/766/771 916/769/774
f 917/772/775 916/769/774 918/773/776
f 919/774/777 917/772/775 918/773/776
f 923/581/778 922/582/778 921/582/778
f 928/775/779 927/594/779 926/596/779
f 931/776/780 930/594/781 929/775/780
f 932/647/781 930/594/781 931/776/780
f 935/705/782 934/702/782 933/703/782
f 959/777/783 958/778/784 957/779/785
f 1003/780/786 957/779/785 1002/781/787
f 959/777/783 957/779/785 1003/780/786
f 1003/780/786 982/782/788 959/777/783
f 960/783/789 958/778/784 959/777/783
f 960/783/789 979/784/790 958/778/784
f 983/785/791 959/777/783 982/782/788
f 980/786/792 979/784/790 960/783/789
f 980/786/792 974/787/793 979/784/790
f 960/783/789 959/777/783 996/788/794
f 996/788/794 959/777/783 983/785/791
f 960/783/789 996/788/794 980/786/792
f 981/789/795 996/788/794 983/785/791
f 997/790/796 996/788/794 981/789/795
f 980/786/792 996/788/794 1098/791/797
f 983/785/791 982/782/788 981/789/795
f 980/786/792 1098/791/797 1001/792/798
f 1018/793/799 981/789/795 982/782/788
f 1099/794/800 981/789/795 1018/793/799
f 1005/795/801 1004/796/802 982/782/788
f 1004/796/802 1018/793/799 982/782/788
f 1004/796/802 1020/797/803 1018/793/799
f 1020/797/803 1019/798/804 1018/793/799
f 1014/799/805 1019/798/804 1020/797/803
f 1014/799/805 1020/797/803 1013/800/806
f 1016/801/807 1014/799/805 1015/802/808
f 1015/802/808 1014/799/805 1013/800/806
f 1015/802/808 1013/800/806 1083/803/809
f 1083/803/809 1013/800/806 976/804/810
f 975/805/811 1083/803/809 976/804/810
f 978/806/812 975/805/811 977/807/813
f 976/804/810 968/808/814 975/805/811
f 977/807/813 975/805/811 968/808/814
f 969/809/815 968/808/814 976/804/810
f 970/810/816 968/808/814 969/809/815
f 966/811/817 968/808/814 970/810/816
f 967/812/818 977/807/813 968/808/814
f 968/808/814 966/811/817 967/812/818
f 1017/813/819 977/807/813 967/812/818
f 967/812/818 966/811/817 965/814/820
f 967/812/818 965/814/820 1185/815/821
f 963/816/822 962/817/823 961/818/824
f 964/819/825 962/817/823 963/816/822
f 998/820/826 961/818/824 962/817/823
f 999/821/827 961/818/824 998/820/826
f 1191/822/828 961/818/824 999/821/827
f 971/823/829 999/821/827 998/820/826
f 972/824/830 999/821/827 971/823/829
f 973/825/831 972/824/830 971/823/829
f 1000/826/832 999/821/827 972/824/830
f 974/787/793 972/824/830 973/825/831
f 972/824/830 1001/792/798 1000/826/832
f 972/824/830 974/787/793 980/786/792
f 980/786/792 1001/792/798 972/824/830
f 986/827/833 985/828/834 984/829/835
f 987/830/836 985/828/834 986/827/833
f 992/831/837 987/830/836 986/827/833
f 993/832/837 987/830/836 992/831/837
f 985/828/834 995/833/838 984/829/835
f 984/829/835 995/833/838 994/834/839
f 994/834/839 995/833/838 1009/835/840
f 1009/835/840 995/833/838 1007/836/841
f 1009/835/840 1007/836/841 1008/837/842
f 1008/837/842 1007/836/841 1006/838/843
f 990/831/844 989/839/845 988/832/845
f 991/840/846 989/839/845 990/831/844
f 1012/838/847 1011/841/848 1010/837/849
f 1031/842/850 1011/841/848 1012/838/847
f 1023/781/851 1022/843/852 1021/780/853
f 1024/844/851 1022/843/852 1023/781/851
f 1022/843/852 1026/845/854 1021/780/853
f 1021/780/853 1026/845/854 1025/782/854
f 1029/782/855 1028/846/850 1027/795/856
f 1030/845/855 1028/846/850 1029/782/855
f 1034/847/857 1033/848/857 1032/849/857
f 1035/850/857 1033/848/857 1034/847/857
f 1038/851/858 1037/852/859 1036/853/860
f 1039/854/861 1037/852/859 1038/851/858
f 1042/855/862 1041/856/863 1040/857/864
f 1041/856/863 1042/855/862 1049/858/865
f 1049/858/865 1042/855/862 1048/859/866
f 1045/860/867 1040/857/864 1041/856/863
f 1040/857/864 1045/860/867 1093/861/868
f 1093/861/868 1045/860/867 1186/862/869
f 1186/862/869 1045/860/867 1050/863/870
f 1050/863/870 1045/860/867 1047/864/871
f 1047/864/871 1045/860/867 1046/865/872
f 1043/866/873 1046/865/872 1045/860/867
f 1045/860/867 1044/867/874 1043/866/873
f 1053/868/875 1052/869/844 1051/870/876
f 1057/871/877 1053/868/875 1051/870/876
f 1054/872/878 1052/869/844 1053/868/875
f 1054/872/878 1055/859/846 1052/869/844
f 1056/858/879 1055/859/846 1054/872/878
f 1061/873/880 1053/868/875 1057/871/877
f 1089/874/881 1053/868/875 1061/873/880
f 1089/874/881 1088/875/882 1053/868/875
f 1090/876/883 1088/875/882 1089/874/881
f 1090/876/883 1091/877/884 1088/875/882
f 1092/878/884 1091/877/884 1090/876/883
f 1061/873/880 1057/871/877 1060/848/885
f 1100/879/886 1061/873/880 1060/848/885
f 1060/848/885 1057/871/877 1059/880/885
f 1060/848/885 1059/880/885 1058/881/887
f 1062/849/888 1060/848/885 1058/881/887
f 1065/848/889 1064/882/889 1063/879/889
f 1066/850/890 1064/882/889 1065/848/889
f 1069/883/891 1068/884/892 1067/885/893
f 1068/884/892 1072/886/894 1067/885/893
f 1067/885/893 1072/886/894 1070/887/895
f 1072/886/894 1071/888/896 1070/887/895
f 1068/884/892 1073/889/897 1072/886/894
f 1073/889/897 1071/888/896 1072/886/894
f 1079/890/898 1073/889/897 1068/884/892
f 1073/889/897 1078/891/899 1071/888/896
f 1079/890/898 1078/891/899 1073/889/897
f 1071/888/896 1078/891/899 1077/892/900
f 1080/893/901 1078/891/899 1079/890/898
f 1076/891/902 1075/894/903 1074/895/904
f 1081/892/905 1076/891/902 1074/895/904
f 1082/893/906 1075/894/903 1076/891/902
f 1086/878/907 1085/856/908 1084/877/909
f 1087/860/907 1085/856/908 1086/878/907
f 1094/858/910 1084/877/909 1085/856/908
f 1095/872/911 1084/877/909 1094/858/910
f 1096/875/912 1084/877/909 1095/872/911
f 1097/868/913 1096/875/912 1095/872/911
f 1103/818/914 1102/896/915 1101/816/916
f 1102/896/915 1428/854/917 1101/816/916
f 1101/816/916 1428/854/917 1427/819/918
f 1104/897/919 1102/896/915 1103/818/914
f 1105/822/920 1104/897/919 1103/818/914
f 1106/898/921 1104/897/919 1105/822/920
f 1107/821/922 1106/898/921 1105/822/920
f 1108/899/923 1106/898/921 1107/821/922
f 1109/826/924 1108/899/923 1107/821/922
f 1110/900/925 1108/899/923 1109/826/924
f 1111/792/926 1110/900/925 1109/826/924
f 1112/901/927 1110/900/925 1111/792/926
f 1113/791/928 1112/901/927 1111/792/926
f 1114/902/929 1112/901/927 1113/791/928
f 1115/788/930 1114/902/929 1113/791/928
f 1116/903/931 1114/902/929 1115/788/930
f 1117/790/932 1116/903/931 1115/788/930
f 1118/904/933 1116/903/931 1117/790/932
f 1119/789/934 1118/904/933 1117/790/932
f 1120/905/935 1118/904/933 1119/789/934
f 1121/794/936 1120/905/935 1119/789/934
f 1122/906/937 1120/905/935 1121/794/936
f 1123/793/938 1122/906/937 1121/794/936
f 1124/907/939 1122/906/937 1123/793/938
f 1125/798/940 1124/907/939 1123/793/938
f 1126/908/941 1124/907/939 1125/798/940
f 1127/799/942 1126/908/941 1125/798/940
f 1128/909/943 1126/908/941 1127/799/942
f 1129/801/944 1128/909/943 1127/799/942
f 1130/910/945 1128/909/943 1129/801/944
f 1131/802/946 1130/910/945 1129/801/944
f 1132/911/947 1130/910/945 1131/802/946
f 1133/803/948 1132/911/947 1131/802/946
f 1134/912/949 1132/911/947 1133/803/948
f 1135/805/950 1134/912/949 1133/803/948
f 1136/913/951 1134/912/949 1135/805/950
f 1137/806/952 1136/913/951 1135/805/950
f 1138/914/953 1136/913/951 1137/806/952
f 1139/807/954 1138/914/953 1137/806/952
f 1140/915/955 1138/914/953 1139/807/954
f 1141/813/956 1140/915/955 1139/807/954
f 1142/916/957 1140/915/955 1141/813/956
f 1143/812/958 1142/916/957 1141/813/956
f 1144/917/959 1142/916/957 1143/812/958
f 1144/917/959 1143/812/958 1146/852/960
f 1146/852/960 1143/812/958 1145/815/960
f 1149/897/961 1148/918/962 1147/896/963
f 1147/896/963 1171/919/964 1426/854/965
f 1148/918/962 1171/919/964 1147/896/963
f 1148/918/962 1172/920/966 1171/919/964
f 1150/921/967 1148/918/962 1149/897/961
f 1150/921/967 1172/920/966 1148/918/962
f 1151/898/968 1150/921/967 1149/897/961
f 1152/922/969 1150/921/967 1151/898/968
f 1152/922/969 1172/920/966 1150/921/967
f 1153/899/970 1152/922/969 1151/898/968
f 1154/923/971 1152/922/969 1153/899/970
f 1154/923/971 1172/920/966 1152/922/969
f 1155/900/972 1154/923/971 1153/899/970
f 1156/924/973 1154/923/971 1155/900/972
f 1156/924/973 1172/920/966 1154/923/971
f 1157/901/974 1156/924/973 1155/900/972
f 1158/925/975 1156/924/973 1157/901/974
f 1158/925/975 1172/920/966 1156/924/973
f 1159/902/976 1158/925/975 1157/901/974
f 1160/926/977 1158/925/975 1159/902/976
f 1160/926/977 1172/920/966 1158/925/975
f 1161/903/978 1160/926/977 1159/902/976
f 1162/927/979 1160/926/977 1161/903/978
f 1162/927/979 1172/920/966 1160/926/977
f 1163/904/980 1162/927/979 1161/903/978
f 1164/928/981 1162/927/979 1163/904/980
f 1164/928/981 1172/920/966 1162/927/979
f 1165/905/982 1164/928/981 1163/904/980
f 1166/929/983 1164/928/981 1165/905/982
f 1166/929/983 1172/920/966 1164/928/981
f 1167/906/984 1166/929/983 1165/905/982
f 1168/930/985 1172/920/966 1166/929/983
f 1168/930/985 1166/929/983 1167/906/984
f 1170/931/986 1172/920/966 1168/930/985
f 1169/907/987 1168/930/985 1167/906/984
f 1170/931/986 1168/930/985 1169/907/987
f 1175/932/988 1174/931/989 1173/907/990
f 1176/933/991 1174/931/989 1175/932/988
f 1177/920/992 1174/931/989 1176/933/991
f 1178/934/993 1177/920/992 1176/933/991
f 1179/919/994 1177/920/992 1178/934/993
f 1180/854/995 1179/919/994 1178/934/993
f 1183/817/996 1182/854/996 1181/851/996
f 1184/819/997 1182/854/996 1183/817/996
f 1189/853/998 1188/815/999 1187/814/998
f 1190/852/999 1188/815/999 1189/853/998
f 1194/935/784 1193/936/1000 1192/937/785
f 1192/937/785 1238/938/1001 1237/939/787
f 1193/936/1000 1238/938/1001 1192/937/785
f 1218/940/1002 1238/938/1001 1193/936/1000
f 1195/941/1003 1193/936/1000 1194/935/784
f 1240/942/1004 1239/943/1005 1218/940/1002
f 1194/935/784 1214/944/1006 1195/941/1003
f 1215/945/1007 1214/944/1006 1194/935/784
f 1231/946/1008 1193/936/1000 1195/941/1003
f 1195/941/1003 1214/944/1006 1231/946/1008
f 1193/936/1000 1217/947/1009 1218/940/1002
f 1217/947/1009 1193/936/1000 1231/946/1008
f 1231/946/1008 1214/944/1006 1333/948/1010
f 1333/948/1010 1214/944/1006 1236/949/1011
f 1231/946/1008 1216/950/1012 1217/947/1009
f 1232/951/1013 1216/950/1012 1231/946/1008
f 1218/940/1002 1217/947/1009 1216/950/1012
f 1214/944/1006 1208/952/1014 1236/949/1011
f 1236/949/1011 1208/952/1014 1235/953/1015
f 1215/945/1007 1208/952/1014 1214/944/1006
f 1209/954/1016 1208/952/1014 1215/945/1007
f 1209/954/1016 1207/955/831 1208/952/1014
f 1208/952/1014 1207/955/831 1206/956/1017
f 1208/952/1014 1234/957/1018 1235/953/1015
f 1208/952/1014 1206/956/1017 1234/957/1018
f 1234/957/1018 1206/956/1017 1233/958/1019
f 1196/959/1020 1234/957/1018 1233/958/1019
f 1425/960/1021 1234/957/1018 1196/959/1020
f 1196/959/1020 1233/958/1019 1198/961/1022
f 1198/961/1022 1197/962/1023 1196/959/1020
f 1199/963/1023 1197/962/1023 1198/961/1022
f 1202/964/1024 1201/965/1025 1200/966/1026
f 1200/966/1026 1201/965/1025 1419/967/1027
f 1203/968/1028 1201/965/1025 1202/964/1024
f 1202/964/1024 1205/969/1029 1203/968/1028
f 1203/968/1028 1205/969/1029 1204/970/1030
f 1204/970/1030 1211/971/1031 1203/968/1028
f 1252/972/1032 1201/965/1025 1212/973/1033
f 1212/973/1033 1201/965/1025 1203/968/1028
f 1210/974/1034 1212/973/1033 1203/968/1028
f 1213/975/1035 1212/973/1033 1210/974/1034
f 1203/968/1028 1211/971/1031 1210/974/1034
f 1318/976/1036 1210/974/1034 1211/971/1031
f 1318/976/1036 1211/971/1031 1249/977/1037
f 1249/977/1037 1211/971/1031 1248/978/1038
f 1250/979/1039 1249/977/1037 1248/978/1038
f 1251/980/1040 1249/977/1037 1250/979/1039
f 1254/981/1041 1250/979/1039 1248/978/1038
f 1250/979/1039 1254/981/1041 1255/982/1042
f 1255/982/1042 1254/981/1041 1253/983/1043
f 1254/981/1041 1240/942/1004 1253/983/1043
f 1253/983/1043 1240/942/1004 1218/940/1002
f 1216/950/1012 1253/983/1043 1218/940/1002
f 1334/984/1044 1253/983/1043 1216/950/1012
f 1221/985/1045 1220/986/1046 1219/987/1047
f 1220/986/1046 1227/988/1048 1219/987/1047
f 1228/989/1048 1227/988/1048 1220/986/1046
f 1222/990/1049 1220/986/1046 1221/985/1045
f 1222/990/1049 1221/985/1045 1230/991/1050
f 1230/991/1050 1221/985/1045 1229/992/1051
f 1229/992/1051 1244/993/1052 1230/991/1050
f 1230/991/1050 1244/993/1052 1243/994/1053
f 1244/993/1052 1242/995/1054 1243/994/1053
f 1243/994/1053 1242/995/1054 1241/996/1055
f 1225/997/1056 1224/988/1057 1223/989/1056
f 1226/998/1058 1224/988/1057 1225/997/1056
f 1247/999/1059 1246/996/1060 1245/995/1061
f 1247/999/1059 1266/1000/1062 1246/996/1060
f 1258/1001/1063 1257/939/851 1256/938/1064
f 1259/1002/851 1257/939/851 1258/1001/1063
f 1258/1001/1063 1256/938/1064 1261/1003/1065
f 1261/1003/1065 1256/938/1064 1260/940/1065
f 1264/1004/1062 1263/940/1066 1262/943/1060
f 1265/1003/1066 1263/940/1066 1264/1004/1062
f 1269/1005/1067 1268/1006/1067 1267/1007/1067
f 1270/1008/1067 1268/1006/1067 1269/1005/1067
f 1273/1009/1068 1272/1010/1069 1271/1011/1070
f 1274/1012/1071 1272/1010/1069 1273/1009/1068
f 1277/1013/1072 1276/1014/1073 1275/1015/1074
f 1277/1013/1072 1284/1016/1075 1276/1014/1073
f 1276/1014/1073 1284/1016/1075 1283/1017/1076
f 1275/1015/1074 1279/1018/867 1277/1013/1072
f 1279/1018/867 1275/1015/1074 1328/1019/1077
f 1279/1018/867 1328/1019/1077 1420/1020/1078
f 1279/1018/867 1420/1020/1078 1285/1021/1079
f 1279/1018/867 1285/1021/1079 1282/1022/1080
f 1279/1018/867 1282/1022/1080 1281/1023/1081
f 1281/1023/1081 1278/1024/1082 1279/1018/867
f 1280/1025/874 1279/1018/867 1278/1024/1082
f 1288/1026/1057 1287/1027/1083 1286/1028/1084
f 1287/1027/1083 1292/1029/1085 1286/1028/1084
f 1289/1030/878 1287/1027/1083 1288/1026/1057
f 1290/1017/1058 1289/1030/878 1288/1026/1057
f 1291/1016/1086 1289/1030/878 1290/1017/1058
f 1287/1027/1083 1296/1031/880 1292/1029/1085
f 1287/1027/1083 1323/1032/881 1296/1031/880
f 1324/1033/1087 1323/1032/881 1287/1027/1083
f 1325/1034/883 1323/1032/881 1324/1033/1087
f 1326/1035/884 1325/1034/883 1324/1033/1087
f 1327/1036/1088 1325/1034/883 1326/1035/884
f 1296/1031/880 1294/1005/1089 1292/1029/1085
f 1296/1031/880 1335/1037/1090 1294/1005/1089
f 1292/1029/1085 1294/1005/1089 1295/1038/1089
f 1295/1038/1089 1294/1005/1089 1293/1039/1091
f 1294/1005/1089 1297/1007/1092 1293/1039/1091
f 1300/1040/889 1299/1005/889 1298/1037/1093
f 1301/1008/889 1299/1005/889 1300/1040/889
f 1304/1041/1094 1303/1042/891 1302/1043/893
f 1306/1044/1095 1304/1041/1094 1302/1043/893
f 1306/1044/1095 1302/1043/893 1305/1045/1096
f 1307/1046/1097 1306/1044/1095 1305/1045/1096
f 1308/1047/1098 1304/1041/1094 1306/1044/1095
f 1308/1047/1098 1306/1044/1095 1307/1046/1097
f 1314/1048/898 1304/1041/1094 1308/1047/1098
f 1313/1049/1099 1308/1047/1098 1307/1046/1097
f 1313/1049/1099 1314/1048/898 1308/1047/1098
f 1313/1049/1099 1307/1046/1097 1312/1050/1100
f 1315/1051/901 1314/1048/898 1313/1049/1099
f 1311/1052/903 1310/1049/1101 1309/1053/1102
f 1310/1049/1101 1316/1050/1103 1309/1053/1102
f 1311/1052/903 1317/1051/906 1310/1049/1101
f 1321/1013/1104 1320/1036/907 1319/1035/1105
f 1322/1018/907 1320/1036/907 1321/1013/1104
f 1319/1035/1105 1329/1016/1106 1321/1013/1104
f 1319/1035/1105 1330/1030/1107 1329/1016/1106
f 1331/1033/1108 1330/1030/1107 1319/1035/1105
f 1331/1033/1108 1332/1027/1109 1330/1030/1107
f 1338/1012/1110 1337/962/1111 1336/963/1110
f 1339/1054/1112 1337/962/1111 1338/1012/1110
f 1339/1054/1112 1429/959/1113 1337/962/1111
f 1430/1055/1114 1429/959/1113 1339/1054/1112
f 1430/1055/1114 1340/960/1115 1429/959/1113
f 1342/1056/1116 1340/960/1115 1430/1055/1114
f 1342/1056/1116 1341/957/1117 1340/960/1115
f 1343/1057/1118 1341/957/1117 1342/1056/1116
f 1343/1057/1118 1344/953/1119 1341/957/1117
f 1346/1058/1120 1344/953/1119 1343/1057/1118
f 1346/1058/1120 1345/949/1121 1344/953/1119
f 1347/1059/1122 1345/949/1121 1346/1058/1120
f 1347/1059/1122 1348/948/1123 1345/949/1121
f 1350/1060/1124 1348/948/1123 1347/1059/1122
f 1350/1060/1124 1349/946/1125 1348/948/1123
f 1351/1061/1126 1349/946/1125 1350/1060/1124
f 1351/1061/1126 1352/951/1127 1349/946/1125
f 1353/1062/1128 1352/951/1127 1351/1061/1126
f 1353/1062/1128 1354/950/1129 1352/951/1127
f 1356/1063/1130 1354/950/1129 1353/1062/1128
f 1356/1063/1130 1355/984/1131 1354/950/1129
f 1357/1064/1132 1355/984/1131 1356/1063/1130
f 1357/1064/1132 1358/983/1133 1355/984/1131
f 1360/1065/1134 1358/983/1133 1357/1064/1132
f 1360/1065/1134 1359/982/1135 1358/983/1133
f 1361/1066/1136 1359/982/1135 1360/1065/1134
f 1361/1066/1136 1362/979/1137 1359/982/1135
f 1364/1067/1138 1362/979/1137 1361/1066/1136
f 1364/1067/1138 1363/980/1139 1362/979/1137
f 1365/1068/1140 1363/980/1139 1364/1067/1138
f 1365/1068/1140 1366/977/1141 1363/980/1139
f 1368/1069/1142 1366/977/1141 1365/1068/1140
f 1368/1069/1142 1367/976/1143 1366/977/1141
f 1369/1070/1144 1367/976/1143 1368/1069/1142
f 1369/1070/1144 1370/974/1145 1367/976/1143
f 1372/1071/1146 1370/974/1145 1369/1070/1144
f 1372/1071/1146 1371/975/1147 1370/974/1145
f 1373/1072/1148 1371/975/1147 1372/1071/1146
f 1373/1072/1148 1374/973/1149 1371/975/1147
f 1376/1073/1150 1374/973/1149 1373/1072/1148
f 1376/1073/1150 1375/972/1151 1374/973/1149
f 1377/1074/1152 1375/972/1151 1376/1073/1150
f 1377/1074/1152 1379/965/1153 1375/972/1151
f 1378/1075/1154 1379/965/1153 1377/1074/1152
f 1380/1009/1155 1379/965/1153 1378/1075/1154
f 1381/967/1155 1379/965/1153 1380/1009/1155
f 1384/1076/1156 1383/1054/1157 1382/1012/1158
f 1385/1077/1159 1383/1054/1157 1384/1076/1156
f 1385/1077/1159 1431/1055/1160 1383/1054/1157
f 1404/1078/1161 1385/1077/1159 1384/1076/1156
f 1405/1079/1162 1431/1055/1160 1385/1077/1159
f 1405/1079/1162 1385/1077/1159 1404/1078/1161
f 1405/1079/1162 1386/1056/1163 1431/1055/1160
f 1388/1080/1164 1386/1056/1163 1405/1079/1162
f 1404/1078/1161 1388/1080/1164 1405/1079/1162
f 1388/1080/1164 1387/1057/1165 1386/1056/1163
f 1389/1081/1166 1387/1057/1165 1388/1080/1164
f 1389/1081/1166 1388/1080/1164 1404/1078/1161
f 1389/1081/1166 1390/1058/1167 1387/1057/1165
f 1392/1082/1168 1390/1058/1167 1389/1081/1166
f 1404/1078/1161 1392/1082/1168 1389/1081/1166
f 1392/1082/1168 1391/1059/1169 1390/1058/1167
f 1393/1083/1170 1391/1059/1169 1392/1082/1168
f 1393/1083/1170 1392/1082/1168 1404/1078/1161
f 1393/1083/1170 1394/1060/1171 1391/1059/1169
f 1396/1084/1172 1394/1060/1171 1393/1083/1170
f 1404/1078/1161 1396/1084/1172 1393/1083/1170
f 1396/1084/1172 1395/1061/1173 1394/1060/1171
f 1397/1085/1174 1395/1061/1173 1396/1084/1172
f 1397/1085/1174 1396/1084/1172 1404/1078/1161
f 1397/1085/1174 1398/1062/1175 1395/1061/1173
f 1399/1086/1176 1398/1062/1175 1397/1085/1174
f 1404/1078/1161 1399/1086/1176 1397/1085/1174
f 1399/1086/1176 1400/1063/1177 1398/1062/1175
f 1402/1087/1178 1400/1063/1177 1399/1086/1176
f 1402/1087/1178 1399/1086/1176 1404/1078/1161
f 1402/1087/1178 1401/1064/1179 1400/1063/1177
f 1404/1078/1161 1403/1088/1180 1402/1087/1178
f 1403/1088/1180 1401/1064/1179 1402/1087/1178
f 1406/1089/1181 1403/1088/1180 1404/1078/1161
f 1403/1088/1180 1432/1065/1182 1401/1064/1179
f 1406/1089/1181 1432/1065/1182 1403/1088/1180
f 1409/1089/1183 1408/1090/1184 1407/1065/1185
f 1409/1089/1183 1410/1091/1186 1408/1090/1184
f 1411/1078/1187 1410/1091/1186 1409/1089/1183
f 1411/1078/1187 1412/1092/1188 1410/1091/1186
f 1413/1076/1189 1412/1092/1188 1411/1078/1187
f 1413/1076/1189 1414/1012/1190 1412/1092/1188
f 1417/1012/1191 1416/961/1192 1415/1010/1191
f 1418/963/1191 1416/961/1192 1417/1012/1191
f 1423/967/1193 1422/1011/1194 1421/966/1194
f 1424/1009/1193 1422/1011/1194 1423/967/1193
f 1435/1093/1195 1434/1094/1196 1433/1095/1197
f 1433/1095/1197 1440/1096/1198 1435/1093/1195
f 1436/1097/1199 1434/1094/1196 1435/1093/1195
f 1438/1098/1198 1440/1096/1198 1433/1095/1197
f 1434/1094/1196 1436/1097/1199 1562/1099/1200
f 1562/1099/1200 1436/1097/1199 1561/1100/1200
f 1440/1096/1198 1438/1098/1198 1439/1101/1201
f 1439/1101/1201 1438/1098/1198 1437/1102/1202
f 1437/1102/1202 1441/1103/1203 1439/1101/1201
f 1442/1104/1203 1441/1103/1203 1437/1102/1202
f 1445/1097/1204 1444/1105/1205 1443/1100/1206
f 1446/1106/1204 1444/1105/1205 1445/1097/1204
f 1449/1093/1207 1448/1106/1207 1447/1097/1208
f 1450/1107/1207 1448/1106/1207 1449/1093/1207
f 1453/1096/1209 1452/1107/1210 1451/1093/1211
f 1454/1108/1212 1452/1107/1210 1453/1096/1209
f 1457/1101/1213 1456/1108/1213 1455/1096/1213
f 1458/1109/1213 1456/1108/1213 1457/1101/1213
f 1461/1103/1214 1460/1109/1215 1459/1101/1216
f 1462/1110/1214 1460/1109/1215 1461/1103/1214
f 1465/1111/901 1464/1112/1217 1463/1113/901
f 1466/1114/1217 1464/1112/1217 1465/1111/901
f 1469/1106/1218 1468/1115/1219 1467/1105/1219
f 1470/1116/1220 1468/1115/1219 1469/1106/1218
f 1471/1107/1221 1470/1116/1220 1469/1106/1218
f 1472/1117/1221 1470/1116/1220 1471/1107/1221
f 1473/1108/1222 1472/1117/1221 1471/1107/1221
f 1474/1118/1222 1472/1117/1221 1473/1108/1222
f 1475/1109/1223 1474/1118/1222 1473/1108/1222
f 1476/1119/1224 1474/1118/1222 1475/1109/1223
f 1477/1110/1225 1476/1119/1224 1475/1109/1223
f 1478/1120/1225 1476/1119/1224 1477/1110/1225
f 1481/1121/1226 1480/1122/1227 1479/1123/1227
f 1482/1124/1228 1480/1122/1227 1481/1121/1226
f 1485/1125/1229 1484/1124/1229 1483/1121/1229
f 1488/1126/1230 1487/1124/1231 1486/1125/1232
f 1489/1127/1230 1487/1124/1231 1488/1126/1230
f 1492/1128/1233 1491/1127/1233 1490/1126/1233
f 1495/1129/1234 1494/1127/1235 1493/1128/1235
f 1496/1130/1234 1494/1127/1235 1495/1129/1234
f 1499/1131/1236 1498/1132/1237 1497/1133/1238
f 1504/1134/1239 1497/1133/1238 1498/1132/1237
f 1500/1135/1240 1498/1132/1237 1499/1131/1236
f 1503/1136/1239 1497/1133/1238 1504/1134/1239
f 1499/1131/1236 1564/1137/1200 1500/1135/1240
f 1500/1135/1240 1564/1137/1200 1563/1138/1200
f 1504/1134/1239 1502/1139/1241 1503/1136/1239
f 1503/1136/1239 1502/1139/1241 1501/1140/1242
f 1505/1141/1203 1501/1140/1242 1502/1139/1241
f 1506/1142/1203 1501/1140/1242 1505/1141/1203
f 1509/1143/1206 1508/1135/1243 1507/1138/1206
f 1510/1144/1243 1508/1135/1243 1509/1143/1206
f 1513/1144/1244 1512/1132/1244 1511/1135/1244
f 1514/1145/1244 1512/1132/1244 1513/1144/1244
f 1517/1145/1245 1516/1134/1246 1515/1132/1247
f 1518/1146/1248 1516/1134/1246 1517/1145/1245
f 1521/1146/1249 1520/1139/1249 1519/1134/1249
f 1522/1147/1249 1520/1139/1249 1521/1146/1249
f 1525/1147/1250 1524/1141/1214 1523/1139/1251
f 1526/1148/1214 1524/1141/1214 1525/1147/1250
f 1529/1149/1252 1528/1150/901 1527/1151/901
f 1530/1152/1252 1528/1150/901 1529/1149/1252
f 1533/1153/1219 1532/1144/1253 1531/1143/1219
f 1534/1154/1254 1532/1144/1253 1533/1153/1219
f 1534/1154/1254 1535/1145/1255 1532/1144/1253
f 1536/1155/1255 1535/1145/1255 1534/1154/1254
f 1536/1155/1255 1537/1146/1256 1535/1145/1255
f 1538/1156/1256 1537/1146/1256 1536/1155/1255
f 1538/1156/1256 1539/1147/1257 1537/1146/1256
f 1540/1157/1258 1539/1147/1257 1538/1156/1256
f 1540/1157/1258 1541/1148/1225 1539/1147/1257
f 1542/1158/1225 1541/1148/1225 1540/1157/1258
f 1545/1159/1227 1544/1160/1259 1543/1161/1227
f 1546/1162/1260 1544/1160/1259 1545/1159/1227
f 1549/1162/1261 1548/1163/1261 1547/1160/1261
f 1552/1162/1262 1551/1164/1263 1550/1163/1264
f 1553/1165/1263 1551/1164/1263 1552/1162/1262
f 1556/1165/1265 1555/1166/1265 1554/1164/1265
f 1559/1165/1266 1558/1167/1234 1557/1166/1266
f 1560/1168/1234 1558/1167/1234 1559/1165/1266
f 1567/1169/1267 1566/1170/1268 1565/1171/1269
f 1568/1172/1270 1566/1170/1268 1567/1169/1267
f 1569/1173/1271 1565/1171/1269 1566/1170/1268
f 1570/1174/1271 1565/1171/1269 1569/1173/1271
f 1573/1175/1272 1572/1170/1272 1571/1176/1273
f 1574/1173/1272 1572/1170/1272 1573/1175/1272
f 1577/1177/1274 1576/1173/1274 1575/1175/1275
f 1578/1174/1274 1576/1173/1274 1577/1177/1274
f 1581/1171/1276 1580/1177/1276 1579/1178/1276
f 1582/1174/1277 1580/1177/1276 1581/1171/1276
f 1585/1179/1278 1584/1171/1278 1583/1178/1278
f 1586/1169/1278 1584/1171/1278 1585/1179/1278
f 1589/1170/1279 1588/1180/1279 1587/1176/1279
f 1590/1172/1279 1588/1180/1279 1589/1170/1279
f 1593/1180/1280 1592/1169/1280 1591/1179/1280
f 1594/1172/1281 1592/1169/1280 1593/1180/1280
f 1597/1181/1282 1596/1182/1283 1595/1183/1284
f 1598/1184/1282 1596/1182/1283 1597/1181/1282
f 1599/1185/1285 1595/1183/1284 1596/1182/1283
f 1600/1186/1285 1595/1183/1284 1599/1185/1285
f 1603/1187/1286 1602/1188/1287 1601/1189/1288
f 1606/1190/1289 1601/1189/1288 1605/1191/1290
f 1603/1187/1286 1601/1189/1288 1606/1190/1289
f 1648/1192/1291 1603/1187/1286 1606/1190/1289
f 1646/1193/1292 1603/1187/1286 1648/1192/1291
f 1646/1193/1292 1604/1194/1293 1603/1187/1286
f 1604/1194/1293 1602/1188/1287 1603/1187/1286
f 1647/1195/1294 1604/1194/1293 1646/1193/1292
f 1654/1196/1295 1604/1194/1293 1647/1195/1294
f 1604/1194/1293 1618/1197/1296 1602/1188/1287
f 1618/1197/1296 1604/1194/1293 1654/1196/1295
f 1602/1188/1287 1618/1197/1296 1617/1198/1297
f 1653/1199/1298 1618/1197/1296 1654/1196/1295
f 1618/1197/1296 1616/1200/1299 1617/1198/1297
f 1616/1200/1299 1618/1197/1296 1653/1199/1298
f 1617/1198/1297 1616/1200/1299 1615/1201/1300
f 1616/1200/1299 1613/1202/1301 1615/1201/1300
f 1653/1199/1298 1614/1203/1302 1616/1200/1299
f 1614/1203/1302 1613/1202/1301 1616/1200/1299
f 1652/1204/1303 1614/1203/1302 1653/1199/1298
f 1614/1203/1302 1611/1205/1304 1613/1202/1301
f 1652/1204/1303 1612/1206/1305 1614/1203/1302
f 1612/1206/1305 1611/1205/1304 1614/1203/1302
f 1651/1207/1306 1612/1206/1305 1652/1204/1303
f 1649/1208/1307 1612/1206/1305 1651/1207/1306
f 1612/1206/1305 1610/1209/1308 1611/1205/1304
f 1610/1209/1308 1612/1206/1305 1649/1208/1307
f 1650/1210/1291 1610/1209/1308 1649/1208/1307
f 1611/1205/1304 1610/1209/1308 1609/1211/1309
f 1608/1212/1289 1610/1209/1308 1650/1210/1291
f 1610/1209/1308 1608/1212/1289 1609/1211/1309
f 1609/1211/1309 1608/1212/1289 1607/1213/1290
f 1621/1214/1310 1620/1215/1311 1619/1216/1311
f 1620/1215/1311 1635/1217/1312 1619/1216/1311
f 1622/1218/1310 1620/1215/1311 1621/1214/1310
f 1636/1219/1313 1635/1217/1312 1620/1215/1311
f 1622/1218/1310 1621/1214/1310 1624/1220/1314
f 1636/1219/1313 1633/1221/1315 1635/1217/1312
f 1624/1220/1314 1621/1214/1310 1623/1222/1316
f 1634/1223/1317 1633/1221/1315 1636/1219/1313
f 1624/1220/1314 1623/1222/1316 1626/1224/1318
f 1626/1224/1318 1623/1222/1316 1625/1225/1318
f 1634/1223/1317 1631/1226/1319 1633/1221/1315
f 1632/1227/1319 1631/1226/1319 1634/1223/1317
f 1632/1227/1319 1627/1228/1320 1631/1226/1319
f 1629/1229/1321 1627/1228/1320 1632/1227/1319
f 1629/1229/1321 1628/1230/1318 1627/1228/1320
f 1630/1231/1318 1628/1230/1318 1629/1229/1321
f 1639/1232/1322 1638/1233/1323 1637/1234/1324
f 1637/1234/1324 1638/1233/1323 1645/1235/1325
f 1640/1236/1326 1638/1233/1323 1639/1232/1322
f 1645/1235/1325 1638/1233/1323 1644/1237/1327
f 1641/1238/1328 1638/1233/1323 1640/1236/1326
f 1644/1237/1327 1638/1233/1323 1643/1239/1329
f 1642/1240/1330 1638/1233/1323 1641/1238/1328
f 1643/1239/1329 1638/1233/1323 1642/1240/1330
f 1657/1241/1331 1656/1242/1332 1655/1243/438
f 1657/1241/1331 1663/1244/1333 1656/1242/1332
f 1656/1242/1332 1663/1244/1333 1662/1245/1334
f 1657/1241/1331 1671/1246/1335 1663/1244/1333
f 1662/1245/1334 1664/1247/1336 1656/1242/1332
f 1661/1248/1337 1671/1246/1335 1657/1241/1331
f 1661/1248/1337 1657/1241/1331 1655/1243/438
f 1670/1249/1338 1671/1246/1335 1661/1248/1337
f 1661/1248/1337 1669/1250/1339 1670/1249/1338
f 1656/1242/1332 1664/1247/1336 1658/1251/1340
f 1656/1242/1332 1658/1251/1340 1655/1243/438
f 1658/1251/1340 1664/1247/1336 1665/1252/1341
f 1665/1252/1341 1666/1253/1342 1658/1251/1340
f 1658/1251/1340 1666/1253/1342 1659/1254/1343
f 1658/1251/1340 1659/1254/1343 1655/1243/438
f 1659/1254/1343 1666/1253/1342 1667/1255/1344
f 1659/1254/1343 1660/1256/1345 1655/1243/438
f 1659/1254/1343 1667/1255/1344 1660/1256/1345
f 1660/1256/1345 1661/1248/1337 1655/1243/438
f 1660/1256/1345 1667/1255/1344 1668/1257/1346
f 1660/1256/1345 1669/1250/1339 1661/1248/1337
f 1668/1257/1346 1669/1250/1339 1660/1256/1345
f 1674/1258/1334 1673/1259/1347 1672/1260/1348
f 1674/1258/1334 1672/1260/1348 1677/1261/1336
f 1675/1262/1333 1673/1259/1347 1674/1258/1334
f 1677/1261/1336 1672/1260/1348 1676/1263/1349
f 1677/1261/1336 1676/1263/1349 1679/1264/1341
f 1675/1262/1333 1690/1265/1350 1673/1259/1347
f 1691/1266/1335 1690/1265/1350 1675/1262/1333
f 1679/1264/1341 1676/1263/1349 1678/1267/1351
f 1679/1264/1341 1678/1267/1351 1681/1268/1342
f 1691/1266/1335 1688/1269/1352 1690/1265/1350
f 1689/1270/1338 1688/1269/1352 1691/1266/1335
f 1681/1268/1342 1678/1267/1351 1680/1271/1353
f 1681/1268/1342 1680/1271/1353 1683/1272/1344
f 1689/1270/1338 1686/1273/1354 1688/1269/1352
f 1687/1274/1339 1686/1273/1354 1689/1270/1338
f 1683/1272/1344 1680/1271/1353 1682/1275/1355
f 1683/1272/1344 1682/1275/1355 1685/1276/1346
f 1685/1276/1346 1684/1277/1356 1687/1274/1339
f 1685/1276/1346 1682/1275/1355 1684/1277/1356
f 1687/1274/1339 1684/1277/1356 1686/1273/1354
f 1682/1275/1355 1680/1271/1353 1692/1278/757
f 1684/1277/1356 1682/1275/1355 1692/1278/757
f 1686/1273/1354 1684/1277/1356 1692/1278/757
f 1680/1271/1353 1678/1267/1351 1692/1278/757
f 1688/1269/1352 1686/1273/1354 1692/1278/757
f 1678/1267/1351 1676/1263/1349 1692/1278/757
f 1690/1265/1350 1688/1269/1352 1692/1278/757
f 1676/1263/1349 1672/1260/1348 1692/1278/757
f 1673/1259/1347 1690/1265/1350 1692/1278/757
f 1672/1260/1348 1673/1259/1347 1692/1278/757
f 1695/1279/1357 1694/1280/1358 1693/1281/1359
f 1694/1280/1358 1706/1282/1360 1693/1281/1359
f 1693/1281/1359 1706/1282/1360 1705/1283/1361
f 1696/1284/1362 1694/1280/1358 1695/1279/1357
f 1696/1284/1362 1695/1279/1357 1698/1285/1363
f 1698/1285/1363 1695/1279/1357 1697/1286/1364
f 1699/1287/1365 1698/1285/1363 1697/1286/1364
f 1700/1288/1366 1698/1285/1363 1699/1287/1365
f 1701/1289/1367 1700/1288/1366 1699/1287/1365
f 1702/1290/1368 1700/1288/1366 1701/1289/1367
f 1702/1290/1368 1701/1289/1367 1704/1291/1360
f 1704/1291/1360 1701/1289/1367 1703/1292/1369
f 1709/1284/1370 1708/1293/1371 1707/1280/1372
f 1708/1293/1371 1719/1294/1373 1707/1280/1372
f 1707/1280/1372 1719/1294/1373 1718/1282/1374
f 1710/1295/1375 1708/1293/1371 1709/1284/1370
f 1709/1284/1370 1711/1285/1376 1710/1295/1375
f 1712/1288/1377 1710/1295/1375 1711/1285/1376
f 1713/1296/1378 1710/1295/1375 1712/1288/1377
f 1714/1290/1379 1713/1296/1378 1712/1288/1377
f 1715/1297/1380 1713/1296/1378 1714/1290/1379
f 1716/1291/1381 1715/1297/1380 1714/1290/1379
f 1717/1298/1373 1715/1297/1380 1716/1291/1381
f 1722/1299/1382 1721/1300/1383 1720/1301/1384
f 1723/1302/1385 1721/1300/1383 1722/1299/1382
f 1722/1299/1382 1720/1301/1384 1759/1303/1386
f 1724/1304/1387 1720/1301/1384 1721/1300/1383
f 1759/1303/1386 1720/1301/1384 1758/1305/1388
f 1720/1301/1384 1725/1306/1389 1758/1305/1388
f 1725/1306/1389 1720/1301/1384 1724/1304/1387
f 1758/1305/1388 1725/1306/1389 1760/1307/1390
f 1760/1307/1390 1725/1306/1389 1761/1308/1391
f 1725/1306/1389 1724/1304/1387 1727/1309/1392
f 1761/1308/1391 1725/1306/1389 1727/1309/1392
f 1727/1309/1392 1724/1304/1387 1726/1310/1393
f 1727/1309/1392 1726/1310/1393 1729/1311/1394
f 1761/1308/1391 1727/1309/1392 1729/1311/1394
f 1729/1311/1394 1726/1310/1393 1728/1312/1395
f 1730/1313/1396 1729/1311/1394 1728/1312/1395
f 1729/1311/1394 1731/1314/1397 1761/1308/1391
f 1731/1314/1397 1729/1311/1394 1730/1313/1396
f 1761/1308/1391 1731/1314/1397 1762/1315/1398
f 1762/1315/1398 1731/1314/1397 1763/1316/1386
f 1763/1316/1386 1731/1314/1397 1733/1317/1399
f 1731/1314/1397 1730/1313/1396 1733/1317/1399
f 1733/1317/1399 1730/1313/1396 1732/1318/1400
f 1736/1319/1401 1735/1295/1402 1734/1320/1403
f 1737/1293/1404 1735/1295/1402 1736/1319/1401
f 1735/1295/1402 1739/1296/1405 1734/1320/1403
f 1744/1321/1406 1737/1293/1404 1736/1319/1401
f 1745/1294/1407 1737/1293/1404 1744/1321/1406
f 1744/1321/1406 1736/1319/1401 1757/1322/1408
f 1757/1322/1408 1736/1319/1401 1749/1323/1409
f 1736/1319/1401 1734/1320/1403 1749/1323/1409
f 1757/1322/1408 1749/1323/1409 1756/1316/1410
f 1756/1316/1410 1749/1323/1409 1748/1315/1411
f 1749/1323/1409 1747/1324/1412 1748/1315/1411
f 1749/1323/1409 1734/1320/1403 1747/1324/1412
f 1748/1315/1411 1747/1324/1412 1746/1308/1413
f 1734/1320/1403 1738/1325/1414 1747/1324/1412
f 1734/1320/1403 1739/1296/1405 1738/1325/1414
f 1747/1324/1412 1751/1326/1415 1746/1308/1413
f 1747/1324/1412 1738/1325/1414 1751/1326/1415
f 1746/1308/1413 1751/1326/1415 1750/1307/1416
f 1739/1296/1405 1740/1327/1417 1738/1325/1414
f 1738/1325/1414 1740/1327/1417 1751/1326/1415
f 1741/1297/1418 1740/1327/1417 1739/1296/1405
f 1741/1297/1418 1743/1298/1407 1740/1327/1417
f 1740/1327/1417 1743/1298/1407 1742/1328/1419
f 1751/1326/1415 1753/1329/1420 1750/1307/1416
f 1751/1326/1415 1740/1327/1417 1753/1329/1420
f 1740/1327/1417 1742/1328/1419 1753/1329/1420
f 1750/1307/1416 1753/1329/1420 1752/1305/1421
f 1753/1329/1420 1742/1328/1419 1755/1330/1422
f 1753/1329/1420 1755/1330/1422 1752/1305/1421
f 1752/1305/1421 1755/1330/1422 1754/1303/1410
f 1766/1331/1423 1765/1332/1424 1764/1333/1425
f 1767/1334/1426 1765/1332/1424 1766/1331/1423
f 1766/1331/1423 1764/1333/1425 1769/1335/1427
f 1779/1336/1428 1765/1332/1424 1767/1334/1426
f 1769/1335/1427 1764/1333/1425 1768/1337/1429
f 1780/1338/1430 1765/1332/1424 1779/1336/1428
f 1768/1337/1429 1823/1339/1431 1769/1335/1427
f 1780/1338/1430 1779/1336/1428 1778/1340/1432
f 1769/1335/1427 1823/1339/1431 1822/1341/1433
f 1780/1338/1430 1778/1340/1432 1774/1342/1434
f 1823/1339/1431 1821/1343/1435 1822/1341/1433
f 1774/1342/1434 1778/1340/1432 1776/1344/1436
f 1822/1341/1433 1821/1343/1435 1820/1345/1437
f 1776/1344/1436 1775/1346/1438 1774/1342/1434
f 1835/1347/1439 1820/1345/1437 1821/1343/1435
f 1777/1348/1440 1775/1346/1438 1776/1344/1436
f 1836/1349/1441 1820/1345/1437 1835/1347/1439
f 1775/1346/1438 1777/1348/1440 1782/1350/1442
f 1782/1350/1442 1777/1348/1440 1781/1351/1443
f 1836/1349/1441 1835/1347/1439 1834/1352/1444
f 1835/1347/1439 1830/1353/1445 1834/1352/1444
f 1834/1352/1444 1830/1353/1445 1831/1354/1446
f 1832/1355/1447 1831/1354/1446 1830/1353/1445
f 1833/1356/1448 1831/1354/1446 1832/1355/1447
f 1832/1355/1447 1838/1357/1443 1833/1356/1448
f 1833/1356/1448 1838/1357/1443 1837/1358/1442
f 1772/1359/1449 1771/1360/1450 1770/1361/1451
f 1773/1362/1452 1771/1360/1450 1772/1359/1449
f 1770/1361/1451 1787/1363/1453 1772/1359/1449
f 1798/1364/1454 1771/1360/1450 1773/1362/1452
f 1788/1365/1455 1787/1363/1453 1770/1361/1451
f 1788/1365/1455 1789/1366/1456 1787/1363/1453
f 1796/1367/1457 1771/1360/1450 1798/1364/1454
f 1799/1368/1458 1796/1367/1457 1798/1364/1454
f 1800/1369/1459 1796/1367/1457 1799/1368/1458
f 1800/1369/1459 1799/1368/1458 1802/1370/1460
f 1802/1370/1460 1799/1368/1458 1801/1371/1460
f 1801/1371/1460 1848/1372/1461 1802/1370/1460
f 1802/1370/1460 1848/1372/1461 1849/1373/1462
f 1849/1373/1462 1848/1372/1461 1846/1374/1463
f 1846/1374/1463 1848/1372/1461 1847/1375/1464
f 1846/1374/1463 1847/1375/1464 1828/1376/1465
f 1828/1376/1465 1847/1375/1464 1829/1377/1466
f 1829/1377/1466 1827/1378/1467 1828/1376/1465
f 1795/1379/1468 1846/1374/1463 1828/1376/1465
f 1797/1380/1469 1846/1374/1463 1795/1379/1468
f 1797/1380/1469 1795/1379/1468 1796/1367/1457
f 1796/1367/1457 1795/1379/1468 1771/1360/1450
f 1795/1379/1468 1803/1381/1470 1771/1360/1450
f 1795/1379/1468 1828/1376/1465 1803/1381/1470
f 1771/1360/1450 1803/1381/1470 1770/1361/1451
f 1803/1381/1470 1828/1376/1465 1826/1382/1471
f 1828/1376/1465 1827/1378/1467 1826/1382/1471
f 1839/1383/1472 1826/1382/1471 1827/1378/1467
f 1804/1384/1473 1770/1361/1451 1803/1381/1470
f 1826/1382/1471 1804/1384/1473 1803/1381/1470
f 1788/1365/1455 1770/1361/1451 1804/1384/1473
f 1840/1385/1474 1826/1382/1471 1839/1383/1472
f 1840/1385/1474 1804/1384/1473 1826/1382/1471
f 1841/1386/1475 1840/1385/1474 1839/1383/1472
f 1805/1387/1476 1788/1365/1455 1804/1384/1473
f 1840/1385/1474 1805/1387/1476 1804/1384/1473
f 1842/1388/1477 1840/1385/1474 1841/1386/1475
f 1842/1388/1477 1805/1387/1476 1840/1385/1474
f 1791/1389/1478 1842/1388/1477 1841/1386/1475
f 1791/1389/1478 1805/1387/1476 1842/1388/1477
f 1790/1390/1479 1788/1365/1455 1805/1387/1476
f 1805/1387/1476 1791/1389/1478 1790/1390/1479
f 1790/1390/1479 1789/1366/1456 1788/1365/1455
f 1790/1390/1479 1791/1389/1478 1789/1366/1456
f 1785/1391/1480 1784/1392/1481 1783/1393/1481
f 1783/1393/1481 1784/1392/1481 1793/1394/1482
f 1793/1394/1482 1784/1392/1481 1792/1395/1482
f 1794/1396/1483 1793/1394/1482 1792/1395/1482
f 1786/1397/1480 1784/1392/1481 1785/1391/1480
f 1785/1391/1480 1824/1398/1484 1786/1397/1480
f 1825/1399/1484 1824/1398/1484 1785/1391/1480
f 1825/1399/1484 1843/1400/1485 1824/1398/1484
f 1844/1401/1485 1843/1400/1485 1825/1399/1484
f 1843/1400/1485 1844/1401/1485 1845/1402/1485
f 1808/1403/1486 1807/1404/1487 1806/1405/1488
f 1806/1405/1488 1807/1404/1487 1813/1406/1489
f 1809/1407/1490 1807/1404/1487 1808/1403/1486
f 1819/1408/1491 1806/1405/1488 1813/1406/1489
f 1808/1403/1486 1810/1409/1492 1809/1407/1490
f 1818/1410/1493 1806/1405/1488 1819/1408/1491
f 1808/1403/1486 1811/1411/1494 1810/1409/1492
f 1818/1410/1493 1817/1412/1495 1806/1405/1488
f 1812/1413/1496 1811/1411/1494 1808/1403/1486
f 1806/1405/1488 1817/1412/1495 1814/1414/1497
f 1814/1414/1497 1808/1403/1486 1806/1405/1488
f 1812/1413/1496 1808/1403/1486 1816/1415/1498
f 1815/1416/1499 1808/1403/1486 1814/1414/1497
f 1816/1415/1498 1808/1403/1486 1815/1416/1499
f 1852/1417/1500 1851/1418/1501 1850/1419/1501
f 1850/1419/1501 1851/1418/1501 1877/1420/1502
f 1853/1421/1500 1851/1418/1501 1852/1417/1500
f 1856/1422/1503 1855/1423/1504 1854/1424/1505
f 1857/1425/1506 1855/1423/1504 1856/1422/1503
f 1858/1426/1507 1857/1425/1506 1856/1422/1503
f 1879/1427/1508 1858/1426/1507 1856/1422/1503
f 1878/1428/1509 1857/1425/1506 1858/1426/1507
f 1861/1429/1487 1860/1430/1510 1859/1431/1511
f 1861/1429/1487 1859/1431/1511 1866/1432/1489
f 1862/1433/1490 1860/1430/1510 1861/1429/1487
f 1859/1431/1511 1876/1434/1512 1866/1432/1489
f 1863/1435/1492 1860/1430/1510 1862/1433/1490
f 1875/1436/1513 1876/1434/1512 1859/1431/1511
f 1864/1437/1514 1860/1430/1510 1863/1435/1492
f 1875/1436/1513 1859/1431/1511 1874/1438/1515
f 1865/1439/1516 1860/1430/1510 1864/1437/1514
f 1874/1438/1515 1859/1431/1511 1867/1440/1517
f 1860/1430/1510 1867/1440/1517 1859/1431/1511
f 1865/1439/1516 1869/1441/1518 1860/1430/1510
f 1860/1430/1510 1868/1442/1519 1867/1440/1517
f 1860/1430/1510 1869/1441/1518 1868/1442/1519
f 1872/1417/1520 1871/1423/1521 1870/1421/1522
f 1873/1424/1521 1871/1423/1521 1872/1417/1520
f 1882/1443/1523 1881/1444/1524 1880/1445/1525
f 1947/1446/1526 1881/1444/1524 1902/1447/1527
f 1902/1447/1527 1881/1444/1524 1882/1443/1523
f 1901/1448/1528 1902/1447/1527 1882/1443/1523
f 1949/1449/1529 1880/1445/1525 1881/1444/1524
f 1901/1448/1528 1882/1443/1523 1900/1450/1530
f 1884/1451/1531 1880/1445/1525 1949/1449/1529
f 1900/1450/1530 1882/1443/1523 1889/1452/1532
f 1889/1452/1532 1882/1443/1523 1880/1445/1525
f 1900/1450/1530 1889/1452/1532 1899/1453/1533
f 1884/1451/1531 1883/1454/1534 1880/1445/1525
f 1899/1453/1533 1889/1452/1532 1897/1455/1535
f 1889/1452/1532 1880/1445/1525 1897/1455/1535
f 1898/1456/1536 1899/1453/1533 1897/1455/1535
f 1898/1456/1536 1897/1455/1535 1896/1457/1537
f 1883/1454/1534 1885/1458/1538 1880/1445/1525
f 1896/1457/1537 1897/1455/1535 1888/1459/1539
f 1897/1455/1535 1880/1445/1525 1888/1459/1539
f 1896/1457/1537 1888/1459/1539 1895/1460/1540
f 1948/1461/1541 1892/1462/1542 1885/1458/1538
f 1895/1460/1540 1888/1459/1539 1886/1463/1543
f 1886/1463/1543 1888/1459/1539 1880/1445/1525
f 1894/1464/1544 1895/1460/1540 1886/1463/1543
f 1894/1464/1544 1886/1463/1543 1893/1465/1545
f 1892/1462/1542 1890/1466/1546 1885/1458/1538
f 1890/1466/1546 1880/1445/1525 1885/1458/1538
f 1892/1462/1542 1891/1467/1547 1890/1466/1546
f 1887/1468/1548 1886/1463/1543 1880/1445/1525
f 1887/1468/1548 1880/1445/1525 1890/1466/1546
f 1893/1465/1545 1886/1463/1543 1887/1468/1548
f 1891/1467/1547 1887/1468/1548 1890/1466/1546
f 1893/1465/1545 1887/1468/1548 1891/1467/1547
f 1905/1469/1549 1904/1470/1549 1903/1471/1549
f 1904/1470/1549 1919/1472/1549 1903/1471/1549
f 1906/1473/1549 1905/1469/1549 1903/1471/1549
f 1919/1472/1549 1918/1474/1549 1903/1471/1549
f 1907/1475/1549 1906/1473/1549 1903/1471/1549
f 1918/1474/1549 1917/1476/1549 1903/1471/1549
f 1908/1477/1549 1907/1475/1549 1903/1471/1549
f 1917/1476/1549 1916/1478/1549 1903/1471/1549
f 1909/1479/1549 1908/1477/1549 1903/1471/1549
f 1916/1478/1549 1915/1480/1549 1903/1471/1549
f 1910/1481/1549 1909/1479/1549 1903/1471/1549
f 1915/1480/1549 1914/1482/1549 1903/1471/1549
f 1911/1483/1549 1910/1481/1549 1903/1471/1549
f 1914/1482/1549 1913/1484/1549 1903/1471/1549
f 1912/1485/1549 1911/1483/1549 1903/1471/1549
f 1913/1484/1549 1912/1485/1549 1903/1471/1549
f 1922/1486/1550 1921/1487/1551 1920/1488/1552
f 1923/1489/1551 1921/1487/1551 1922/1486/1550
f 1950/1490/1553 1922/1486/1550 1920/1488/1552
f 1951/1491/1553 1922/1486/1550 1950/1490/1553
f 1926/1492/1554 1925/1469/1555 1924/1473/1556
f 1927/1493/1555 1925/1469/1555 1926/1492/1554
f 1942/1475/1557 1926/1492/1554 1924/1473/1556
f 1943/1494/1558 1926/1492/1554 1942/1475/1557
f 1944/1477/1559 1943/1494/1558 1942/1475/1557
f 1945/1479/1560 1943/1494/1558 1944/1477/1559
f 1946/1495/1560 1943/1494/1558 1945/1479/1560
f 1930/1496/1561 1929/1497/1562 1928/1498/1563
f 1931/1499/1564 1929/1497/1562 1930/1496/1561
f 1931/1499/1564 1930/1496/1561 1956/1500/1565
f 1956/1500/1565 1930/1496/1561 1955/1501/1565
f 1934/1502/1566 1933/1503/1567 1932/1504/1568
f 1939/1497/1569 1934/1502/1566 1932/1504/1568
f 1940/1499/1569 1934/1502/1566 1939/1497/1569
f 1933/1503/1567 1934/1502/1566 1957/1505/1570
f 1958/1506/1571 1933/1503/1567 1957/1505/1570
f 1957/1505/1570 1960/1487/1572 1958/1506/1571
f 1961/1488/1573 1960/1487/1572 1957/1505/1570
f 1937/1490/1574 1936/1502/1575 1935/1500/1575
f 1935/1500/1575 1936/1502/1575 1959/1499/1576
f 1938/1505/1575 1936/1502/1575 1937/1490/1574
f 1941/1488/1577 1938/1505/1575 1937/1490/1574
f 1954/1507/1578 1953/1493/1579 1952/1492/1580
f 1952/1492/1580 1962/1508/1581 1954/1507/1578
f 1963/1494/1580 1962/1508/1581 1952/1492/1580
f 1962/1508/1581 1963/1494/1580 1964/1495/1582
f 1967/1509/1583 1966/1510/1584 1965/1511/1583
f 1967/1509/1583 1965/1511/1583 1970/1512/1585
f 1968/1513/1584 1966/1510/1584 1967/1509/1583
f 1970/1512/1585 1965/1511/1583 1969/1514/1585
f 1968/1513/1584 1989/1515/1586 1966/1510/1584
f 1970/1512/1585 1969/1514/1585 1972/1516/1587
f 1972/1516/1587 1969/1514/1585 1971/1517/1587
f 1990/1518/1588 1989/1515/1586 1968/1513/1584
f 1990/1518/1588 1987/1519/1589 1989/1515/1586
f 1988/1520/1590 1987/1519/1589 1990/1518/1588
f 1988/1520/1590 1985/1521/886 1987/1519/1589
f 1986/1522/886 1985/1521/886 1988/1520/1590
f 1986/1522/886 1983/1523/1591 1985/1521/886
f 1984/1524/1591 1983/1523/1591 1986/1522/886
f 1984/1524/1591 1981/1525/1592 1983/1523/1591
f 1982/1526/1592 1981/1525/1592 1984/1524/1591
f 1982/1526/1592 1979/1527/1593 1981/1525/1592
f 1980/1528/1593 1979/1527/1593 1982/1526/1592
f 1980/1528/1593 1977/1529/1594 1979/1527/1593
f 1978/1530/1595 1977/1529/1594 1980/1528/1593
f 1978/1530/1595 1973/1531/1596 1977/1529/1594
f 1975/1532/1596 1973/1531/1596 1978/1530/1595
f 1975/1532/1596 1974/1533/1587 1973/1531/1596
f 1976/1534/1587 1974/1533/1587 1975/1532/1596
f 1993/1535/1597 1992/1536/1598 1991/1537/1599
f 1992/1536/1598 2006/1538/1600 1991/1537/1599
f 1994/1539/1601 1992/1536/1598 1993/1535/1597
f 1991/1537/1599 2006/1538/1600 2005/1540/1602
f 1995/1541/1603 1994/1539/1601 1993/1535/1597
f 2006/1538/1600 2004/1542/1604 2005/1540/1602
f 1996/1543/1605 1994/1539/1601 1995/1541/1603
f 2005/1540/1602 2004/1542/1604 2003/1544/1606
f 1997/1545/1607 1996/1543/1605 1995/1541/1603
f 2004/1542/1604 2002/1546/1608 2003/1544/1606
f 1998/1547/1609 1996/1543/1605 1997/1545/1607
f 2003/1544/1606 2002/1546/1608 2001/1548/1610
f 1999/1549/1611 1998/1547/1609 1997/1545/1607
f 2002/1546/1608 2000/1550/1612 2001/1548/1610
f 2000/1550/1612 1998/1547/1609 1999/1549/1611
f 2001/1548/1610 2000/1550/1612 1999/1549/1611
f 2009/1551/1613 2008/1552/1613 2007/1553/1614
f 2010/1554/1614 2008/1552/1613 2009/1551/1613
f 2013/1555/1615 2012/1554/1616 2011/1551/1616
f 2014/1556/1617 2012/1554/1616 2013/1555/1615
f 2017/1557/1618 2016/1556/1619 2015/1555/1620
f 2018/1558/1618 2016/1556/1619 2017/1557/1618
f 2021/1559/1621 2020/1558/1621 2019/1557/1622
f 2022/1560/1623 2020/1558/1621 2021/1559/1621
f 2025/1561/1624 2024/1560/1625 2023/1559/1626
f 2026/1562/1625 2024/1560/1625 2025/1561/1624
f 2029/1563/1627 2028/1562/1627 2027/1561/1628
f 2030/1564/1629 2028/1562/1627 2029/1563/1627
f 2033/1565/1630 2032/1566/1631 2031/1567/1631
f 2034/1568/1630 2032/1566/1631 2033/1565/1630
f 2037/1553/1632 2036/1568/1633 2035/1565/1634
f 2038/1552/1632 2036/1568/1633 2037/1553/1632
f 2041/1569/1635 2040/1570/1584 2039/1571/1598
f 2040/1570/1584 2056/1572/1636 2039/1571/1598
f 2042/1573/1637 2040/1570/1584 2041/1569/1635
f 2039/1571/1598 2056/1572/1636 2055/1574/1600
f 2043/1575/1605 2042/1573/1637 2041/1569/1635
f 2056/1572/1636 2054/1576/1090 2055/1574/1600
f 2044/1577/1638 2042/1573/1637 2043/1575/1605
f 2055/1574/1600 2054/1576/1090 2053/1578/1604
f 2045/1579/1639 2044/1577/1638 2043/1575/1605
f 2046/1580/1640 2044/1577/1638 2045/1579/1639
f 2054/1576/1090 2052/1581/1641 2053/1578/1604
f 2053/1578/1604 2052/1581/1641 2051/1582/1642
f 2052/1581/1641 2050/1583/1593 2051/1582/1642
f 2051/1582/1642 2050/1583/1593 2049/1584/1612
f 2050/1583/1593 2048/1585/1643 2049/1584/1612
f 2049/1584/1612 2048/1585/1643 2047/1586/1609
f 2059/1587/1584 2058/1588/1644 2057/1589/1637
f 2058/1588/1644 2062/1590/1587 2057/1589/1637
f 2057/1589/1637 2062/1590/1587 2061/1591/1587
f 2060/1592/1584 2058/1588/1644 2059/1587/1584
f 2073/1593/1636 2060/1592/1584 2059/1587/1584
f 2074/1594/1636 2060/1592/1584 2073/1593/1636
f 2071/1595/1090 2074/1594/1636 2073/1593/1636
f 2072/1596/1090 2074/1594/1636 2071/1595/1090
f 2069/1597/1645 2072/1596/1090 2071/1595/1090
f 2070/1598/1641 2072/1596/1090 2069/1597/1645
f 2067/1599/1593 2070/1598/1641 2069/1597/1645
f 2068/1600/1593 2070/1598/1641 2067/1599/1593
f 2063/1601/1646 2068/1600/1593 2067/1599/1593
f 2064/1602/1640 2068/1600/1593 2063/1601/1646
f 2065/1603/1638 2064/1602/1640 2063/1601/1646
f 2066/1604/1638 2064/1602/1640 2065/1603/1638
f 2077/1605/1647 2076/1606/1648 2075/1607/1648
f 2076/1606/1648 2094/1608/1649 2075/1607/1648
f 2078/1609/1650 2076/1606/1648 2077/1605/1647
f 2075/1607/1648 2094/1608/1649 2092/1610/1651
f 2079/1611/1652 2078/1609/1650 2077/1605/1647
f 2094/1608/1649 2093/1612/1653 2092/1610/1651
f 2080/1613/1654 2079/1611/1652 2077/1605/1647
f 2093/1612/1653 2091/1614/1655 2092/1610/1651
f 2081/1615/1654 2079/1611/1652 2080/1613/1654
f 2092/1610/1651 2091/1614/1655 2090/1616/1656
f 2082/1617/1657 2081/1615/1654 2080/1613/1654
f 2091/1614/1655 2089/1618/1658 2090/1616/1656
f 2083/1619/1659 2081/1615/1654 2082/1617/1657
f 2090/1616/1656 2089/1618/1658 2087/1620/1660
f 2084/1621/1661 2083/1619/1659 2082/1617/1657
f 2089/1618/1658 2088/1622/1662 2087/1620/1660
f 2085/1623/1663 2084/1621/1661 2082/1617/1657
f 2088/1622/1662 2086/1624/1663 2087/1620/1660
f 2086/1624/1663 2084/1621/1661 2085/1623/1663
f 2087/1620/1660 2086/1624/1663 2085/1623/1663
f 2097/1625/757 2096/1626/757 2095/1627/757
f 2096/1626/757 2128/1628/757 2095/1627/757
f 2098/1629/757 2096/1626/757 2097/1625/757
f 2101/1630/757 2100/1629/757 2099/1625/757
f 2102/1631/757 2100/1629/757 2101/1630/757
f 2103/1632/757 2102/1631/757 2101/1630/757
f 2106/1633/757 2105/1632/757 2104/1630/757
f 2107/1634/757 2105/1632/757 2106/1633/757
f 2110/1635/757 2109/1634/757 2108/1633/757
f 2111/1636/757 2109/1634/757 2110/1635/757
f 2112/1637/757 2111/1636/757 2110/1635/757
f 2115/1638/757 2114/1637/757 2113/1635/757
f 2116/1639/757 2114/1637/757 2115/1638/757
f 2117/1640/757 2116/1639/757 2115/1638/757
f 2118/1641/757 2116/1639/757 2117/1640/757
f 2121/1642/757 2120/1641/757 2119/1640/757
f 2122/1643/757 2121/1642/757 2119/1640/757
f 2123/1644/757 2121/1642/757 2122/1643/757
f 2126/1627/757 2125/1644/757 2124/1643/757
f 2127/1628/757 2125/1644/757 2126/1627/757
f 2131/1645/1584 2130/1646/1583 2129/1647/1664
f 2130/1646/1583 2134/1648/1585 2129/1647/1664
f 2132/1649/1584 2130/1646/1583 2131/1645/1584
f 2129/1647/1664 2134/1648/1585 2133/1650/1665
f 2153/1651/1586 2132/1649/1584 2131/1645/1584
f 2134/1648/1585 2136/1652/1587 2133/1650/1665
f 2133/1650/1665 2136/1652/1587 2135/1653/1587
f 2154/1654/1586 2132/1649/1584 2153/1651/1586
f 2151/1655/1590 2154/1654/1586 2153/1651/1586
f 2152/1656/1590 2154/1654/1586 2151/1655/1590
f 2149/1657/886 2152/1656/1590 2151/1655/1590
f 2150/1658/886 2152/1656/1590 2149/1657/886
f 2147/1659/1666 2150/1658/886 2149/1657/886
f 2148/1660/1591 2150/1658/886 2147/1659/1666
f 2145/1661/1592 2148/1660/1591 2147/1659/1666
f 2146/1662/1667 2148/1660/1591 2145/1661/1592
f 2143/1663/1593 2146/1662/1667 2145/1661/1592
f 2144/1664/1593 2146/1662/1667 2143/1663/1593
f 2141/1665/1668 2144/1664/1593 2143/1663/1593
f 2142/1666/1594 2144/1664/1593 2141/1665/1668
f 2137/1667/1596 2142/1666/1594 2141/1665/1668
f 2138/1668/1596 2142/1666/1594 2137/1667/1596
f 2139/1669/1587 2138/1668/1596 2137/1667/1596
f 2140/1670/1587 2138/1668/1596 2139/1669/1587
f 2157/1671/1669 2156/1672/1670 2155/1673/1671
f 2157/1671/1669 2155/1673/1671 2170/1674/1672
f 2158/1675/1673 2156/1672/1670 2157/1671/1669
f 2170/1674/1672 2155/1673/1671 2169/1676/1674
f 2158/1675/1673 2159/1677/1675 2156/1672/1670
f 2170/1674/1672 2169/1676/1674 2168/1678/1676
f 2160/1679/1677 2159/1677/1675 2158/1675/1673
f 2168/1678/1676 2169/1676/1674 2167/1680/1678
f 2160/1679/1677 2161/1681/1679 2159/1677/1675
f 2168/1678/1676 2167/1680/1678 2166/1682/1680
f 2162/1683/1681 2161/1681/1679 2160/1679/1677
f 2166/1682/1680 2167/1680/1678 2165/1684/1682
f 2162/1683/1681 2163/1685/1683 2161/1681/1679
f 2166/1682/1680 2165/1684/1682 2164/1686/1684
f 2164/1686/1684 2163/1685/1683 2162/1683/1681
f 2164/1686/1684 2165/1684/1682 2163/1685/1683
f 2173/1687/1614 2172/1688/1614 2171/1689/1685
f 2174/1690/1614 2172/1688/1614 2173/1687/1614
f 2177/1690/1615 2176/1691/1616 2175/1688/1615
f 2178/1692/1617 2176/1691/1616 2177/1690/1615
f 2181/1692/1619 2180/1693/1619 2179/1691/1619
f 2182/1694/1619 2180/1693/1619 2181/1692/1619
f 2185/1694/1623 2184/1695/1621 2183/1693/1622
f 2186/1696/1621 2184/1695/1621 2185/1694/1623
f 2189/1696/1625 2188/1697/1625 2187/1695/1625
f 2190/1698/1625 2188/1697/1625 2189/1696/1625
f 2193/1698/1628 2192/1699/1628 2191/1697/1629
f 2194/1700/1627 2192/1699/1628 2193/1698/1628
f 2197/1701/1630 2196/1702/1631 2195/1703/1631
f 2198/1704/1631 2196/1702/1631 2197/1701/1630
f 2201/1704/1633 2200/1689/1632 2199/1702/1634
f 2202/1687/1634 2200/1689/1632 2201/1704/1633
f 2205/1705/1584 2204/1706/1673 2203/1707/1669
f 2205/1705/1584 2203/1707/1669 2220/1708/1686
f 2206/1709/1644 2204/1706/1673 2205/1705/1584
f 2220/1708/1686 2203/1707/1669 2219/1710/1672
f 2206/1709/1644 2207/1711/1677 2204/1706/1673
f 2220/1708/1686 2219/1710/1672 2218/1712/1090
f 2208/1713/1587 2207/1711/1677 2206/1709/1644
f 2218/1712/1090 2219/1710/1672 2217/1714/1676
f 2208/1713/1587 2209/1715/1687 2207/1711/1677
f 2210/1716/1640 2209/1715/1687 2208/1713/1587
f 2218/1712/1090 2217/1714/1676 2216/1717/1641
f 2216/1717/1641 2217/1714/1676 2215/1718/1680
f 2216/1717/1641 2215/1718/1680 2214/1719/1593
f 2214/1719/1593 2215/1718/1680 2212/1720/1684
f 2214/1719/1593 2212/1720/1684 2213/1721/1643
f 2213/1721/1643 2212/1720/1684 2211/1722/1681
f 2223/1723/1644 2222/1724/1584 2221/1725/1644
f 2223/1723/1644 2221/1725/1644 2226/1726/1587
f 2226/1726/1587 2221/1725/1644 2225/1727/1587
f 2224/1728/1584 2222/1724/1584 2223/1723/1644
f 2224/1728/1584 2237/1729/1686 2222/1724/1584
f 2238/1730/1636 2237/1729/1686 2224/1728/1584
f 2238/1730/1636 2235/1731/1090 2237/1729/1686
f 2236/1732/1090 2235/1731/1090 2238/1730/1636
f 2236/1732/1090 2233/1733/1645 2235/1731/1090
f 2234/1734/1641 2233/1733/1645 2236/1732/1090
f 2234/1734/1641 2231/1735/1593 2233/1733/1645
f 2232/1736/1593 2231/1735/1593 2234/1734/1641
f 2232/1736/1593 2227/1737/1640 2231/1735/1593
f 2229/1738/1646 2227/1737/1640 2232/1736/1593
f 2229/1738/1646 2228/1739/1638 2227/1737/1640
f 2230/1740/1638 2228/1739/1638 2229/1738/1646
f 2241/1741/1688 2240/1742/1689 2239/1743/1688
f 2241/1741/1688 2239/1743/1688 2258/1744/1690
f 2242/1745/1691 2240/1742/1689 2241/1741/1688
f 2258/1744/1690 2239/1743/1688 2256/1746/1692
f 2242/1745/1691 2243/1747/1693 2240/1742/1689
f 2257/1748/1694 2258/1744/1690 2256/1746/1692
f 2243/1747/1693 2244/1749/1695 2240/1742/1689
f 2257/1748/1694 2256/1746/1692 2255/1750/1696
f 2245/1751/1695 2244/1749/1695 2243/1747/1693
f 2255/1750/1696 2256/1746/1692 2254/1752/1697
f 2245/1751/1695 2246/1753/1698 2244/1749/1695
f 2255/1750/1696 2254/1752/1697 2253/1754/1699
f 2247/1755/1700 2246/1753/1698 2245/1751/1695
f 2253/1754/1699 2254/1752/1697 2251/1756/1701
f 2247/1755/1700 2248/1757/1702 2246/1753/1698
f 2252/1758/1703 2253/1754/1699 2251/1756/1701
f 2248/1757/1702 2249/1759/1704 2246/1753/1698
f 2252/1758/1703 2251/1756/1701 2250/1760/1704
f 2250/1760/1704 2249/1759/1704 2248/1757/1702
f 2250/1760/1704 2251/1756/1701 2249/1759/1704
f 2261/1761/438 2260/1762/438 2259/1763/438
f 2292/1764/438 2261/1761/438 2259/1763/438
f 2262/1765/438 2260/1762/438 2261/1761/438
f 2265/1765/438 2264/1766/438 2263/1762/438
f 2266/1767/438 2264/1766/438 2265/1765/438
f 2266/1767/438 2267/1768/438 2264/1766/438
f 2270/1768/438 2269/1769/438 2268/1766/438
f 2271/1770/438 2269/1769/438 2270/1768/438
f 2274/1770/438 2273/1771/438 2272/1769/438
f 2275/1772/438 2273/1771/438 2274/1770/438
f 2275/1772/438 2276/1773/438 2273/1771/438
f 2279/1773/438 2278/1774/438 2277/1771/438
f 2280/1775/438 2278/1774/438 2279/1773/438
f 2280/1775/438 2281/1776/438 2278/1774/438
f 2282/1777/438 2281/1776/438 2280/1775/438
f 2285/1777/438 2284/1778/438 2283/1776/438
f 2284/1778/438 2286/1779/438 2283/1776/438
f 2287/1780/438 2286/1779/438 2284/1778/438
f 2290/1780/438 2289/1763/438 2288/1779/438
f 2291/1764/438 2289/1763/438 2290/1780/438
f 2295/1781/1705 2294/1782/1706 2293/1783/1707
f 2293/1783/1707 2303/1784/1708 2295/1781/1705
f 2296/1785/1709 2294/1782/1706 2295/1781/1705
f 2302/1786/1710 2303/1784/1708 2293/1783/1707
f 2297/1787/1711 2294/1782/1706 2296/1785/1709
f 2298/1788/1712 2294/1782/1706 2297/1787/1711
f 2293/1783/1707 2299/1789/1713 2302/1786/1710
f 2302/1786/1710 2299/1789/1713 2301/1790/1714
f 2293/1783/1707 2300/1791/1715 2299/1789/1713
f 2294/1782/1706 2300/1791/1715 2293/1783/1707
f 2294/1782/1706 2298/1788/1712 2300/1791/1715
f 2300/1791/1715 2298/1788/1712 2304/1792/1716
f 2307/1793/1717 2306/1794/1718 2305/1795/1719
f 2315/1796/1708 2305/1795/1719 2306/1794/1718
f 2308/1797/1720 2306/1794/1718 2307/1793/1717
f 2314/1798/1710 2305/1795/1719 2315/1796/1708
f 2307/1793/1717 2309/1799/1711 2308/1797/1720
f 2310/1800/1712 2309/1799/1711 2307/1793/1717
f 2305/1795/1719 2314/1798/1710 2311/1801/1721
f 2311/1801/1721 2314/1798/1710 2313/1802/1714
f 2312/1803/1722 2305/1795/1719 2311/1801/1721
f 2307/1793/1717 2305/1795/1719 2312/1803/1722
f 2307/1793/1717 2312/1803/1722 2310/1800/1712
f 2310/1800/1712 2312/1803/1722 2316/1804/1716
f 2319/1805/1723 2318/1806/1724 2317/1807/1725
f 2317/1807/1725 2327/1808/1726 2319/1805/1723
f 2320/1809/1727 2318/1806/1724 2319/1805/1723
f 2326/1810/1728 2327/1808/1726 2317/1807/1725
f 2321/1811/1729 2318/1806/1724 2320/1809/1727
f 2322/1812/1730 2318/1806/1724 2321/1811/1729
f 2317/1807/1725 2323/1813/1731 2326/1810/1728
f 2326/1810/1728 2323/1813/1731 2325/1814/1732
f 2317/1807/1725 2324/1815/1733 2323/1813/1731
f 2318/1806/1724 2324/1815/1733 2317/1807/1725
f 2318/1806/1724 2322/1812/1730 2324/1815/1733
f 2324/1815/1733 2322/1812/1730 2328/1816/851
f 2331/1817/1734 2330/1818/1735 2329/1819/1736
f 2339/1820/1726 2329/1819/1736 2330/1818/1735
f 2332/1821/1737 2330/1818/1735 2331/1817/1734
f 2338/1822/1728 2329/1819/1736 2339/1820/1726
f 2331/1817/1734 2333/1823/1729 2332/1821/1737
f 2334/1824/1730 2333/1823/1729 2331/1817/1734
f 2329/1819/1736 2338/1822/1728 2335/1825/1738
f 2335/1825/1738 2338/1822/1728 2337/1826/1732
f 2336/1827/1739 2329/1819/1736 2335/1825/1738
f 2331/1817/1734 2329/1819/1736 2336/1827/1739
f 2331/1817/1734 2336/1827/1739 2334/1824/1730
f 2334/1824/1730 2336/1827/1739 2340/1828/851
f 2343/1829/1740 2342/1830/1741 2341/1831/1742
f 2341/1831/1742 2351/1832/1743 2343/1829/1740
f 2344/1833/1744 2342/1830/1741 2343/1829/1740
f 2350/1834/1745 2351/1832/1743 2341/1831/1742
f 2345/1835/1746 2342/1830/1741 2344/1833/1744
f 2346/1836/1747 2342/1830/1741 2345/1835/1746
f 2341/1831/1742 2347/1837/1748 2350/1834/1745
f 2350/1834/1745 2347/1837/1748 2349/1838/1749
f 2341/1831/1742 2348/1839/1750 2347/1837/1748
f 2342/1830/1741 2348/1839/1750 2341/1831/1742
f 2342/1830/1741 2346/1836/1747 2348/1839/1750
f 2348/1839/1750 2346/1836/1747 2352/1840/1751
f 2355/1841/1752 2354/1842/1753 2353/1843/1754
f 2363/1844/1743 2353/1843/1754 2354/1842/1753
f 2356/1845/1755 2354/1842/1753 2355/1841/1752
f 2362/1846/1745 2353/1843/1754 2363/1844/1743
f 2355/1841/1752 2357/1847/1746 2356/1845/1755
f 2358/1848/1747 2357/1847/1746 2355/1841/1752
f 2353/1843/1754 2362/1846/1745 2359/1849/1756
f 2359/1849/1756 2362/1846/1745 2361/1850/1749
f 2360/1851/1757 2353/1843/1754 2359/1849/1756
f 2355/1841/1752 2353/1843/1754 2360/1851/1757
f 2355/1841/1752 2360/1851/1757 2358/1848/1747
f 2358/1848/1747 2360/1851/1757 2364/1852/1751
f 2367/1853/1758 2366/1854/1759 2365/1855/1760
f 2368/1856/1761 2366/1854/1759 2367/1853/1758
f 2368/1856/1761 2369/1857/1762 2366/1854/1759
f 2393/1858/1763 2368/1856/1761 2367/1853/1758
f 2370/1859/1764 2369/1857/1762 2368/1856/1761
f 2370/1859/1764 2371/1860/1765 2369/1857/1762
f 2394/1861/1766 2368/1856/1761 2393/1858/1763
f 2394/1861/1766 2370/1859/1764 2368/1856/1761
f 2393/1858/1763 2440/1862/1767 2394/1861/1766
f 2441/1863/1768 2440/1862/1767 2393/1858/1763
f 2441/1863/1768 2466/1864/1769 2440/1862/1767
f 2395/1865/1770 2370/1859/1764 2394/1861/1766
f 2394/1861/1766 2440/1862/1767 2395/1865/1770
f 2440/1862/1767 2466/1864/1769 2464/1866/1771
f 2466/1864/1769 2465/1867/1772 2464/1866/1771
f 2464/1866/1771 2465/1867/1772 2463/1868/1773
f 2440/1862/1767 2464/1866/1771 2442/1869/1774
f 2440/1862/1767 2442/1869/1774 2395/1865/1770
f 2464/1866/1771 2463/1868/1773 2462/1870/1775
f 2442/1869/1774 2464/1866/1771 2462/1870/1775
f 2462/1870/1775 2463/1868/1773 2461/1871/360
f 2395/1865/1770 2442/1869/1774 2396/1872/1776
f 2462/1870/1775 2461/1871/360 2460/1873/1777
f 2460/1873/1777 2461/1871/360 2458/1874/1778
f 2442/1869/1774 2462/1870/1775 2443/1875/1779
f 2443/1875/1779 2462/1870/1775 2460/1873/1777
f 2442/1869/1774 2443/1875/1779 2396/1872/1776
f 2460/1873/1777 2458/1874/1778 2459/1876/1780
f 2459/1876/1780 2458/1874/1778 2457/1877/901
f 2443/1875/1779 2460/1873/1777 2444/1878/1781
f 2444/1878/1781 2460/1873/1777 2459/1876/1780
f 2459/1876/1780 2457/1877/901 2490/1879/1782
f 2490/1879/1782 2457/1877/901 2489/1880/1783
f 2444/1878/1781 2459/1876/1780 2445/1881/1784
f 2445/1881/1784 2459/1876/1780 2490/1879/1782
f 2490/1879/1782 2489/1880/1783 2488/1882/1785
f 2488/1882/1785 2489/1880/1783 2487/1883/1786
f 2445/1881/1784 2490/1879/1782 2446/1884/1787
f 2446/1884/1787 2490/1879/1782 2488/1882/1785
f 2488/1882/1785 2487/1883/1786 2486/1885/1788
f 2486/1885/1788 2487/1883/1786 2485/1886/1789
f 2446/1884/1787 2488/1882/1785 2447/1887/1790
f 2447/1887/1790 2488/1882/1785 2486/1885/1788
f 2486/1885/1788 2485/1886/1789 2484/1888/1791
f 2484/1888/1791 2485/1886/1789 2483/1889/1760
f 2447/1887/1790 2486/1885/1788 2448/1890/1792
f 2448/1890/1792 2486/1885/1788 2484/1888/1791
f 2484/1888/1791 2483/1889/1760 2482/1891/1793
f 2482/1891/1793 2483/1889/1760 2481/1892/1794
f 2448/1890/1792 2484/1888/1791 2449/1893/1795
f 2449/1893/1795 2484/1888/1791 2482/1891/1793
f 2482/1891/1793 2481/1892/1794 2480/1894/1796
f 2480/1894/1796 2481/1892/1794 2479/1895/1797
f 2449/1893/1795 2482/1891/1793 2450/1896/1798
f 2450/1896/1798 2482/1891/1793 2480/1894/1796
f 2480/1894/1796 2479/1895/1797 2478/1897/1799
f 2478/1897/1799 2479/1895/1797 2477/1898/1800
f 2450/1896/1798 2480/1894/1796 2451/1899/1801
f 2451/1899/1801 2480/1894/1796 2478/1897/1799
f 2478/1897/1799 2477/1898/1800 2476/1900/1802
f 2476/1900/1802 2477/1898/1800 2475/1901/1803
f 2451/1899/1801 2478/1897/1799 2452/1902/1804
f 2452/1902/1804 2478/1897/1799 2476/1900/1802
f 2476/1900/1802 2475/1901/1803 2474/1903/1805
f 2474/1903/1805 2475/1901/1803 2473/1904/1806
f 2452/1902/1804 2476/1900/1802 2453/1905/1807
f 2453/1905/1807 2476/1900/1802 2474/1903/1805
f 2474/1903/1805 2473/1904/1806 2472/1906/1808
f 2472/1906/1808 2473/1904/1806 2471/1907/1809
f 2453/1905/1807 2474/1903/1805 2454/1908/1810
f 2454/1908/1810 2474/1903/1805 2472/1906/1808
f 2472/1906/1808 2471/1907/1809 2470/1909/1811
f 2470/1909/1811 2471/1907/1809 2468/1910/311
f 2469/1911/1769 2468/1910/311 2467/1912/1772
f 2470/1909/1811 2468/1910/311 2469/1911/1769
f 2456/1913/1812 2470/1909/1811 2469/1911/1769
f 2455/1914/1813 2472/1906/1808 2470/1909/1811
f 2455/1914/1813 2470/1909/1811 2456/1913/1812
f 2454/1908/1810 2472/1906/1808 2455/1914/1813
f 2455/1914/1813 2456/1913/1812 2427/1915/1814
f 2427/1915/1814 2456/1913/1812 2428/1916/1763
f 2428/1916/1763 2392/1917/1758 2427/1915/1814
f 2454/1908/1810 2455/1914/1813 2425/1918/1815
f 2427/1915/1814 2392/1917/1758 2390/1919/1816
f 2392/1917/1758 2391/1920/1760 2390/1919/1816
f 2390/1919/1816 2391/1920/1760 2389/1921/1817
f 2426/1922/1818 2455/1914/1813 2427/1915/1814
f 2427/1915/1814 2390/1919/1816 2426/1922/1818
f 2425/1918/1815 2455/1914/1813 2426/1922/1818
f 2390/1919/1816 2389/1921/1817 2388/1923/1819
f 2426/1922/1818 2390/1919/1816 2388/1923/1819
f 2426/1922/1818 2388/1923/1819 2425/1918/1815
f 2388/1923/1819 2389/1921/1817 2387/1924/1820
f 2388/1923/1819 2387/1924/1820 2386/1925/1821
f 2425/1918/1815 2388/1923/1819 2386/1925/1821
f 2386/1925/1821 2387/1924/1820 2385/1926/1822
f 2425/1918/1815 2386/1925/1821 2424/1927/1823
f 2424/1927/1823 2454/1908/1810 2425/1918/1815
f 2386/1925/1821 2385/1926/1822 2384/1928/1824
f 2424/1927/1823 2386/1925/1821 2384/1928/1824
f 2384/1928/1824 2385/1926/1822 2383/1929/1825
f 2453/1905/1807 2454/1908/1810 2424/1927/1823
f 2384/1928/1824 2383/1929/1825 2382/1930/1826
f 2382/1930/1826 2383/1929/1825 2381/1931/1827
f 2424/1927/1823 2384/1928/1824 2423/1932/1828
f 2423/1932/1828 2453/1905/1807 2424/1927/1823
f 2423/1932/1828 2384/1928/1824 2382/1930/1826
f 2422/1933/1829 2453/1905/1807 2423/1932/1828
f 2423/1932/1828 2382/1930/1826 2422/1933/1829
f 2452/1902/1804 2453/1905/1807 2422/1933/1829
f 2382/1930/1826 2381/1931/1827 2380/1934/1830
f 2422/1933/1829 2382/1930/1826 2380/1934/1830
f 2380/1934/1830 2381/1931/1827 2378/1935/901
f 2421/1936/1831 2452/1902/1804 2422/1933/1829
f 2422/1933/1829 2380/1934/1830 2421/1936/1831
f 2451/1899/1801 2452/1902/1804 2421/1936/1831
f 2380/1934/1830 2378/1935/901 2379/1937/1832
f 2421/1936/1831 2380/1934/1830 2379/1937/1832
f 2379/1937/1832 2378/1935/901 2377/1938/1833
f 2377/1938/1833 2439/1939/1834 2379/1937/1832
f 2420/1940/1835 2451/1899/1801 2421/1936/1831
f 2421/1936/1831 2379/1937/1832 2420/1940/1835
f 2379/1937/1832 2439/1939/1834 2419/1941/1836
f 2420/1940/1835 2379/1937/1832 2419/1941/1836
f 2439/1939/1834 2438/1942/1837 2419/1941/1836
f 2418/1943/1838 2451/1899/1801 2420/1940/1835
f 2420/1940/1835 2419/1941/1836 2418/1943/1838
f 2450/1896/1798 2451/1899/1801 2418/1943/1838
f 2419/1941/1836 2438/1942/1837 2417/1944/1839
f 2418/1943/1838 2419/1941/1836 2417/1944/1839
f 2438/1942/1837 2437/1945/1840 2417/1944/1839
f 2416/1946/1841 2450/1896/1798 2418/1943/1838
f 2418/1943/1838 2417/1944/1839 2416/1946/1841
f 2449/1893/1795 2450/1896/1798 2416/1946/1841
f 2417/1944/1839 2437/1945/1840 2415/1947/1842
f 2416/1946/1841 2417/1944/1839 2415/1947/1842
f 2437/1945/1840 2436/1948/1843 2415/1947/1842
f 2414/1949/1844 2449/1893/1795 2416/1946/1841
f 2416/1946/1841 2415/1947/1842 2414/1949/1844
f 2415/1947/1842 2436/1948/1843 2413/1950/1845
f 2414/1949/1844 2415/1947/1842 2413/1950/1845
f 2436/1948/1843 2435/1951/1772 2413/1950/1845
f 2412/1952/1846 2449/1893/1795 2414/1949/1844
f 2414/1949/1844 2413/1950/1845 2412/1952/1846
f 2448/1890/1792 2449/1893/1795 2412/1952/1846
f 2413/1950/1845 2435/1951/1772 2411/1953/1847
f 2412/1952/1846 2413/1950/1845 2411/1953/1847
f 2435/1951/1772 2434/1954/1848 2411/1953/1847
f 2410/1955/1849 2448/1890/1792 2412/1952/1846
f 2412/1952/1846 2411/1953/1847 2410/1955/1849
f 2447/1887/1790 2448/1890/1792 2410/1955/1849
f 2411/1953/1847 2434/1954/1848 2409/1956/1850
f 2410/1955/1849 2411/1953/1847 2409/1956/1850
f 2434/1954/1848 2433/1957/1851 2409/1956/1850
f 2408/1958/1852 2447/1887/1790 2410/1955/1849
f 2410/1955/1849 2409/1956/1850 2408/1958/1852
f 2409/1956/1850 2433/1957/1851 2407/1959/1853
f 2408/1958/1852 2409/1956/1850 2407/1959/1853
f 2433/1957/1851 2432/1960/1854 2407/1959/1853
f 2406/1961/1855 2447/1887/1790 2408/1958/1852
f 2408/1958/1852 2407/1959/1853 2406/1961/1855
f 2446/1884/1787 2447/1887/1790 2406/1961/1855
f 2407/1959/1853 2432/1960/1854 2405/1962/1856
f 2406/1961/1855 2407/1959/1853 2405/1962/1856
f 2432/1960/1854 2431/1963/1857 2405/1962/1856
f 2404/1964/1858 2446/1884/1787 2406/1961/1855
f 2406/1961/1855 2405/1962/1856 2404/1964/1858
f 2445/1881/1784 2446/1884/1787 2404/1964/1858
f 2405/1962/1856 2431/1963/1857 2403/1965/1859
f 2404/1964/1858 2405/1962/1856 2403/1965/1859
f 2431/1963/1857 2430/1966/1860 2403/1965/1859
f 2402/1967/1861 2445/1881/1784 2404/1964/1858
f 2404/1964/1858 2403/1965/1859 2402/1967/1861
f 2403/1965/1859 2430/1966/1860 2401/1968/1862
f 2402/1967/1861 2403/1965/1859 2401/1968/1862
f 2430/1966/1860 2429/1969/1803 2401/1968/1862
f 2400/1970/1863 2445/1881/1784 2402/1967/1861
f 2402/1967/1861 2401/1968/1862 2400/1970/1863
f 2444/1878/1781 2445/1881/1784 2400/1970/1863
f 2401/1968/1862 2429/1969/1803 2399/1971/1864
f 2400/1970/1863 2401/1968/1862 2399/1971/1864
f 2398/1972/1865 2444/1878/1781 2400/1970/1863
f 2400/1970/1863 2399/1971/1864 2398/1972/1865
f 2443/1875/1779 2444/1878/1781 2398/1972/1865
f 2399/1971/1864 2429/1969/1803 2376/1973/1866
f 2398/1972/1865 2399/1971/1864 2376/1973/1866
f 2376/1973/1866 2429/1969/1803 2375/1974/1867
f 2397/1975/1868 2443/1875/1779 2398/1972/1865
f 2398/1972/1865 2376/1973/1866 2397/1975/1868
f 2396/1872/1776 2443/1875/1779 2397/1975/1868
f 2376/1973/1866 2375/1974/1867 2374/1976/1869
f 2397/1975/1868 2376/1973/1866 2374/1976/1869
f 2397/1975/1868 2374/1976/1869 2396/1872/1776
f 2374/1976/1869 2375/1974/1867 2373/1977/1870
f 2396/1872/1776 2374/1976/1869 2372/1978/1871
f 2374/1976/1869 2373/1977/1870 2372/1978/1871
f 2396/1872/1776 2372/1978/1871 2395/1865/1770
f 2372/1978/1871 2373/1977/1870 2371/1860/1765
f 2395/1865/1770 2372/1978/1871 2370/1859/1764
f 2372/1978/1871 2371/1860/1765 2370/1859/1764
f 2493/1979/1759 2492/1980/1872 2491/1981/1760
f 2494/1982/1873 2492/1980/1872 2493/1979/1759
f 2495/1983/1762 2494/1982/1873 2493/1979/1759
f 2494/1982/1873 2519/1984/1874 2492/1980/1872
f 2496/1985/1875 2494/1982/1873 2495/1983/1762
f 2497/1986/1765 2496/1985/1875 2495/1983/1762
f 2520/1987/1876 2519/1984/1874 2494/1982/1873
f 2496/1985/1875 2520/1987/1876 2494/1982/1873
f 2566/1988/1877 2519/1984/1874 2520/1987/1876
f 2567/1989/1878 2519/1984/1874 2566/1988/1877
f 2567/1989/1878 2566/1988/1877 2592/1990/1879
f 2521/1991/1880 2520/1987/1876 2496/1985/1875
f 2566/1988/1877 2520/1987/1876 2521/1991/1880
f 2592/1990/1879 2566/1988/1877 2590/1992/1881
f 2592/1990/1879 2590/1992/1881 2591/1993/1772
f 2591/1993/1772 2590/1992/1881 2589/1994/1773
f 2566/1988/1877 2568/1995/1882 2590/1992/1881
f 2566/1988/1877 2521/1991/1880 2568/1995/1882
f 2590/1992/1881 2588/1996/1883 2589/1994/1773
f 2590/1992/1881 2568/1995/1882 2588/1996/1883
f 2589/1994/1773 2588/1996/1883 2587/1997/360
f 2568/1995/1882 2521/1991/1880 2522/1998/1884
f 2588/1996/1883 2586/1999/1885 2587/1997/360
f 2587/1997/360 2586/1999/1885 2585/2000/1778
f 2568/1995/1882 2569/2001/1886 2588/1996/1883
f 2588/1996/1883 2569/2001/1886 2586/1999/1885
f 2568/1995/1882 2522/1998/1884 2569/2001/1886
f 2586/1999/1885 2584/2002/1887 2585/2000/1778
f 2585/2000/1778 2584/2002/1887 2583/2003/901
f 2569/2001/1886 2570/2004/1888 2586/1999/1885
f 2586/1999/1885 2570/2004/1888 2584/2002/1887
f 2584/2002/1887 2616/2005/1889 2583/2003/901
f 2583/2003/901 2616/2005/1889 2615/2006/1783
f 2570/2004/1888 2571/2007/1890 2584/2002/1887
f 2584/2002/1887 2571/2007/1890 2616/2005/1889
f 2616/2005/1889 2614/2008/1891 2615/2006/1783
f 2615/2006/1783 2614/2008/1891 2613/2009/1786
f 2571/2007/1890 2572/2010/1892 2616/2005/1889
f 2616/2005/1889 2572/2010/1892 2614/2008/1891
f 2614/2008/1891 2612/2011/1893 2613/2009/1786
f 2613/2009/1786 2612/2011/1893 2611/2012/1789
f 2572/2010/1892 2573/2013/1894 2614/2008/1891
f 2614/2008/1891 2573/2013/1894 2612/2011/1893
f 2612/2011/1893 2610/2014/1895 2611/2012/1789
f 2611/2012/1789 2610/2014/1895 2609/2015/1760
f 2573/2013/1894 2574/2016/1896 2612/2011/1893
f 2612/2011/1893 2574/2016/1896 2610/2014/1895
f 2610/2014/1895 2608/2017/1897 2609/2015/1760
f 2609/2015/1760 2608/2017/1897 2607/2018/1794
f 2574/2016/1896 2575/2019/1898 2610/2014/1895
f 2610/2014/1895 2575/2019/1898 2608/2017/1897
f 2608/2017/1897 2606/2020/1899 2607/2018/1794
f 2607/2018/1794 2606/2020/1899 2605/2021/1797
f 2575/2019/1898 2576/2022/1900 2608/2017/1897
f 2608/2017/1897 2576/2022/1900 2606/2020/1899
f 2606/2020/1899 2604/2023/1901 2605/2021/1797
f 2605/2021/1797 2604/2023/1901 2603/2024/1800
f 2576/2022/1900 2577/2025/1902 2606/2020/1899
f 2606/2020/1899 2577/2025/1902 2604/2023/1901
f 2604/2023/1901 2602/2026/1903 2603/2024/1800
f 2603/2024/1800 2602/2026/1903 2601/2027/1803
f 2577/2025/1902 2578/2028/1904 2604/2023/1901
f 2604/2023/1901 2578/2028/1904 2602/2026/1903
f 2602/2026/1903 2600/2029/1905 2601/2027/1803
f 2601/2027/1803 2600/2029/1905 2599/2030/1806
f 2578/2028/1904 2579/2031/1906 2602/2026/1903
f 2602/2026/1903 2579/2031/1906 2600/2029/1905
f 2600/2029/1905 2598/2032/1907 2599/2030/1806
f 2599/2030/1806 2598/2032/1907 2597/2033/1809
f 2579/2031/1906 2580/2034/1908 2600/2029/1905
f 2600/2029/1905 2580/2034/1908 2598/2032/1907
f 2598/2032/1907 2596/2035/1909 2597/2033/1809
f 2597/2033/1809 2596/2035/1909 2595/2036/311
f 2595/2036/311 2594/2037/1879 2593/2038/1772
f 2596/2035/1909 2594/2037/1879 2595/2036/311
f 2596/2035/1909 2582/2039/1910 2594/2037/1879
f 2598/2032/1907 2581/2040/1911 2596/2035/1909
f 2581/2040/1911 2582/2039/1910 2596/2035/1909
f 2580/2034/1908 2581/2040/1911 2598/2032/1907
f 2581/2040/1911 2553/2041/1912 2582/2039/1910
f 2582/2039/1910 2553/2041/1912 2554/2042/1874
f 2554/2042/1874 2553/2041/1912 2518/2043/1872
f 2580/2034/1908 2551/2044/1913 2581/2040/1911
f 2518/2043/1872 2553/2041/1912 2516/2045/1914
f 2518/2043/1872 2516/2045/1914 2517/2046/1760
f 2581/2040/1911 2552/2047/1915 2553/2041/1912
f 2553/2041/1912 2552/2047/1915 2516/2045/1914
f 2581/2040/1911 2551/2044/1913 2552/2047/1915
f 2517/2046/1760 2516/2045/1914 2515/2048/1817
f 2516/2045/1914 2552/2047/1915 2514/2049/1916
f 2516/2045/1914 2514/2049/1916 2515/2048/1817
f 2552/2047/1915 2551/2044/1913 2514/2049/1916
f 2515/2048/1817 2514/2049/1916 2513/2050/1820
f 2514/2049/1916 2512/2051/1917 2513/2050/1820
f 2514/2049/1916 2551/2044/1913 2512/2051/1917
f 2513/2050/1820 2512/2051/1917 2511/2052/1822
f 2551/2044/1913 2550/2053/1918 2512/2051/1917
f 2580/2034/1908 2550/2053/1918 2551/2044/1913
f 2512/2051/1917 2510/2054/1919 2511/2052/1822
f 2512/2051/1917 2550/2053/1918 2510/2054/1919
f 2511/2052/1822 2510/2054/1919 2509/2055/1825
f 2579/2031/1906 2550/2053/1918 2580/2034/1908
f 2510/2054/1919 2508/2056/1920 2509/2055/1825
f 2509/2055/1825 2508/2056/1920 2507/2057/1827
f 2550/2053/1918 2549/2058/1921 2510/2054/1919
f 2579/2031/1906 2549/2058/1921 2550/2053/1918
f 2510/2054/1919 2549/2058/1921 2508/2056/1920
f 2579/2031/1906 2548/2059/1922 2549/2058/1921
f 2549/2058/1921 2548/2059/1922 2508/2056/1920
f 2578/2028/1904 2548/2059/1922 2579/2031/1906
f 2508/2056/1920 2506/2060/1923 2507/2057/1827
f 2508/2056/1920 2548/2059/1922 2506/2060/1923
f 2507/2057/1827 2506/2060/1923 2505/2061/901
f 2578/2028/1904 2547/2062/1924 2548/2059/1922
f 2548/2059/1922 2547/2062/1924 2506/2060/1923
f 2577/2025/1902 2547/2062/1924 2578/2028/1904
f 2506/2060/1923 2504/2063/1925 2505/2061/901
f 2506/2060/1923 2547/2062/1924 2504/2063/1925
f 2505/2061/901 2504/2063/1925 2503/2064/1833
f 2503/2064/1833 2504/2063/1925 2565/2065/1834
f 2577/2025/1902 2546/2066/1926 2547/2062/1924
f 2547/2062/1924 2546/2066/1926 2504/2063/1925
f 2565/2065/1834 2504/2063/1925 2545/2067/1927
f 2504/2063/1925 2546/2066/1926 2545/2067/1927
f 2565/2065/1834 2545/2067/1927 2564/2068/1837
f 2577/2025/1902 2544/2069/1928 2546/2066/1926
f 2546/2066/1926 2544/2069/1928 2545/2067/1927
f 2576/2022/1900 2544/2069/1928 2577/2025/1902
f 2564/2068/1837 2545/2067/1927 2543/2070/1929
f 2545/2067/1927 2544/2069/1928 2543/2070/1929
f 2564/2068/1837 2543/2070/1929 2563/2071/1840
f 2576/2022/1900 2542/2072/1930 2544/2069/1928
f 2544/2069/1928 2542/2072/1930 2543/2070/1929
f 2575/2019/1898 2542/2072/1930 2576/2022/1900
f 2563/2071/1840 2543/2070/1929 2541/2073/1931
f 2543/2070/1929 2542/2072/1930 2541/2073/1931
f 2563/2071/1840 2541/2073/1931 2562/2074/1843
f 2575/2019/1898 2540/2075/1932 2542/2072/1930
f 2542/2072/1930 2540/2075/1932 2541/2073/1931
f 2562/2074/1843 2541/2073/1931 2539/2076/1933
f 2541/2073/1931 2540/2075/1932 2539/2076/1933
f 2562/2074/1843 2539/2076/1933 2561/2077/1772
f 2575/2019/1898 2538/2078/1934 2540/2075/1932
f 2540/2075/1932 2538/2078/1934 2539/2076/1933
f 2574/2016/1896 2538/2078/1934 2575/2019/1898
f 2561/2077/1772 2539/2076/1933 2537/2079/1935
f 2539/2076/1933 2538/2078/1934 2537/2079/1935
f 2561/2077/1772 2537/2079/1935 2560/2080/1848
f 2574/2016/1896 2536/2081/1936 2538/2078/1934
f 2538/2078/1934 2536/2081/1936 2537/2079/1935
f 2573/2013/1894 2536/2081/1936 2574/2016/1896
f 2560/2080/1848 2537/2079/1935 2535/2082/1937
f 2537/2079/1935 2536/2081/1936 2535/2082/1937
f 2560/2080/1848 2535/2082/1937 2559/2083/1851
f 2573/2013/1894 2534/2084/1938 2536/2081/1936
f 2536/2081/1936 2534/2084/1938 2535/2082/1937
f 2559/2083/1851 2535/2082/1937 2533/2085/1939
f 2535/2082/1937 2534/2084/1938 2533/2085/1939
f 2559/2083/1851 2533/2085/1939 2558/2086/1854
f 2573/2013/1894 2532/2087/1940 2534/2084/1938
f 2534/2084/1938 2532/2087/1940 2533/2085/1939
f 2572/2010/1892 2532/2087/1940 2573/2013/1894
f 2558/2086/1854 2533/2085/1939 2531/2088/1941
f 2533/2085/1939 2532/2087/1940 2531/2088/1941
f 2558/2086/1854 2531/2088/1941 2557/2089/1857
f 2572/2010/1892 2530/2090/1942 2532/2087/1940
f 2532/2087/1940 2530/2090/1942 2531/2088/1941
f 2571/2007/1890 2530/2090/1942 2572/2010/1892
f 2557/2089/1857 2531/2088/1941 2529/2091/1943
f 2531/2088/1941 2530/2090/1942 2529/2091/1943
f 2557/2089/1857 2529/2091/1943 2556/2092/1860
f 2571/2007/1890 2528/2093/1944 2530/2090/1942
f 2530/2090/1942 2528/2093/1944 2529/2091/1943
f 2556/2092/1860 2529/2091/1943 2527/2094/1945
f 2529/2091/1943 2528/2093/1944 2527/2094/1945
f 2556/2092/1860 2527/2094/1945 2555/2095/1803
f 2571/2007/1890 2526/2096/1946 2528/2093/1944
f 2528/2093/1944 2526/2096/1946 2527/2094/1945
f 2570/2004/1888 2526/2096/1946 2571/2007/1890
f 2555/2095/1803 2527/2094/1945 2525/2097/1947
f 2527/2094/1945 2526/2096/1946 2525/2097/1947
f 2570/2004/1888 2524/2098/1948 2526/2096/1946
f 2526/2096/1946 2524/2098/1948 2525/2097/1947
f 2569/2001/1886 2524/2098/1948 2570/2004/1888
f 2525/2097/1947 2502/2099/1949 2555/2095/1803
f 2525/2097/1947 2524/2098/1948 2502/2099/1949
f 2555/2095/1803 2502/2099/1949 2501/2100/1867
f 2569/2001/1886 2523/2101/1950 2524/2098/1948
f 2524/2098/1948 2523/2101/1950 2502/2099/1949
f 2569/2001/1886 2522/1998/1884 2523/2101/1950
f 2502/2099/1949 2500/2102/1951 2501/2100/1867
f 2502/2099/1949 2523/2101/1950 2500/2102/1951
f 2523/2101/1950 2522/1998/1884 2500/2102/1951
f 2501/2100/1867 2500/2102/1951 2499/2103/1870
f 2500/2102/1951 2522/1998/1884 2498/2104/1952
f 2500/2102/1951 2498/2104/1952 2499/2103/1870
f 2522/1998/1884 2521/1991/1880 2498/2104/1952
f 2499/2103/1870 2498/2104/1952 2497/1986/1765
f 2498/2104/1952 2521/1991/1880 2496/1985/1875
f 2498/2104/1952 2496/1985/1875 2497/1986/1765
f 2619/2105/757 2618/2106/1953 2617/2107/90
f 2620/2108/1954 2618/2106/1953 2619/2105/757
f 2620/2108/1954 2619/2105/757 2626/2109/1955
f 2626/2109/1955 2619/2105/757 2625/2110/1955
f 2623/2111/438 2622/2112/1956 2621/2113/438
f 2624/2114/1957 2622/2112/1956 2623/2111/438
f 2623/2111/438 2621/2113/438 2628/2115/1958
f 2628/2115/1958 2621/2113/438 2627/2116/98
f 2631/2117/1959 2630/2118/1959 2629/2119/1959
f 2632/2120/1959 2630/2118/1959 2631/2117/1959
f 2635/2121/1960 2634/2122/1960 2633/2123/1960
f 2636/2124/1961 2634/2122/1960 2635/2121/1960
f 2639/2125/1962 2638/2126/1963 2637/2127/1963
f 2640/2128/1964 2638/2126/1963 2639/2125/1962
f 2640/2128/1964 2639/2125/1962 2646/2129/1965
f 2646/2129/1965 2639/2125/1962 2645/2130/1965
f 2643/2131/1966 2642/2132/1967 2641/2133/1966
f 2644/2134/1968 2642/2132/1967 2643/2131/1966
f 2643/2131/1966 2641/2133/1966 2648/2135/1969
f 2648/2135/1969 2641/2133/1966 2647/2136/1969
f 2651/2137/1970 2650/2138/1971 2649/2139/1971
f 2652/2140/1970 2650/2138/1971 2651/2137/1970
f 2655/2141/1972 2654/2142/1973 2653/2143/1972
f 2656/2144/1972 2654/2142/1973 2655/2141/1972
f 2659/2145/1262 2658/2146/1974 2657/2147/1975
f 2657/2147/1975 2658/2146/1974 2672/2148/1976
f 2657/2147/1975 2722/2149/1977 2659/2145/1262
f 2672/2148/1976 2722/2149/1977 2657/2147/1975
f 2660/2150/1978 2658/2146/1974 2659/2145/1262
f 2660/2150/1978 2709/2151/1979 2658/2146/1974
f 2707/2152/1358 2709/2151/1979 2660/2150/1978
f 2719/2153/1980 2658/2146/1974 2709/2151/1979
f 2660/2150/1978 2708/2154/1981 2707/2152/1358
f 2719/2153/1980 2673/2155/1982 2658/2146/1974
f 2718/2156/1983 2673/2155/1982 2719/2153/1980
f 2658/2146/1974 2673/2155/1982 2672/2148/1976
f 2673/2155/1982 2718/2156/1983 2670/2157/1984
f 2673/2155/1982 2670/2157/1984 2672/2148/1976
f 2670/2157/1984 2718/2156/1983 2717/2158/1985
f 2717/2158/1985 2716/2159/1986 2670/2157/1984
f 2670/2157/1984 2716/2159/1986 2669/2160/1987
f 2669/2160/1987 2716/2159/1986 2715/2161/1366
f 2672/2148/1976 2670/2157/1984 2671/2162/1988
f 2715/2161/1366 2667/2163/1989 2669/2160/1987
f 2712/2164/1990 2667/2163/1989 2715/2161/1366
f 2713/2165/1991 2667/2163/1989 2712/2164/1990
f 2670/2157/1984 2669/2160/1987 2668/2166/1231
f 2671/2162/1988 2670/2157/1984 2668/2166/1231
f 2669/2160/1987 2667/2163/1989 2668/2166/1231
f 2714/2167/1992 2665/2168/1993 2713/2165/1991
f 2713/2165/1991 2665/2168/1993 2667/2163/1989
f 2667/2163/1989 2665/2168/1993 2666/2169/1994
f 2668/2166/1231 2667/2163/1989 2666/2169/1994
f 2666/2169/1994 2665/2168/1993 2664/2170/1995
f 2664/2170/1995 2727/2171/1996 2666/2169/1994
f 2792/2172/1997 2791/2173/1998 2727/2171/1996
f 2727/2171/1996 2726/2174/1999 2666/2169/1994
f 2727/2171/1996 2791/2173/1998 2726/2174/1999
f 2791/2173/1998 2790/2175/2000 2726/2174/1999
f 2666/2169/1994 2726/2174/1999 2668/2166/1231
f 2790/2175/2000 2789/2176/2001 2726/2174/1999
f 2726/2174/1999 2789/2176/2001 2725/2177/2002
f 2726/2174/1999 2725/2177/2002 2668/2166/1231
f 2789/2176/2001 2788/2178/2003 2725/2177/2002
f 2725/2177/2002 2724/2179/2004 2668/2166/1231
f 2725/2177/2002 2788/2178/2003 2724/2179/2004
f 2668/2166/1231 2724/2179/2004 2671/2162/1988
f 2788/2178/2003 2787/2180/2005 2724/2179/2004
f 2671/2162/1988 2724/2179/2004 2672/2148/1976
f 2787/2180/2005 2786/2181/2006 2724/2179/2004
f 2724/2179/2004 2723/2182/2007 2672/2148/1976
f 2724/2179/2004 2786/2181/2006 2723/2182/2007
f 2786/2181/2006 2785/2183/2008 2723/2182/2007
f 2723/2182/2007 2722/2149/1977 2672/2148/1976
f 2723/2182/2007 2785/2183/2008 2722/2149/1977
f 2785/2183/2008 2784/2184/2009 2722/2149/1977
f 2784/2184/2009 2783/2185/2010 2722/2149/1977
f 2722/2149/1977 2783/2185/2010 2721/2186/2011
f 2783/2185/2010 2782/2187/2012 2721/2186/2011
f 2722/2149/1977 2721/2186/2011 2659/2145/1262
f 2721/2186/2011 2782/2187/2012 2720/2188/2013
f 2721/2186/2011 2720/2188/2013 2659/2145/1262
f 2782/2187/2012 2794/2189/2014 2720/2188/2013
f 2794/2189/2014 2793/2190/1997 2720/2188/2013
f 2720/2188/2013 2793/2190/1997 2729/2191/1996
f 2720/2188/2013 2729/2191/1996 2662/2192/2015
f 2659/2145/1262 2720/2188/2013 2662/2192/2015
f 2662/2192/2015 2729/2191/1996 2728/2193/1995
f 2728/2193/1995 2663/2194/1993 2662/2192/2015
f 2662/2192/2015 2661/2195/2016 2659/2145/1262
f 2663/2194/1993 2661/2195/2016 2662/2192/2015
f 2661/2195/2016 2660/2150/1978 2659/2145/1262
f 2663/2194/1993 2711/2196/1992 2661/2195/2016
f 2661/2195/2016 2708/2154/1981 2660/2150/1978
f 2661/2195/2016 2711/2196/1992 2710/2197/2017
f 2710/2197/2017 2708/2154/1981 2661/2195/2016
f 2676/2198/2018 2675/2199/2019 2674/2200/2020
f 2674/2200/2020 2675/2199/2019 2679/2201/2021
f 2677/2202/2022 2675/2199/2019 2676/2198/2018
f 2679/2201/2021 2675/2199/2019 2678/2203/2023
f 2686/2204/2024 2675/2199/2019 2677/2202/2022
f 2678/2203/2023 2675/2199/2019 2681/2205/2025
f 2684/2206/2026 2675/2199/2019 2686/2204/2024
f 2681/2205/2025 2675/2199/2019 2680/2207/2027
f 2685/2208/2028 2675/2199/2019 2684/2206/2026
f 2680/2207/2027 2675/2199/2019 2683/2209/2029
f 2682/2210/2030 2675/2199/2019 2685/2208/2028
f 2683/2209/2029 2675/2199/2019 2682/2210/2030
f 2689/2211/2031 2688/2212/2032 2687/2213/2033
f 2690/2214/2034 2688/2212/2032 2689/2211/2031
f 2688/2212/2032 2692/2215/2035 2687/2213/2033
f 2706/2216/2036 2690/2214/2034 2689/2211/2031
f 2706/2216/2036 2689/2211/2031 2705/2217/2037
f 2687/2213/2033 2692/2215/2035 2691/2218/2038
f 2692/2215/2035 2693/2219/2039 2691/2218/2038
f 2693/2219/2039 2695/2220/2040 2691/2218/2038
f 2795/2221/2041 2689/2211/2031 2687/2213/2033
f 2795/2221/2041 2687/2213/2033 2691/2218/2038
f 2705/2217/2037 2689/2211/2031 2704/2222/2042
f 2795/2221/2041 2704/2222/2042 2689/2211/2031
f 2701/2223/2043 2705/2217/2037 2704/2222/2042
f 2795/2221/2041 2701/2223/2043 2704/2222/2042
f 2703/2224/2044 2705/2217/2037 2701/2223/2043
f 2702/2225/2045 2703/2224/2044 2701/2223/2043
f 2699/2226/2046 2702/2225/2045 2701/2223/2043
f 2795/2221/2041 2699/2226/2046 2701/2223/2043
f 2700/2227/2047 2702/2225/2045 2699/2226/2046
f 2700/2227/2047 2699/2226/2046 2698/2228/2048
f 2698/2228/2048 2699/2226/2046 2696/2229/2049
f 2795/2221/2041 2696/2229/2049 2699/2226/2046
f 2697/2230/2050 2698/2228/2048 2696/2229/2049
f 2697/2230/2050 2696/2229/2049 2695/2220/2040
f 2795/2221/2041 2694/2231/2051 2696/2229/2049
f 2695/2220/2040 2696/2229/2049 2694/2231/2051
f 2795/2221/2041 2691/2218/2038 2694/2231/2051
f 2691/2218/2038 2695/2220/2040 2694/2231/2051
f 2732/2232/2052 2731/2185/757 2730/2184/2053
f 2737/2183/2054 2732/2232/2052 2730/2184/2053
f 2733/2233/757 2731/2185/757 2732/2232/2052
f 2739/2234/2055 2732/2232/2052 2737/2183/2054
f 2733/2233/757 2735/2235/2056 2731/2185/757
f 2739/2234/2055 2737/2183/2054 2738/2236/2057
f 2731/2185/757 2735/2235/2056 2734/2187/2058
f 2738/2236/2057 2737/2183/2054 2736/2181/2057
f 2735/2235/2056 2752/2189/2059 2734/2187/2058
f 2741/2180/2060 2738/2236/2057 2736/2181/2057
f 2753/2237/2061 2752/2189/2059 2735/2235/2056
f 2743/2238/2062 2738/2236/2057 2741/2180/2060
f 2752/2189/2059 2753/2237/2061 2755/2190/1751
f 2755/2190/1751 2753/2237/2061 2754/2239/1751
f 2743/2238/2062 2741/2180/2060 2742/2240/2063
f 2742/2240/2063 2741/2180/2060 2740/2178/2063
f 2745/2176/438 2742/2240/2063 2740/2178/2063
f 2747/2241/438 2742/2240/2063 2745/2176/438
f 2747/2241/438 2745/2176/438 2746/2242/2064
f 2746/2242/2064 2745/2176/438 2744/2175/2064
f 2749/2173/2065 2746/2242/2064 2744/2175/2064
f 2751/2243/2065 2746/2242/2064 2749/2173/2065
f 2751/2243/2065 2749/2173/2065 2750/2244/1751
f 2750/2244/1751 2749/2173/2065 2748/2172/1751
f 2758/2233/2019 2757/2245/2019 2756/2235/2019
f 2757/2245/2019 2781/2246/2019 2756/2235/2019
f 2759/2247/2019 2757/2245/2019 2758/2233/2019
f 2756/2235/2019 2781/2246/2019 2780/2237/2019
f 2760/2232/2019 2759/2247/2019 2758/2233/2019
f 2781/2246/2019 2779/2248/2019 2780/2237/2019
f 2780/2237/2019 2779/2248/2019 2778/2239/2019
f 2761/2249/2019 2759/2247/2019 2760/2232/2019
f 2762/2234/2019 2761/2249/2019 2760/2232/2019
f 2763/2250/2019 2761/2249/2019 2762/2234/2019
f 2764/2236/2019 2763/2250/2019 2762/2234/2019
f 2765/2251/2019 2763/2250/2019 2764/2236/2019
f 2766/2238/2019 2765/2251/2019 2764/2236/2019
f 2767/2252/2019 2765/2251/2019 2766/2238/2019
f 2768/2240/2019 2767/2252/2019 2766/2238/2019
f 2769/2253/2019 2767/2252/2019 2768/2240/2019
f 2770/2241/2019 2769/2253/2019 2768/2240/2019
f 2771/2254/2019 2769/2253/2019 2770/2241/2019
f 2772/2242/2019 2771/2254/2019 2770/2241/2019
f 2773/2255/2019 2771/2254/2019 2772/2242/2019
f 2774/2243/2019 2773/2255/2019 2772/2242/2019
f 2775/2256/2019 2773/2255/2019 2774/2243/2019
f 2776/2244/2019 2775/2256/2019 2774/2243/2019
f 2777/2257/2019 2775/2256/2019 2776/2244/2019
f 2798/2258/2066 2797/2259/2067 2796/2260/2068
f 2799/2261/2067 2797/2259/2067 2798/2258/2066
f 2796/2260/2068 2800/2262/2069 2798/2258/2066
f 2801/2263/2069 2800/2262/2069 2796/2260/2068
f 2804/2258/2070 2803/2264/2071 2802/2265/2071
f 2805/2262/2070 2803/2264/2071 2804/2258/2070
f 2808/2262/2072 2807/2266/2072 2806/2264/2073
f 2809/2263/2072 2807/2266/2072 2808/2262/2072
f 2812/2266/2074 2811/2260/2074 2810/2267/2074
f 2813/2263/2075 2811/2260/2074 2812/2266/2074
f 2816/2260/2076 2815/2268/2076 2814/2267/2076
f 2817/2259/2076 2815/2268/2076 2816/2260/2076
f 2820/2269/2077 2819/2258/2077 2818/2265/2077
f 2821/2261/2077 2819/2258/2077 2820/2269/2077
f 2824/2259/2078 2823/2269/2078 2822/2268/2078
f 2825/2261/2078 2823/2269/2078 2824/2259/2078
f 2828/2270/2079 2827/2271/2080 2826/2272/2081
f 2829/2273/2080 2827/2271/2080 2828/2270/2079
f 2826/2272/2081 2830/2274/2082 2828/2270/2079
f 2831/2275/2082 2830/2274/2082 2826/2272/2081
f 2834/2276/2083 2833/2277/2084 2832/2278/2085
f 2832/2278/2085 2837/2279/2086 2836/2280/2087
f 2833/2277/2084 2837/2279/2086 2832/2278/2085
f 2833/2277/2084 2879/2281/2088 2837/2279/2086
f 2877/2282/2089 2879/2281/2088 2833/2277/2084
f 2835/2283/2090 2877/2282/2089 2833/2277/2084
f 2835/2283/2090 2833/2277/2084 2834/2276/2083
f 2878/2284/2091 2877/2282/2089 2835/2283/2090
f 2835/2283/2090 2885/2285/2092 2878/2284/2091
f 2835/2283/2090 2834/2276/2083 2849/2286/2093
f 2849/2286/2093 2885/2285/2092 2835/2283/2090
f 2849/2286/2093 2834/2276/2083 2848/2287/2094
f 2849/2286/2093 2884/2288/2095 2885/2285/2092
f 2849/2286/2093 2848/2287/2094 2847/2289/2096
f 2847/2289/2096 2884/2288/2095 2849/2286/2093
f 2847/2289/2096 2848/2287/2094 2846/2290/2097
f 2844/2291/2098 2847/2289/2096 2846/2290/2097
f 2845/2292/2099 2884/2288/2095 2847/2289/2096
f 2845/2292/2099 2847/2289/2096 2844/2291/2098
f 2883/2293/2100 2884/2288/2095 2845/2292/2099
f 2842/2294/2101 2845/2292/2099 2844/2291/2098
f 2843/2295/2102 2883/2293/2100 2845/2292/2099
f 2843/2295/2102 2845/2292/2099 2842/2294/2101
f 2882/2296/2103 2883/2293/2100 2843/2295/2102
f 2843/2295/2102 2880/2297/2104 2882/2296/2103
f 2843/2295/2102 2842/2294/2101 2841/2298/2105
f 2841/2298/2105 2880/2297/2104 2843/2295/2102
f 2841/2298/2105 2881/2299/2088 2880/2297/2104
f 2841/2298/2105 2842/2294/2101 2839/2300/2106
f 2840/2301/2086 2881/2299/2088 2841/2298/2105
f 2841/2298/2105 2839/2300/2106 2840/2301/2086
f 2840/2301/2086 2839/2300/2106 2838/2302/2087
f 2852/2303/2107 2851/2304/2108 2850/2305/2107
f 2866/2306/2109 2852/2303/2107 2850/2305/2107
f 2853/2307/2108 2851/2304/2108 2852/2303/2107
f 2867/2308/2110 2852/2303/2107 2866/2306/2109
f 2853/2307/2108 2855/2309/2111 2851/2304/2108
f 2864/2310/2112 2867/2308/2110 2866/2306/2109
f 2851/2304/2108 2855/2309/2111 2854/2311/2113
f 2865/2312/2114 2867/2308/2110 2864/2310/2112
f 2855/2309/2111 2857/2313/2115 2854/2311/2113
f 2854/2311/2113 2857/2313/2115 2856/2314/2115
f 2862/2315/2116 2865/2312/2114 2864/2310/2112
f 2863/2316/2116 2865/2312/2114 2862/2315/2116
f 2858/2317/2117 2863/2316/2116 2862/2315/2116
f 2859/2318/2118 2863/2316/2116 2858/2317/2117
f 2860/2319/2115 2859/2318/2118 2858/2317/2117
f 2861/2320/2115 2859/2318/2118 2860/2319/2115
f 2870/2321/2119 2869/2322/2120 2868/2323/2121
f 2870/2321/2119 2868/2323/2121 2876/2324/2122
f 2870/2321/2119 2871/2325/2123 2869/2322/2120
f 2870/2321/2119 2876/2324/2122 2875/2326/2124
f 2870/2321/2119 2872/2327/2125 2871/2325/2123
f 2870/2321/2119 2875/2326/2124 2874/2328/2126
f 2870/2321/2119 2873/2329/2127 2872/2327/2125
f 2870/2321/2119 2874/2328/2126 2873/2329/2127
f 2888/2330/2128 2887/2331/2129 2886/2332/2130
f 2886/2332/2130 2912/2333/2131 2888/2330/2128
f 2913/2334/2131 2912/2333/2131 2886/2332/2130
f 2913/2334/2131 2911/2335/2132 2912/2333/2131
f 2912/2333/2131 2911/2335/2132 2910/2336/2132
f 2910/2336/2132 2911/2335/2132 2893/2337/2133
f 2893/2337/2133 2911/2335/2132 2892/2338/2133
f 2893/2337/2133 2892/2338/2133 2889/2339/2134
f 2889/2339/2134 2892/2338/2133 2891/2340/2134
f 2891/2340/2134 2890/2341/2135 2889/2339/2134
f 2896/2342/2136 2895/2343/2137 2894/2344/2138
f 2897/2345/2139 2895/2343/2137 2896/2342/2136
f 2894/2344/2138 2914/2346/2140 2896/2342/2136
f 2897/2345/2139 2899/2347/2141 2895/2343/2137
f 2915/2348/2140 2914/2346/2140 2894/2344/2138
f 2895/2343/2137 2899/2347/2141 2898/2349/2142
f 2899/2347/2141 2941/2350/2143 2898/2349/2142
f 2915/2348/2140 2902/2351/2144 2914/2346/2140
f 2914/2346/2140 2902/2351/2144 2900/2352/2145
f 2902/2351/2144 2901/2353/2146 2900/2352/2145
f 2903/2354/2147 2901/2353/2146 2902/2351/2144
f 2903/2354/2147 2905/2355/2148 2901/2353/2146
f 2901/2353/2146 2905/2355/2148 2904/2356/2148
f 2905/2355/2148 2940/2357/2149 2904/2356/2148
f 2908/2358/2150 2907/2359/2151 2906/2360/2152
f 2907/2359/2151 2929/2361/2153 2906/2360/2152
f 2909/2362/2154 2907/2359/2151 2908/2358/2150
f 2907/2359/2151 2928/2363/2155 2929/2361/2153
f 2909/2362/2154 2908/2358/2150 2933/2364/2156
f 2929/2361/2153 2928/2363/2155 2927/2365/2157
f 2933/2364/2156 2908/2358/2150 2931/2366/2158
f 2942/2367/31 2927/2365/2157 2928/2363/2155
f 2943/2368/31 2927/2365/2157 2942/2367/31
f 2933/2364/2156 2931/2366/2158 2932/2369/2159
f 2932/2369/2159 2931/2366/2158 2930/2370/2160
f 2932/2369/2159 2930/2370/2160 2934/2371/2161
f 2935/2372/2162 2932/2369/2159 2934/2371/2161
f 2936/2373/2162 2932/2369/2159 2935/2372/2162
f 2937/2374/2163 2936/2373/2162 2935/2372/2162
f 2938/2375/2164 2936/2373/2162 2937/2374/2163
f 2938/2375/2164 2937/2374/2163 2939/2376/2165
f 2916/2377/2166 2938/2375/2164 2939/2376/2165
f 2917/2378/2167 2938/2375/2164 2916/2377/2166
f 2918/2379/2168 2917/2378/2167 2916/2377/2166
f 2919/2380/2169 2917/2378/2167 2918/2379/2168
f 2918/2379/2168 2921/2381/2170 2919/2380/2169
f 2919/2380/2169 2921/2381/2170 2922/2382/2171
f 2922/2382/2171 2921/2381/2170 2920/2383/2172
f 2923/2384/2173 2922/2382/2171 2920/2383/2172
f 2924/2385/2174 2922/2382/2171 2923/2384/2173
f 2925/2386/31 2924/2385/2174 2923/2384/2173
f 2926/2387/31 2924/2385/2174 2925/2386/31
f 2946/2388/2175 2945/2389/2176 2944/2390/2177
f 2947/2391/2178 2945/2389/2176 2946/2388/2175
f 2968/2392/2179 2947/2391/2178 2946/2388/2175
f 2969/2393/2180 2947/2391/2178 2968/2392/2179
f 2947/2391/2178 2948/2394/2181 2945/2389/2176
f 2969/2393/2180 2963/2395/2182 2947/2391/2178
f 2949/2396/2183 2948/2394/2181 2947/2391/2178
f 2947/2391/2178 2963/2395/2182 2949/2396/2183
f 2949/2396/2183 2950/2397/2184 2948/2394/2181
f 2963/2395/2182 2962/2398/2185 2949/2396/2183
f 2951/2399/2186 2950/2397/2184 2949/2396/2183
f 2949/2396/2183 2962/2398/2185 2951/2399/2186
f 2951/2399/2186 2952/2400/60 2950/2397/2184
f 2962/2398/2185 2964/2401/2187 2951/2399/2186
f 2953/2402/2188 2952/2400/60 2951/2399/2186
f 2951/2399/2186 2964/2401/2187 2953/2402/2188
f 2953/2402/2188 2954/2403/2189 2952/2400/60
f 2964/2401/2187 2970/2404/2190 2953/2402/2188
f 2955/2405/2191 2954/2403/2189 2953/2402/2188
f 2953/2402/2188 2970/2404/2190 2955/2405/2191
f 2955/2405/2191 2956/2406/2192 2954/2403/2189
f 2970/2404/2190 2966/2407/2193 2955/2405/2191
f 2957/2408/2194 2956/2406/2192 2955/2405/2191
f 2955/2405/2191 2966/2407/2193 2957/2408/2194
f 2957/2408/2194 2958/2409/2195 2956/2406/2192
f 2966/2407/2193 2965/2410/2196 2957/2408/2194
f 2959/2411/2197 2958/2409/2195 2957/2408/2194
f 2957/2408/2194 2965/2410/2196 2959/2411/2197
f 2959/2411/2197 2960/2412/2198 2958/2409/2195
f 2965/2410/2196 2967/2413/2199 2959/2411/2197
f 2961/2414/2175 2960/2412/2198 2959/2411/2197
f 2959/2411/2197 2967/2413/2199 2961/2414/2175
f 2973/2415/354 2972/2416/2200 2971/2417/2201
f 2973/2415/354 2971/2417/2201 2979/2418/2202
f 2973/2415/354 2974/2419/2203 2972/2416/2200
f 2973/2415/354 2979/2418/2202 2978/2420/2204
f 2973/2415/354 2975/2421/2205 2974/2419/2203
f 2973/2415/354 2978/2420/2204 2977/2422/2206
f 2973/2415/354 2976/2423/2207 2975/2421/2205
f 2973/2415/354 2977/2422/2206 2976/2423/2207
f 2982/2424/2208 2981/2425/2209 2980/2426/2210
f 2981/2425/2209 2982/2424/2208 2990/2427/2211
f 2990/2427/2211 2982/2424/2208 2989/2428/2212
f 2996/2429/2213 2981/2425/2209 2990/2427/2211
f 2982/2424/2208 2983/2430/2214 2989/2428/2212
f 2983/2430/2214 2982/2424/2208 2980/2426/2210
f 2989/2428/2212 2983/2430/2214 2991/2431/757
f 2988/2432/2215 2981/2425/2209 2996/2429/2213
f 2981/2425/2209 2988/2432/2215 2980/2426/2210
f 2995/2433/438 2988/2432/2215 2996/2429/2213
f 2983/2430/2214 2984/2434/2216 2991/2431/757
f 2984/2434/2216 2983/2430/2214 2980/2426/2210
f 2991/2431/757 2984/2434/2216 2992/2435/2217
f 2987/2436/2218 2988/2432/2215 2995/2433/438
f 2988/2432/2215 2987/2436/2218 2980/2426/2210
f 2994/2437/2219 2987/2436/2218 2995/2433/438
f 2984/2434/2216 2985/2438/2220 2992/2435/2217
f 2985/2438/2220 2984/2434/2216 2980/2426/2210
f 2992/2435/2217 2985/2438/2220 2993/2439/2221
f 2987/2436/2218 2986/2440/2222 2980/2426/2210
f 2986/2440/2222 2985/2438/2220 2980/2426/2210
f 2985/2438/2220 2986/2440/2222 2993/2439/2221
f 2986/2440/2222 2987/2436/2218 2994/2437/2219
f 2993/2439/2221 2986/2440/2222 2994/2437/2219
f 2999/2441/100 2998/2442/2212 2997/2443/2223
f 2998/2442/2212 3002/2444/757 2997/2443/2223
f 3000/2445/2211 2998/2442/2212 2999/2441/100
f 2997/2443/2223 3002/2444/757 3001/2446/2224
f 3002/2444/757 3004/2447/2225 3001/2446/2224
f 3011/2448/2226 3000/2445/2211 2999/2441/100
f 3012/2449/2227 3000/2445/2211 3011/2448/2226
f 2999/2441/100 2997/2443/2223 3013/2450/2228
f 3011/2448/2226 2999/2441/100 3013/2450/2228
f 2997/2443/2223 3001/2446/2224 3013/2450/2228
f 3009/2451/2229 3012/2449/2227 3011/2448/2226
f 3009/2451/2229 3011/2448/2226 3013/2450/2228
f 3010/2452/438 3012/2449/2227 3009/2451/2229
f 3007/2453/2230 3010/2452/438 3009/2451/2229
f 3007/2453/2230 3009/2451/2229 3013/2450/2228
f 3008/2454/2219 3010/2452/438 3007/2453/2230
f 3001/2446/2224 3003/2455/2231 3013/2450/2228
f 3001/2446/2224 3004/2447/2225 3003/2455/2231
f 3004/2447/2225 3006/2456/2221 3003/2455/2231
f 3005/2457/2232 3007/2453/2230 3013/2450/2228
f 3003/2455/2231 3005/2457/2232 3013/2450/2228
f 3003/2455/2231 3006/2456/2221 3005/2457/2232
f 3005/2457/2232 3008/2454/2219 3007/2453/2230
f 3006/2456/2221 3008/2454/2219 3005/2457/2232
f 3016/2458/2233 3015/2459/2234 3014/2460/757
f 3015/2459/2234 3016/2458/2233 3022/2461/2235
f 3022/2461/2235 3016/2458/2233 3021/2462/1334
f 3030/2463/1335 3015/2459/2234 3022/2461/2235
f 3023/2464/2236 3021/2462/1334 3016/2458/2233
f 3020/2465/2237 3015/2459/2234 3030/2463/1335
f 3015/2459/2234 3020/2465/2237 3014/2460/757
f 3030/2463/1335 3029/2466/2238 3020/2465/2237
f 3028/2467/2239 3020/2465/2237 3029/2466/2238
f 3019/2468/2240 3020/2465/2237 3028/2467/2239
f 3020/2465/2237 3019/2468/2240 3014/2460/757
f 3028/2467/2239 3027/2469/1346 3019/2468/2240
f 3026/2470/2241 3019/2468/2240 3027/2469/1346
f 3018/2471/2242 3019/2468/2240 3026/2470/2241
f 3019/2468/2240 3018/2471/2242 3014/2460/757
f 3025/2472/1342 3018/2471/2242 3026/2470/2241
f 3018/2471/2242 3017/2473/2243 3014/2460/757
f 3017/2473/2243 3018/2471/2242 3025/2472/1342
f 3017/2473/2243 3016/2458/2233 3014/2460/757
f 3025/2472/1342 3024/2474/2244 3017/2473/2243
f 3016/2458/2233 3017/2473/2243 3023/2464/2236
f 3023/2464/2236 3017/2473/2243 3024/2474/2244
f 3033/2475/2245 3032/2476/1334 3031/2477/2246
f 3032/2476/1334 3036/2478/2236 3031/2477/2246
f 3034/2479/2235 3032/2476/1334 3033/2475/2245
f 3031/2477/2246 3036/2478/2236 3035/2480/2247
f 3036/2478/2236 3038/2481/2244 3035/2480/2247
f 3049/2482/2248 3034/2479/2235 3033/2475/2245
f 3050/2483/1335 3034/2479/2235 3049/2482/2248
f 3035/2480/2247 3038/2481/2244 3037/2484/2249
f 3038/2481/2244 3040/2485/1342 3037/2484/2249
f 3047/2486/2250 3050/2483/1335 3049/2482/2248
f 3048/2487/2238 3050/2483/1335 3047/2486/2250
f 3037/2484/2249 3040/2485/1342 3039/2488/2251
f 3040/2485/1342 3042/2489/2241 3039/2488/2251
f 3045/2490/2252 3048/2487/2238 3047/2486/2250
f 3046/2491/2239 3048/2487/2238 3045/2490/2252
f 3039/2488/2251 3042/2489/2241 3041/2492/2253
f 3042/2489/2241 3044/2493/1346 3041/2492/2253
f 3044/2493/1346 3046/2491/2239 3043/2494/2254
f 3041/2492/2253 3044/2493/1346 3043/2494/2254
f 3043/2494/2254 3046/2491/2239 3045/2490/2252
f 3039/2488/2251 3041/2492/2253 3051/2495/438
f 3041/2492/2253 3043/2494/2254 3051/2495/438
f 3043/2494/2254 3045/2490/2252 3051/2495/438
f 3037/2484/2249 3039/2488/2251 3051/2495/438
f 3045/2490/2252 3047/2486/2250 3051/2495/438
f 3035/2480/2247 3037/2484/2249 3051/2495/438
f 3047/2486/2250 3049/2482/2248 3051/2495/438
f 3031/2477/2246 3035/2480/2247 3051/2495/438
f 3049/2482/2248 3033/2475/2245 3051/2495/438
f 3033/2475/2245 3031/2477/2246 3051/2495/438
f 3054/2496/1366 3053/2497/2255 3052/2498/1365
f 3054/2496/1366 3052/2498/1365 3065/2499/2256
f 3065/2499/2256 3052/2498/1365 3064/2500/2257
f 3055/2501/2258 3053/2497/2255 3054/2496/1366
f 3055/2501/2258 3057/2502/2259 3053/2497/2255
f 3053/2497/2255 3057/2502/2259 3056/2503/2260
f 3057/2502/2259 3058/2504/1359 3056/2503/2260
f 3059/2505/2261 3058/2504/1359 3057/2502/2259
f 3059/2505/2261 3060/2506/2262 3058/2504/1359
f 3061/2507/1360 3060/2506/2262 3059/2505/2261
f 3061/2507/1360 3063/2508/1368 3060/2506/2262
f 3060/2506/2262 3063/2508/1368 3062/2509/2263
f 3068/2510/2264 3067/2501/2265 3066/2496/1377
f 3068/2510/2264 3066/2496/1377 3078/2511/1380
f 3078/2511/1380 3066/2496/1377 3077/2499/1379
f 3069/2512/1375 3067/2501/2265 3068/2510/2264
f 3070/2502/2266 3067/2501/2265 3069/2512/1375
f 3069/2512/1375 3071/2505/1372 3070/2502/2266
f 3072/2513/2267 3071/2505/1372 3069/2512/1375
f 3072/2513/2267 3073/2507/1374 3071/2505/1372
f 3074/2514/1373 3073/2507/1374 3072/2513/2267
f 3074/2514/1373 3075/2508/2268 3073/2507/1374
f 3076/2515/1380 3075/2508/2268 3074/2514/1373
f 3081/2516/1400 3080/2517/2269 3079/2518/2270
f 3082/2519/2271 3080/2517/2269 3081/2516/1400
f 3080/2517/2269 3118/2520/2272 3079/2518/2270
f 3079/2518/2270 3083/2521/2273 3081/2516/1400
f 3079/2518/2270 3118/2520/2272 3117/2522/2274
f 3079/2518/2270 3117/2522/2274 3084/2523/2275
f 3084/2523/2275 3083/2521/2273 3079/2518/2270
f 3084/2523/2275 3117/2522/2274 3119/2524/2276
f 3119/2524/2276 3120/2525/1391 3084/2523/2275
f 3084/2523/2275 3086/2526/2277 3083/2521/2273
f 3084/2523/2275 3120/2525/1391 3086/2526/2277
f 3083/2521/2273 3086/2526/2277 3085/2527/1395
f 3086/2526/2277 3088/2528/2278 3085/2527/1395
f 3086/2526/2277 3120/2525/1391 3088/2528/2278
f 3085/2527/1395 3088/2528/2278 3087/2529/1393
f 3088/2528/2278 3089/2530/2279 3087/2529/1393
f 3088/2528/2278 3120/2525/1391 3090/2531/2280
f 3090/2531/2280 3089/2530/2279 3088/2528/2278
f 3090/2531/2280 3120/2525/1391 3121/2532/2281
f 3121/2532/2281 3122/2533/2272 3090/2531/2280
f 3090/2531/2280 3122/2533/2272 3092/2534/2282
f 3090/2531/2280 3092/2534/2282 3089/2530/2279
f 3089/2530/2279 3092/2534/2282 3091/2535/1383
f 3095/2512/1402 3094/2536/2283 3093/2537/1403
f 3096/2510/2284 3094/2536/2283 3095/2512/1402
f 3095/2512/1402 3093/2537/1403 3098/2513/2285
f 3096/2510/2284 3103/2538/1417 3094/2536/2283
f 3104/2511/2286 3103/2538/1417 3096/2510/2284
f 3103/2538/1417 3116/2539/2287 3094/2536/2283
f 3094/2536/2283 3116/2539/2287 3108/2540/2288
f 3094/2536/2283 3108/2540/2288 3093/2537/1403
f 3116/2539/2287 3115/2533/1421 3108/2540/2288
f 3108/2540/2288 3115/2533/1421 3106/2532/2289
f 3108/2540/2288 3106/2532/2289 3107/2541/1412
f 3093/2537/1403 3108/2540/2288 3107/2541/1412
f 3107/2541/1412 3106/2532/2289 3105/2525/1413
f 3093/2537/1403 3107/2541/1412 3097/2542/2290
f 3098/2513/2285 3093/2537/1403 3097/2542/2290
f 3107/2541/1412 3105/2525/1413 3110/2543/2291
f 3097/2542/2290 3107/2541/1412 3110/2543/2291
f 3110/2543/2291 3105/2525/1413 3109/2524/2292
f 3099/2544/1406 3098/2513/2285 3097/2542/2290
f 3097/2542/2290 3110/2543/2291 3099/2544/1406
f 3100/2514/2293 3098/2513/2285 3099/2544/1406
f 3100/2514/2293 3099/2544/1406 3102/2515/2286
f 3102/2515/2286 3099/2544/1406 3101/2545/2294
f 3110/2543/2291 3109/2524/2292 3112/2546/1422
f 3099/2544/1406 3110/2543/2291 3112/2546/1422
f 3099/2544/1406 3112/2546/1422 3101/2545/2294
f 3112/2546/1422 3109/2524/2292 3111/2522/1410
f 3101/2545/2294 3112/2546/1422 3114/2547/1420
f 3112/2546/1422 3111/2522/1410 3114/2547/1420
f 3114/2547/1420 3111/2522/1410 3113/2520/1421
f 3125/2548/2295 3124/2549/2296 3123/2550/1431
f 3126/2551/1437 3124/2549/2296 3125/2548/2295
f 3124/2549/2296 3128/2552/1427 3123/2550/1431
f 3125/2548/2295 3139/2553/1441 3126/2551/1437
f 3123/2550/1431 3128/2552/1427 3127/2554/1429
f 3138/2555/1439 3139/2553/1441 3125/2548/2295
f 3127/2554/1429 3128/2552/1427 3182/2556/1425
f 3139/2553/1441 3138/2555/1439 3137/2557/1444
f 3182/2556/1425 3128/2552/1427 3180/2558/2297
f 3138/2555/1439 3133/2559/2298 3137/2557/1444
f 3182/2556/1425 3180/2558/2297 3181/2560/2299
f 3137/2557/1444 3133/2559/2298 3134/2561/2300
f 3181/2560/2299 3180/2558/2297 3179/2562/1426
f 3135/2563/1447 3134/2561/2300 3133/2559/2298
f 3179/2562/1426 3195/2564/1430 3181/2560/2299
f 3136/2565/2301 3134/2561/2300 3135/2563/1447
f 3194/2566/2302 3195/2564/1430 3179/2562/1426
f 3135/2563/1447 3141/2567/1442 3136/2565/2301
f 3136/2565/2301 3141/2567/1442 3140/2568/1443
f 3195/2564/1430 3194/2566/2302 3193/2569/1432
f 3195/2564/1430 3193/2569/1432 3189/2570/2303
f 3189/2570/2303 3193/2569/1432 3191/2571/2304
f 3191/2571/2304 3190/2572/1438 3189/2570/2303
f 3192/2573/2305 3190/2572/1438 3191/2571/2304
f 3190/2572/1438 3192/2573/2305 3197/2574/1443
f 3197/2574/1443 3192/2573/2305 3196/2575/1442
f 3131/2576/1465 3130/2577/1467 3129/2578/2306
f 3132/2579/1466 3130/2577/1467 3131/2576/1465
f 3146/2580/1472 3129/2578/2306 3130/2577/1467
f 3131/2576/1465 3157/2581/2307 3132/2579/1466
f 3147/2582/2308 3129/2578/2306 3146/2580/1472
f 3148/2583/2309 3147/2582/2308 3146/2580/1472
f 3154/2584/1463 3157/2581/2307 3131/2576/1465
f 3154/2584/1463 3158/2585/2310 3157/2581/2307
f 3159/2586/2311 3158/2585/2310 3154/2584/1463
f 3159/2586/2311 3161/2587/1460 3158/2585/2310
f 3158/2585/2310 3161/2587/1460 3160/2588/1460
f 3160/2588/1460 3161/2587/1460 3207/2589/2312
f 3207/2589/2312 3161/2587/1460 3208/2590/2313
f 3208/2590/2313 3205/2591/1457 3207/2589/2312
f 3207/2589/2312 3205/2591/1457 3206/2592/2314
f 3205/2591/1457 3186/2593/1450 3206/2592/2314
f 3206/2592/2314 3186/2593/1450 3188/2594/1452
f 3188/2594/1452 3186/2593/1450 3187/2595/1449
f 3205/2591/1457 3155/2596/1468 3186/2593/1450
f 3156/2597/1469 3155/2596/1468 3205/2591/1457
f 3156/2597/1469 3154/2584/1463 3155/2596/1468
f 3155/2596/1468 3154/2584/1463 3131/2576/1465
f 3155/2596/1468 3131/2576/1465 3162/2598/1470
f 3155/2596/1468 3162/2598/1470 3186/2593/1450
f 3162/2598/1470 3131/2576/1465 3129/2578/2306
f 3186/2593/1450 3162/2598/1470 3185/2599/2315
f 3187/2595/1449 3186/2593/1450 3185/2599/2315
f 3185/2599/2315 3198/2600/1453 3187/2595/1449
f 3129/2578/2306 3163/2601/2316 3162/2598/1470
f 3163/2601/2316 3185/2599/2315 3162/2598/1470
f 3147/2582/2308 3163/2601/2316 3129/2578/2306
f 3199/2602/1455 3198/2600/1453 3185/2599/2315
f 3199/2602/1455 3185/2599/2315 3163/2601/2316
f 3199/2602/1455 3200/2603/2317 3198/2600/1453
f 3147/2582/2308 3164/2604/2318 3163/2601/2316
f 3164/2604/2318 3199/2602/1455 3163/2601/2316
f 3201/2605/1479 3200/2603/2317 3199/2602/1455
f 3201/2605/1479 3199/2602/1455 3164/2604/2318
f 3201/2605/1479 3150/2606/2319 3200/2603/2317
f 3164/2604/2318 3150/2606/2319 3201/2605/1479
f 3149/2607/1477 3164/2604/2318 3147/2582/2308
f 3150/2606/2319 3164/2604/2318 3149/2607/1477
f 3149/2607/1477 3147/2582/2308 3148/2583/2309
f 3150/2606/2319 3149/2607/1477 3148/2583/2309
f 3144/2608/2320 3143/2609/1480 3142/2610/1481
f 3142/2610/1481 3152/2611/2321 3144/2608/2320
f 3144/2608/2320 3152/2611/2321 3151/2612/1482
f 3152/2611/2321 3153/2613/1483 3151/2612/1482
f 3145/2614/1480 3143/2609/1480 3144/2608/2320
f 3183/2615/1484 3143/2609/1480 3145/2614/1480
f 3184/2616/1484 3143/2609/1480 3183/2615/1484
f 3202/2617/2322 3184/2616/1484 3183/2615/1484
f 3203/2618/2322 3184/2616/1484 3202/2617/2322
f 3203/2618/2322 3202/2617/2322 3204/2619/2322
f 3167/2620/1487 3166/2621/1510 3165/2622/2323
f 3167/2620/1487 3165/2622/2323 3172/2623/1489
f 3168/2624/1490 3166/2621/1510 3167/2620/1487
f 3165/2622/2323 3178/2625/2324 3172/2623/1489
f 3169/2626/1492 3166/2621/1510 3168/2624/1490
f 3177/2627/1513 3178/2625/2324 3165/2622/2323
f 3170/2628/1494 3166/2621/1510 3169/2626/1492
f 3177/2627/1513 3165/2622/2323 3176/2629/1515
f 3171/2630/2325 3166/2621/1510 3170/2628/1494
f 3176/2629/1515 3165/2622/2323 3173/2631/2326
f 3166/2621/1510 3173/2631/2326 3165/2622/2323
f 3171/2630/2325 3175/2632/2327 3166/2621/1510
f 3166/2621/1510 3174/2633/2328 3173/2631/2326
f 3166/2621/1510 3175/2632/2327 3174/2633/2328
f 3211/2634/1501 3210/2635/2329 3209/2636/1501
f 3211/2634/1501 3209/2636/1501 3236/2637/1502
f 3212/2638/1500 3210/2635/2329 3211/2634/1501
f 3215/2639/2330 3214/2640/1506 3213/2641/1505
f 3216/2642/1503 3214/2640/1506 3215/2639/2330
f 3216/2642/1503 3217/2643/2331 3214/2640/1506
f 3217/2643/2331 3238/2644/2332 3214/2640/1506
f 3216/2642/1503 3237/2645/2333 3217/2643/2331
f 3220/2646/1486 3219/2647/1487 3218/2648/2334
f 3218/2648/2334 3219/2647/1487 3225/2649/1489
f 3221/2650/1490 3219/2647/1487 3220/2646/1486
f 3235/2651/2335 3218/2648/2334 3225/2649/1489
f 3220/2646/1486 3222/2652/1492 3221/2650/1490
f 3234/2653/1493 3218/2648/2334 3235/2651/2335
f 3220/2646/1486 3223/2654/1514 3222/2652/1492
f 3234/2653/1493 3233/2655/1495 3218/2648/2334
f 3224/2656/2336 3223/2654/1514 3220/2646/1486
f 3218/2648/2334 3233/2655/1495 3226/2657/2337
f 3226/2657/2337 3220/2646/1486 3218/2648/2334
f 3224/2656/2336 3220/2646/1486 3228/2658/2338
f 3227/2659/2339 3220/2646/1486 3226/2657/2337
f 3228/2658/2338 3220/2646/1486 3227/2659/2339
f 3231/2639/1522 3230/2635/2340 3229/2638/1521
f 3232/2641/1521 3230/2635/2340 3231/2639/1522
f 3241/2660/2341 3240/2661/2342 3239/2662/2343
f 3241/2660/2341 3306/2663/2344 3261/2664/2345
f 3241/2660/2341 3261/2664/2345 3240/2661/2342
f 3261/2664/2345 3260/2665/2346 3240/2661/2342
f 3239/2662/2343 3308/2666/2347 3241/2660/2341
f 3260/2665/2346 3259/2667/2348 3240/2661/2342
f 3239/2662/2343 3242/2668/2349 3308/2666/2347
f 3240/2661/2342 3259/2667/2348 3248/2669/2350
f 3240/2661/2342 3248/2669/2350 3239/2662/2343
f 3259/2667/2348 3258/2670/2351 3248/2669/2350
f 3243/2671/2352 3242/2668/2349 3239/2662/2343
f 3248/2669/2350 3258/2670/2351 3256/2672/2353
f 3239/2662/2343 3248/2669/2350 3256/2672/2353
f 3258/2670/2351 3257/2673/2354 3256/2672/2353
f 3257/2673/2354 3255/2674/2355 3256/2672/2353
f 3244/2675/2356 3243/2671/2352 3239/2662/2343
f 3256/2672/2353 3255/2674/2355 3247/2676/2357
f 3239/2662/2343 3256/2672/2353 3247/2676/2357
f 3255/2674/2355 3254/2677/2358 3247/2676/2357
f 3250/2678/2359 3307/2679/2360 3244/2675/2356
f 3247/2676/2357 3254/2677/2358 3246/2680/2361
f 3254/2677/2358 3253/2681/2362 3246/2680/2361
f 3247/2676/2357 3246/2680/2361 3239/2662/2343
f 3253/2681/2362 3252/2682/2363 3246/2680/2361
f 3239/2662/2343 3249/2683/2364 3244/2675/2356
f 3249/2683/2364 3250/2678/2359 3244/2675/2356
f 3251/2684/2365 3250/2678/2359 3249/2683/2364
f 3246/2680/2361 3245/2685/2366 3239/2662/2343
f 3239/2662/2343 3245/2685/2366 3249/2683/2364
f 3246/2680/2361 3252/2682/2363 3245/2685/2366
f 3245/2685/2366 3251/2684/2365 3249/2683/2364
f 3252/2682/2363 3251/2684/2365 3245/2685/2366
f 3264/2686/2367 3263/2687/2367 3262/2688/2367
f 3278/2689/2367 3264/2686/2367 3262/2688/2367
f 3263/2687/2367 3265/2690/2367 3262/2688/2367
f 3277/2691/2367 3278/2689/2367 3262/2688/2367
f 3265/2690/2367 3266/2692/2367 3262/2688/2367
f 3276/2693/2367 3277/2691/2367 3262/2688/2367
f 3266/2692/2367 3267/2694/2367 3262/2688/2367
f 3275/2695/2367 3276/2693/2367 3262/2688/2367
f 3267/2694/2367 3268/2696/2367 3262/2688/2367
f 3274/2697/2367 3275/2695/2367 3262/2688/2367
f 3268/2696/2367 3269/2698/2367 3262/2688/2367
f 3273/2699/2367 3274/2697/2367 3262/2688/2367
f 3269/2698/2367 3270/2700/2367 3262/2688/2367
f 3272/2701/2367 3273/2699/2367 3262/2688/2367
f 3270/2700/2367 3271/2702/2367 3262/2688/2367
f 3271/2702/2367 3272/2701/2367 3262/2688/2367
f 3281/2703/2368 3280/2704/2369 3279/2705/2370
f 3282/2706/2368 3280/2704/2369 3281/2703/2368
f 3280/2704/2369 3309/2707/2371 3279/2705/2370
f 3310/2708/2371 3309/2707/2371 3280/2704/2369
f 3285/2687/2372 3284/2709/2373 3283/2690/2374
f 3286/2710/2372 3284/2709/2373 3285/2687/2372
f 3284/2709/2373 3301/2692/2375 3283/2690/2374
f 3284/2709/2373 3303/2711/2376 3301/2692/2375
f 3303/2711/2376 3302/2694/2377 3301/2692/2375
f 3303/2711/2376 3304/2696/2378 3302/2694/2377
f 3305/2712/2378 3304/2696/2378 3303/2711/2376
f 3289/2713/2379 3288/2714/2380 3287/2715/2381
f 3290/2716/2382 3288/2714/2380 3289/2713/2379
f 3290/2716/2382 3315/2717/2383 3288/2714/2380
f 3288/2714/2380 3315/2717/2383 3314/2718/2383
f 3293/2719/2384 3292/2720/2385 3291/2721/2386
f 3292/2720/2385 3298/2713/2387 3291/2721/2386
f 3299/2716/2387 3298/2713/2387 3292/2720/2385
f 3292/2720/2385 3293/2719/2384 3316/2722/2388
f 3293/2719/2384 3317/2723/2389 3316/2722/2388
f 3319/2703/2390 3316/2722/2388 3317/2723/2389
f 3320/2705/2391 3316/2722/2388 3319/2703/2390
f 3296/2720/2392 3295/2707/2393 3294/2717/2392
f 3296/2720/2392 3294/2717/2392 3318/2716/2394
f 3297/2722/2392 3295/2707/2393 3296/2720/2392
f 3297/2722/2392 3300/2705/2395 3295/2707/2393
f 3313/2710/2396 3312/2724/2397 3311/2709/2398
f 3321/2725/2399 3311/2709/2398 3312/2724/2397
f 3322/2711/2398 3311/2709/2398 3321/2725/2399
f 3322/2711/2398 3321/2725/2399 3323/2712/2400
f 3326/2726/1956 3325/2727/438 3324/2728/1956
f 3327/2729/2401 3325/2727/438 3326/2726/1956
f 3327/2729/2401 3333/2730/98 3325/2727/438
f 3325/2727/438 3333/2730/98 3332/2731/98
f 3330/2732/2402 3329/2733/758 3328/2734/757
f 3331/2735/90 3329/2733/758 3330/2732/2402
f 3329/2733/758 3335/2736/2403 3328/2734/757
f 3328/2734/757 3335/2736/2403 3334/2737/2404
f 3338/2738/1959 3337/2739/1959 3336/2740/1959
f 3339/2741/2405 3337/2739/1959 3338/2738/1959
f 3342/2742/1961 3341/2743/1960 3340/2744/1961
f 3343/2745/1961 3341/2743/1960 3342/2742/1961
f 3346/2746/2406 3345/2747/2407 3344/2748/2406
f 3347/2749/2407 3345/2747/2407 3346/2746/2406
f 3347/2749/2407 3353/2750/2408 3345/2747/2407
f 3345/2747/2407 3353/2750/2408 3352/2751/2408
f 3350/2752/2409 3349/2753/2410 3348/2754/2411
f 3351/2755/2412 3349/2753/2410 3350/2752/2409
f 3349/2753/2410 3355/2756/2413 3348/2754/2411
f 3348/2754/2411 3355/2756/2413 3354/2757/2413
f 3358/2758/2414 3357/2759/2415 3356/2760/2414
f 3359/2761/2414 3357/2759/2415 3358/2758/2414
f 3362/2762/2416 3361/2763/2416 3360/2764/2416
f 3363/2765/2416 3361/2763/2416 3362/2762/2416
f 3366/2126/2406 3365/2125/2407 3364/2127/2406
f 3367/2128/2407 3365/2125/2407 3366/2126/2406
f 3367/2128/2407 3373/2129/2408 3365/2125/2407
f 3365/2125/2407 3373/2129/2408 3372/2130/2408
f 3370/2132/2409 3369/2131/2410 3368/2133/2411
f 3371/2134/2412 3369/2131/2410 3370/2132/2409
f 3369/2131/2410 3375/2135/2417 3368/2133/2411
f 3368/2133/2411 3375/2135/2417 3374/2136/2413
f 3378/2138/2418 3377/2137/2418 3376/2139/2414
f 3379/2140/2414 3377/2137/2418 3378/2138/2418
f 3382/2142/2416 3381/2141/2416 3380/2143/2416
f 3383/2144/2419 3381/2141/2416 3382/2142/2416
f 3386/2106/2420 3385/2105/438 3384/2107/1956
f 3387/2108/2401 3385/2105/438 3386/2106/2420
f 3387/2108/2401 3393/2109/98 3385/2105/438
f 3385/2105/438 3393/2109/98 3392/2110/98
f 3390/2112/90 3389/2111/757 3388/2113/757
f 3391/2114/2421 3389/2111/757 3390/2112/90
f 3389/2111/757 3395/2115/2403 3388/2113/757
f 3388/2113/757 3395/2115/2403 3394/2116/1955
f 3398/2118/1959 3397/2117/1959 3396/2119/1959
f 3399/2120/1959 3397/2117/1959 3398/2118/1959
f 3402/2122/1960 3401/2121/1960 3400/2123/1960
f 3403/2124/1961 3401/2121/1960 3402/2122/1960
f 3406/2766/2422 3405/2767/1231 3404/2768/2423
f 3406/2766/2422 3404/2768/2423 3419/2769/1976
f 3468/2770/2004 3404/2768/2423 3405/2767/1231
f 3468/2770/2004 3419/2769/1976 3404/2768/2423
f 3406/2766/2422 3408/2771/1987 3405/2767/1231
f 3456/2772/1986 3408/2771/1987 3406/2766/2422
f 3454/2773/1366 3408/2771/1987 3456/2772/1986
f 3406/2766/2422 3466/2774/1985 3456/2772/1986
f 3455/2775/1990 3408/2771/1987 3454/2773/1366
f 3420/2776/1982 3466/2774/1985 3406/2766/2422
f 3465/2777/1983 3466/2774/1985 3420/2776/1982
f 3420/2776/1982 3406/2766/2422 3419/2769/1976
f 3420/2776/1982 3416/2778/2424 3465/2777/1983
f 3416/2778/2424 3420/2776/1982 3419/2769/1976
f 3465/2777/1983 3416/2778/2424 3464/2779/1980
f 3463/2780/1979 3464/2779/1980 3416/2778/2424
f 3416/2778/2424 3417/2781/1978 3463/2780/1979
f 3463/2780/1979 3417/2781/1978 3462/2782/1358
f 3416/2778/2424 3419/2769/1976 3418/2783/2425
f 3415/2784/2426 3462/2782/1358 3417/2781/1978
f 3459/2785/1981 3462/2782/1358 3415/2784/2426
f 3415/2784/2426 3460/2786/2017 3459/2785/1981
f 3417/2781/1978 3416/2778/2424 3414/2787/1262
f 3416/2778/2424 3418/2783/2425 3414/2787/1262
f 3415/2784/2426 3417/2781/1978 3414/2787/1262
f 3461/2788/1992 3460/2786/2017 3413/2789/1993
f 3413/2789/1993 3460/2786/2017 3415/2784/2426
f 3413/2789/1993 3415/2784/2426 3412/2790/2015
f 3415/2784/2426 3414/2787/1262 3412/2790/2015
f 3413/2789/1993 3412/2790/2015 3411/2791/1995
f 3474/2792/1996 3411/2791/1995 3412/2790/2015
f 3539/2793/1997 3474/2792/1996 3538/2794/2014
f 3472/2795/2427 3474/2792/1996 3412/2790/2015
f 3538/2794/2014 3474/2792/1996 3472/2795/2427
f 3472/2795/2427 3412/2790/2015 3414/2787/1262
f 3537/2796/2012 3538/2794/2014 3472/2795/2427
f 3537/2796/2012 3472/2795/2427 3536/2797/2010
f 3536/2797/2010 3472/2795/2427 3473/2798/2428
f 3473/2798/2428 3472/2795/2427 3414/2787/1262
f 3536/2797/2010 3473/2798/2428 3535/2799/2009
f 3470/2800/1977 3473/2798/2428 3414/2787/1262
f 3535/2799/2009 3473/2798/2428 3470/2800/1977
f 3470/2800/1977 3414/2787/1262 3418/2783/2425
f 3534/2801/2008 3535/2799/2009 3470/2800/1977
f 3470/2800/1977 3418/2783/2425 3419/2769/1976
f 3534/2801/2008 3470/2800/1977 3533/2802/2006
f 3471/2803/2007 3470/2800/1977 3419/2769/1976
f 3533/2802/2006 3470/2800/1977 3471/2803/2007
f 3533/2802/2006 3471/2803/2007 3532/2804/2005
f 3468/2770/2004 3471/2803/2007 3419/2769/1976
f 3532/2804/2005 3471/2803/2007 3468/2770/2004
f 3531/2805/2003 3532/2804/2005 3468/2770/2004
f 3531/2805/2003 3468/2770/2004 3530/2806/2001
f 3530/2806/2001 3468/2770/2004 3469/2807/2429
f 3530/2806/2001 3469/2807/2429 3529/2808/2000
f 3469/2807/2429 3468/2770/2004 3405/2767/1231
f 3529/2808/2000 3469/2807/2429 3467/2809/1999
f 3467/2809/1999 3469/2807/2429 3405/2767/1231
f 3541/2810/1998 3529/2808/2000 3467/2809/1999
f 3541/2810/1998 3467/2809/1999 3540/2811/1997
f 3540/2811/1997 3467/2809/1999 3476/2812/1996
f 3476/2812/1996 3467/2809/1999 3409/2813/1994
f 3467/2809/1999 3405/2767/1231 3409/2813/1994
f 3476/2812/1996 3409/2813/1994 3475/2814/1995
f 3410/2815/1993 3475/2814/1995 3409/2813/1994
f 3407/2816/1989 3409/2813/1994 3405/2767/1231
f 3407/2816/1989 3410/2815/1993 3409/2813/1994
f 3408/2771/1987 3407/2816/1989 3405/2767/1231
f 3410/2815/1993 3407/2816/1989 3458/2817/1992
f 3407/2816/1989 3408/2771/1987 3455/2775/1990
f 3458/2817/1992 3407/2816/1989 3457/2818/1991
f 3455/2775/1990 3457/2818/1991 3407/2816/1989
f 3423/2819/2019 3422/2820/2029 3421/2821/2430
f 3423/2819/2019 3421/2821/2430 3426/2822/2431
f 3423/2819/2019 3424/2823/2030 3422/2820/2029
f 3423/2819/2019 3426/2822/2431 3425/2824/2432
f 3423/2819/2019 3433/2825/2433 3424/2823/2030
f 3423/2819/2019 3425/2824/2432 3428/2826/2021
f 3423/2819/2019 3431/2827/2434 3433/2825/2433
f 3423/2819/2019 3428/2826/2021 3427/2828/2020
f 3423/2819/2019 3432/2829/2024 3431/2827/2434
f 3423/2819/2019 3427/2828/2020 3430/2830/2435
f 3423/2819/2019 3429/2831/2022 3432/2829/2024
f 3423/2819/2019 3430/2830/2435 3429/2831/2022
f 3436/2832/2047 3435/2833/2436 3434/2834/2046
f 3437/2835/2045 3435/2833/2436 3436/2832/2047
f 3436/2832/2047 3434/2834/2046 3439/2836/2048
f 3437/2835/2045 3453/2837/2044 3435/2833/2436
f 3453/2837/2044 3452/2838/2037 3435/2833/2436
f 3439/2836/2048 3434/2834/2046 3438/2839/2049
f 3440/2840/2050 3439/2836/2048 3438/2839/2049
f 3440/2840/2050 3438/2839/2049 3442/2841/2040
f 3435/2833/2436 3542/2842/2041 3434/2834/2046
f 3434/2834/2046 3542/2842/2041 3438/2839/2049
f 3435/2833/2436 3452/2838/2037 3451/2843/2042
f 3451/2843/2042 3542/2842/2041 3435/2833/2436
f 3452/2838/2037 3448/2844/2437 3451/2843/2042
f 3448/2844/2437 3542/2842/2041 3451/2843/2042
f 3450/2845/2036 3448/2844/2437 3452/2838/2037
f 3450/2845/2036 3449/2846/2034 3448/2844/2437
f 3449/2846/2034 3446/2847/2033 3448/2844/2437
f 3446/2847/2033 3542/2842/2041 3448/2844/2437
f 3447/2848/2032 3446/2847/2033 3449/2846/2034
f 3447/2848/2032 3445/2849/2035 3446/2847/2033
f 3446/2847/2033 3445/2849/2035 3443/2850/2038
f 3443/2850/2038 3542/2842/2041 3446/2847/2033
f 3445/2849/2035 3444/2851/2039 3443/2850/2038
f 3444/2851/2039 3442/2841/2040 3443/2850/2038
f 3441/2852/2438 3542/2842/2041 3443/2850/2038
f 3443/2850/2038 3442/2841/2040 3441/2852/2438
f 3438/2839/2049 3542/2842/2041 3441/2852/2438
f 3442/2841/2040 3438/2839/2049 3441/2852/2438
f 3479/2806/438 3478/2853/2439 3477/2805/2063
f 3478/2853/2439 3485/2804/2060 3477/2805/2063
f 3480/2854/438 3478/2853/2439 3479/2806/438
f 3486/2855/2062 3485/2804/2060 3478/2853/2439
f 3480/2854/438 3479/2806/438 3482/2856/2064
f 3486/2855/2062 3484/2857/2057 3485/2804/2060
f 3482/2856/2064 3479/2806/438 3481/2808/2064
f 3485/2804/2060 3484/2857/2057 3483/2802/2057
f 3499/2810/2440 3482/2856/2064 3481/2808/2064
f 3484/2857/2057 3489/2801/2055 3483/2802/2057
f 3500/2858/2440 3482/2856/2064 3499/2810/2440
f 3490/2859/2055 3489/2801/2055 3484/2857/2057
f 3499/2810/2440 3502/2811/1751 3500/2858/2440
f 3500/2858/2440 3502/2811/1751 3501/2860/1751
f 3490/2859/2055 3488/2861/2053 3489/2801/2055
f 3489/2801/2055 3488/2861/2053 3487/2799/2052
f 3488/2861/2053 3493/2797/757 3487/2799/2052
f 3494/2862/757 3493/2797/757 3488/2861/2053
f 3494/2862/757 3492/2863/2056 3493/2797/757
f 3493/2797/757 3492/2863/2056 3491/2796/2058
f 3492/2863/2056 3497/2794/2059 3491/2796/2058
f 3498/2864/2441 3497/2794/2059 3492/2863/2056
f 3498/2864/2441 3496/2865/1751 3497/2794/2059
f 3497/2794/2059 3496/2865/1751 3495/2793/1751
f 3505/2866/2019 3504/2854/2019 3503/2856/2019
f 3505/2866/2019 3503/2856/2019 3528/2867/2019
f 3506/2868/2019 3504/2854/2019 3505/2866/2019
f 3528/2867/2019 3503/2856/2019 3526/2858/2019
f 3506/2868/2019 3507/2853/2019 3504/2854/2019
f 3528/2867/2019 3526/2858/2019 3527/2869/2019
f 3527/2869/2019 3526/2858/2019 3525/2860/2019
f 3508/2870/2019 3507/2853/2019 3506/2868/2019
f 3508/2870/2019 3509/2855/2019 3507/2853/2019
f 3510/2871/2019 3509/2855/2019 3508/2870/2019
f 3510/2871/2019 3511/2857/2019 3509/2855/2019
f 3512/2872/2019 3511/2857/2019 3510/2871/2019
f 3512/2872/2019 3513/2859/2019 3511/2857/2019
f 3514/2873/2019 3513/2859/2019 3512/2872/2019
f 3514/2873/2019 3515/2861/2019 3513/2859/2019
f 3516/2874/2019 3515/2861/2019 3514/2873/2019
f 3516/2874/2019 3517/2862/2019 3515/2861/2019
f 3518/2875/2019 3517/2862/2019 3516/2874/2019
f 3518/2875/2019 3519/2863/2019 3517/2862/2019
f 3520/2876/2019 3519/2863/2019 3518/2875/2019
f 3520/2876/2019 3521/2864/2019 3519/2863/2019
f 3522/2877/2019 3521/2864/2019 3520/2876/2019
f 3522/2877/2019 3523/2865/2019 3521/2864/2019
f 3524/2878/2019 3523/2865/2019 3522/2877/2019
o enm_motora_eye
v 0.334204 1.112995 0.912778
v 0.355502 1.162622 0.890462
v 0.356407 1.095347 0.882059
v 0.371671 1.154391 0.869721
v 0.377412 1.087570 0.846802
v 0.384557 1.147313 0.846774
v 0.396106 1.090260 0.809553
v 0.394906 1.150243 0.823334
v 0.411171 1.103219 0.772805
v 0.406168 1.157638 0.799377
v 0.421542 1.125559 0.739042
v 0.412738 1.173187 0.780303
v 0.426442 1.155741 0.710540
v 0.415146 1.191008 0.759960
v 0.425639 1.191737 0.689299
v 0.412277 1.213378 0.747388
v 0.419056 1.231067 0.676699
v 0.408936 1.238390 0.737909
v 0.407109 1.271073 0.673580
v 0.400750 1.263402 0.737620
v 0.390185 1.307627 0.678722
v 0.370401 1.338738 0.694892
v 0.377086 1.307454 0.751044
v 0.341511 1.181024 0.902647
v 0.367573 1.243636 0.832013
v -0.312140 1.139291 0.936808
v -0.334204 1.112995 0.912778
v -0.341511 1.181024 0.902647
v -0.355503 1.162622 0.890462
v -0.356407 1.095347 0.882059
v -0.377413 1.087570 0.846802
v -0.371671 1.154391 0.869721
v -0.384557 1.147313 0.846774
v -0.396106 1.090260 0.809553
v -0.411172 1.103219 0.772805
v -0.394906 1.150243 0.823334
v -0.406168 1.157638 0.799377
v -0.421542 1.125559 0.739042
v -0.426442 1.155741 0.710540
v -0.412738 1.173187 0.780303
v -0.415147 1.191008 0.759960
v -0.425639 1.191737 0.689299
v -0.419056 1.231067 0.676699
v -0.412277 1.213378 0.747388
v -0.408936 1.238390 0.737909
v -0.390185 1.307627 0.678722
v -0.370401 1.338738 0.694892
v -0.400750 1.263402 0.737620
v -0.377086 1.307454 0.751044
v -0.367573 1.243636 0.832013
v -0.407110 1.271073 0.673580
v 0.312139 1.139291 0.936808
vn -0.7784 0.1569 0.6078
vn -0.7560 -0.0215 0.6542
vn -0.7234 0.0235 0.6900
vn -0.7909 0.1155 0.6010
vn -0.8171 -0.0862 0.5701
vn -0.8655 0.2683 0.4230
vn -0.8446 0.0941 0.5271
vn -0.8760 -0.0980 0.4723
vn -0.8897 0.0588 0.4527
vn -0.9134 -0.0862 0.3979
vn -0.9013 0.0725 0.4271
vn -0.9441 -0.0646 0.3232
vn -0.9142 0.0685 0.3994
vn -0.9743 -0.0039 0.2254
vn -0.9328 0.1372 0.3332
vn -0.9820 0.0921 0.1647
vn -0.9439 0.1978 0.2644
vn -0.9745 0.1726 0.1431
vn -0.9348 0.2371 0.2645
vn -0.9588 0.2509 0.1333
vn -0.9302 0.2644 0.2546
vn -0.9317 0.3394 0.1295
vn -0.9020 0.3471 0.2569
vn -0.8787 0.4119 0.2413
vn -0.8469 0.4470 0.2882
vn -0.8389 0.4489 0.3077
vn 0.8170 -0.0862 0.5701
vn 0.7909 0.1155 0.6010
vn 0.7560 -0.0215 0.6542
vn 0.7784 0.1569 0.6078
vn 0.7234 0.0235 0.6900
vn 0.8655 0.2683 0.4230
vn 0.8446 0.0941 0.5271
vn 0.8760 -0.0980 0.4723
vn 0.8897 0.0588 0.4527
vn 0.9134 -0.0862 0.3979
vn 0.9013 0.0725 0.4271
vn 0.9441 -0.0646 0.3232
vn 0.9142 0.0685 0.3994
vn 0.9743 -0.0039 0.2254
vn 0.9328 0.1372 0.3332
vn 0.9820 0.0921 0.1647
vn 0.9439 0.1978 0.2644
vn 0.9745 0.1726 0.1431
vn 0.9348 0.2371 0.2645
vn 0.9588 0.2509 0.1333
vn 0.9302 0.2644 0.2546
vn 0.9317 0.3394 0.1295
vn 0.9020 0.3471 0.2569
vn 0.8787 0.4119 0.2413
vn 0.8469 0.4470 0.2882
vn 0.8389 0.4489 0.3077
vt -0.781738 0.696777
vt -0.940918 0.571533
vt -0.944336 0.696777
vt -0.781250 0.613037
vt -0.902832 0.450195
vt -0.513672 0.696777
vt -0.746094 0.536133
vt -0.815430 0.324707
vt -0.700684 0.456055
vt -0.717773 0.228516
vt -0.640625 0.404297
vt -0.608887 0.179688
vt -0.573730 0.367188
vt -0.500000 0.164062
vt -0.505859 0.364258
vt -0.387695 0.188965
vt -0.433350 0.373047
vt -0.285889 0.242676
vt -0.372314 0.413574
vt -0.197632 0.333008
vt -0.314209 0.464844
vt -0.127686 0.443848
vt -0.276855 0.538330
vt -0.244751 0.696777
vt -0.090393 0.573975
vt -0.080383 0.696777
vt 0.097229 0.450195
vt 0.218750 0.613037
vt 0.058960 0.571533
vt 0.218506 0.696777
vt 0.055786 0.696777
vt 0.486328 0.696777
vt 0.253906 0.536133
vt 0.184448 0.324707
vt 0.299072 0.456055
vt 0.282227 0.228516
vt 0.359375 0.404297
vt 0.390869 0.179688
vt 0.426514 0.367188
vt 0.500000 0.164062
vt 0.494385 0.364258
vt 0.612305 0.188965
vt 0.566406 0.373047
vt 0.714355 0.242676
vt 0.627441 0.413574
vt 0.802246 0.333008
vt 0.686035 0.464844
vt 0.872559 0.443848
vt 0.723145 0.538330
vt 0.755371 0.696777
vt 0.909668 0.573975
vt 0.919434 0.696777
s 1
usemtl enm_motora_eye
f 3570/2879/2442 3569/2880/2443 3568/2881/2444
f 3571/2882/2445 3569/2880/2443 3570/2879/2442
f 3571/2882/2445 3572/2883/2446 3569/2880/2443
f 3592/2884/2447 3571/2882/2445 3570/2879/2442
f 3574/2885/2448 3572/2883/2446 3571/2882/2445
f 3574/2885/2448 3571/2882/2445 3592/2884/2447
f 3574/2885/2448 3573/2886/2449 3572/2883/2446
f 3575/2887/2450 3573/2886/2449 3574/2885/2448
f 3592/2884/2447 3575/2887/2450 3574/2885/2448
f 3575/2887/2450 3576/2888/2451 3573/2886/2449
f 3578/2889/2452 3576/2888/2451 3575/2887/2450
f 3578/2889/2452 3575/2887/2450 3592/2884/2447
f 3578/2889/2452 3577/2890/2453 3576/2888/2451
f 3579/2891/2454 3577/2890/2453 3578/2889/2452
f 3592/2884/2447 3579/2891/2454 3578/2889/2452
f 3579/2891/2454 3580/2892/2455 3577/2890/2453
f 3582/2893/2456 3580/2892/2455 3579/2891/2454
f 3582/2893/2456 3579/2891/2454 3592/2884/2447
f 3582/2893/2456 3581/2894/2457 3580/2892/2455
f 3583/2895/2458 3581/2894/2457 3582/2893/2456
f 3592/2884/2447 3583/2895/2458 3582/2893/2456
f 3583/2895/2458 3584/2896/2459 3581/2894/2457
f 3586/2897/2460 3584/2896/2459 3583/2895/2458
f 3586/2897/2460 3583/2895/2458 3592/2884/2447
f 3586/2897/2460 3585/2898/2461 3584/2896/2459
f 3587/2899/2462 3585/2898/2461 3586/2897/2460
f 3592/2884/2447 3587/2899/2462 3586/2897/2460
f 3587/2899/2462 3593/2900/2463 3585/2898/2461
f 3590/2901/2464 3587/2899/2462 3592/2884/2447
f 3590/2901/2464 3593/2900/2463 3587/2899/2462
f 3592/2884/2447 3591/2902/2465 3590/2901/2464
f 3588/2903/2466 3593/2900/2463 3590/2901/2464
f 3591/2902/2465 3589/2904/2467 3590/2901/2464
f 3590/2901/2464 3589/2904/2467 3588/2903/2466
f 3545/2905/2468 3544/2906/2469 3543/2907/2470
f 3543/2907/2470 3566/2908/2471 3594/2909/2472
f 3544/2906/2469 3566/2908/2471 3543/2907/2470
f 3544/2906/2469 3567/2910/2473 3566/2908/2471
f 3546/2911/2474 3544/2906/2469 3545/2905/2468
f 3546/2911/2474 3567/2910/2473 3544/2906/2469
f 3547/2912/2475 3546/2911/2474 3545/2905/2468
f 3548/2913/2476 3546/2911/2474 3547/2912/2475
f 3548/2913/2476 3567/2910/2473 3546/2911/2474
f 3549/2914/2477 3548/2913/2476 3547/2912/2475
f 3550/2915/2478 3548/2913/2476 3549/2914/2477
f 3550/2915/2478 3567/2910/2473 3548/2913/2476
f 3551/2916/2479 3550/2915/2478 3549/2914/2477
f 3552/2917/2480 3550/2915/2478 3551/2916/2479
f 3552/2917/2480 3567/2910/2473 3550/2915/2478
f 3553/2918/2481 3552/2917/2480 3551/2916/2479
f 3554/2919/2482 3552/2917/2480 3553/2918/2481
f 3554/2919/2482 3567/2910/2473 3552/2917/2480
f 3555/2920/2483 3554/2919/2482 3553/2918/2481
f 3556/2921/2484 3554/2919/2482 3555/2920/2483
f 3556/2921/2484 3567/2910/2473 3554/2919/2482
f 3557/2922/2485 3556/2921/2484 3555/2920/2483
f 3558/2923/2486 3556/2921/2484 3557/2922/2485
f 3558/2923/2486 3567/2910/2473 3556/2921/2484
f 3559/2924/2487 3558/2923/2486 3557/2922/2485
f 3560/2925/2488 3558/2923/2486 3559/2924/2487
f 3560/2925/2488 3567/2910/2473 3558/2923/2486
f 3561/2926/2489 3560/2925/2488 3559/2924/2487
f 3562/2927/2490 3567/2910/2473 3560/2925/2488
f 3562/2927/2490 3560/2925/2488 3561/2926/2489
f 3565/2928/2491 3567/2910/2473 3562/2927/2490
f 3561/2926/2489 3563/2929/2492 3562/2927/2490
f 3565/2928/2491 3562/2927/2490 3564/2930/2493
f 3564/2930/2493 3562/2927/2490 3563/2929/2492
