<?xml version="1.0" encoding="utf-8"?>
<COLLADA xmlns="http://www.collada.org/2005/11/COLLADASchema" version="1.4.1" xmlns:xsi="http://www.w3.org/2001/XMLSchema-instance">
  <asset>
    <contributor>
      <author>Blender User</author>
      <authoring_tool>Blender 3.6.5 commit date:2023-10-16, commit time:14:30, hash:cf1e1ed46b7e</authoring_tool>
    </contributor>
    <created>2023-11-27T21:12:02</created>
    <modified>2023-11-27T21:12:02</modified>
    <unit name="meter" meter="1"/>
    <up_axis>Z_UP</up_axis>
  </asset>
  <library_effects>
    <effect id="enm_motora_eye-effect">
      <profile_COMMON>
        <newparam sid="enm_motora_eye_abd_PNG-surface">
          <surface type="2D">
            <init_from>enm_motora_eye_abd_PNG</init_from>
          </surface>
        </newparam>
        <newparam sid="enm_motora_eye_abd_PNG-sampler">
          <sampler2D>
            <source>enm_motora_eye_abd_PNG-surface</source>
          </sampler2D>
        </newparam>
        <technique sid="common">
          <lambert>
            <emission>
              <color sid="emission">0 0 0 1</color>
            </emission>
            <diffuse>
              <texture texture="enm_motora_eye_abd_PNG-sampler" texcoord="Float2"/>
            </diffuse>
            <index_of_refraction>
              <float sid="ior">1.45</float>
            </index_of_refraction>
          </lambert>
        </technique>
      </profile_COMMON>
    </effect>
    <effect id="enm_motora_body-effect">
      <profile_COMMON>
        <technique sid="common">
          <lambert>
            <emission>
              <color sid="emission">0 0 0 1</color>
            </emission>
            <diffuse>
              <color sid="diffuse">0.8 0.8 0.8 1</color>
            </diffuse>
            <index_of_refraction>
              <float sid="ior">1.45</float>
            </index_of_refraction>
          </lambert>
        </technique>
      </profile_COMMON>
    </effect>
  </library_effects>
  <library_images>
    <image id="enm_motora_eye_abd_PNG" name="enm_motora_eye_abd_PNG">
      <init_from>enm_motora_eye_abd.PNG</init_from>
    </image>
  </library_images>
  <library_materials>
    <material id="enm_motora_eye-material" name="enm_motora_eye">
      <instance_effect url="#enm_motora_eye-effect"/>
    </material>
    <material id="enm_motora_body-material" name="enm_motora_body">
      <instance_effect url="#enm_motora_body-effect"/>
    </material>
  </library_materials>
  <library_geometries>
    <geometry id="Mesh_001-mesh" name="Mesh.001">
      <mesh>
        <source id="Mesh_001-mesh-positions">
          <float_array id="Mesh_001-mesh-positions-array" count="156">0.334204 1.112995 0.9127784 0.3555023 1.162622 0.8904622 0.3564066 1.095347 0.8820587 0.3716706 1.154391 0.8697206 0.3774123 1.08757 0.8468017 0.3845571 1.147313 0.8467735 0.3961057 1.09026 0.8095526 0.3949058 1.150243 0.823334 0.4111714 1.103219 0.7728047 0.4061678 1.157638 0.7993772 0.421542 1.125559 0.7390419 0.4127379 1.173187 0.7803027 0.4264416 1.155741 0.7105398 0.4151465 1.191008 0.7599599 0.4256389 1.191737 0.6892991 0.4122766 1.213378 0.7473878 0.4190562 1.231067 0.6766992 0.4089357 1.23839 0.7379094 0.4071093 1.271073 0.6735801 0.4007501 1.263402 0.7376202 0.390185 1.307627 0.6787224 0.3704006 1.338738 0.6948919 0.3770859 1.307454 0.7510444 0.3415105 1.181024 0.9026473 0.3675729 1.243636 0.8320125 -0.3121397 1.139291 0.9368076 -0.3342044 1.112995 0.9127784 -0.3415108 1.181024 0.9026473 -0.3555026 1.162622 0.8904622 -0.356407 1.095347 0.8820587 -0.3774126 1.08757 0.8468017 -0.371671 1.154391 0.8697206 -0.3845574 1.147313 0.8467735 -0.396106 1.09026 0.8095526 -0.4111717 1.103219 0.7728047 -0.3949061 1.150243 0.823334 -0.4061681 1.157638 0.7993772 -0.4215422 1.125559 0.7390419 -0.4264419 1.155741 0.7105398 -0.4127382 1.173187 0.7803028 -0.4151468 1.191008 0.7599599 -0.4256392 1.191737 0.6892991 -0.4190565 1.231067 0.6766992 -0.4122769 1.213378 0.7473878 -0.408936 1.23839 0.7379094 -0.3901854 1.307627 0.6787224 -0.370401 1.338738 0.6948919 -0.4007503 1.263402 0.7376202 -0.3770862 1.307454 0.7510444 -0.3675732 1.243636 0.8320125 -0.4071096 1.271073 0.6735801 0.3121394 1.139291 0.9368076</float_array>
          <technique_common>
            <accessor source="#Mesh_001-mesh-positions-array" count="52" stride="3">
              <param name="X" type="float"/>
              <param name="Y" type="float"/>
              <param name="Z" type="float"/>
            </accessor>
          </technique_common>
        </source>
        <source id="Mesh_001-mesh-normals">
          <float_array id="Mesh_001-mesh-normals-array" count="156">-0.7784252 0.1568683 0.6078211 -0.7560231 -0.02154546 0.6541903 -0.7233824 0.02352607 0.6900467 -0.7908697 0.1154973 0.6009873 -0.8170549 -0.0861569 0.5700864 -0.8655021 0.2683231 0.4229763 -0.8445708 0.09406471 0.5271167 -0.8759704 -0.09800165 0.4723046 -0.8897204 0.05880302 0.4527028 -0.9133779 -0.0862286 0.3978762 -0.9012855 0.07248127 0.4271194 -0.944122 -0.06463956 0.3231955 -0.914228 0.06852155 0.3993642 -0.9742515 -0.00392121 0.2254301 -0.9328411 0.1371744 0.3331528 -0.9820408 0.09211242 0.164655 -0.9439235 0.1977975 0.2643571 -0.9745455 0.172555 0.1431283 -0.9347661 0.2371264 0.2645441 -0.9587838 0.2509231 0.1333097 -0.930217 0.2643699 0.254568 -0.9317086 0.3393512 0.1294604 -0.9019754 0.3470584 0.256887 -0.8787094 0.4119043 0.2412565 -0.8468662 0.4469623 0.2881709 -0.8389275 0.4488784 0.307748 0.8170045 -0.08621293 0.57015 0.7908694 0.1154972 0.6009875 0.7560235 -0.02154505 0.65419 0.7784254 0.1568686 0.607821 0.7233835 0.02352207 0.6900458 0.865502 0.2683231 0.4229764 0.8445699 0.09406518 0.5271182 0.8759704 -0.09800136 0.4723047 0.8897204 0.05880337 0.4527029 0.9133781 -0.0862289 0.3978757 0.9012851 0.07248026 0.4271205 0.944122 -0.06463938 0.3231957 0.9142289 0.06852233 0.3993625 0.9742515 -0.003920614 0.2254301 0.932841 0.1371745 0.333153 0.9820409 0.09211158 0.1646548 0.9439232 0.1977974 0.2643581 0.9745457 0.1725549 0.143128 0.934766 0.2371261 0.2645444 0.9587836 0.2509233 0.1333097 0.930217 0.2643698 0.254568 0.9317079 0.3393527 0.129461 0.9019756 0.3470584 0.2568863 0.8787097 0.4119038 0.2412564 0.8468661 0.4469625 0.2881706 0.8389279 0.4488778 0.307748</float_array>
          <technique_common>
            <accessor source="#Mesh_001-mesh-normals-array" count="52" stride="3">
              <param name="X" type="float"/>
              <param name="Y" type="float"/>
              <param name="Z" type="float"/>
            </accessor>
          </technique_common>
        </source>
        <source id="Mesh_001-mesh-map-0">
          <float_array id="Mesh_001-mesh-map-0-array" count="408">-0.7817383 0.6967774 -0.940918 0.5715332 -0.9443359 0.6967774 -0.78125 0.6130371 -0.940918 0.5715332 -0.7817383 0.6967774 -0.78125 0.6130371 -0.902832 0.4501953 -0.940918 0.5715332 -0.5136719 0.6967774 -0.78125 0.6130371 -0.7817383 0.6967774 -0.7460938 0.5361328 -0.902832 0.4501953 -0.78125 0.6130371 -0.7460938 0.5361328 -0.78125 0.6130371 -0.5136719 0.6967774 -0.7460938 0.5361328 -0.8154297 0.324707 -0.902832 0.4501953 -0.7006836 0.4560547 -0.8154297 0.324707 -0.7460938 0.5361328 -0.5136719 0.6967774 -0.7006836 0.4560547 -0.7460938 0.5361328 -0.7006836 0.4560547 -0.7177734 0.2285156 -0.8154297 0.324707 -0.640625 0.4042969 -0.7177734 0.2285156 -0.7006836 0.4560547 -0.640625 0.4042969 -0.7006836 0.4560547 -0.5136719 0.6967774 -0.640625 0.4042969 -0.6088867 0.1796875 -0.7177734 0.2285156 -0.5737305 0.3671875 -0.6088867 0.1796875 -0.640625 0.4042969 -0.5136719 0.6967774 -0.5737305 0.3671875 -0.640625 0.4042969 -0.5737305 0.3671875 -0.5 0.1640625 -0.6088867 0.1796875 -0.5058594 0.3642578 -0.5 0.1640625 -0.5737305 0.3671875 -0.5058594 0.3642578 -0.5737305 0.3671875 -0.5136719 0.6967774 -0.5058594 0.3642578 -0.3876953 0.1889648 -0.5 0.1640625 -0.4333496 0.3730469 -0.3876953 0.1889648 -0.5058594 0.3642578 -0.5136719 0.6967774 -0.4333496 0.3730469 -0.5058594 0.3642578 -0.4333496 0.3730469 -0.2858887 0.2426757 -0.3876953 0.1889648 -0.3723145 0.4135742 -0.2858887 0.2426757 -0.4333496 0.3730469 -0.3723145 0.4135742 -0.4333496 0.3730469 -0.5136719 0.6967774 -0.3723145 0.4135742 -0.1976318 0.3330078 -0.2858887 0.2426757 -0.314209 0.4648438 -0.1976318 0.3330078 -0.3723145 0.4135742 -0.5136719 0.6967774 -0.314209 0.4648438 -0.3723145 0.4135742 -0.314209 0.4648438 -0.1276855 0.4438477 -0.1976318 0.3330078 -0.2768555 0.5383301 -0.314209 0.4648438 -0.5136719 0.6967774 -0.2768555 0.5383301 -0.1276855 0.4438477 -0.314209 0.4648438 -0.5136719 0.6967774 -0.2447509 0.6967774 -0.2768555 0.5383301 -0.09039306 0.5739746 -0.1276855 0.4438477 -0.2768555 0.5383301 -0.2447509 0.6967774 -0.0803833 0.6967774 -0.2768555 0.5383301 -0.2768555 0.5383301 -0.0803833 0.6967774 -0.09039306 0.5739746 0.097229 0.4501953 0.21875 0.6130371 0.05895996 0.5715332 0.05895996 0.5715332 0.2185058 0.6967774 0.05578613 0.6967774 0.21875 0.6130371 0.2185058 0.6967774 0.05895996 0.5715332 0.21875 0.6130371 0.4863281 0.6967774 0.2185058 0.6967774 0.2539063 0.5361328 0.21875 0.6130371 0.097229 0.4501953 0.2539063 0.5361328 0.4863281 0.6967774 0.21875 0.6130371 0.1844482 0.324707 0.2539063 0.5361328 0.097229 0.4501953 0.2990723 0.4560547 0.2539063 0.5361328 0.1844482 0.324707 0.2990723 0.4560547 0.4863281 0.6967774 0.2539063 0.5361328 0.2822266 0.2285156 0.2990723 0.4560547 0.1844482 0.324707 0.359375 0.4042969 0.2990723 0.4560547 0.2822266 0.2285156 0.359375 0.4042969 0.4863281 0.6967774 0.2990723 0.4560547 0.3908692 0.1796875 0.359375 0.4042969 0.2822266 0.2285156 0.4265137 0.3671875 0.359375 0.4042969 0.3908692 0.1796875 0.4265137 0.3671875 0.4863281 0.6967774 0.359375 0.4042969 0.5 0.1640625 0.4265137 0.3671875 0.3908692 0.1796875 0.4943848 0.3642578 0.4265137 0.3671875 0.5 0.1640625 0.4943848 0.3642578 0.4863281 0.6967774 0.4265137 0.3671875 0.6123047 0.1889648 0.4943848 0.3642578 0.5 0.1640625 0.5664063 0.3730469 0.4943848 0.3642578 0.6123047 0.1889648 0.5664063 0.3730469 0.4863281 0.6967774 0.4943848 0.3642578 0.7143555 0.2426757 0.5664063 0.3730469 0.6123047 0.1889648 0.6274414 0.4135742 0.5664063 0.3730469 0.7143555 0.2426757 0.6274414 0.4135742 0.4863281 0.6967774 0.5664063 0.3730469 0.8022461 0.3330078 0.6274414 0.4135742 0.7143555 0.2426757 0.6860352 0.4648438 0.6274414 0.4135742 0.8022461 0.3330078 0.6860352 0.4648438 0.4863281 0.6967774 0.6274414 0.4135742 0.8725586 0.4438477 0.6860352 0.4648438 0.8022461 0.3330078 0.7231445 0.5383301 0.4863281 0.6967774 0.6860352 0.4648438 0.7231445 0.5383301 0.6860352 0.4648438 0.8725586 0.4438477 0.7553711 0.6967774 0.4863281 0.6967774 0.7231445 0.5383301 0.8725586 0.4438477 0.909668 0.5739746 0.7231445 0.5383301 0.7553711 0.6967774 0.7231445 0.5383301 0.9194336 0.6967774 0.9194336 0.6967774 0.7231445 0.5383301 0.909668 0.5739746</float_array>
          <technique_common>
            <accessor source="#Mesh_001-mesh-map-0-array" count="204" stride="2">
              <param name="S" type="float"/>
              <param name="T" type="float"/>
            </accessor>
          </technique_common>
        </source>
        <source id="Mesh_001-mesh-colors-Color" name="Color">
          <float_array id="Mesh_001-mesh-colors-Color-array" count="816">1 1 1 1 1 1 1 1 1 1 1 1 1 1 1 1 1 1 1 1 1 1 1 1 1 1 1 1 1 1 1 1 1 1 1 1 1 1 1 1 1 1 1 1 1 1 1 1 1 1 1 1 1 1 1 1 1 1 1 1 1 1 1 1 1 1 1 1 1 1 1 1 1 1 1 1 1 1 1 1 1 1 1 1 1 1 1 1 1 1 1 1 1 1 1 1 1 1 1 1 1 1 1 1 1 1 1 1 1 1 1 1 1 1 1 1 1 1 1 1 1 1 1 1 1 1 1 1 1 1 1 1 1 1 1 1 1 1 1 1 1 1 1 1 1 1 1 1 1 1 1 1 1 1 1 1 1 1 1 1 1 1 1 1 1 1 1 1 1 1 1 1 1 1 1 1 1 1 1 1 1 1 1 1 1 1 1 1 1 1 1 1 1 1 1 1 1 1 1 1 1 1 1 1 1 1 1 1 1 1 1 1 1 1 1 1 1 1 1 1 1 1 1 1 1 1 1 1 1 1 1 1 1 1 1 1 1 1 1 1 1 1 1 1 1 1 1 1 1 1 1 1 1 1 1 1 1 1 1 1 1 1 1 1 1 1 1 1 1 1 1 1 1 1 1 1 1 1 1 1 1 1 1 1 1 1 1 1 1 1 1 1 1 1 1 1 1 1 1 1 1 1 1 1 1 1 1 1 1 1 1 1 1 1 1 1 1 1 1 1 1 1 1 1 1 1 1 1 1 1 1 1 1 1 1 1 1 1 1 1 1 1 1 1 1 1 1 1 1 1 1 1 1 1 1 1 1 1 1 1 1 1 1 1 1 1 1 1 1 1 1 1 1 1 1 1 1 1 1 1 1 1 1 1 1 1 1 1 1 1 1 1 1 1 1 1 1 1 1 1 1 1 1 1 1 1 1 1 1 1 1 1 1 1 1 1 1 1 1 1 1 1 1 1 1 1 1 1 1 1 1 1 1 1 1 1 1 1 1 1 1 1 1 1 1 1 1 1 1 1 1 1 1 1 1 1 1 1 1 1 1 1 1 1 1 1 1 1 1 1 1 1 1 1 1 1 1 1 1 1 1 1 1 1 1 1 1 1 1 1 1 1 1 1 1 1 1 1 1 1 1 1 1 1 1 1 1 1 1 1 1 1 1 1 1 1 1 1 1 1 1 1 1 1 1 1 1 1 1 1 1 1 1 1 1 1 1 1 1 1 1 1 1 1 1 1 1 1 1 1 1 1 1 1 1 1 1 1 1 1 1 1 1 1 1 1 1 1 1 1 1 1 1 1 1 1 1 1 1 1 1 1 1 1 1 1 1 1 1 1 1 1 1 1 1 1 1 1 1 1 1 1 1 1 1 1 1 1 1 1 1 1 1 1 1 1 1 1 1 1 1 1 1 1 1 1 1 1 1 1 1 1 1 1 1 1 1 1 1 1 1 1 1 1 1 1 1 1 1 1 1 1 1 1 1 1 1 1 1 1 1 1 1 1 1 1 1 1 1 1 1 1 1 1 1 1 1 1 1 1 1 1 1 1 1 1 1 1 1 1 1 1 1 1 1 1 1 1 1 1 1 1 1 1 1 1 1 1 1 1 1 1 1 1 1 1 1 1 1 1 1 1 1 1 1 1 1 1 1 1 1 1 1 1 1 1 1 1 1 1 1 1 1 1 1 1 1 1 1 1 1 1 1 1 1 1 1 1 1 1 1 1 1 1 1 1 1 1 1 1 1 1 1 1 1 1 1 1 1 1 1 1 1 1 1 1 1 1 1 1 1 1 1 1 1 1 1 1 1 1 1 1 1 1 1 1 1 1 1 1 1 1 1 1 1 1</float_array>
          <technique_common>
            <accessor source="#Mesh_001-mesh-colors-Color-array" count="204" stride="4">
              <param name="R" type="float"/>
              <param name="G" type="float"/>
              <param name="B" type="float"/>
              <param name="A" type="float"/>
            </accessor>
          </technique_common>
        </source>
        <vertices id="Mesh_001-mesh-vertices">
          <input semantic="POSITION" source="#Mesh_001-mesh-positions"/>
        </vertices>
        <triangles material="enm_motora_eye-material" count="68">
          <input semantic="VERTEX" source="#Mesh_001-mesh-vertices" offset="0"/>
          <input semantic="NORMAL" source="#Mesh_001-mesh-normals" offset="1"/>
          <input semantic="TEXCOORD" source="#Mesh_001-mesh-map-0" offset="2" set="0"/>
          <input semantic="COLOR" source="#Mesh_001-mesh-colors-Color" offset="3" set="0"/>
          <p>27 0 0 0 26 1 1 1 25 2 2 2 28 3 3 3 26 1 4 4 27 0 5 5 28 3 6 6 29 4 7 7 26 1 8 8 49 5 9 9 28 3 10 10 27 0 11 11 31 6 12 12 29 4 13 13 28 3 14 14 31 6 15 15 28 3 16 16 49 5 17 17 31 6 18 18 30 7 19 19 29 4 20 20 32 8 21 21 30 7 22 22 31 6 23 23 49 5 24 24 32 8 25 25 31 6 26 26 32 8 27 27 33 9 28 28 30 7 29 29 35 10 30 30 33 9 31 31 32 8 32 32 35 10 33 33 32 8 34 34 49 5 35 35 35 10 36 36 34 11 37 37 33 9 38 38 36 12 39 39 34 11 40 40 35 10 41 41 49 5 42 42 36 12 43 43 35 10 44 44 36 12 45 45 37 13 46 46 34 11 47 47 39 14 48 48 37 13 49 49 36 12 50 50 39 14 51 51 36 12 52 52 49 5 53 53 39 14 54 54 38 15 55 55 37 13 56 56 40 16 57 57 38 15 58 58 39 14 59 59 49 5 60 60 40 16 61 61 39 14 62 62 40 16 63 63 41 17 64 64 38 15 65 65 43 18 66 66 41 17 67 67 40 16 68 68 43 18 69 69 40 16 70 70 49 5 71 71 43 18 72 72 42 19 73 73 41 17 74 74 44 20 75 75 42 19 76 76 43 18 77 77 49 5 78 78 44 20 79 79 43 18 80 80 44 20 81 81 50 21 82 82 42 19 83 83 47 22 84 84 44 20 85 85 49 5 86 86 47 22 87 87 50 21 88 88 44 20 89 89 49 5 90 90 48 23 91 91 47 22 92 92 45 24 93 93 50 21 94 94 47 22 95 95 48 23 96 96 46 25 97 97 47 22 98 98 47 22 99 99 46 25 100 100 45 24 101 101 2 26 102 102 1 27 103 103 0 28 104 104 0 28 105 105 23 29 106 106 51 30 107 107 1 27 108 108 23 29 109 109 0 28 110 110 1 27 111 111 24 31 112 112 23 29 113 113 3 32 114 114 1 27 115 115 2 26 116 116 3 32 117 117 24 31 118 118 1 27 119 119 4 33 120 120 3 32 121 121 2 26 122 122 5 34 123 123 3 32 124 124 4 33 125 125 5 34 126 126 24 31 127 127 3 32 128 128 6 35 129 129 5 34 130 130 4 33 131 131 7 36 132 132 5 34 133 133 6 35 134 134 7 36 135 135 24 31 136 136 5 34 137 137 8 37 138 138 7 36 139 139 6 35 140 140 9 38 141 141 7 36 142 142 8 37 143 143 9 38 144 144 24 31 145 145 7 36 146 146 10 39 147 147 9 38 148 148 8 37 149 149 11 40 150 150 9 38 151 151 10 39 152 152 11 40 153 153 24 31 154 154 9 38 155 155 12 41 156 156 11 40 157 157 10 39 158 158 13 42 159 159 11 40 160 160 12 41 161 161 13 42 162 162 24 31 163 163 11 40 164 164 14 43 165 165 13 42 166 166 12 41 167 167 15 44 168 168 13 42 169 169 14 43 170 170 15 44 171 171 24 31 172 172 13 42 173 173 16 45 174 174 15 44 175 175 14 43 176 176 17 46 177 177 15 44 178 178 16 45 179 179 17 46 180 180 24 31 181 181 15 44 182 182 18 47 183 183 17 46 184 184 16 45 185 185 19 48 186 186 24 31 187 187 17 46 188 188 19 48 189 189 17 46 190 190 18 47 191 191 22 49 192 192 24 31 193 193 19 48 194 194 18 47 195 195 20 50 196 196 19 48 197 197 22 49 198 198 19 48 199 199 21 51 200 200 21 51 201 201 19 48 202 202 20 50 203 203</p>
        </triangles>
      </mesh>
    </geometry>
    <geometry id="Mesh-mesh" name="Mesh">
      <mesh>
        <source id="Mesh-mesh-positions">
          <float_array id="Mesh-mesh-positions-array" count="10626">0.1659982 1.592414 1.184775 0.2002786 1.592208 1.1848 0.1831092 1.587772 1.190679 0.2188225 1.742461 0.8886131 0.1494766 1.742877 0.8885622 0.1841939 1.748652 0.8673978 0.1334117 1.729696 0.9299352 0.2346957 1.729088 0.9300099 0.2283757 1.559196 1.135481 0.1375577 1.559741 1.135414 0.2185235 1.540318 1.164681 0.1471623 1.540746 1.164629 0.2033679 1.525709 1.186406 0.1621264 1.525956 1.186376 0.1171896 1.669597 0.8863248 0.2502482 1.668799 0.8864226 0.1284692 1.680916 0.8482419 0.2391352 1.680252 0.8483231 0.1515968 1.688525 0.8194226 0.2161236 1.688138 0.8194701 0.1375577 1.559741 1.135414 0.1232708 1.628077 0.9869248 0.1505711 1.6152 1.155305 0.1379353 1.691625 1.020974 0.2296462 1.691075 1.021041 0.2159978 1.614807 1.155353 0.1379353 1.691625 1.020974 0.1505711 1.6152 1.155305 0.1232708 1.628077 0.9869248 0.2435922 1.627356 0.9870133 0.2502482 1.668799 0.8864226 0.2435922 1.627356 0.9870133 0.2346957 1.729088 0.9300099 0.2296462 1.691075 1.021041 0.2185235 1.540318 1.164681 0.2159978 1.614807 1.155353 0.2283757 1.559196 1.135481 0.2033679 1.525709 1.186406 0.2002786 1.592208 1.1848 0.1827152 1.520933 1.193637 0.1831092 1.587772 1.190679 0.1621264 1.525956 1.186376 0.1471623 1.540746 1.164629 0.1659982 1.592414 1.184775 0.1284692 1.680916 0.8482419 0.1494766 1.742877 0.8885622 0.1171896 1.669597 0.8863248 0.1334117 1.729696 0.9299352 0.1515968 1.688525 0.8194226 0.1838734 1.689849 0.8094741 0.1841939 1.748652 0.8673978 0.2161236 1.688138 0.8194701 0.2188225 1.742461 0.8886131 0.2391352 1.680252 0.8483231 0.1838734 1.689849 0.8094741 0.1827152 1.520933 1.193637 0.1831092 1.587772 1.190679 0.1827152 1.520933 1.193637 0.1835997 1.65356 0.949976 0.1833602 1.610599 0.9201393 0.1425147 1.659693 0.9314238 0.1514016 1.615956 0.9059075 0.1239102 1.672232 0.8923079 0.1369355 1.626949 0.8759012 0.1426945 1.684547 0.8532197 0.1515557 1.637766 0.8459165 0.1838647 1.690187 0.8347279 0.1835872 1.64274 0.8317316 0.2249497 1.684054 0.8532801 0.2155457 1.637383 0.8459635 0.2435541 1.671514 0.8923959 0.2300119 1.62639 0.8759695 0.2247698 1.6592 0.9314842 0.2153917 1.615572 0.9059543 0.1835997 1.65356 0.949976 0.1833602 1.610599 0.9201393 0.1612265 1.618893 0.8494733 0.1510766 1.611383 0.8702898 0.1834639 1.622346 0.8396257 0.2055438 1.603485 0.891154 0.2156938 1.610996 0.8703373 0.1833063 1.600032 0.9010016 0.1833063 1.600032 0.9010016 0.1611195 1.603752 0.8911213 0.2056508 1.618627 0.849506 0.2055438 1.603485 0.891154 0.1835806 1.645362 0.8827235 0.1833063 1.600032 0.9010016 0.1611195 1.603752 0.8911213 0.1510766 1.611383 0.8702898 0.1612265 1.618893 0.8494733 0.1834639 1.622346 0.8396257 0.2056508 1.618627 0.849506 0.2156938 1.610996 0.8703373 0.183493 1.63003 0.8768145 0.1653372 1.626353 0.8561184 0.1834978 1.628813 0.8490672 0.1577785 1.620197 0.8731686 0.1652496 1.613952 0.89023 0.183374 1.611274 0.8973081 0.2015346 1.613734 0.8902567 0.2090933 1.61989 0.8732063 0.2016222 1.626135 0.8561452 0.147013 1.596151 0.8644048 0.1577026 1.604856 0.8402919 0.1575788 1.587318 0.8885331 0.1832104 1.583531 0.8985427 0.2088935 1.58701 0.8885707 0.2195831 1.595715 0.864458 0.2090174 1.604548 0.8403298 0.1650614 1.578132 0.8386062 0.1832221 1.580591 0.8315547 0.1577026 1.604856 0.8402919 0.1833856 1.608335 0.8303199 0.1575028 1.571976 0.8556563 0.147013 1.596151 0.8644048 0.1649739 1.56573 0.8727176 0.1575788 1.587318 0.8885331 0.1830983 1.563053 0.8797957 0.1832104 1.583531 0.8985427 0.2012589 1.565513 0.8727443 0.2088935 1.58701 0.8885707 0.2088176 1.571668 0.8556941 0.2195831 1.595715 0.864458 0.2013465 1.577914 0.8386328 0.2090174 1.604548 0.8403298 0.1831031 1.561835 0.8520483 0.2090174 1.604548 0.8403298 0.1833856 1.608335 0.8303199 0.1577026 1.604856 0.8402919 0.6849873 0.9669491 -0.5566868 0.7207607 1.052594 -0.4188393 0.7135127 1.111387 -0.5125272 0.6320777 1.088335 -0.6878831 0.670857 1.010283 -0.6088401 0.6875773 1.222578 -0.5965796 0.5735955 1.168436 -0.7801512 0.6278158 1.323473 -0.6803383 0.4773291 1.240161 -0.8626301 0.5165702 1.41063 -0.7565267 0.6682687 1.450077 -0.5086754 0.5559369 1.567555 -0.5768964 0.7323049 1.321454 -0.4371972 0.7490003 1.098265 -0.249219 0.7542472 1.187317 -0.3627121 0.7339953 1.419927 0.1081396 0.7521165 1.425136 -0.0700711 0.7473723 1.195886 0.1141892 0.7687649 1.21828 -0.04740595 0.6940987 1.588106 -0.09218114 0.6754695 1.586131 0.1089462 0.6346499 1.556096 0.305778 0.5625469 1.745459 0.1156328 0.5275305 1.7052 0.3376527 0.6973136 1.393656 0.2752583 0.7479985 1.045298 0.1122169 0.7467384 0.997134 0.1763787 0.735621 1.203243 0.2136801 0.7468605 1.00556 0.2140402 0.5786581 1.738092 -0.1120723 0.7077196 1.302791 0.2861396 0.7251588 1.272058 0.2410703 0.7666658 1.100749 -0.05634164 0.1410121 1.922862 0.3940103 0.3548637 1.839139 0.3682287 0.1285281 1.805924 0.6337077 0.3193156 1.737127 0.6015346 0.474258 1.627321 0.5530031 0.2926785 1.656436 0.7245617 0.1182075 1.718528 0.7557187 0.03008383 1.735594 0.7631564 0.03008109 1.825664 0.6433441 0.523122 1.441775 0.6151593 0.4276815 1.55712 0.6726657 0.5741121 1.498677 0.5035266 0.03005224 1.947509 0.4045476 0.3346176 1.297694 -0.923188 0.3597199 1.485229 -0.8238466 0.02610963 1.55095 -0.8838487 0.02588313 1.349816 -0.9886785 0.1529878 1.530529 -0.8690444 0.1554622 1.334656 -0.970192 0.02986049 1.760581 -0.6909893 0.1482441 1.736909 -0.6795697 0.3769553 1.67076 -0.6404699 0.3775039 1.892813 0.1265982 0.3917361 1.884067 -0.128656 0.1546086 1.981743 -0.1348462 0.1485123 1.986343 0.1401718 0.03005784 2.014158 0.1473754 0.03016489 2.009845 -0.1349472 0.6392824 1.350205 0.4547353 0.6879463 1.290667 0.3461062 0.5904121 1.303455 0.5547435 0.6765139 1.241581 0.3877327 0.6300705 1.146789 0.4990004 0.6902896 1.537369 -0.3040966 0.7499057 1.383743 -0.2550113 0.7684938 1.214817 -0.2120498 0.5775224 1.673498 -0.3500407 0.1555486 1.890266 -0.4247115 0.393753 1.802602 -0.3956787 0.03044247 1.917978 -0.4327644 0.6486082 0.9355887 -0.5514391 0.6849873 0.9669491 -0.5566868 0.6332845 0.974446 -0.5971958 0.670857 1.010283 -0.6088401 0.5936484 1.060468 -0.6777881 0.6320777 1.088335 -0.6878831 0.526605 1.137056 -0.769957 0.5735955 1.168436 -0.7801512 0.4390439 1.207762 -0.8535439 0.4773291 1.240161 -0.8626301 0.3313396 1.256513 -0.8939213 0.3346176 1.297694 -0.923188 0.1585531 1.288037 -0.9394264 0.1554622 1.334656 -0.970192 0.01429527 1.310582 -0.9596462 0.02588313 1.349816 -0.9886785 0.01429527 1.310582 -0.9596462 0.02588313 1.349816 -0.9886785 0.013381 1.522356 -0.8766961 0.02610963 1.55095 -0.8838487 0.01762294 1.731313 -0.6851052 0.02986049 1.760581 -0.6909893 0.01825076 1.889596 -0.4277896 0.03044247 1.917978 -0.4327644 0.01798868 1.98129 -0.1307227 0.03016489 2.009845 -0.1349472 0.01792317 1.98543 0.1520043 0.03005784 2.014158 0.1473754 0.01793444 1.918685 0.409831 0.03005224 1.947509 0.4045476 0.01767367 1.795686 0.6491432 0.03008109 1.825664 0.6433441 0.01577073 1.674189 0.7893118 0.03008383 1.735594 0.7631564 0.01577073 1.674189 0.7893118 0.03008383 1.735594 0.7631564 0.1033046 1.653614 0.7797988 0.1182075 1.718528 0.7557187 0.2926785 1.656436 0.7245617 0.2544298 1.58059 0.7432588 0.3578238 1.50462 0.7000222 0.4276815 1.55712 0.6726657 0.523122 1.441775 0.6151593 0.558228 1.159452 0.5460598 0.5904121 1.303455 0.5547435 0.6300705 1.146789 0.4990004 0.5832663 1.029502 0.5001529 0.6404659 1.076029 0.4756891 0.7104604 0.9608461 0.1760912 0.7467384 0.997134 0.1763787 0.716188 1.011618 0.1073591 0.7479985 1.045298 0.1122169 0.7391901 1.066487 -0.05742067 0.7666658 1.100749 -0.05634164 0.7311228 1.072062 -0.2445195 0.7490003 1.098265 -0.249219 0.7055006 1.032352 -0.408279 0.7207607 1.052594 -0.4188393 0.6486082 0.9355887 -0.5514391 0.6849873 0.9669491 -0.5566868 0.7110376 0.9746714 0.2278015 0.7468605 1.00556 0.2140402 0.7104604 0.9608461 0.1760912 0.7467384 0.997134 0.1763787 0.6150035 0.991014 0.2735257 0.5993697 1.003072 0.3822776 0.6761794 1.03172 0.326881 0.7110376 0.9746714 0.2278015 0.7962596 1.030362 0.2435195 0.7468605 1.00556 0.2140402 0.7686284 1.009721 0.2631227 0.7110376 0.9746714 0.2278015 0.7242892 1.050332 0.4368192 0.7713994 1.048786 0.4065979 0.7936024 1.046296 0.3678417 0.7995853 1.036979 0.3272616 0.826233 1.055771 0.2888638 0.8250927 1.08318 0.3736448 0.7995853 1.036979 0.3272616 0.7124653 1.086839 0.467289 0.7790947 1.089809 0.4390605 0.7242892 1.050332 0.4368192 0.7713994 1.048786 0.4065979 0.6562755 1.038697 0.4408025 0.6562755 1.038697 0.4408025 0.6404659 1.076029 0.4756891 0.7962596 1.030362 0.2435195 0.7752817 1.21274 0.2577204 0.7468605 1.00556 0.2140402 0.735621 1.203243 0.2136801 0.7124653 1.086839 0.467289 0.7313113 1.23804 0.3800804 0.7790947 1.089809 0.4390605 0.826233 1.055771 0.2888638 0.8250927 1.08318 0.3736448 0.7753028 1.226077 0.3256589 0.7528269 1.273952 0.2586952 0.7077196 1.302791 0.2861396 0.7251588 1.272058 0.2410703 0.7528521 1.285709 0.3084947 0.725565 1.290586 0.3390316 0.6879463 1.290667 0.3461062 0.6765139 1.241581 0.3877327 0.6404659 1.076029 0.4756891 0.6404659 1.076029 0.4756891 0.01577073 1.674189 0.7893118 -1.61246e-7 1.674189 0.7893116 0.01767367 1.795686 0.6491432 -1.61246e-7 1.795686 0.6491432 0.01793444 1.918685 0.409831 -1.61246e-7 1.918685 0.4098311 0.01762294 1.731313 -0.6851052 -1.61246e-7 1.731313 -0.6851052 0.013381 1.522356 -0.8766961 -1.61246e-7 1.522356 -0.8766962 0.01792317 1.98543 0.1520043 -1.61246e-7 1.98543 0.152004 0.01798868 1.98129 -0.1307227 -1.61246e-7 1.981289 -0.1307224 0.01825076 1.889596 -0.4277896 -1.61246e-7 1.889596 -0.4277899 -1.61246e-7 1.657994 0.7789055 0.5864595 1.008846 0.4956539 0.6562755 1.038697 0.4408025 0.5993697 1.003072 0.3822776 0.5128701 1.286936 0.5959258 0.4404181 1.416095 0.6558732 -1.61246e-7 1.674189 0.7893116 0.5832663 1.029502 0.5001529 0.5864595 1.008846 0.4956539 0.3175141 1.027134 0.4973863 0.3179733 1.005622 0.4942837 0.1033046 1.653614 0.7797988 0.117682 1.713093 0.609091 -1.61246e-7 1.657994 0.7789055 -1.61246e-7 1.732163 0.6226258 0.4404181 1.416095 0.6558732 0.459735 1.439556 0.4688537 0.3578238 1.50462 0.7000222 0.3154593 1.620287 0.5603443 0.2544298 1.58059 0.7432588 0.5128701 1.286936 0.5959258 0.5832663 1.029502 0.5001529 0.5613892 1.16479 0.3287347 0.558228 1.159452 0.5460598 0.117682 1.713093 0.609091 -1.61246e-7 1.562211 0.531101 -1.61246e-7 1.732163 0.6226258 0.459735 1.439556 0.4688537 0.3154593 1.620287 0.5603443 -1.61246e-7 1.316756 0.4074791 0.2298674 1.316667 0.408099 0.5613892 1.16479 0.3287347 0.2927212 1.164989 0.3293067 -1.61246e-7 1.310629 -0.9595217 0.01429527 1.310582 -0.9596462 0.5864595 1.008846 0.4956539 0.7686284 1.009721 0.2631227 0.6562755 1.038697 0.4408025 0.5864595 1.008846 0.4956539 0.6404659 1.076029 0.4756891 0.01429527 1.310582 -0.9596462 0.01429533 0.9046755 -0.9100329 0.1585531 1.288037 -0.9394264 0.1585531 0.9046755 -0.8930475 0.6332845 0.974446 -0.5971958 0.6051661 0.9273295 -0.6166883 0.6486082 0.9355887 -0.5514391 0.5936484 1.060468 -0.6777881 0.526605 1.137056 -0.769957 0.5364799 0.9186384 -0.6996111 0.4390439 1.207762 -0.8535439 0.4577027 0.9151611 -0.7659922 0.3313396 1.256513 -0.8939213 0.3260589 0.8969893 -0.8502733 -1.61246e-7 1.310629 -0.9595217 -1.61246e-7 0.9046755 -0.9099678 0.01429527 1.310582 -0.9596462 0.01429533 0.9046755 -0.9100329 0.01429533 0.9046755 -0.9100329 -1.61246e-7 0.8689489 -0.8946973 0.1585531 0.9046755 -0.8930475 0.1585531 0.8689489 -0.8798775 0.3260589 0.8969893 -0.8502733 0.3323217 0.8688148 -0.842164 -1.61246e-7 0.9046755 -0.9099678 -1.61246e-7 0.8689489 -0.8946973 0.01429533 0.9046755 -0.9100329 -1.61246e-7 0.8550226 -0.8562746 0.1585531 0.8550227 -0.8414545 0.3323217 0.8550226 -0.7943239 -1.61246e-7 0.8550226 -0.8562746 -1.61246e-7 1.005265 -0.7592366 0.1585531 0.8550227 -0.8414545 0.2218335 1.005265 -0.742316 0.3323217 0.8550226 -0.7943239 0.3179733 0.9064782 -0.7086385 0.2218335 1.277943 -0.4208056 -1.61246e-7 1.276469 -0.437662 0.3179733 1.005622 -0.1340615 -1.61246e-7 1.399837 0.06009089 0.2218335 1.39128 0.06304895 -1.61246e-7 1.316756 0.4074791 0.2298674 1.316667 0.408099 0.6051661 0.9273295 -0.6166883 0.62104 0.9077441 -0.6270153 0.6486082 0.9355887 -0.5514391 0.6689493 0.9157362 -0.5706199 0.5364799 0.9186384 -0.6996111 0.5501272 0.90052 -0.7131658 0.4577027 0.9151611 -0.7659922 0.4746223 0.8956308 -0.7839748 0.3260589 0.8969893 -0.8502733 0.3188112 0.8795454 -0.8785594 0.62104 0.9077441 -0.6270153 0.6199918 0.8464285 -0.4980059 0.6689493 0.9157362 -0.5706199 0.6823715 0.9094403 -0.435262 0.5501272 0.90052 -0.7131658 0.4746223 0.8956308 -0.7839748 0.5199241 0.8640391 -0.701277 0.3179733 0.6767008 -0.7013612 0.5301971 0.7841751 -0.6022151 0.5199241 0.8640391 -0.701277 0.7009288 0.9020264 -0.1483823 0.6453124 0.8146781 -0.2190378 0.5372709 0.6662415 -0.3766019 0.5367895 0.7182703 -0.4947745 0.3179733 0.5379164 -0.4351296 0.5372709 0.6662415 -0.3766019 0.5367895 0.7182703 -0.4947745 0.7112653 0.9578268 0.1395424 0.632375 0.8081013 0.009320437 0.5369158 0.634211 -0.2798763 0.3179733 0.4730293 -0.1990945 0.5273152 0.6062691 -0.1829297 0.5369158 0.634211 -0.2798763 0.632375 0.8081013 0.009320437 0.5702072 1.003841 0.3804017 0.7112653 0.9578268 0.1395424 0.4767172 0.6049511 -0.002481818 0.5273152 0.6062691 -0.1829297 0.3179733 0.4730293 -0.1990945 0.3179733 0.4876703 -0.01385593 0.5273152 0.6062691 -0.1829297 0.4767172 0.6049511 -0.002481818 0.411341 0.6154062 -0.06199204 0.3666257 0.5775359 -0.06042122 0.4878218 0.9463286 0.2535558 0.3666923 0.9485407 0.304375 0.5702072 1.003841 0.3804017 0.5383292 0.9818195 0.3731361 0.3179733 1.005622 0.4942837 0.3431522 0.9838916 0.4602971 0.3179733 0.4876703 -0.01385593 0.3431435 0.5278292 0.01276433 0.4767172 0.6049511 -0.002481818 0.4519592 0.6117246 0.01855158 0.5383292 0.9818195 0.3731361 0.4878218 0.9463286 0.2535558 0.3431522 0.9838916 0.4602971 0.3666923 0.9485407 0.304375 0.3431522 0.9838916 0.4602971 0.3666923 0.9485407 0.304375 0.3431435 0.5278292 0.01276433 0.3666257 0.5775359 -0.06042122 0.3431435 0.5278292 0.01276433 0.3666257 0.5775359 -0.06042122 0.4519592 0.6117246 0.01855158 0.411341 0.6154062 -0.06199204 0.4519592 0.6117246 0.01855158 0.411341 0.6154062 -0.06199204 0.5383292 0.9818195 0.3731361 0.4878218 0.9463286 0.2535558 0.3179733 1.005622 0.4942837 0.3179733 0.8096981 -0.2480205 0.3179733 1.005622 -0.1340615 0.3179733 0.4876703 -0.01385593 0.3179733 0.4730293 -0.1990945 0.3179733 0.8311166 -0.4896658 0.3179733 0.9064782 -0.7086385 0.3179733 0.4998191 -0.3284361 0.3179733 0.5379164 -0.4351296 0.3179733 0.8638425 -0.7086631 0.3188112 0.8795454 -0.8785594 0.3179733 0.6767008 -0.7013612 0.3179733 0.7751082 -0.8030601 0.3179733 0.9064782 -0.7086385 0.3188112 0.8795454 -0.8785594 0.3260589 0.8969893 -0.8502733 0.6823715 0.9094403 -0.435262 0.6622633 0.9284545 -0.435262 0.6689493 0.9157362 -0.5706199 0.6486082 0.9355887 -0.5514391 0.6808206 0.9210405 -0.1483823 0.7009288 0.9020264 -0.1483823 0.6854509 0.9759619 0.1395424 0.7112653 0.9578268 0.1395424 0.5702072 1.003841 0.3804017 0.6854509 0.9759619 0.1395424 0.7112653 0.9578268 0.1395424 0.7110376 0.9746714 0.2278015 0.6854509 0.9759619 0.1395424 0.6150035 0.991014 0.2735257 0.7391901 1.066487 -0.05742067 0.6808206 0.9210405 -0.1483823 0.716188 1.011618 0.1073591 0.7311228 1.072062 -0.2445195 0.6622633 0.9284545 -0.435262 0.7055006 1.032352 -0.408279 0.6486082 0.9355887 -0.5514391 0.6854509 0.9759619 0.1395424 0.7104604 0.9608461 0.1760912 0.716188 1.011618 0.1073591 0.7110376 0.9746714 0.2278015 0.7110376 0.9746714 0.2278015 0.2927212 1.164989 0.3293067 0.6150035 0.991014 0.2735257 0.5702072 1.003841 0.3804017 0.5993697 1.003072 0.3822776 0.5702072 1.003841 0.3804017 0.3179733 1.005622 0.4942837 0.5993697 1.003072 0.3822776 0.5864595 1.008846 0.4956539 0.2218335 1.39128 0.06304895 0.2298674 1.316667 0.408099 0.2927212 1.164989 0.3293067 0.3175141 1.027134 0.4973863 0.7936024 1.046296 0.3678417 0.5613892 1.16479 0.3287347 0.2927212 1.164989 0.3293067 0.3179733 1.005622 0.4942837 -0.6849875 0.9669491 -0.5566868 -0.713513 1.111387 -0.5125272 -0.720761 1.052594 -0.4188393 -0.632078 1.088335 -0.6878831 -0.6875776 1.222578 -0.5965796 -0.6708573 1.010283 -0.6088401 -0.5735958 1.168436 -0.7801512 -0.4773294 1.240161 -0.8626301 -0.6278161 1.323473 -0.6803383 -0.5165705 1.41063 -0.7565267 -0.668269 1.450077 -0.5086754 -0.5559372 1.567555 -0.5768964 -0.7323052 1.321454 -0.4371972 -0.7542475 1.187317 -0.3627121 -0.7490006 1.098265 -0.249219 -0.7339956 1.419927 0.1081396 -0.7473726 1.195886 0.1141892 -0.7521167 1.425136 -0.0700711 -0.7687652 1.21828 -0.04740595 -0.694099 1.588106 -0.09218114 -0.6754698 1.586131 0.1089462 -0.5625472 1.745459 0.1156328 -0.6346502 1.556096 0.305778 -0.5275308 1.7052 0.3376527 -0.6973139 1.393656 0.2752583 -0.7479988 1.045298 0.1122169 -0.7356213 1.203243 0.2136801 -0.7467387 0.9971339 0.1763787 -0.7468607 1.00556 0.2140402 -0.5786584 1.738092 -0.1120723 -0.7077199 1.302791 0.2861397 -0.7251591 1.272058 0.2410703 -0.7666661 1.100749 -0.05634164 -0.1410124 1.922862 0.3940103 -0.1285284 1.805924 0.6337077 -0.3548641 1.839139 0.3682287 -0.3193159 1.737127 0.6015346 -0.4742583 1.627321 0.5530031 -0.2926788 1.656436 0.7245617 -0.1182079 1.718528 0.7557187 -0.03008419 1.735594 0.7631564 -0.03008145 1.825664 0.6433441 -0.5231223 1.441775 0.6151593 -0.5741124 1.498677 0.5035266 -0.4276818 1.55712 0.6726657 -0.03005254 1.947509 0.4045476 -0.3346179 1.297694 -0.923188 -0.3597203 1.485229 -0.8238466 -0.02610993 1.55095 -0.8838487 -0.1529881 1.530529 -0.8690444 -0.02588343 1.349816 -0.9886785 -0.1554625 1.334656 -0.970192 -0.02986079 1.760581 -0.6909892 -0.1482445 1.736909 -0.6795696 -0.3769556 1.67076 -0.6404699 -0.3775042 1.892813 0.1265982 -0.3917365 1.884067 -0.128656 -0.1546089 1.981743 -0.1348462 -0.1485126 1.986343 0.1401718 -0.0300582 2.014158 0.1473754 -0.03016519 2.009845 -0.1349472 -0.6392827 1.350205 0.4547353 -0.6879466 1.290667 0.3461062 -0.5904123 1.303455 0.5547435 -0.6272724 1.146789 0.5068492 -0.6765142 1.241581 0.3877327 -0.6902899 1.537369 -0.3040966 -0.749906 1.383743 -0.2550113 -0.7684941 1.214817 -0.2120498 -0.5775227 1.673498 -0.3500407 -0.1555489 1.890266 -0.4247115 -0.3937534 1.802602 -0.3956787 -0.03044277 1.917978 -0.4327644 -0.6486084 0.9355887 -0.5514391 -0.6332848 0.974446 -0.5971958 -0.6849875 0.9669491 -0.5566868 -0.6708573 1.010283 -0.6088401 -0.5936486 1.060468 -0.6777881 -0.632078 1.088335 -0.6878831 -0.5266053 1.137056 -0.769957 -0.5735958 1.168436 -0.7801512 -0.4390442 1.207762 -0.8535439 -0.4773294 1.240161 -0.8626301 -0.33134 1.256513 -0.8939213 -0.3346179 1.297694 -0.923188 -0.1585534 1.288037 -0.9394264 -0.1554625 1.334656 -0.970192 -0.01429557 1.310582 -0.9596462 -0.02588343 1.349816 -0.9886785 -0.01429557 1.310582 -0.9596462 -0.01338136 1.522356 -0.8766961 -0.02588343 1.349816 -0.9886785 -0.02610993 1.55095 -0.8838487 -0.01762324 1.731313 -0.6851052 -0.02986079 1.760581 -0.6909892 -0.01825112 1.889596 -0.4277896 -0.03044277 1.917978 -0.4327644 -0.01798897 1.98129 -0.1307227 -0.03016519 2.009845 -0.1349472 -0.01792353 1.98543 0.1520043 -0.0300582 2.014158 0.1473754 -0.01793473 1.918685 0.409831 -0.03005254 1.947509 0.4045476 -0.01767402 1.795686 0.6491432 -0.03008145 1.825664 0.6433441 -0.01577109 1.674189 0.7893118 -0.03008419 1.735594 0.7631564 -0.01577109 1.674189 0.7893118 -0.1033049 1.653614 0.7797988 -0.03008419 1.735594 0.7631564 -0.1182079 1.718528 0.7557187 -0.2544301 1.58059 0.7432588 -0.2926788 1.656436 0.7245617 -0.3578241 1.50462 0.7000222 -0.5231223 1.441775 0.6151593 -0.4276818 1.55712 0.6726657 -0.541699 1.159452 0.5568995 -0.6272724 1.146789 0.5068492 -0.5904123 1.303455 0.5547435 -0.5832666 1.029502 0.5001529 -0.6404662 1.076029 0.4756892 -0.7104607 0.9608461 0.1760912 -0.7161883 1.011618 0.1073591 -0.7467387 0.9971339 0.1763787 -0.7479988 1.045298 0.1122169 -0.7391903 1.066487 -0.05742067 -0.7666661 1.100749 -0.05634164 -0.7311231 1.072062 -0.2445195 -0.7490006 1.098265 -0.249219 -0.7055009 1.032352 -0.408279 -0.720761 1.052594 -0.4188393 -0.6486084 0.9355887 -0.5514391 -0.6849875 0.9669491 -0.5566868 -0.7110379 0.9746714 0.2278015 -0.7104607 0.9608461 0.1760912 -0.7468607 1.00556 0.2140402 -0.7467387 0.9971339 0.1763787 -0.6150038 0.991014 0.2735257 -0.6761796 1.03172 0.326881 -0.59937 1.003072 0.3822776 -0.7110379 0.9746714 0.2278015 -0.7962598 1.030362 0.2435195 -0.7686287 1.009721 0.2631227 -0.7468607 1.00556 0.2140402 -0.7110379 0.9746714 0.2278015 -0.7713997 1.048786 0.4065979 -0.7242895 1.050332 0.4368193 -0.7936027 1.046296 0.3678417 -0.7995856 1.036979 0.3272616 -0.8262334 1.055771 0.2888638 -0.8250931 1.08318 0.3736448 -0.7995856 1.036979 0.3272616 -0.7124656 1.086839 0.467289 -0.7242895 1.050332 0.4368193 -0.779095 1.089809 0.4390605 -0.7713997 1.048786 0.4065979 -0.6562758 1.038697 0.4408025 -0.6562758 1.038697 0.4408025 -0.6404662 1.076029 0.4756892 -0.7962598 1.030362 0.2435195 -0.7468607 1.00556 0.2140402 -0.775282 1.21274 0.2577204 -0.7356213 1.203243 0.2136801 -0.7124656 1.086839 0.467289 -0.779095 1.089809 0.4390605 -0.7313115 1.23804 0.3800804 -0.8262334 1.055771 0.2888638 -0.7753031 1.226077 0.3256589 -0.8250931 1.08318 0.3736448 -0.7528272 1.273952 0.2586952 -0.7251591 1.272058 0.2410703 -0.7077199 1.302791 0.2861397 -0.7528524 1.285709 0.3084948 -0.7255653 1.290586 0.3390316 -0.6879466 1.290667 0.3461062 -0.6765142 1.241581 0.3877327 -0.6404662 1.076029 0.4756892 -0.6404662 1.076029 0.4756892 -0.01577109 1.674189 0.7893118 -0.01767402 1.795686 0.6491432 -1.61246e-7 1.674189 0.7893116 -1.61246e-7 1.795686 0.6491432 -0.01793473 1.918685 0.409831 -1.61246e-7 1.918685 0.4098311 -0.01762324 1.731313 -0.6851052 -0.01338136 1.522356 -0.8766961 -1.61246e-7 1.731313 -0.6851052 -1.61246e-7 1.522356 -0.8766962 -0.01792353 1.98543 0.1520043 -1.61246e-7 1.98543 0.152004 -0.01798897 1.98129 -0.1307227 -1.61246e-7 1.981289 -0.1307224 -0.01825112 1.889596 -0.4277896 -1.61246e-7 1.889596 -0.4277899 -1.61246e-7 1.657994 0.7789055 -0.5864598 1.008846 0.495654 -0.59937 1.003072 0.3822776 -0.6562758 1.038697 0.4408025 -0.5128704 1.286936 0.5959258 -0.4404184 1.416095 0.6558732 -1.61246e-7 1.674189 0.7893116 -0.5832666 1.029502 0.5001529 -0.3175144 1.027134 0.4973865 -0.5864598 1.008846 0.495654 -0.3179736 1.005622 0.4942837 -0.1033049 1.653614 0.7797988 -1.61246e-7 1.657994 0.7789055 -0.1176823 1.713093 0.609091 -1.61246e-7 1.732163 0.6226258 -0.4404184 1.416095 0.6558732 -0.3578241 1.50462 0.7000222 -0.4597353 1.439556 0.4688537 -0.3154597 1.620287 0.5603443 -0.2544301 1.58059 0.7432588 -0.5128704 1.286936 0.5959258 -0.5832666 1.029502 0.5001529 -0.541699 1.159452 0.5568995 -0.5613895 1.16479 0.3287347 -0.1176823 1.713093 0.609091 -1.61246e-7 1.732163 0.6226258 -1.61246e-7 1.562211 0.531101 -0.4597353 1.439556 0.4688537 -0.3154597 1.620287 0.5603443 -1.61246e-7 1.316756 0.4074791 -0.2298678 1.316667 0.4080991 -0.5613895 1.16479 0.3287347 -0.2927215 1.164989 0.3293067 -1.61246e-7 1.310629 -0.9595217 -0.01429557 1.310582 -0.9596462 -0.5864598 1.008846 0.495654 -0.7686287 1.009721 0.2631227 -0.6562758 1.038697 0.4408025 -0.6404662 1.076029 0.4756892 -0.5864598 1.008846 0.495654 -0.01429557 1.310582 -0.9596462 -0.1585534 1.288037 -0.9394264 -0.01429563 0.9046755 -0.9100329 -0.1585534 0.9046755 -0.8930475 -0.6332848 0.974446 -0.5971958 -0.6486084 0.9355887 -0.5514391 -0.6051664 0.9273295 -0.6166883 -0.5936486 1.060468 -0.6777881 -0.5266053 1.137056 -0.769957 -0.5364802 0.9186384 -0.6996111 -0.4390442 1.207762 -0.8535439 -0.457703 0.9151611 -0.7659922 -0.33134 1.256513 -0.8939213 -0.3260592 0.8969893 -0.8502733 -1.61246e-7 1.310629 -0.9595217 -0.01429557 1.310582 -0.9596462 -1.61246e-7 0.9046755 -0.9099678 -0.01429563 0.9046755 -0.9100329 -0.01429563 0.9046755 -0.9100329 -0.1585534 0.9046755 -0.8930475 -1.61246e-7 0.8689489 -0.8946973 -0.1585534 0.8689489 -0.8798775 -0.3260592 0.8969893 -0.8502733 -0.332322 0.8688148 -0.842164 -1.61246e-7 0.9046755 -0.9099678 -0.01429563 0.9046755 -0.9100329 -1.61246e-7 0.8689489 -0.8946973 -1.61246e-7 0.8550226 -0.8562746 -0.1585534 0.8550227 -0.8414545 -0.332322 0.8550226 -0.7943239 -1.61246e-7 0.8550226 -0.8562746 -0.1585534 0.8550227 -0.8414545 -1.61246e-7 1.005265 -0.7592366 -0.2218339 1.005265 -0.742316 -0.332322 0.8550226 -0.7943239 -0.3179736 0.9064782 -0.7086385 -1.61246e-7 1.276469 -0.437662 -0.2218339 1.277943 -0.4208056 -0.3179736 1.005622 -0.1340615 -1.61246e-7 1.399837 0.06009089 -0.2218339 1.39128 0.06304895 -1.61246e-7 1.316756 0.4074791 -0.2298678 1.316667 0.4080991 -0.6051664 0.9273295 -0.6166883 -0.6486084 0.9355887 -0.5514391 -0.6210403 0.9077441 -0.6270153 -0.6689496 0.9157362 -0.5706199 -0.5364802 0.9186384 -0.6996111 -0.5501275 0.90052 -0.7131658 -0.457703 0.9151611 -0.7659922 -0.4746226 0.8956308 -0.7839748 -0.3260592 0.8969893 -0.8502733 -0.3188115 0.8795454 -0.8785594 -0.6210403 0.9077441 -0.6270153 -0.6689496 0.9157362 -0.5706199 -0.6199921 0.8464285 -0.4980059 -0.6823718 0.9094403 -0.4352621 -0.5501275 0.90052 -0.7131658 -0.5148404 0.7534676 -0.6022151 -0.4970959 0.8219512 -0.701277 -0.3188115 0.8795454 -0.8785594 -0.4970959 0.8219512 -0.701277 -0.3179736 0.7751082 -0.8030601 -0.6453127 0.8146781 -0.2190378 -0.7009291 0.9020264 -0.1483823 -0.5258835 0.6946026 -0.4947745 -0.3179736 0.6016549 -0.5795694 -0.5258835 0.6946026 -0.4947745 -0.3179736 0.5379164 -0.4351297 -0.7112656 0.9578268 0.1395424 -0.6323753 0.8081013 0.009320437 -0.5291833 0.6200265 -0.2798763 -0.5261688 0.6044098 -0.1829297 -0.5291833 0.6200265 -0.2798763 -0.3179736 0.4998191 -0.3284361 -0.6323753 0.8081013 0.009320437 -0.7112656 0.9578268 0.1395424 -0.5702075 1.003841 0.3804017 -0.4767175 0.6049511 -0.002481818 -0.5261688 0.6044098 -0.1829297 -0.3179736 0.4730293 -0.1990945 -0.5261688 0.6044098 -0.1829297 -0.3179736 0.4876703 -0.01385593 -0.4767175 0.6049511 -0.002481818 -0.4113413 0.6154062 -0.06199204 -0.4878221 0.9463286 0.2535558 -0.3666261 0.5775358 -0.06042122 -0.3666926 0.9485407 0.304375 -0.5702075 1.003841 0.3804017 -0.3179736 1.005622 0.4942837 -0.5383295 0.9818195 0.3731361 -0.3431525 0.9838916 0.4602971 -0.3179736 0.4876703 -0.01385593 -0.3431438 0.5278292 0.01276433 -0.4767175 0.6049511 -0.002481818 -0.4519594 0.6117245 0.01855158 -0.5383295 0.9818195 0.3731361 -0.3431525 0.9838916 0.4602971 -0.4878221 0.9463286 0.2535558 -0.3666926 0.9485407 0.304375 -0.3431525 0.9838916 0.4602971 -0.3431438 0.5278292 0.01276433 -0.3666926 0.9485407 0.304375 -0.3666261 0.5775358 -0.06042122 -0.3431438 0.5278292 0.01276433 -0.4519594 0.6117245 0.01855158 -0.3666261 0.5775358 -0.06042122 -0.4113413 0.6154062 -0.06199204 -0.4519594 0.6117245 0.01855158 -0.5383295 0.9818195 0.3731361 -0.4113413 0.6154062 -0.06199204 -0.4878221 0.9463286 0.2535558 -0.3179736 1.005622 0.4942837 -0.3179736 1.005622 -0.1340615 -0.3179736 0.8096981 -0.2480205 -0.3179736 0.4876703 -0.01385593 -0.3179736 0.4730293 -0.1990945 -0.3179736 0.9064782 -0.7086385 -0.3179736 0.8638425 -0.7086631 -0.3179736 0.8311166 -0.4896658 -0.3179736 0.4998191 -0.3284361 -0.3179736 0.5379164 -0.4351297 -0.3188115 0.8795454 -0.8785594 -0.3179736 0.6767008 -0.7013612 -0.3179736 0.7751082 -0.8030601 -0.3179736 0.6016549 -0.5795694 -0.3179736 0.9064782 -0.7086385 -0.3260592 0.8969893 -0.8502733 -0.3188115 0.8795454 -0.8785594 -0.6823718 0.9094403 -0.4352621 -0.6689496 0.9157362 -0.5706199 -0.6622636 0.9284545 -0.4352621 -0.6486084 0.9355887 -0.5514391 -0.7009291 0.9020264 -0.1483823 -0.6808209 0.9210405 -0.1483823 -0.6854512 0.9759619 0.1395424 -0.7112656 0.9578268 0.1395424 -0.5702075 1.003841 0.3804017 -0.7112656 0.9578268 0.1395424 -0.6854512 0.9759619 0.1395424 -0.7110379 0.9746714 0.2278015 -0.6150038 0.991014 0.2735257 -0.6854512 0.9759619 0.1395424 -0.7391903 1.066487 -0.05742067 -0.7161883 1.011618 0.1073591 -0.6808209 0.9210405 -0.1483823 -0.7311231 1.072062 -0.2445195 -0.6622636 0.9284545 -0.4352621 -0.7055009 1.032352 -0.408279 -0.6486084 0.9355887 -0.5514391 -0.6854512 0.9759619 0.1395424 -0.7104607 0.9608461 0.1760912 -0.7110379 0.9746714 0.2278015 -0.7161883 1.011618 0.1073591 -0.7110379 0.9746714 0.2278015 -0.2927215 1.164989 0.3293067 -0.6150038 0.991014 0.2735257 -0.59937 1.003072 0.3822776 -0.5702075 1.003841 0.3804017 -0.5702075 1.003841 0.3804017 -0.59937 1.003072 0.3822776 -0.3179736 1.005622 0.4942837 -0.5864598 1.008846 0.495654 -0.2218339 1.39128 0.06304895 -0.2927215 1.164989 0.3293067 -0.2298678 1.316667 0.4080991 -0.3175144 1.027134 0.4973865 -0.7936027 1.046296 0.3678417 -0.5613895 1.16479 0.3287347 -0.2927215 1.164989 0.3293067 -0.3179736 1.005622 0.4942837 -0.3179736 0.4730293 -0.1990945 -0.3179736 0.6767008 -0.7013612 0.3188112 0.8795454 -0.8785594 0.4746223 0.8956308 -0.7839748 0.3179733 0.4998191 -0.3284361 0.3179733 0.6016549 -0.5795694 0.3179733 0.7751082 -0.8030601 -0.5261688 0.6044098 -0.1829297 -0.5321979 0.6469506 -0.3766019 -0.5148404 0.7534676 -0.6022151 -0.4746226 0.8956308 -0.7839748 0.3179733 0.6016549 -0.5795694 0.5273152 0.6062691 -0.1829297 -0.5321979 0.6469506 -0.3766019 0.5301971 0.7841751 -0.6022151 -0.4746226 0.8956308 -0.7839748 -1.61246e-7 1.265173 1.141918 -1.61246e-7 1.387509 1.072496 0.116737 1.253285 1.124254 0.1358614 1.366165 1.054854 0.3420116 1.43123 0.7456344 0.4049626 1.475862 0.5438998 0.3746141 1.410623 0.7098981 0.38953 1.394566 0.6955549 0.4557546 1.400815 0.510994 0.5012321 1.319057 0.476085 0.4517951 1.290193 0.6542564 0.5115914 1.174168 0.5897575 0.5598261 1.052626 0.5251338 0.5600683 1.198813 0.4257286 0.1755157 1.655658 0.6358585 0.1601895 1.533116 0.8644021 -1.61246e-7 1.698467 0.6675446 -1.61246e-7 1.578445 0.8779243 0.4696399 1.108474 0.7359921 0.5108673 0.9770449 0.6934436 0.4747496 1.191172 0.6738255 0.4757367 1.146185 0.7003636 -1.61246e-7 1.500311 0.9769234 0.1515788 1.458649 0.9655561 0.283217 1.213069 1.008693 0.1686763 1.109012 1.138854 0.2197992 1.228386 1.060299 0.4311958 0.9223396 0.7894289 0.4622766 0.9605655 0.8093502 0.4830355 0.9386654 0.6754691 0.5108673 0.9770449 0.6934436 0.5598261 1.052626 0.5251338 0.5600683 1.198813 0.4257286 0.5336549 1.022085 0.5068862 0.5420882 1.168886 0.4150283 0.5336549 1.022085 0.5068862 0.5598261 1.052626 0.5251338 0.3451322 0.9198565 0.9382975 0.3785998 0.9554896 0.9578719 0.2506943 1.309362 0.9839842 0.2636891 1.261635 1.002305 0.3337488 1.566356 0.5811487 0.2838107 1.435075 0.8316615 0.2624112 1.418119 0.8762118 0.2492239 1.390128 0.9182785 -1.61246e-7 1.108479 1.189482 0.08457314 1.108938 1.181001 0.3034762 0.952426 1.049536 0.190041 0.9522839 1.142425 0.190041 0.9522839 1.142425 0.3034762 0.952426 1.049536 0.1943166 0.9210733 1.108796 0.2767268 0.9220972 1.030936 0.1943166 0.9210733 1.108796 0.1786584 0.9397718 1.119147 0.190041 0.9522839 1.142425 0.4622766 0.9605655 0.8093502 0.3882445 1.070719 0.9147632 0.4379356 1.064373 0.8241577 0.4145442 1.061006 0.8707183 0.4666139 1.240328 0.658118 0.3327833 1.12549 0.9829361 0.3604876 1.092752 0.9531086 0.3785998 0.9554896 0.9578719 0.08457314 1.108938 1.181001 0.08457314 1.08474 1.165792 -1.61246e-7 1.108479 1.189482 -1.61246e-7 1.084431 1.174989 0.1686763 1.109012 1.138854 0.1587467 1.084546 1.13031 0.190041 0.9522839 1.142425 0.1740202 0.9724847 1.136583 0.1686763 1.109012 1.138854 0.1587467 1.084546 1.13031 0.1740202 0.9724847 1.136583 0.1943166 0.9210733 1.108796 0.197093 0.9220051 0.9187601 0.1786584 0.9397718 1.119147 0.1849834 0.9322447 0.9275349 0.4118213 1.404566 0.5182456 0.390185 1.307627 0.6787224 0.3840767 1.436309 0.5320659 0.3704006 1.338738 0.6948919 0.5012321 1.319057 0.476085 0.2316727 1.235367 0.4462306 0.5600683 1.198813 0.4257286 0.1755157 1.655658 0.6358585 -1.61246e-7 1.698467 0.6675446 -1.61246e-7 1.235367 0.4462307 0.3337488 1.566356 0.5811487 0.4049626 1.475862 0.5438998 0.5420882 1.168886 0.4150283 0.2544393 1.173123 0.4199416 0.3840767 1.436309 0.5320659 0.4830355 0.9386654 0.6754691 0.5336549 1.022085 0.5068862 0.2015356 0.9321435 0.6780848 0.2555022 1.02239 0.507444 0.5420882 1.168886 0.4150283 0.2544393 1.173123 0.4199416 0.4311958 0.9223396 0.7894289 0.2767268 0.9220972 1.030936 0.3451322 0.9198565 0.9382975 0.197093 0.9220051 0.9187601 -1.61246e-7 0.923157 0.7906538 0.1943166 0.9210733 1.108796 -1.61246e-7 0.9220085 0.9187605 -1.61246e-7 0.9322447 0.9275349 0.197093 0.9220051 0.9187601 0.1849834 0.9322447 0.9275349 0.08457314 1.08474 1.165792 -1.61209e-7 1.084124 1.142373 -1.61246e-7 1.084431 1.174989 0.1587467 1.084546 1.13031 0.1740202 0.9724847 1.136583 0.08031618 1.085217 1.142179 0.08558845 1.028085 1.142981 0.1849834 0.9322447 0.9275349 -1.61246e-7 0.9322447 0.9275349 0.0901187 0.9150273 1.141818 0.1786584 0.9397718 1.119147 0.0901187 0.9150273 1.141818 -1.61246e-7 1.035286 1.13988 -1.61246e-7 0.9155362 1.140964 0.1786584 0.9397718 1.119147 -1.61246e-7 0.9155362 1.140964 0.4567301 1.080565 0.7782071 0.1819082 1.211706 0.4734956 0.2316727 1.235367 0.4462306 -1.61246e-7 1.211388 0.4732342 -1.61246e-7 1.235367 0.4462307 0.1751389 1.070708 0.550822 -1.61246e-7 0.9415233 0.6762886 -1.61246e-7 1.071013 0.5513799 0.1819082 1.211706 0.4734956 -1.61246e-7 1.211388 0.4732342 0.4557546 1.400815 0.510994 0.2544393 1.173123 0.4199416 0.2555022 1.02239 0.507444 0.1751389 1.070708 0.550822 0.2015356 0.9321435 0.6780848 0.245253 1.353041 0.9550513 0.3065003 1.16655 1.001934 -1.61246e-7 0.9220085 0.9187605 0.3746141 1.410623 0.7098981 0.3454957 1.368179 0.7186576 0.3420116 1.43123 0.7456344 0.3196784 1.385203 0.7478673 0.3106025 1.439442 0.7869312 0.2951177 1.392261 0.7814018 0.2838107 1.435075 0.8316615 0.2740708 1.389092 0.8175265 0.2624112 1.418119 0.8762118 0.2570909 1.37564 0.8532425 0.2492239 1.390128 0.9182785 0.2466792 1.353446 0.8867475 0.245253 1.353041 0.9550513 0.2434682 1.323862 0.9160017 0.2506943 1.309362 0.9839842 0.2476197 1.288611 0.9390398 0.2636891 1.261635 1.002305 0.2576361 1.24973 0.9533973 0.283217 1.213069 1.008693 0.2730293 1.210185 0.9581997 0.3065003 1.16655 1.001934 0.2913762 1.172422 0.9523602 0.3327833 1.12549 0.9829361 0.3121394 1.139291 0.9368076 0.3604876 1.092752 0.9531086 0.334204 1.112995 0.9127784 0.3882445 1.070719 0.9147632 0.3564066 1.095347 0.8820587 0.4145442 1.061006 0.8707183 0.3774123 1.08757 0.8468017 0.4379356 1.064373 0.8241577 0.3961057 1.09026 0.8095526 0.4567301 1.080565 0.7782071 0.4111714 1.103219 0.7728047 0.4696399 1.108474 0.7359921 0.421542 1.125559 0.7390419 0.4757367 1.146185 0.7003636 0.4264416 1.155741 0.7105398 0.4747496 1.191172 0.6738255 0.4256389 1.191737 0.6892991 0.4666139 1.240328 0.658118 0.4190562 1.231067 0.6766992 0.4517951 1.290193 0.6542564 0.4071093 1.271073 0.6735801 0.4412301 1.313812 0.6582181 0.390185 1.307627 0.6787224 0.3454957 1.368179 0.7186576 0.3807176 1.337271 0.7795211 0.3196784 1.385203 0.7478673 0.3632519 1.347019 0.7989659 0.2951177 1.392261 0.7814018 0.3481367 1.351148 0.8196341 0.2740708 1.389092 0.8175265 0.3346264 1.349327 0.8419692 0.2570909 1.37564 0.8532425 0.3233149 1.340646 0.8645964 0.2466792 1.353446 0.8867475 0.3179692 1.32587 0.885395 0.2434682 1.323862 0.9160017 0.316388 1.308413 0.9055185 0.2476197 1.288611 0.9390398 0.3212763 1.286448 0.9195697 0.2576361 1.24973 0.9533973 0.3283812 1.263211 0.9292489 0.2730293 1.210185 0.9581997 0.3392204 1.239435 0.9324392 0.2913762 1.172422 0.9523602 0.3507825 1.216285 0.9297631 0.3121394 1.139291 0.9368076 0.3642594 1.195786 0.9192007 0.3948944 1.321724 0.7661166 0.3966684 1.2676 0.85443 0.3121394 1.139291 0.9368076 0.3642594 1.195786 0.9192007 0.3415105 1.181024 0.9026473 0.3675729 1.243636 0.8320125 0.3966684 1.2676 0.85443 0.3770859 1.307454 0.7510444 0.3948944 1.321724 0.7661166 0.3704006 1.338738 0.6948919 0.3840767 1.436309 0.5320659 0.3704006 1.338738 0.6948919 0.4049626 1.475862 0.5438998 0.38953 1.394566 0.6955549 0.4412301 1.313812 0.6582181 0.4118213 1.404566 0.5182456 0.4557546 1.400815 0.510994 0.4412301 1.313812 0.6582181 0.4118213 1.404566 0.5182456 0.390185 1.307627 0.6787224 0.3106025 1.439442 0.7869312 -1.61246e-7 1.265173 1.141918 -0.1167373 1.253285 1.124254 -1.61246e-7 1.387509 1.072496 -0.1358618 1.366165 1.054854 -0.3420119 1.43123 0.7456344 -0.3746144 1.410623 0.7098981 -0.4049628 1.475862 0.5438999 -0.3895303 1.394566 0.6955549 -0.4557548 1.400815 0.510994 -0.4517953 1.290193 0.6542564 -0.5012324 1.319057 0.476085 -0.5115917 1.174168 0.5897575 -0.5598264 1.052626 0.5251338 -0.5600686 1.198813 0.4257286 -0.1755161 1.655658 0.6358585 -1.61246e-7 1.698467 0.6675446 -0.1601898 1.533116 0.8644021 -1.61246e-7 1.578445 0.8779243 -0.4696402 1.108474 0.7359921 -0.5108675 0.9770449 0.6934436 -0.4747499 1.191172 0.6738256 -0.475737 1.146185 0.7003636 -0.1515792 1.458649 0.9655561 -1.61246e-7 1.500311 0.9769234 -0.2832173 1.213069 1.008693 -0.2197996 1.228386 1.060299 -0.1686766 1.109012 1.138854 -0.4830358 0.9386654 0.6754691 -0.5108675 0.9770449 0.6934436 -0.4311961 0.9223396 0.7894289 -0.4622769 0.9605655 0.8093502 -0.5598264 1.052626 0.5251338 -0.5336552 1.022085 0.5068862 -0.5600686 1.198813 0.4257286 -0.5420885 1.168886 0.4150283 -0.5336552 1.022085 0.5068862 -0.5598264 1.052626 0.5251338 -0.3451325 0.9198565 0.9382975 -0.3786001 0.9554896 0.9578719 -0.2506946 1.309362 0.9839842 -0.2636895 1.261635 1.002305 -0.3337491 1.566356 0.5811487 -0.283811 1.435075 0.8316615 -0.2624115 1.418119 0.8762118 -0.2492242 1.390128 0.9182785 -1.61246e-7 1.108479 1.189482 -0.08457344 1.108938 1.181001 -0.1900413 0.9522839 1.142425 -0.3034765 0.952426 1.049536 -0.1900413 0.9522839 1.142425 -0.1943169 0.9210733 1.108796 -0.3034765 0.952426 1.049536 -0.2767271 0.9220972 1.030936 -0.1943169 0.9210733 1.108796 -0.1900413 0.9522839 1.142425 -0.1786588 0.9397718 1.119147 -0.4622769 0.9605655 0.8093502 -0.4379359 1.064373 0.8241577 -0.3882448 1.070719 0.9147632 -0.4145444 1.061006 0.8707183 -0.4666142 1.240328 0.658118 -0.3327836 1.12549 0.9829361 -0.3786001 0.9554896 0.9578719 -0.3604879 1.092752 0.9531086 -0.08457344 1.108938 1.181001 -1.61246e-7 1.108479 1.189482 -0.08457344 1.08474 1.165792 -1.61246e-7 1.084431 1.174989 -0.1686766 1.109012 1.138854 -0.1587471 1.084546 1.13031 -0.1900413 0.9522839 1.142425 -0.1686766 1.109012 1.138854 -0.1740205 0.9724847 1.136583 -0.1587471 1.084546 1.13031 -0.1740205 0.9724847 1.136583 -0.1943169 0.9210733 1.108796 -0.1786588 0.9397718 1.119147 -0.1970933 0.9220051 0.9187601 -0.1849837 0.9322447 0.9275349 -0.4118216 1.404566 0.5182457 -0.384077 1.436309 0.5320659 -0.3901854 1.307627 0.6787224 -0.370401 1.338738 0.6948919 -0.5012324 1.319057 0.476085 -0.5600686 1.198813 0.4257286 -0.2316731 1.235367 0.4462306 -0.1755161 1.655658 0.6358585 -1.61246e-7 1.235367 0.4462307 -1.61246e-7 1.698467 0.6675446 -0.3337491 1.566356 0.5811487 -0.4049628 1.475862 0.5438999 -0.5420885 1.168886 0.4150283 -0.2544396 1.173123 0.4199416 -0.384077 1.436309 0.5320659 -0.4830358 0.9386654 0.6754691 -0.2015359 0.9321435 0.6780848 -0.5336552 1.022085 0.5068862 -0.2555025 1.02239 0.507444 -0.5420885 1.168886 0.4150283 -0.2544396 1.173123 0.4199416 -0.4311961 0.9223396 0.7894289 -0.2767271 0.9220972 1.030936 -0.1970933 0.9220051 0.9187601 -0.3451325 0.9198565 0.9382975 -1.61246e-7 0.923157 0.7906538 -0.1943169 0.9210733 1.108796 -1.61246e-7 0.9220085 0.9187605 -0.1970933 0.9220051 0.9187601 -1.61246e-7 0.9322447 0.9275349 -0.1849837 0.9322447 0.9275349 -0.08457344 1.08474 1.165792 -1.61246e-7 1.084431 1.174989 -1.61209e-7 1.084124 1.142373 -0.1587471 1.084546 1.13031 -0.08031648 1.085217 1.142179 -0.1740205 0.9724847 1.136583 -0.08558875 1.028085 1.142981 -0.1849837 0.9322447 0.9275349 -0.090119 0.9150273 1.141818 -1.61246e-7 0.9322447 0.9275349 -0.1786588 0.9397718 1.119147 -0.090119 0.9150273 1.141818 -1.61246e-7 1.035286 1.13988 -1.61246e-7 0.9155362 1.140964 -0.1786588 0.9397718 1.119147 -1.61246e-7 0.9155362 1.140964 -0.4567304 1.080565 0.7782071 -0.1819085 1.211706 0.4734956 -1.61246e-7 1.211388 0.4732342 -0.2316731 1.235367 0.4462306 -1.61246e-7 1.235367 0.4462307 -1.61246e-7 0.9415233 0.6762886 -0.1751392 1.070708 0.550822 -1.61246e-7 1.071013 0.5513799 -0.1819085 1.211706 0.4734956 -1.61246e-7 1.211388 0.4732342 -0.4557548 1.400815 0.510994 -0.2544396 1.173123 0.4199416 -0.2555025 1.02239 0.507444 -0.1751392 1.070708 0.550822 -0.2015359 0.9321435 0.6780848 -0.2452533 1.353041 0.9550513 -0.3065006 1.16655 1.001934 -1.61246e-7 0.9220085 0.9187605 -0.3895303 1.394566 0.6955549 -0.3746144 1.410623 0.7098981 -0.370401 1.338738 0.6948919 -0.3454959 1.368179 0.7186576 -0.3106028 1.439442 0.7869312 -0.283811 1.435075 0.8316615 -0.295118 1.392261 0.7814018 -0.2740712 1.389092 0.8175265 -0.2624115 1.418119 0.8762118 -0.2492242 1.390128 0.9182785 -0.2570912 1.37564 0.8532425 -0.2466795 1.353446 0.8867475 -0.2452533 1.353041 0.9550513 -0.2506946 1.309362 0.9839842 -0.2434685 1.323862 0.9160017 -0.24762 1.288611 0.9390398 -0.2636895 1.261635 1.002305 -0.2576364 1.24973 0.9533973 -0.2832173 1.213069 1.008693 -0.3065006 1.16655 1.001934 -0.2730296 1.210185 0.9581997 -0.2913765 1.172422 0.9523602 -0.3327836 1.12549 0.9829361 -0.3604879 1.092752 0.9531086 -0.3121397 1.139291 0.9368076 -0.3342044 1.112995 0.9127784 -0.3882448 1.070719 0.9147632 -0.4145444 1.061006 0.8707183 -0.356407 1.095347 0.8820587 -0.3774126 1.08757 0.8468017 -0.4379359 1.064373 0.8241577 -0.4567304 1.080565 0.7782071 -0.396106 1.09026 0.8095526 -0.4111717 1.103219 0.7728047 -0.4696402 1.108474 0.7359921 -0.475737 1.146185 0.7003636 -0.4215422 1.125559 0.7390419 -0.4264419 1.155741 0.7105398 -0.4747499 1.191172 0.6738256 -0.4666142 1.240328 0.658118 -0.4256392 1.191737 0.6892991 -0.4190565 1.231067 0.6766992 -0.4071096 1.271073 0.6735801 -0.4517953 1.290193 0.6542564 -0.3901854 1.307627 0.6787224 -0.4412304 1.313812 0.6582181 -0.370401 1.338738 0.6948919 -0.3454959 1.368179 0.7186576 -0.3948947 1.321724 0.7661166 -0.380718 1.337271 0.7795211 -0.295118 1.392261 0.7814018 -0.2740712 1.389092 0.8175265 -0.3481371 1.351148 0.819634 -0.3346267 1.349327 0.8419692 -0.2570912 1.37564 0.8532425 -0.2466795 1.353446 0.8867475 -0.3233152 1.340646 0.8645964 -0.3179695 1.32587 0.885395 -0.2434685 1.323862 0.9160017 -0.24762 1.288611 0.9390398 -0.3163883 1.308413 0.9055184 -0.3212766 1.286448 0.9195697 -0.2576364 1.24973 0.9533973 -0.3283815 1.263211 0.9292489 -0.2730296 1.210185 0.9581997 -0.2913765 1.172422 0.9523602 -0.3392207 1.239435 0.9324392 -0.3507829 1.216285 0.9297631 -0.3966687 1.2676 0.85443 -0.3632523 1.347019 0.7989659 -0.3642597 1.195786 0.9192007 -0.3121397 1.139291 0.9368076 -0.3415108 1.181024 0.9026473 -0.3642597 1.195786 0.9192007 -0.3675732 1.243636 0.8320125 -0.3966687 1.2676 0.85443 -0.3770862 1.307454 0.7510444 -0.3948947 1.321724 0.7661166 -0.370401 1.338738 0.6948919 -0.384077 1.436309 0.5320659 -0.4049628 1.475862 0.5438999 -0.370401 1.338738 0.6948919 -0.3895303 1.394566 0.6955549 -0.4412304 1.313812 0.6582181 -0.4118216 1.404566 0.5182457 -0.4557548 1.400815 0.510994 -0.4118216 1.404566 0.5182457 -0.4412304 1.313812 0.6582181 -0.3901854 1.307627 0.6787224 -0.3106028 1.439442 0.7869312 0.3704006 1.338738 0.6948919 0.38953 1.394566 0.6955549 0.3704006 1.338738 0.6948919 -0.3420119 1.43123 0.7456344 -0.3196787 1.385203 0.7478673 -0.3196787 1.385203 0.7478673 -0.3121397 1.139291 0.9368076 0.06761515 0.9414029 1.146351 0.05374181 0.9214107 1.146909 0.05188524 0.965026 1.158025 0.0458123 0.9552327 1.157845 0.05497467 1.084124 1.142373 0.06884801 1.064132 1.14293 0.04581236 1.069022 1.158036 0.0518853 1.059229 1.158012 -1.61246e-7 1.069022 1.158036 -1.61246e-7 1.085213 1.14077 -1.61246e-7 0.9552329 1.157845 -1.61246e-7 0.9622827 1.172569 0.0458123 0.9552327 1.157845 0.03788173 0.962766 1.173139 0.0458123 0.9552327 1.157845 0.03788173 0.962766 1.173139 0.05188524 0.965026 1.158025 0.04370802 0.9726354 1.173151 0.05188524 0.965026 1.158025 0.04370802 0.9726354 1.173151 0.0518853 1.059229 1.158012 0.04372227 1.051573 1.173094 0.0518853 1.059229 1.158012 0.04372227 1.051573 1.173094 0.04581236 1.069022 1.158036 0.03791248 1.06145 1.173313 0.04581236 1.069022 1.158036 0.03791248 1.06145 1.173313 -1.61246e-7 1.069022 1.158036 -1.61246e-7 1.061941 1.172738 -1.61246e-7 1.053499 1.152555 0.03301882 1.053288 1.15315 -1.61246e-7 0.9707717 1.152416 0.03300184 0.9709758 1.153101 -1.61246e-7 0.9622827 1.172569 -1.61246e-7 0.9707481 1.172581 0.03788173 0.962766 1.173139 0.03072571 0.9711484 1.173233 0.04370802 0.9726354 1.173151 0.03275322 0.9749473 1.173303 0.04372227 1.051573 1.173094 0.03276526 1.049268 1.173243 0.03791248 1.06145 1.173313 0.0307464 1.053069 1.173384 -1.61246e-7 1.061941 1.172738 -1.61246e-7 1.053475 1.17272 -1.61246e-7 0.9707481 1.172581 -1.61246e-7 0.9707717 1.152416 0.03072571 0.9711484 1.173233 0.03300184 0.9709758 1.153101 0.03072571 0.9711484 1.173233 0.03300184 0.9709758 1.153101 0.03275322 0.9749473 1.173303 0.03275322 0.9749473 1.173303 0.03300184 0.9709758 1.153101 0.03276526 1.049268 1.173243 0.03301882 1.053288 1.15315 0.03276526 1.049268 1.173243 0.03301882 1.053288 1.15315 0.0307464 1.053069 1.173384 0.0307464 1.053069 1.173384 0.03301882 1.053288 1.15315 -1.61246e-7 1.053475 1.17272 -1.61246e-7 1.053499 1.152555 -0.06761544 0.9414029 1.146351 -0.0518856 0.965026 1.158025 -0.05374217 0.9214107 1.146909 -0.04581266 0.9552327 1.157845 -0.05497497 1.084124 1.142373 -0.04581272 1.069022 1.158036 -0.06884831 1.064132 1.14293 -0.05188566 1.059229 1.158012 -1.61246e-7 1.069022 1.158036 -1.61246e-7 1.085213 1.14077 -1.61246e-7 0.9552329 1.157845 -0.04581266 0.9552327 1.157845 -1.61246e-7 0.9622827 1.172569 -0.03788203 0.962766 1.173139 -0.04581266 0.9552327 1.157845 -0.0518856 0.965026 1.158025 -0.03788203 0.962766 1.173139 -0.04370832 0.9726354 1.173151 -0.0518856 0.965026 1.158025 -0.05188566 1.059229 1.158012 -0.04370832 0.9726354 1.173151 -0.04372262 1.051573 1.173094 -0.05188566 1.059229 1.158012 -0.04581272 1.069022 1.158036 -0.04372262 1.051573 1.173094 -0.03791284 1.06145 1.173313 -0.04581272 1.069022 1.158036 -1.61246e-7 1.069022 1.158036 -0.03791284 1.06145 1.173313 -1.61246e-7 1.061941 1.172738 -1.61246e-7 1.053499 1.152555 -1.61246e-7 0.9707717 1.152416 -0.03301918 1.053288 1.15315 -0.03300213 0.9709758 1.153101 -1.61246e-7 0.9622827 1.172569 -0.03788203 0.962766 1.173139 -1.61246e-7 0.9707481 1.172581 -0.03072601 0.9711484 1.173233 -0.04370832 0.9726354 1.173151 -0.03275352 0.9749473 1.173303 -0.04372262 1.051573 1.173094 -0.03276556 1.049268 1.173243 -0.03791284 1.06145 1.173313 -0.03074669 1.053069 1.173384 -1.61246e-7 1.061941 1.172738 -1.61246e-7 1.053475 1.17272 -1.61246e-7 0.9707481 1.172581 -0.03072601 0.9711484 1.173233 -1.61246e-7 0.9707717 1.152416 -0.03300213 0.9709758 1.153101 -0.03072601 0.9711484 1.173233 -0.03275352 0.9749473 1.173303 -0.03300213 0.9709758 1.153101 -0.03275352 0.9749473 1.173303 -0.03276556 1.049268 1.173243 -0.03300213 0.9709758 1.153101 -0.03301918 1.053288 1.15315 -0.03276556 1.049268 1.173243 -0.03074669 1.053069 1.173384 -0.03301918 1.053288 1.15315 -0.03074669 1.053069 1.173384 -1.61246e-7 1.053475 1.17272 -0.03301918 1.053288 1.15315 -1.61246e-7 1.053499 1.152555 -1.61246e-7 0.9552329 1.157845 -1.61283e-7 0.9214107 1.146909 -1.61246e-7 0.9552329 1.157845 -1.61283e-7 0.9214107 1.146909 0.1706079 0.9605243 1.159412 0.083166 0.9672578 1.193776 0.1570654 1.088269 1.155644 0.08310252 1.086424 1.185503 0.0564391 0.9308782 1.201535 0.05560535 0.8136096 1.198608 0.05687117 0.9652926 1.174673 0.083166 0.9672578 1.193776 0.02959764 0.9289211 1.183186 0.0564391 0.9308782 1.201535 0.02959764 0.9289211 1.183186 0.0564391 0.9308782 1.201535 0.0295974 0.7433423 1.181364 0.05560535 0.8136096 1.198608 0.1794468 0.954778 1.125415 0.0295974 0.7433423 1.181364 0.1706079 0.9605243 1.159412 0.05560535 0.8136096 1.198608 0.1794468 0.954778 1.125415 0.1706079 0.9605243 1.159412 0.1612553 1.098299 1.127218 0.1570654 1.088269 1.155644 0.05687117 0.9652926 1.174673 0.05409568 1.097271 1.164218 0.083166 0.9672578 1.193776 0.08310252 1.086424 1.185503 0.1612553 1.098299 1.127218 0.1570654 1.088269 1.155644 0.05409568 1.097271 1.164218 0.08310252 1.086424 1.185503 0.1794468 0.954778 1.125415 0.05687117 0.9652926 1.174673 0.0295974 0.7433423 1.181364 0.02959764 0.9289211 1.183186 0.05409568 1.097271 1.164218 0.1612553 1.098299 1.127218 0.1077945 1.567305 0.7991285 0.1478408 1.564005 0.7729585 0.1297268 1.603989 0.827838 0.1694976 1.600712 0.8018482 0.08834195 1.548573 0.838221 0.1104081 1.585385 0.8666615 0.08834195 1.548573 0.838221 0.1104081 1.585385 0.8666615 0.1046094 1.515737 0.8684479 0.1265637 1.552776 0.8966803 0.1431471 1.488011 0.8751135 0.1648362 1.52524 0.9033001 0.1831935 1.484711 0.8489435 0.2046071 1.521963 0.8773102 0.202646 1.503443 0.8098511 0.2239257 1.540566 0.8384867 0.1863785 1.536279 0.7796242 0.2077701 1.573176 0.8084679 0.2034212 1.58253 0.830451 0.2025411 1.591197 0.8460922 0.1760178 1.602245 0.8257113 0.1817277 1.606172 0.8424923 0.1475418 1.604592 0.8443201 0.1600995 1.607954 0.8566262 0.1337095 1.591272 0.8721178 0.1495936 1.597837 0.8777391 0.145277 1.567923 0.8936116 0.1337095 1.591272 0.8721178 0.1583793 1.580103 0.8940641 0.1495936 1.597837 0.8777391 0.1726803 1.548207 0.8983513 0.1791927 1.565129 0.8976641 0.2011564 1.545861 0.8797425 0.2008209 1.563347 0.8835303 0.2149886 1.559181 0.8519446 0.2113268 1.573464 0.8624171 0.2025411 1.591197 0.8460922 0.1651501 1.559536 0.8499184 0.1817277 1.606172 0.8424923 0.1600995 1.607954 0.8566262 0.1495936 1.597837 0.8777391 0.1583793 1.580103 0.8940641 0.1791927 1.565129 0.8976641 0.2008209 1.563347 0.8835303 0.2113268 1.573464 0.8624171 0.1475418 1.604592 0.8443201 0.1760178 1.602245 0.8257113 0.1337095 1.591272 0.8721178 0.145277 1.567923 0.8936116 0.1337095 1.591272 0.8721178 0.1726803 1.548207 0.8983513 0.2011564 1.545861 0.8797425 0.2149886 1.559181 0.8519446 0.2034212 1.58253 0.830451 0.622498 1.007822 0.3385018 0.6373812 0.9764385 0.3763262 0.6373695 0.9562127 0.3352178 0.6373765 1.034135 0.3799902 0.6373611 1.059424 0.3417722 0.6373495 1.039198 0.3006638 0.6373541 0.9815012 0.2969999 0.7003665 0.9371225 0.3832033 0.7003511 0.9243045 0.3331642 0.7003734 0.9769384 0.4161546 0.7003692 1.028544 0.4194319 0.7003555 1.072227 0.3917831 0.7003375 1.091303 0.3437694 0.7003221 1.078485 0.2937303 0.7003152 1.03867 0.260779 0.7003194 0.987064 0.2575019 0.7003331 0.9433804 0.2851506 0.763337 0.9641062 0.3660873 0.7633275 0.9561842 0.3351614 0.7003665 0.9371225 0.3832033 0.7003511 0.9243045 0.3331642 0.7633413 0.9887137 0.3864522 0.7003734 0.9769384 0.4161546 0.7633388 1.020608 0.3884776 0.7003692 1.028544 0.4194319 0.7633302 1.047606 0.3713898 0.7003555 1.072227 0.3917831 0.7633191 1.059395 0.3417158 0.7003375 1.091303 0.3437694 0.7633095 1.051473 0.3107898 0.7003221 1.078485 0.2937303 0.7633054 1.026866 0.2904249 0.7003152 1.03867 0.260779 0.7633079 0.9949717 0.2883995 0.7003194 0.987064 0.2575019 0.7633163 0.9679738 0.3054873 0.7003331 0.9433804 0.2851506 0.7781906 1.007786 0.3384319 0.752972 0.9618129 0.3377338 0.7529774 0.8872762 0.3326467 0.7218527 0.9592167 0.3898847 0.7218582 0.88468 0.3847974 0.6773135 0.9592257 0.3899106 0.6773191 0.884689 0.3848233 0.646167 0.9618343 0.337796 0.6461726 0.8872976 0.3327088 0.6772856 0.9629907 0.2830668 0.6772911 0.8884541 0.2779796 0.7218247 0.9629818 0.2830408 0.7218303 0.888445 0.2779535 0.7218247 0.9629818 0.2830408 0.7218303 0.888445 0.2779535 0.7529774 0.8872762 0.3326467 0.7381497 0.8837053 0.3323233 0.7218582 0.88468 0.3847974 0.6995851 0.8817557 0.3696945 0.6773191 0.884689 0.3848233 0.6461726 0.8872976 0.3327088 0.661001 0.8837206 0.3323682 0.6772911 0.8884541 0.2779796 0.683479 0.8842337 0.2924279 0.7218303 0.888445 0.2779535 0.715651 0.8842272 0.2924091 0.7218303 0.888445 0.2779535 0.715651 0.8842272 0.2924091 0.6808882 0.727818 0.4030121 0.6779108 0.7235617 0.4513769 0.7183675 0.7278106 0.4029973 0.7213666 0.723553 0.4513596 0.6478708 0.776975 0.4543942 0.6549181 0.7800386 0.4077457 0.6779019 0.8277603 0.4573795 0.6808803 0.8311213 0.4132668 0.7213578 0.8277516 0.4573622 0.7183596 0.8311138 0.4132519 0.7513978 0.7769542 0.454353 0.74433 0.7800207 0.4077101 0.7213666 0.723553 0.4513596 0.7183675 0.7278106 0.4029973 0.6995894 0.8557779 0.3720023 0.6995851 0.8817557 0.3696945 0.7372555 0.8384101 0.3330527 0.7381497 0.8837053 0.3323233 0.6619071 0.8384253 0.3330827 0.661001 0.8837206 0.3323682 0.6838312 0.8295071 0.2981406 0.683479 0.8842337 0.2924279 0.7153143 0.8295008 0.2981281 0.715651 0.8842272 0.2924091 0.7153143 0.8295008 0.2981281 0.715651 0.8842272 0.2924091 0.6996099 0.8223519 0.4051698 0.6995988 0.8297057 0.3835271 0.7372622 0.7816639 0.4020119 0.7372572 0.798083 0.3592088 0.6619654 0.781679 0.402042 0.6619346 0.7980983 0.3592388 0.6838655 0.7394148 0.3986949 0.6838464 0.7661419 0.3414647 0.7153684 0.7394084 0.3986823 0.7153394 0.7661356 0.3414521 0.7153684 0.7394084 0.3986823 0.7153394 0.7661356 0.3414521 0.6838655 0.7394148 0.3986949 0.7153684 0.7394084 0.3986823 0.6619654 0.781679 0.402042 0.6996099 0.8223519 0.4051698 0.7372622 0.7816639 0.4020119 0.7153684 0.7394084 0.3986823 0.7367088 0.9372658 0.6499559 0.758058 0.9109066 0.6162127 0.753908 0.8557607 0.7391354 0.7836006 0.8236729 0.698058 0.6996921 0.946871 0.6622565 0.6997373 0.8702323 0.7576521 0.7531993 0.6604064 0.5724232 0.752088 0.6841999 0.6471413 0.7998076 0.7313911 0.5527788 0.8005064 0.7627896 0.6197186 0.7603094 0.848774 0.4708915 0.7366398 0.8461585 0.4351124 0.7857416 0.7173632 0.4781676 0.7510799 0.7182166 0.4267945 0.7998076 0.7313911 0.5527788 0.8005064 0.7627896 0.6197186 0.7716698 0.8639288 0.5467565 0.6996243 0.7193971 0.4052035 0.6996142 0.8438622 0.4198617 0.638956 0.848797 0.4709405 0.7603094 0.848774 0.4708915 0.6276486 0.8639563 0.5468144 0.7716698 0.8639288 0.5467565 0.7857416 0.7173632 0.4781676 0.745107 0.6673235 0.4928025 0.7510799 0.7182166 0.4267945 0.7278718 0.6856499 0.4387503 0.6996243 0.7193971 0.4052035 0.7366398 0.8461585 0.4351124 0.6625996 0.8461725 0.4351421 0.6996142 0.8438622 0.4198617 0.6997246 0.6615388 0.6535059 0.7570737 0.7380024 0.7026517 0.6997396 0.7055386 0.7086923 0.7836006 0.8236729 0.698058 0.753908 0.8557607 0.7391354 0.7460835 0.8136894 0.7603825 0.6997373 0.8702323 0.7576521 0.6997492 0.8311294 0.7761896 0.6996977 0.6473703 0.5771121 0.6996679 0.6547091 0.4997687 0.6996445 0.6750917 0.4441331 0.7196471 0.5455721 0.7694492 0.6997925 0.5405038 0.7944356 0.7258522 0.6560825 0.790343 0.6997904 0.5985 0.8084843 0.6997752 0.7211192 0.8088958 0.6997492 0.8311294 0.7761896 0.7460835 0.8136894 0.7603825 0.6997877 0.4819687 0.7623297 0.7314528 0.5837562 0.7471742 0.7444092 0.6712024 0.7378165 0.7570737 0.7380024 0.7026517 0.7302119 0.5740812 0.7284202 0.7215509 0.5177092 0.7392277 0.6997833 0.4638895 0.7443232 0.6158411 0.8237048 0.6981256 0.6413006 0.9109289 0.6162597 0.6455565 0.8557814 0.739179 0.6626685 0.9372799 0.6499858 0.758058 0.9109066 0.6162127 0.6413006 0.9109289 0.6162597 0.6461894 0.6604268 0.5724664 0.5995486 0.7314292 0.5528593 0.6473506 0.6842198 0.6471836 0.5988919 0.762828 0.6197998 0.638956 0.848797 0.4709405 0.6135623 0.717396 0.4782369 0.6625996 0.8461725 0.4351421 0.6481854 0.7182362 0.426836 0.5995486 0.7314292 0.5528593 0.6276486 0.8639563 0.5468144 0.5988919 0.762828 0.6197998 0.6996243 0.7193971 0.4052035 0.6996142 0.8438622 0.4198617 0.6135623 0.717396 0.4782369 0.6542202 0.6673408 0.492839 0.6481854 0.7182362 0.426836 0.6714105 0.6856606 0.438773 0.7367088 0.9372658 0.6499559 0.6626685 0.9372799 0.6499858 0.6996921 0.946871 0.6622565 0.6423929 0.7380244 0.7026979 0.6158411 0.8237048 0.6981256 0.6455565 0.8557814 0.739179 0.6534075 0.813707 0.7604199 0.6779984 0.5177173 0.7392452 0.7215509 0.5177092 0.7392277 0.669315 0.5740928 0.7284447 0.7302119 0.5740812 0.7284202 0.6680858 0.5837684 0.7471997 0.7314528 0.5837562 0.7471742 0.6551005 0.6712194 0.7378526 0.7444092 0.6712024 0.7378165 0.6997396 0.7055386 0.7086923 0.6799177 0.5455797 0.7694653 0.6737005 0.6560925 0.790364 0.6997925 0.5405038 0.7944356 0.6997904 0.5985 0.8084843 0.6997752 0.7211192 0.8088958 0.6997492 0.8311294 0.7761896 0.6534075 0.813707 0.7604199 0.6997877 0.4819687 0.7623297 0.6680858 0.5837684 0.7471997 0.6551005 0.6712194 0.7378526 0.6423929 0.7380244 0.7026979 0.7302119 0.5740812 0.7284202 0.7314528 0.5837562 0.7471742 0.669315 0.5740928 0.7284447 0.6680858 0.5837684 0.7471997 0.669315 0.5740928 0.7284447 0.6779984 0.5177173 0.7392452 0.6997833 0.4638895 0.7443232 0.6997833 0.4638895 0.7443232 0.7570737 0.7380024 0.7026517 0.6423929 0.7380244 0.7026979 0.3136443 0.6807124 -1.01089e-5 0.2731178 0.8550455 -0.2800867 0.2778244 0.6779427 -0.3179202 0.2730062 0.9349604 0.1510949 0.2730107 0.9763062 -1.01566e-5 0.2730346 0.8548922 0.2795121 0.2777748 0.4026291 0.158715 0.2777515 0.5164383 0.2792092 0.2777996 0.3552097 -1.01089e-5 0.2778286 0.516614 -0.2795503 0.2777368 0.6777428 0.3174775 0.21835 0.6192895 0.3473827 0.2183424 0.7418936 0.347344 0.2183632 0.5040923 0.3054904 0.2183806 0.4101967 0.2267197 0.2183998 0.3489281 0.1205717 0.2184187 0.327676 -1.00136e-5 0.2778187 0.4027291 -0.1589839 0.2184349 0.349004 -0.1208864 0.2184466 0.4103392 -0.2270733 0.2184522 0.5042845 -0.3059034 0.2184512 0.6195079 -0.3478686 0.2184436 0.7421126 -0.3479075 0.2183968 0.6807008 -1.01089e-5 0.2184436 0.7421126 -0.3479075 0.2184303 0.8573095 -0.3095595 0.2184034 0.9818393 -0.1741701 0.2183749 1.033726 -1.01328e-5 0.2183528 0.9817299 0.1734554 0.2183414 0.8571169 0.3089243 0.2183424 0.7418936 0.347344 0.21835 0.6192895 0.3473827 0.2183632 0.5040923 0.3054904 0.2183806 0.4101967 0.2267197 0.2183998 0.3489281 0.1205717 0.2184187 0.327676 -1.00136e-5 0.2184349 0.349004 -0.1208864 0.2184466 0.4103392 -0.2270733 0.2184522 0.5042845 -0.3059034 0.2184512 0.6195079 -0.3478686 0.3811823 0.9654002 0.2811514 0.2730346 0.8548922 0.2795121 0.3130521 1.001976 0.3018581 0.2183414 0.8571169 0.3089243 0.2184034 0.9818393 -0.1741701 0.2184303 0.8573095 -0.3095595 0.3131319 1.121705 -0.2634333 0.3131406 1.001976 -0.3026531 0.2184303 0.8573095 -0.3095595 0.2731178 0.8550455 -0.2800867 0.3131406 1.001976 -0.3026531 0.3812645 0.9653999 -0.2818944 0.2730537 0.9350475 -0.1517431 0.2730107 0.9763062 -1.01566e-5 0.3812109 1.089442 -0.1372588 0.3832924 1.548129 -0.274194 0.3812109 1.089442 -0.1372588 0.3832113 1.547961 0.2732658 0.3811703 1.089442 0.1364711 0.2731178 0.8550455 -0.2800867 0.3812645 0.9653999 -0.2818944 0.3811823 0.9654002 0.2811514 0.2183749 1.033726 -1.01328e-5 0.313055 1.121705 0.2626087 0.2183528 0.9817299 0.1734554 0.2183414 0.8571169 0.3089243 0.3130521 1.001976 0.3018581 0.2184303 0.8573095 -0.3095595 0.2183414 0.8571169 0.3089243 0.2730537 0.9350475 -0.1517431 0.3832113 1.547961 0.2732658 0.3147712 1.546828 0.2961685 0.3131319 1.121705 -0.2634333 0.3131406 1.001976 -0.3026531 0.3148591 1.547011 -0.2971495 0.3148591 1.547011 -0.2971495 0.3832924 1.548129 -0.274194 0.3811703 1.089442 0.1364711 0.2730062 0.9349604 0.1510949 0.3812645 0.9653999 -0.2818944 0.2730346 0.8548922 0.2795121 0.3811823 0.9654002 0.2811514 0.3147712 1.546828 0.2961685 0.313055 1.121705 0.2626087 0.3130521 1.001976 0.3018581 0.07286542 0.8011845 -0.2037692 0.07286524 0.683186 -0.236387 0.1232144 0.8011845 -0.2037692 0.1232143 0.6831861 -0.2363869 0.0728656 0.8870651 -0.1165223 0.1232147 0.8870651 -0.1165223 0.07286572 0.9178165 1.0972e-4 0.1232149 0.9178164 1.0972e-4 0.07286584 0.8851986 0.1199744 0.07286572 0.9178165 1.0972e-4 0.1232148 0.8851985 0.1199743 0.1232149 0.9178164 1.0972e-4 0.07286578 0.7979515 0.205855 0.1232149 0.7979516 0.205855 0.07286572 0.6794531 0.2366064 0.1232149 0.6794531 0.2366063 0.07286554 0.5614547 0.2039886 0.1232147 0.5614547 0.2039886 0.07286536 0.475574 0.1167416 0.1232144 0.475574 0.1167416 0.07286524 0.4448225 1.09768e-4 0.1232144 0.4448225 1.09768e-4 0.07286512 0.4774404 -0.1197549 0.1232143 0.4774402 -0.119755 0.07286512 0.5646873 -0.2056356 0.1232142 0.5646873 -0.2056355 0.1961023 0.6828127 -0.1890878 0.19444 0.6817121 -0.04963374 0.1961023 0.8115637 -0.1280948 0.1944401 0.715563 -0.03359752 0.1961025 0.870517 1.0972e-4 0.1944402 0.7310629 1.0972e-4 0.1961025 0.8095239 0.1303537 0.1944402 0.7150267 0.03435313 0.1961025 0.6798263 0.189307 0.1944401 0.6809269 0.04985302 0.1961023 0.5510754 0.128314 0.1944401 0.6470759 0.03381681 0.1961022 0.4921219 1.09673e-4 0.1944401 0.631576 1.09768e-4 0.1961021 0.553115 -0.1301343 0.19444 0.6476122 -0.03413385 0.0741654 0.7871591 -0.1040723 -1.61246e-7 0.7871592 -0.1040722 0.07416522 0.682533 -0.1536368 -1.61246e-7 0.682533 -0.1536366 0.07416522 0.682533 -0.1536368 -1.61246e-7 0.682533 -0.1536366 0.0741651 0.5771374 -0.1057298 -1.61246e-7 0.5771375 -0.1057297 0.0741651 0.5771374 -0.1057298 -1.61246e-7 0.5771375 -0.1057297 0.07416522 0.5275731 1.09768e-4 -1.61246e-7 0.5275731 1.09768e-4 0.07416522 0.5275731 1.09768e-4 -1.61246e-7 0.5275731 1.09768e-4 0.0741654 0.5754799 0.1042917 -1.61246e-7 0.57548 0.1042918 0.0741654 0.5754799 0.1042917 -1.61246e-7 0.57548 0.1042918 0.07416546 0.6801062 0.1538562 -1.61246e-7 0.6801062 0.1538562 0.07416546 0.6801062 0.1538562 -1.61246e-7 0.6801062 0.1538562 0.07416564 0.7855016 0.1059492 -1.61246e-7 0.7855016 0.1059492 0.07416564 0.7855016 0.1059492 -1.61246e-7 0.7855016 0.1059492 0.07416552 0.835066 1.09768e-4 -1.61246e-7 0.835066 1.0972e-4 0.07416552 0.835066 1.09768e-4 -1.61246e-7 0.835066 1.0972e-4 0.0741654 0.7871591 -0.1040723 -1.61246e-7 0.7871592 -0.1040722 0.19444 0.6817121 -0.04963374 0.270628 0.681712 -0.04963374 0.1944401 0.715563 -0.03359752 0.270628 0.7155629 -0.03359764 0.1944402 0.7310629 1.0972e-4 0.270628 0.7310628 1.09673e-4 0.1944402 0.7150267 0.03435313 0.2706281 0.7150267 0.03435301 0.1944402 0.7150267 0.03435313 0.2706281 0.7150267 0.03435301 0.1944401 0.6809269 0.04985302 0.2706282 0.6809268 0.0498529 0.1944401 0.6470759 0.03381681 0.270628 0.6470758 0.03381681 0.1944401 0.631576 1.09768e-4 0.2706279 0.631576 1.09768e-4 0.19444 0.6476122 -0.03413385 0.2706279 0.6476121 -0.03413385 0.1961023 0.8115637 -0.1280948 0.1232146 0.8115635 -0.1280947 0.1961023 0.6828127 -0.1890878 0.1232144 0.6828127 -0.1890878 0.1961025 0.870517 1.0972e-4 0.1232148 0.870517 1.0972e-4 0.1961025 0.8095239 0.1303537 0.1232149 0.809524 0.1303537 0.1961025 0.870517 1.0972e-4 0.1232148 0.870517 1.0972e-4 0.1961025 0.6798263 0.189307 0.1232147 0.6798264 0.189307 0.1961023 0.5510754 0.128314 0.1232146 0.5510754 0.128314 0.1961022 0.4921219 1.09673e-4 0.1232144 0.492122 1.09673e-4 0.1961021 0.553115 -0.1301343 0.1232144 0.5531149 -0.1301343 0.07416522 0.682533 -0.1536368 0.07286524 0.683186 -0.236387 0.0741654 0.7871591 -0.1040723 0.07286542 0.8011845 -0.2037692 0.0728656 0.8870651 -0.1165223 0.07416552 0.835066 1.09768e-4 0.07286572 0.9178165 1.0972e-4 0.07416564 0.7855016 0.1059492 0.07286584 0.8851986 0.1199744 0.07286578 0.7979515 0.205855 0.07416546 0.6801062 0.1538562 0.07286572 0.6794531 0.2366064 0.0741654 0.5754799 0.1042917 0.07286554 0.5614547 0.2039886 0.07286536 0.475574 0.1167416 0.07416522 0.5275731 1.09768e-4 0.07286524 0.4448225 1.09768e-4 0.0741651 0.5771374 -0.1057298 0.07286512 0.4774404 -0.1197549 0.07286512 0.5646873 -0.2056356 0.1232146 0.8115635 -0.1280947 0.1232144 0.8011845 -0.2037692 0.1232144 0.6828127 -0.1890878 0.1232143 0.6831861 -0.2363869 0.1232144 0.6828127 -0.1890878 0.1232143 0.6831861 -0.2363869 0.1232144 0.5531149 -0.1301343 0.1232142 0.5646873 -0.2056355 0.1232143 0.4774402 -0.119755 0.1232144 0.5531149 -0.1301343 0.1232143 0.4774402 -0.119755 0.1232144 0.492122 1.09673e-4 0.1232144 0.4448225 1.09768e-4 0.1232144 0.492122 1.09673e-4 0.1232144 0.4448225 1.09768e-4 0.1232146 0.5510754 0.128314 0.1232144 0.475574 0.1167416 0.1232147 0.5614547 0.2039886 0.1232146 0.5510754 0.128314 0.1232147 0.5614547 0.2039886 0.1232147 0.6798264 0.189307 0.1232149 0.6794531 0.2366063 0.1232149 0.809524 0.1303537 0.1232149 0.7979516 0.205855 0.1232149 0.809524 0.1303537 0.1232149 0.7979516 0.205855 0.1232148 0.8851985 0.1199743 0.1232148 0.870517 1.0972e-4 0.1232149 0.9178164 1.0972e-4 0.1232148 0.870517 1.0972e-4 0.1232149 0.9178164 1.0972e-4 0.1232146 0.8115635 -0.1280947 0.1232147 0.8870651 -0.1165223 0.1232147 0.8870651 -0.1165223 -0.07286572 0.8011845 -0.2037692 -0.1232148 0.8011845 -0.2037692 -0.07286554 0.683186 -0.236387 -0.1232147 0.6831861 -0.2363869 -0.07286596 0.8870651 -0.1165223 -0.1232151 0.8870651 -0.1165223 -0.07286608 0.9178165 1.0972e-4 -0.1232151 0.9178164 1.0972e-4 -0.07286614 0.8851986 0.1199744 -0.1232151 0.8851985 0.1199743 -0.07286608 0.9178165 1.0972e-4 -0.1232151 0.9178164 1.0972e-4 -0.07286608 0.7979515 0.205855 -0.1232152 0.7979516 0.205855 -0.07286608 0.6794531 0.2366064 -0.1232152 0.6794531 0.2366063 -0.07286584 0.5614547 0.2039886 -0.123215 0.5614547 0.2039886 -0.07286566 0.475574 0.1167416 -0.1232147 0.475574 0.1167416 -0.07286554 0.4448225 1.09768e-4 -0.1232147 0.4448225 1.09768e-4 -0.07286542 0.4774404 -0.1197549 -0.1232146 0.4774402 -0.119755 -0.07286548 0.5646874 -0.2056356 -0.1232146 0.5646874 -0.2056355 -0.1961026 0.6828127 -0.1890878 -0.1961027 0.8115637 -0.1280948 -0.1944404 0.6817121 -0.04963374 -0.1944404 0.715563 -0.03359752 -0.1961028 0.870517 1.0972e-4 -0.1944406 0.7310629 1.0972e-4 -0.1961028 0.8095239 0.1303537 -0.1944405 0.7150267 0.03435313 -0.1961028 0.6798263 0.189307 -0.1944405 0.6809269 0.04985302 -0.1961027 0.5510754 0.128314 -0.1944404 0.6470759 0.03381681 -0.1961025 0.4921219 1.09673e-4 -0.1944404 0.631576 1.09768e-4 -0.1961024 0.553115 -0.1301343 -0.1944403 0.6476122 -0.03413385 -0.07416576 0.7871591 -0.1040723 -0.07416558 0.682533 -0.1536368 -1.61246e-7 0.7871592 -0.1040722 -1.61246e-7 0.682533 -0.1536366 -0.07416558 0.682533 -0.1536368 -0.0741654 0.5771374 -0.1057298 -1.61246e-7 0.682533 -0.1536366 -1.61246e-7 0.5771375 -0.1057297 -0.0741654 0.5771374 -0.1057298 -0.07416552 0.5275731 1.09768e-4 -1.61246e-7 0.5771375 -0.1057297 -1.61246e-7 0.5275731 1.09768e-4 -0.07416552 0.5275731 1.09768e-4 -0.07416576 0.5754799 0.1042917 -1.61246e-7 0.5275731 1.09768e-4 -1.61246e-7 0.57548 0.1042918 -0.07416576 0.5754799 0.1042917 -0.07416576 0.6801062 0.1538562 -1.61246e-7 0.57548 0.1042918 -1.61246e-7 0.6801062 0.1538562 -0.07416576 0.6801062 0.1538562 -0.07416594 0.7855016 0.1059492 -1.61246e-7 0.6801062 0.1538562 -1.61246e-7 0.7855016 0.1059492 -0.07416594 0.7855016 0.1059492 -0.07416588 0.835066 1.09768e-4 -1.61246e-7 0.7855016 0.1059492 -1.61246e-7 0.835066 1.0972e-4 -0.07416588 0.835066 1.09768e-4 -0.07416576 0.7871591 -0.1040723 -1.61246e-7 0.835066 1.0972e-4 -1.61246e-7 0.7871592 -0.1040722 -0.1944404 0.6817121 -0.04963374 -0.1944404 0.715563 -0.03359752 -0.2706283 0.681712 -0.04963374 -0.2706283 0.7155629 -0.03359764 -0.1944406 0.7310629 1.0972e-4 -0.2706284 0.7310628 1.09673e-4 -0.1944405 0.7150267 0.03435313 -0.2706284 0.7150267 0.03435301 -0.1944405 0.7150267 0.03435313 -0.1944405 0.6809269 0.04985302 -0.2706284 0.7150267 0.03435301 -0.2706285 0.6809268 0.0498529 -0.1944404 0.6470759 0.03381681 -0.2706284 0.6470758 0.03381681 -0.1944404 0.631576 1.09768e-4 -0.2706282 0.631576 1.09768e-4 -0.1944403 0.6476122 -0.03413385 -0.2706283 0.6476121 -0.03413385 -0.1961027 0.8115637 -0.1280948 -0.1961026 0.6828127 -0.1890878 -0.123215 0.8115635 -0.1280947 -0.1232148 0.6828127 -0.1890878 -0.1961028 0.870517 1.0972e-4 -0.1232151 0.870517 1.0972e-4 -0.1961028 0.8095239 0.1303537 -0.1961028 0.870517 1.0972e-4 -0.1232152 0.809524 0.1303537 -0.1232151 0.870517 1.0972e-4 -0.1961028 0.6798263 0.189307 -0.1232151 0.6798264 0.189307 -0.1961027 0.5510754 0.128314 -0.123215 0.5510754 0.128314 -0.1961025 0.4921219 1.09673e-4 -0.1232147 0.492122 1.09673e-4 -0.1961024 0.553115 -0.1301343 -0.1232147 0.5531149 -0.1301343 -0.07416558 0.682533 -0.1536368 -0.07416576 0.7871591 -0.1040723 -0.07286554 0.683186 -0.236387 -0.07286572 0.8011845 -0.2037692 -0.07286596 0.8870651 -0.1165223 -0.07416588 0.835066 1.09768e-4 -0.07286608 0.9178165 1.0972e-4 -0.07416594 0.7855016 0.1059492 -0.07286614 0.8851986 0.1199744 -0.07286608 0.7979515 0.205855 -0.07416576 0.6801062 0.1538562 -0.07286608 0.6794531 0.2366064 -0.07416576 0.5754799 0.1042917 -0.07286584 0.5614547 0.2039886 -0.07286566 0.475574 0.1167416 -0.07416552 0.5275731 1.09768e-4 -0.07286554 0.4448225 1.09768e-4 -0.0741654 0.5771374 -0.1057298 -0.07286542 0.4774404 -0.1197549 -0.07286548 0.5646874 -0.2056356 -0.123215 0.8115635 -0.1280947 -0.1232148 0.6828127 -0.1890878 -0.1232148 0.8011845 -0.2037692 -0.1232147 0.6831861 -0.2363869 -0.1232148 0.6828127 -0.1890878 -0.1232147 0.5531149 -0.1301343 -0.1232147 0.6831861 -0.2363869 -0.1232146 0.5646874 -0.2056355 -0.1232146 0.4774402 -0.119755 -0.1232147 0.5531149 -0.1301343 -0.1232147 0.492122 1.09673e-4 -0.1232146 0.4774402 -0.119755 -0.1232147 0.4448225 1.09768e-4 -0.1232147 0.492122 1.09673e-4 -0.123215 0.5510754 0.128314 -0.1232147 0.4448225 1.09768e-4 -0.1232147 0.475574 0.1167416 -0.123215 0.5614547 0.2039886 -0.123215 0.5510754 0.128314 -0.1232151 0.6798264 0.189307 -0.123215 0.5614547 0.2039886 -0.1232152 0.6794531 0.2366063 -0.1232152 0.809524 0.1303537 -0.1232152 0.7979516 0.205855 -0.1232152 0.809524 0.1303537 -0.1232151 0.8851985 0.1199743 -0.1232152 0.7979516 0.205855 -0.1232151 0.870517 1.0972e-4 -0.1232151 0.9178164 1.0972e-4 -0.1232151 0.870517 1.0972e-4 -0.123215 0.8115635 -0.1280947 -0.1232151 0.9178164 1.0972e-4 -0.1232151 0.8870651 -0.1165223 -0.1232151 0.8870651 -0.1165223 0.03935557 1.070701 0.05666661 0.03935563 1.070865 -0.0556544 0.03934377 0.7964926 0.05386972 0.03934389 0.7966467 -0.05223131 -1.61246e-7 0.7966603 -0.06072562 -1.61246e-7 1.057373 -0.06626176 0.05214774 1.101121 0.07023549 0.05214786 1.101323 -0.0689736 -1.61246e-7 1.082246 0.07995074 -1.61246e-7 1.057178 0.06742185 -1.61246e-7 0.796483 0.06115186 -1.61246e-7 1.082477 -0.07874375 -0.03935587 1.070701 0.05666661 -0.03934407 0.7964926 0.05386972 -0.03935599 1.070865 -0.0556544 -0.03934419 0.7966467 -0.05223131 -1.61246e-7 0.7966603 -0.06072562 -1.61246e-7 1.057373 -0.06626176 -0.0521481 1.101121 0.07023549 -0.05214816 1.101323 -0.0689736 -1.61246e-7 1.082246 0.07995074 -1.61246e-7 1.057178 0.06742185 -1.61246e-7 0.796483 0.06115186 -1.61246e-7 1.082477 -0.07874375 0.03933161 0.5345532 -0.3655368 0.0393272 0.4371986 -0.3095178 0.03933745 0.6693172 -0.1272568 0.0393328 0.5773539 -0.07433992 -1.61246e-7 0.5699937 -0.07010418 -1.61246e-7 0.4347611 -0.2925341 0.05212217 0.5292143 -0.4009459 0.05211675 0.4085546 -0.3315168 -1.61246e-7 0.5489374 -0.3871866 -1.61246e-7 0.550628 -0.3592031 -1.61246e-7 0.6756299 -0.1308884 -1.61246e-7 0.4113905 -0.3080433 -0.03933191 0.5345532 -0.3655368 -0.03933781 0.6693172 -0.1272568 -0.0393275 0.4371986 -0.3095178 -0.03933316 0.5773539 -0.07433992 -1.61246e-7 0.5699937 -0.07010418 -1.61246e-7 0.4347611 -0.2925341 -0.05212253 0.5292143 -0.4009459 -0.05211704 0.4085546 -0.3315168 -1.61246e-7 0.5489374 -0.3871866 -1.61246e-7 0.550628 -0.3592031 -1.61246e-7 0.6756299 -0.1308884 -1.61246e-7 0.4113905 -0.3080433 0.03932672 0.4364365 0.3105458 0.03933113 0.5336277 0.3668479 0.03933262 0.5760447 0.07344341 0.03933727 0.667854 0.1266275 -1.61246e-7 0.6752052 0.1308855 -1.61246e-7 0.5495586 0.3604673 0.05211621 0.406652 0.3314992 0.05212169 0.5271094 0.4012792 -1.61246e-7 0.4104894 0.3089122 -1.61246e-7 0.4338865 0.2934613 -1.61246e-7 0.569746 0.06979376 -1.61246e-7 0.5478056 0.3884553 -0.03932708 0.4364365 0.3105458 -0.03933292 0.5760447 0.07344341 -0.03933143 0.5336277 0.3668479 -0.03933757 0.667854 0.1266275 -1.61246e-7 0.6752052 0.1308855 -1.61246e-7 0.5495586 0.3604673 -0.05211657 0.406652 0.3314992 -0.05212199 0.5271094 0.4012792 -1.61246e-7 0.4104894 0.3089122 -1.61246e-7 0.4338865 0.2934613 -1.61246e-7 0.569746 0.06979376 -1.61246e-7 0.5478056 0.3884553 -1.61246e-7 1.366411 0.001977384 -1.61246e-7 1.343412 -0.1747049 0.1864677 1.333632 0.001928448 0.186465 1.311738 -0.1662699 -1.61246e-7 1.275468 -0.3394143 0.1864606 1.247056 -0.3230704 -1.61246e-7 1.167208 -0.4809262 0.1864547 1.143995 -0.4577866 -1.61246e-7 1.026012 -0.5895966 0.1864479 1.009579 -0.5612392 -1.61246e-7 0.8615012 -0.65802 0.1864404 0.8529672 -0.6263768 -1.61246e-7 0.506287 0.6599887 -1.61246e-7 0.6829016 0.6835021 0.1864389 0.5148099 0.6283431 0.1864464 0.6829437 0.6507273 -1.61246e-7 0.8595837 0.6605027 0.1864534 0.8511419 0.6288323 -1.61246e-7 1.024293 0.5925586 0.1864595 1.007942 0.5641508 -1.61246e-7 1.165804 0.4842996 0.1864642 1.142659 0.4610902 -1.61246e-7 1.274475 0.3431032 0.1864672 1.246111 0.3266741 -1.61246e-7 1.342898 0.1785923 0.1864684 1.311248 0.1700626 -1.61246e-7 1.366411 0.001977384 0.1864677 1.333632 0.001928448 0.2744635 1.250752 0.001807272 0.2744612 1.23165 -0.1449367 0.2744573 1.175218 -0.2817365 0.2744522 1.085304 -0.3992693 0.2744463 0.9680328 -0.4895257 0.2744397 0.8313978 -0.546355 0.186433 0.6848334 -0.6487609 0.2744333 0.6847102 -0.565884 0.1864259 0.5166351 -0.6268663 0.2744271 0.5379664 -0.5467817 0.1864199 0.359835 -0.5621844 0.2744218 0.4011667 -0.4903504 0.1864151 0.2251186 -0.4591237 0.2744176 0.2836342 -0.4004355 0.186412 0.1216663 -0.3247073 0.274415 0.1933777 -0.2831649 0.1864109 0.0565288 -0.168096 0.274414 0.1365486 -0.1465301 0.1864117 0.03414493 3.78609e-5 0.2744147 0.1170198 1.57833e-4 0.1864143 0.05603981 0.168236 0.2744171 0.1361221 0.1469016 0.1864188 0.1207214 0.3250362 0.2744208 0.1925535 0.2837014 0.1864246 0.2237823 0.459753 0.2744259 0.2824684 0.4012343 0.1864315 0.3581985 0.5632054 0.274432 0.3997391 0.4914907 0.2744385 0.536374 0.54832 0.274445 0.6830617 0.5678489 0.2744511 0.8298052 0.5487471 0.2744564 0.9666052 0.4923158 0.2744605 1.084138 0.4024009 0.2744632 1.174394 0.2851301 0.2744642 1.231223 0.1484951 0.2744635 1.250752 0.001807272 -1.61246e-7 0.6848865 -0.6815316 -1.61246e-7 0.5082049 -0.6585314 -1.61246e-7 0.3434969 -0.5905861 -1.61246e-7 0.2019867 -0.4823271 -1.61246e-7 0.0933178 -0.3411318 -1.61246e-7 0.02489525 -0.1766218 -1.61246e-7 0.001382589 -8.58307e-6 -1.61246e-7 0.02438104 0.1766723 -1.61246e-7 0.09232443 0.3413811 -1.61246e-7 0.2005819 0.4828928 -1.61246e-7 0.3417769 0.5915637 0.2979394 1.126343 -0.1850773 0.2979394 1.163157 0 0.2979394 1.021505 -0.3419785 0.2979394 0.8646038 -0.4468163 0.2979394 0.6795263 -0.4836306 0.2979394 0.494449 -0.4468165 0.2979393 0.3375478 -0.3419787 0.2979394 0.2327098 -0.1850774 0.2979394 0.1958956 0 0.2979394 0.2327098 0.1850776 0.2979394 0.3375478 0.3419787 0.2979394 0.4944488 0.4468168 0.2979394 0.6795263 0.4836308 0.2979394 0.8646038 0.4468168 0.2979395 1.021505 0.3419787 0.2979394 1.126343 0.1850776 0.2979394 1.163157 0 -1.61246e-7 0.6795263 -0.4162062 -1.61246e-7 0.8388016 -0.3845244 0.2753517 0.6795263 -0.4527418 0.2753516 0.8527832 -0.4182789 -1.61246e-7 0.9738285 -0.2943021 0.2753517 0.9996632 -0.3201367 -1.61246e-7 1.064051 -0.159275 0.2753518 1.097805 -0.1732566 -1.61246e-7 1.095733 0 0.2753517 1.132268 1.19209e-7 -1.61246e-7 1.095733 0 -1.61246e-7 1.064051 0.1592754 0.2753517 1.132268 1.19209e-7 0.2753517 1.097805 0.1732569 -1.61246e-7 0.9738286 0.2943024 0.2753518 0.9996632 0.320137 -1.61246e-7 0.8388016 0.3845245 0.2753517 0.8527832 0.4182791 -1.61246e-7 0.6795263 0.4162063 0.2753517 0.6795265 0.452742 -1.61246e-7 0.5202513 0.3845245 0.2753518 0.5062696 0.4182791 -1.61246e-7 0.3852242 0.2943025 0.2753517 0.3593895 0.3201372 -1.61246e-7 0.295002 0.1592754 0.2753516 0.2612475 0.1732569 -1.61246e-7 0.2633202 0 0.2753517 0.2267844 0 -1.61246e-7 0.295002 -0.1592751 0.2753517 0.2612473 -0.1732568 -1.61246e-7 0.3852242 -0.2943023 0.2753516 0.3593895 -0.320137 -1.61246e-7 0.5202513 -0.3845244 0.2753517 0.5062696 -0.418279 -1.61246e-7 1.366411 0.001977384 -0.186468 1.333632 0.001928448 -1.61246e-7 1.343412 -0.1747049 -0.1864653 1.311738 -0.1662699 -1.61246e-7 1.275468 -0.3394143 -0.1864609 1.247056 -0.3230704 -1.61246e-7 1.167208 -0.4809262 -0.186455 1.143995 -0.4577866 -1.61246e-7 1.026012 -0.5895966 -0.1864482 1.009579 -0.5612392 -1.61246e-7 0.8615012 -0.65802 -0.1864407 0.8529672 -0.6263768 -1.61246e-7 0.506287 0.6599887 -0.1864392 0.5148099 0.6283431 -1.61246e-7 0.6829016 0.6835021 -0.1864467 0.6829437 0.6507273 -1.61246e-7 0.8595837 0.6605027 -0.1864537 0.8511419 0.6288323 -1.61246e-7 1.024293 0.5925586 -0.1864598 1.007942 0.5641508 -1.61246e-7 1.165804 0.4842996 -0.1864646 1.142659 0.4610902 -1.61246e-7 1.274475 0.3431032 -0.1864676 1.246111 0.3266741 -1.61246e-7 1.342898 0.1785923 -0.1864688 1.311248 0.1700626 -1.61246e-7 1.366411 0.001977384 -0.186468 1.333632 0.001928448 -0.2744638 1.250752 0.001807272 -0.2744615 1.23165 -0.1449367 -0.2744577 1.175218 -0.2817365 -0.2744525 1.085304 -0.3992693 -0.2744466 0.9680328 -0.4895257 -0.27444 0.8313978 -0.546355 -0.1864333 0.6848334 -0.6487609 -0.2744336 0.6847102 -0.565884 -0.1864262 0.5166351 -0.6268663 -0.2744274 0.5379664 -0.5467817 -0.1864202 0.359835 -0.5621844 -0.2744222 0.4011667 -0.4903504 -0.1864154 0.2251186 -0.4591237 -0.274418 0.2836342 -0.4004355 -0.1864123 0.1216663 -0.3247073 -0.2744153 0.1933777 -0.2831649 -0.1864112 0.0565288 -0.168096 -0.2744143 0.1365486 -0.1465301 -0.186412 0.03414493 3.78609e-5 -0.2744151 0.1170198 1.57833e-4 -0.1864147 0.05603981 0.168236 -0.2744174 0.1361221 0.1469016 -0.1864191 0.1207214 0.3250362 -0.2744212 0.1925535 0.2837014 -0.1864249 0.2237823 0.459753 -0.2744262 0.2824684 0.4012343 -0.1864318 0.3581985 0.5632054 -0.2744323 0.3997391 0.4914907 -0.2744387 0.536374 0.54832 -0.2744454 0.6830617 0.5678489 -0.2744514 0.8298052 0.5487471 -0.2744567 0.9666052 0.4923158 -0.2744609 1.084138 0.4024009 -0.2744635 1.174394 0.2851301 -0.2744646 1.231223 0.1484951 -0.2744638 1.250752 0.001807272 -1.61246e-7 0.6848865 -0.6815316 -1.61246e-7 0.5082049 -0.6585314 -1.61246e-7 0.3434969 -0.5905861 -1.61246e-7 0.2019867 -0.4823271 -1.61246e-7 0.0933178 -0.3411318 -1.61246e-7 0.02489525 -0.1766218 -1.61246e-7 0.001382589 -8.58307e-6 -1.61246e-7 0.02438104 0.1766723 -1.61246e-7 0.09232443 0.3413811 -1.61246e-7 0.2005819 0.4828928 -1.61246e-7 0.3417769 0.5915637 -0.2979398 1.126343 -0.1850773 -0.2979398 1.163157 0 -0.2979397 1.021505 -0.3419785 -0.2979397 0.8646038 -0.4468163 -0.2979397 0.6795263 -0.4836306 -0.2979397 0.494449 -0.4468165 -0.2979397 0.3375478 -0.3419787 -0.2979397 0.2327098 -0.1850774 -0.2979397 0.1958956 0 -0.2979397 0.2327098 0.1850776 -0.2979397 0.3375478 0.3419787 -0.2979398 0.4944488 0.4468168 -0.2979398 0.6795263 0.4836308 -0.2979397 0.8646038 0.4468168 -0.2979398 1.021505 0.3419787 -0.2979397 1.126343 0.1850776 -0.2979398 1.163157 0 -1.61246e-7 0.6795263 -0.4162062 -0.275352 0.6795263 -0.4527418 -1.61246e-7 0.8388016 -0.3845244 -0.275352 0.8527832 -0.4182789 -1.61246e-7 0.9738285 -0.2943021 -0.275352 0.9996632 -0.3201367 -1.61246e-7 1.064051 -0.159275 -0.2753521 1.097805 -0.1732566 -1.61246e-7 1.095733 0 -0.2753521 1.132268 1.19209e-7 -1.61246e-7 1.095733 0 -0.2753521 1.132268 1.19209e-7 -1.61246e-7 1.064051 0.1592754 -0.2753521 1.097805 0.1732569 -1.61246e-7 0.9738286 0.2943024 -0.2753521 0.9996632 0.320137 -1.61246e-7 0.8388016 0.3845245 -0.2753521 0.8527832 0.4182791 -1.61246e-7 0.6795263 0.4162063 -0.2753521 0.6795265 0.452742 -1.61246e-7 0.5202513 0.3845245 -0.2753521 0.5062696 0.4182791 -1.61246e-7 0.3852242 0.2943025 -0.275352 0.3593895 0.3201372 -1.61246e-7 0.295002 0.1592754 -0.275352 0.2612475 0.1732569 -1.61246e-7 0.2633202 0 -0.275352 0.2267844 0 -1.61246e-7 0.295002 -0.1592751 -0.275352 0.2612473 -0.1732568 -1.61246e-7 0.3852242 -0.2943023 -0.275352 0.3593895 -0.320137 -1.61246e-7 0.5202513 -0.3845244 -0.275352 0.5062696 -0.418279 0.8860733 1.154887 -0.654886 0.8864086 1.170503 -0.8804576 0.8853725 1.018779 -0.6620596 0.885338 1.024392 -0.7935593 0.8683071 1.024392 -0.7935593 0.8672309 1.170503 -0.8804578 0.868273 1.018779 -0.6620596 0.8675724 1.154887 -0.654886 0.8860731 0.8826715 -0.6692332 0.8864083 0.8883278 -0.8952859 0.8672306 0.8883278 -0.8952861 0.8675721 0.8826715 -0.6692332 0.8864083 0.8883278 -0.8952859 0.8672306 0.8883278 -0.8952861 0.8860731 0.8826715 -0.6692332 0.8675721 0.8826715 -0.6692332 0.8860733 1.154887 -0.654886 0.8675724 1.154887 -0.654886 0.8864086 1.170503 -0.8804576 0.8672309 1.170503 -0.8804578 0.7328709 1.02247 -0.6704587 0.7277954 1.031471 -0.896396 0.8699489 1.020816 -0.6615715 0.8699698 1.025105 -0.7931707 0.8710276 1.008111 -0.7941586 0.7289867 1.012335 -0.8975013 0.871011 1.003754 -0.6625628 0.7340202 1.004009 -0.6715309 1.006927 1.021413 -0.6712296 1.011878 1.030375 -0.8971836 1.013069 1.011239 -0.898289 1.008077 1.002952 -0.6723021 1.011878 1.030375 -0.8971836 1.013069 1.011239 -0.898289 1.006927 1.021413 -0.6712296 1.008077 1.002952 -0.6723021 0.7328709 1.02247 -0.6704587 0.7340202 1.004009 -0.6715309 0.7277954 1.031471 -0.896396 0.7289867 1.012335 -0.8975013 0.9456849 0.9460584 -0.7671404 0.9698575 0.9154198 -0.6480445 0.980113 1.021486 -0.763164 1.015273 1.015108 -0.6421834 0.9698576 1.114609 -0.6369375 0.945685 1.096915 -0.7591873 0.8699433 1.161741 -0.6344526 0.8699433 1.132644 -0.7573036 0.8699433 1.161741 -0.6344526 0.7942015 1.096915 -0.7591873 0.7700291 1.114609 -0.6369375 0.7597735 1.021487 -0.7631638 0.7246134 1.015108 -0.6421833 0.770029 0.9156079 -0.6474292 0.7942014 0.9460586 -0.7671404 0.8699432 0.9103295 -0.7690243 0.8699433 0.868476 -0.6499142 0.9892845 1.101534 -0.972758 0.8699432 1.026989 -0.8675319 1.006333 1.032728 -0.9763856 0.9892845 0.9639217 -0.9800132 0.8699432 1.17034 -0.9691305 0.9381383 1.150682 -0.9701669 0.7506017 1.101534 -0.972758 0.801748 1.150682 -0.9701669 0.7506015 0.9639217 -0.9800132 0.7335528 1.032728 -0.9763852 0.869943 0.8951154 -0.9836406 0.8017478 0.9147744 -0.9826043 0.9381381 0.9147744 -0.9826043 0.9493518 0.9695374 0.2221808 1.015274 0.971527 0.1844437 0.9245368 0.9151707 0.2193145 0.9971076 0.8982108 0.1805782 0.9245368 1.023904 0.2250472 0.9971076 1.044843 0.1883091 0.942609 1.097212 0.19107 0.869944 1.049657 0.226405 0.869944 1.118159 0.1921745 0.8153511 1.023904 0.2250472 0.797279 1.097212 0.19107 0.7427804 1.044843 0.1883092 0.7905361 0.9695377 0.2221809 0.724614 0.9715271 0.1844438 0.815351 0.9151707 0.2193145 0.7427803 0.898211 0.1805784 0.7972788 0.8458423 0.1778174 0.8699439 0.8894181 0.2179569 0.8699438 0.8248949 0.176713 0.9426088 0.8458422 0.1778173 1.015274 0.971527 0.1844437 0.9971076 1.044843 0.1883091 0.9971076 0.8982108 0.1805782 0.942609 1.097212 0.19107 0.869944 1.118159 0.1921745 0.7427804 1.044843 0.1883092 0.797279 1.097212 0.19107 0.869944 1.118159 0.1921745 0.724614 0.9715271 0.1844438 0.7427803 0.898211 0.1805784 0.7972788 0.8458423 0.1778174 0.8699438 0.8248949 0.176713 0.9426088 0.8458422 0.1778173 0.968001 1.12504 -0.8699498 1.012573 1.027388 -0.8750982 0.968001 0.9297361 -0.8802465 0.869943 0.88348 -0.882685 0.7718852 0.9297363 -0.8802465 0.7273135 1.027388 -0.8750978 0.7718853 1.12504 -0.8699495 0.8699433 1.171296 -0.8675111 0.8699433 1.132644 -0.7573036 0.8699433 1.171296 -0.8675111 1.006294 0.94897 -0.8829452 1.025773 1.027583 -0.8788005 1.006294 0.9541149 -0.9805301 1.025773 1.032728 -0.9763856 1.006294 1.106196 -0.8746559 1.006294 1.111341 -0.9722408 0.869943 0.870357 -0.8870897 0.9478578 0.8928179 -0.8859054 0.869943 0.8755019 -0.9846748 0.9478578 0.8979627 -0.9834907 0.7335923 0.9489701 -0.882945 0.7920284 0.892818 -0.8859054 0.7335922 0.954115 -0.9805299 0.7920283 0.8979628 -0.9834905 0.7335925 1.106196 -0.8746557 0.7141137 1.027583 -0.8788001 0.7335923 1.111341 -0.9722408 0.7141137 1.032728 -0.9763852 0.8699433 1.184809 -0.8705114 0.7920285 1.162348 -0.8716951 0.8699432 1.189954 -0.9680964 0.7920284 1.167493 -0.9692804 0.9478579 1.162348 -0.8716952 0.9478579 1.167493 -0.9692806 0.8699432 1.189954 -0.9680964 0.8699433 1.184809 -0.8705114 1.006294 1.111341 -0.9722408 0.9892845 1.101534 -0.972758 1.025773 1.032728 -0.9763856 1.006333 1.032728 -0.9763856 1.006294 0.9541149 -0.9805301 0.9892845 0.9639217 -0.9800132 0.9478578 0.8979627 -0.9834907 0.9381381 0.9147744 -0.9826043 0.869943 0.8755019 -0.9846748 0.869943 0.8951154 -0.9836406 0.7920283 0.8979628 -0.9834905 0.8017478 0.9147744 -0.9826043 0.7335922 0.954115 -0.9805299 0.7506015 0.9639217 -0.9800132 0.7141137 1.032728 -0.9763852 0.7335528 1.032728 -0.9763852 0.7335923 1.111341 -0.9722408 0.7506017 1.101534 -0.972758 0.7920284 1.167493 -0.9692804 0.801748 1.150682 -0.9701669 0.8699432 1.189954 -0.9680964 0.8699432 1.17034 -0.9691305 0.8699432 1.189954 -0.9680964 0.8699432 1.17034 -0.9691305 0.9478579 1.167493 -0.9692806 0.9381383 1.150682 -0.9701669 1.006294 1.106196 -0.8746559 1.025773 1.027583 -0.8788005 1.006294 0.94897 -0.8829452 0.9478578 0.8928179 -0.8859054 0.869943 0.870357 -0.8870897 0.7920284 0.892818 -0.8859054 0.7335923 0.9489701 -0.882945 0.7141137 1.027583 -0.8788001 0.7335925 1.106196 -0.8746557 0.7920285 1.162348 -0.8716951 0.8699433 1.184809 -0.8705114 0.8699433 1.184809 -0.8705114 0.9478579 1.162348 -0.8716952 0.869944 0.9687364 0.2373753 -0.1706082 0.9605243 1.159412 -0.1570657 1.088269 1.155644 -0.08316636 0.9672578 1.193776 -0.08310288 1.086424 1.185503 -0.05643939 0.9308782 1.201535 -0.05560564 0.8136096 1.198608 -0.05687147 0.9652926 1.174673 -0.02959799 0.9289211 1.183186 -0.08316636 0.9672578 1.193776 -0.05643939 0.9308782 1.201535 -0.02959799 0.9289211 1.183186 -0.02959775 0.7433423 1.181364 -0.05643939 0.9308782 1.201535 -0.05560564 0.8136096 1.198608 -0.1794472 0.954778 1.125415 -0.1706082 0.9605243 1.159412 -0.02959775 0.7433423 1.181364 -0.05560564 0.8136096 1.198608 -0.1794472 0.954778 1.125415 -0.1612556 1.098299 1.127218 -0.1706082 0.9605243 1.159412 -0.1570657 1.088269 1.155644 -0.05687147 0.9652926 1.174673 -0.08316636 0.9672578 1.193776 -0.05409598 1.097271 1.164218 -0.08310288 1.086424 1.185503 -0.1612556 1.098299 1.127218 -0.05409598 1.097271 1.164218 -0.1570657 1.088269 1.155644 -0.08310288 1.086424 1.185503 -0.1794472 0.954778 1.125415 -0.02959775 0.7433423 1.181364 -0.05687147 0.9652926 1.174673 -0.02959799 0.9289211 1.183186 -0.05409598 1.097271 1.164218 -0.1612556 1.098299 1.127218 -0.1077948 1.567305 0.7991285 -0.1297271 1.603989 0.827838 -0.1478412 1.564005 0.7729585 -0.1694979 1.600712 0.8018482 -0.0883423 1.548573 0.838221 -0.1104085 1.585385 0.8666615 -0.0883423 1.548573 0.838221 -0.1046098 1.515737 0.8684479 -0.1104085 1.585385 0.8666615 -0.126564 1.552776 0.8966803 -0.1431475 1.488011 0.8751135 -0.1648365 1.52524 0.9033001 -0.1831939 1.484711 0.8489435 -0.2046074 1.521963 0.8773102 -0.2026463 1.503443 0.8098511 -0.223926 1.540566 0.8384867 -0.1863788 1.536279 0.7796242 -0.2077704 1.573176 0.8084679 -0.2034215 1.58253 0.830451 -0.1760182 1.602245 0.8257113 -0.2025414 1.591197 0.8460922 -0.181728 1.606172 0.8424923 -0.1475421 1.604592 0.8443201 -0.1600998 1.607954 0.8566262 -0.1337099 1.591272 0.8721178 -0.149594 1.597837 0.8777391 -0.1452773 1.567923 0.8936116 -0.1583797 1.580103 0.8940641 -0.1337099 1.591272 0.8721178 -0.149594 1.597837 0.8777391 -0.1726806 1.548207 0.8983513 -0.1791931 1.565129 0.8976641 -0.2011567 1.545861 0.8797425 -0.2008212 1.563347 0.8835303 -0.214989 1.559181 0.8519446 -0.2113271 1.573464 0.8624171 -0.2025414 1.591197 0.8460922 -0.181728 1.606172 0.8424923 -0.1651504 1.559536 0.8499184 -0.1600998 1.607954 0.8566262 -0.149594 1.597837 0.8777391 -0.1583797 1.580103 0.8940641 -0.1791931 1.565129 0.8976641 -0.2008212 1.563347 0.8835303 -0.2113271 1.573464 0.8624171 -0.1475421 1.604592 0.8443201 -0.1760182 1.602245 0.8257113 -0.1337099 1.591272 0.8721178 -0.1452773 1.567923 0.8936116 -0.1337099 1.591272 0.8721178 -0.1726806 1.548207 0.8983513 -0.2011567 1.545861 0.8797425 -0.214989 1.559181 0.8519446 -0.2034215 1.58253 0.830451 -0.1664388 1.592201 1.185121 -0.1835802 1.587658 1.191014 -0.2007198 1.592199 1.185129 -0.2182155 1.742724 0.8890157 -0.1835396 1.748721 0.8678218 -0.1488683 1.742727 0.8890006 -0.1329035 1.729428 0.9303748 -0.2341895 1.729423 0.9303969 -0.2289875 1.559383 1.135777 -0.2192629 1.54043 1.164971 -0.1381678 1.559387 1.135757 -0.1479005 1.540433 1.164956 -0.2042059 1.525719 1.186696 -0.1629636 1.525721 1.186687 -0.117017 1.669258 0.8867392 -0.1282093 1.680664 0.8486568 -0.2500781 1.669252 0.8867681 -0.2388774 1.68066 0.8486807 -0.1512762 1.688427 0.8198298 -0.2158043 1.688424 0.8198438 -0.1381678 1.559387 1.135757 -0.150861 1.614911 1.155672 -0.1233974 1.627719 0.9873129 -0.1377009 1.691334 1.02139 -0.2294134 1.69133 1.02141 -0.1377009 1.691334 1.02139 -0.2162889 1.614908 1.155686 -0.150861 1.614911 1.155672 -0.1233974 1.627719 0.9873129 -0.243721 1.627714 0.987339 -0.2500781 1.669252 0.8867681 -0.2341895 1.729423 0.9303969 -0.243721 1.627714 0.987339 -0.2294134 1.69133 1.02141 -0.2192629 1.54043 1.164971 -0.2289875 1.559383 1.135777 -0.2162889 1.614908 1.155686 -0.2042059 1.525719 1.186696 -0.2007198 1.592199 1.185129 -0.1835858 1.520816 1.193934 -0.1835802 1.587658 1.191014 -0.1629636 1.525721 1.186687 -0.1664388 1.592201 1.185121 -0.1479005 1.540433 1.164956 -0.1282093 1.680664 0.8486568 -0.117017 1.669258 0.8867392 -0.1488683 1.742727 0.8890006 -0.1329035 1.729428 0.9303748 -0.1512762 1.688427 0.8198298 -0.1835393 1.689949 0.8098654 -0.1835396 1.748721 0.8678218 -0.2158043 1.688424 0.8198438 -0.2182155 1.742724 0.8890157 -0.2388774 1.68066 0.8486807 -0.1835393 1.689949 0.8098654 -0.1835858 1.520816 1.193934 -0.1835802 1.587658 1.191014 -0.1835858 1.520816 1.193934 -0.1835544 1.653581 0.9503471 -0.142424 1.659479 0.9318196 -0.1835553 1.610635 0.9204866 -0.1515581 1.615811 0.9062743 -0.1237249 1.671929 0.8927202 -0.1370111 1.626733 0.8762817 -0.1424153 1.684378 0.8536292 -0.1515511 1.637655 0.8462954 -0.1835415 1.690273 0.8351194 -0.1835451 1.642827 0.8320969 -0.224672 1.684374 0.8536472 -0.2155423 1.637652 0.8463094 -0.243371 1.671924 0.8927463 -0.2300893 1.626729 0.8763019 -0.2246806 1.659476 0.9318374 -0.2155492 1.615808 0.9062881 -0.1835544 1.653581 0.9503471 -0.1835553 1.610635 0.9204866 -0.161336 1.618837 0.8498368 -0.1512417 1.611255 0.8706543 -0.1835474 1.622428 0.8399796 -0.2057659 1.60367 0.8914861 -0.2158601 1.611253 0.8706684 -0.1835544 1.60008 0.9013432 -0.1835544 1.60008 0.9013432 -0.1613408 1.603673 0.8914763 -0.2057611 1.618835 0.8498465 -0.2057659 1.60367 0.8914861 -0.1835544 1.60008 0.9013432 -0.1835493 1.64542 0.8830902 -0.1613408 1.603673 0.8914763 -0.1512417 1.611255 0.8706543 -0.161336 1.618837 0.8498368 -0.1835474 1.622428 0.8399796 -0.2057611 1.618835 0.8498465 -0.2158601 1.611253 0.8706684 -0.18355 1.630092 0.8771728 -0.1835476 1.628889 0.8494246 -0.1654056 1.626318 0.8564839 -0.1578926 1.620108 0.8735346 -0.1654096 1.613897 0.8905886 -0.1835532 1.611324 0.8976559 -0.2016953 1.613896 0.8905965 -0.2092083 1.620106 0.8735458 -0.2016913 1.626316 0.856492 -0.157891 1.604784 0.8406494 -0.1835477 1.608421 0.8306661 -0.1472659 1.596002 0.8647629 -0.1578965 1.587219 0.8888809 -0.1835556 1.58358 0.8988752 -0.2092123 1.587217 0.8888919 -0.2198373 1.595999 0.8647786 -0.2092067 1.604782 0.8406607 -0.165408 1.578106 0.8389449 -0.157891 1.604784 0.8406494 -0.18355 1.580677 0.8318855 -0.1835477 1.608421 0.8306661 -0.1578949 1.571895 0.8559957 -0.1472659 1.596002 0.8647629 -0.1654119 1.565685 0.8730496 -0.1578965 1.587219 0.8888809 -0.1835556 1.563111 0.8801168 -0.1835556 1.58358 0.8988752 -0.2016976 1.565683 0.8730574 -0.2092123 1.587217 0.8888919 -0.2092106 1.571893 0.8560068 -0.2198373 1.595999 0.8647786 -0.2016937 1.578104 0.8389528 -0.2092067 1.604782 0.8406607 -0.1835533 1.561909 0.8523688 -0.6224983 1.007822 0.3385018 -0.6373698 0.9562127 0.3352178 -0.6373815 0.9764385 0.3763262 -0.6373768 1.034135 0.3799902 -0.6373614 1.059424 0.3417722 -0.6373498 1.039198 0.3006638 -0.6373544 0.9815012 0.2969999 -0.7003668 0.9371225 0.3832033 -0.7003514 0.9243045 0.3331642 -0.7003737 0.9769384 0.4161546 -0.7003695 1.028544 0.4194319 -0.7003558 1.072227 0.3917831 -0.7003378 1.091303 0.3437694 -0.7003224 1.078485 0.2937303 -0.7003155 1.03867 0.260779 -0.7003197 0.987064 0.2575019 -0.7003333 0.9433804 0.2851506 -0.7633373 0.9641062 0.3660873 -0.7003668 0.9371225 0.3832033 -0.7633278 0.9561842 0.3351614 -0.7003514 0.9243045 0.3331642 -0.7633416 0.9887137 0.3864522 -0.7003737 0.9769384 0.4161546 -0.763339 1.020608 0.3884776 -0.7003695 1.028544 0.4194319 -0.7633305 1.047606 0.3713898 -0.7003558 1.072227 0.3917831 -0.7633194 1.059395 0.3417158 -0.7003378 1.091303 0.3437694 -0.7633098 1.051473 0.3107898 -0.7003224 1.078485 0.2937303 -0.7633056 1.026866 0.2904249 -0.7003155 1.03867 0.260779 -0.7633082 0.9949717 0.2883995 -0.7003197 0.987064 0.2575019 -0.7633166 0.9679738 0.3054873 -0.7003333 0.9433804 0.2851506 -0.7781909 1.007786 0.3384319 -0.7529723 0.9618129 0.3377338 -0.721853 0.9592167 0.3898847 -0.7529777 0.8872762 0.3326467 -0.7218585 0.88468 0.3847974 -0.6773138 0.9592257 0.3899106 -0.6773194 0.884689 0.3848233 -0.6461673 0.9618343 0.337796 -0.6461729 0.8872976 0.3327088 -0.6772859 0.9629907 0.2830668 -0.6772914 0.8884541 0.2779796 -0.721825 0.9629818 0.2830408 -0.7218306 0.888445 0.2779535 -0.721825 0.9629818 0.2830408 -0.7218306 0.888445 0.2779535 -0.7529777 0.8872762 0.3326467 -0.7218585 0.88468 0.3847974 -0.73815 0.8837053 0.3323233 -0.6995854 0.8817557 0.3696945 -0.6773194 0.884689 0.3848233 -0.6461729 0.8872976 0.3327088 -0.6610013 0.8837206 0.3323682 -0.6772914 0.8884541 0.2779796 -0.6834793 0.8842337 0.2924279 -0.7218306 0.888445 0.2779535 -0.7156512 0.8842272 0.2924091 -0.7218306 0.888445 0.2779535 -0.7156512 0.8842272 0.2924091 -0.6808885 0.727818 0.4030121 -0.7183678 0.7278106 0.4029973 -0.6779111 0.7235617 0.4513769 -0.7213669 0.723553 0.4513596 -0.6478711 0.776975 0.4543942 -0.6549184 0.7800386 0.4077457 -0.6779022 0.8277603 0.4573795 -0.6808805 0.8311213 0.4132668 -0.7213581 0.8277516 0.4573622 -0.7183599 0.8311138 0.4132519 -0.7513981 0.7769542 0.454353 -0.7443303 0.7800207 0.4077101 -0.7213669 0.723553 0.4513596 -0.7183678 0.7278106 0.4029973 -0.6995897 0.8557779 0.3720023 -0.7372558 0.8384101 0.3330527 -0.6995854 0.8817557 0.3696945 -0.73815 0.8837053 0.3323233 -0.6619074 0.8384253 0.3330827 -0.6610013 0.8837206 0.3323682 -0.6838315 0.8295071 0.2981406 -0.6834793 0.8842337 0.2924279 -0.7153146 0.8295008 0.2981281 -0.7156512 0.8842272 0.2924091 -0.7153146 0.8295008 0.2981281 -0.7156512 0.8842272 0.2924091 -0.6996102 0.8223519 0.4051698 -0.7372625 0.7816639 0.4020119 -0.6995991 0.8297057 0.3835271 -0.7372574 0.798083 0.3592088 -0.6619657 0.781679 0.402042 -0.6619348 0.7980983 0.3592388 -0.6838658 0.7394148 0.3986949 -0.6838467 0.7661419 0.3414647 -0.7153687 0.7394084 0.3986823 -0.7153397 0.7661356 0.3414521 -0.7153687 0.7394084 0.3986823 -0.7153397 0.7661356 0.3414521 -0.6838658 0.7394148 0.3986949 -0.7153687 0.7394084 0.3986823 -0.6619657 0.781679 0.402042 -0.6996102 0.8223519 0.4051698 -0.7372625 0.7816639 0.4020119 -0.7153687 0.7394084 0.3986823 -0.7367091 0.9372658 0.6499559 -0.7539083 0.8557607 0.7391354 -0.7580583 0.9109066 0.6162127 -0.7836009 0.8236729 0.698058 -0.6996924 0.946871 0.6622565 -0.6997376 0.8702323 0.7576521 -0.7531995 0.6604064 0.5724232 -0.7998079 0.7313911 0.5527788 -0.7520883 0.6841999 0.6471413 -0.8005068 0.7627896 0.6197186 -0.7603096 0.848774 0.4708915 -0.7857419 0.7173632 0.4781676 -0.7366401 0.8461585 0.4351124 -0.7510802 0.7182166 0.4267945 -0.7998079 0.7313911 0.5527788 -0.7716701 0.8639288 0.5467565 -0.8005068 0.7627896 0.6197186 -0.6996246 0.7193971 0.4052035 -0.6996145 0.8438622 0.4198617 -0.6389563 0.848797 0.4709405 -0.6276489 0.8639563 0.5468144 -0.7603096 0.848774 0.4708915 -0.7716701 0.8639288 0.5467565 -0.7857419 0.7173632 0.4781676 -0.7451073 0.6673235 0.4928025 -0.7510802 0.7182166 0.4267945 -0.7278721 0.6856499 0.4387503 -0.6996246 0.7193971 0.4052035 -0.7366401 0.8461585 0.4351124 -0.6625999 0.8461725 0.4351421 -0.6996145 0.8438622 0.4198617 -0.757074 0.7380024 0.7026517 -0.6997249 0.6615388 0.6535059 -0.6997399 0.7055386 0.7086923 -0.7836009 0.8236729 0.698058 -0.7539083 0.8557607 0.7391354 -0.7460838 0.8136894 0.7603825 -0.6997376 0.8702323 0.7576521 -0.6997495 0.8311294 0.7761896 -0.699698 0.6473703 0.5771121 -0.6996681 0.6547091 0.4997687 -0.6996448 0.6750917 0.4441331 -0.7196474 0.5455721 0.7694492 -0.7258525 0.6560825 0.790343 -0.6997928 0.5405038 0.7944356 -0.6997907 0.5985 0.8084843 -0.6997755 0.7211192 0.8088958 -0.6997495 0.8311294 0.7761896 -0.7460838 0.8136894 0.7603825 -0.699788 0.4819687 0.7623297 -0.7314531 0.5837562 0.7471742 -0.7444095 0.6712024 0.7378165 -0.757074 0.7380024 0.7026517 -0.7302122 0.5740812 0.7284202 -0.7215511 0.5177092 0.7392277 -0.6997836 0.4638895 0.7443232 -0.6158414 0.8237048 0.6981256 -0.6455568 0.8557814 0.739179 -0.6413009 0.9109289 0.6162597 -0.6626688 0.9372799 0.6499858 -0.7580583 0.9109066 0.6162127 -0.6413009 0.9109289 0.6162597 -0.6461897 0.6604268 0.5724664 -0.6473509 0.6842198 0.6471836 -0.5995489 0.7314292 0.5528593 -0.5988922 0.762828 0.6197998 -0.6389563 0.848797 0.4709405 -0.6625999 0.8461725 0.4351421 -0.6135625 0.717396 0.4782369 -0.6481857 0.7182362 0.426836 -0.5995489 0.7314292 0.5528593 -0.5988922 0.762828 0.6197998 -0.6276489 0.8639563 0.5468144 -0.6996246 0.7193971 0.4052035 -0.6996145 0.8438622 0.4198617 -0.6135625 0.717396 0.4782369 -0.6542205 0.6673408 0.492839 -0.6481857 0.7182362 0.426836 -0.6714107 0.6856606 0.438773 -0.7367091 0.9372658 0.6499559 -0.6626688 0.9372799 0.6499858 -0.6996924 0.946871 0.6622565 -0.6423932 0.7380244 0.7026979 -0.6158414 0.8237048 0.6981256 -0.6455568 0.8557814 0.739179 -0.6534078 0.813707 0.7604199 -0.6779987 0.5177173 0.7392452 -0.6693153 0.5740928 0.7284447 -0.7215511 0.5177092 0.7392277 -0.7302122 0.5740812 0.7284202 -0.6680861 0.5837684 0.7471997 -0.6551008 0.6712194 0.7378526 -0.7314531 0.5837562 0.7471742 -0.7444095 0.6712024 0.7378165 -0.6997399 0.7055386 0.7086923 -0.679918 0.5455797 0.7694653 -0.6997928 0.5405038 0.7944356 -0.6737008 0.6560925 0.790364 -0.6997907 0.5985 0.8084843 -0.6997755 0.7211192 0.8088958 -0.6997495 0.8311294 0.7761896 -0.6534078 0.813707 0.7604199 -0.699788 0.4819687 0.7623297 -0.6680861 0.5837684 0.7471997 -0.6551008 0.6712194 0.7378526 -0.6423932 0.7380244 0.7026979 -0.7302122 0.5740812 0.7284202 -0.6693153 0.5740928 0.7284447 -0.7314531 0.5837562 0.7471742 -0.6680861 0.5837684 0.7471997 -0.6693153 0.5740928 0.7284447 -0.6779987 0.5177173 0.7392452 -0.6997836 0.4638895 0.7443232 -0.6997836 0.4638895 0.7443232 -0.757074 0.7380024 0.7026517 -0.6423932 0.7380244 0.7026979 -0.3136446 0.6807124 -1.01089e-5 -0.2778247 0.6779427 -0.3179202 -0.2731182 0.8550455 -0.2800867 -0.273011 0.9763062 -1.01566e-5 -0.2730065 0.9349604 0.1510949 -0.273035 0.8548922 0.2795121 -0.2777519 0.5164383 0.2792092 -0.2777752 0.4026291 0.158715 -0.2777999 0.3552097 -1.01089e-5 -0.2778289 0.516614 -0.2795503 -0.2777372 0.6777428 0.3174775 -0.2183427 0.7418936 0.347344 -0.2183504 0.6192895 0.3473827 -0.2183636 0.5040923 0.3054904 -0.2183809 0.4101967 0.2267197 -0.2184001 0.3489281 0.1205717 -0.218419 0.327676 -1.00136e-5 -0.277819 0.4027291 -0.1589839 -0.2184353 0.349004 -0.1208864 -0.2184469 0.4103392 -0.2270733 -0.2184525 0.5042845 -0.3059034 -0.2184516 0.6195079 -0.3478686 -0.2184439 0.7421126 -0.3479075 -0.2183972 0.6807008 -1.01089e-5 -0.2184306 0.8573095 -0.3095595 -0.2184439 0.7421126 -0.3479075 -0.2184038 0.9818393 -0.1741701 -0.2183752 1.033726 -1.01328e-5 -0.2183532 0.9817299 0.1734554 -0.2183417 0.8571169 0.3089243 -0.2183427 0.7418936 0.347344 -0.2183504 0.6192895 0.3473827 -0.2183636 0.5040923 0.3054904 -0.2183809 0.4101967 0.2267197 -0.2184001 0.3489281 0.1205717 -0.218419 0.327676 -1.00136e-5 -0.2184353 0.349004 -0.1208864 -0.2184469 0.4103392 -0.2270733 -0.2184525 0.5042845 -0.3059034 -0.2184516 0.6195079 -0.3478686 -0.3811826 0.9654002 0.2811514 -0.3130525 1.001976 0.3018581 -0.273035 0.8548922 0.2795121 -0.2183417 0.8571169 0.3089243 -0.2184038 0.9818393 -0.1741701 -0.3131322 1.121705 -0.2634333 -0.2184306 0.8573095 -0.3095595 -0.3131409 1.001976 -0.3026531 -0.2184306 0.8573095 -0.3095595 -0.3131409 1.001976 -0.3026531 -0.2731182 0.8550455 -0.2800867 -0.3812648 0.9653999 -0.2818944 -0.273054 0.9350475 -0.1517431 -0.3812112 1.089442 -0.1372588 -0.273011 0.9763062 -1.01566e-5 -0.3832927 1.548129 -0.274194 -0.3832116 1.547961 0.2732658 -0.3812112 1.089442 -0.1372588 -0.3811706 1.089442 0.1364711 -0.2731182 0.8550455 -0.2800867 -0.3812648 0.9653999 -0.2818944 -0.3811826 0.9654002 0.2811514 -0.2183752 1.033726 -1.01328e-5 -0.2183532 0.9817299 0.1734554 -0.3130553 1.121705 0.2626087 -0.2183417 0.8571169 0.3089243 -0.3130525 1.001976 0.3018581 -0.2184306 0.8573095 -0.3095595 -0.2183417 0.8571169 0.3089243 -0.273054 0.9350475 -0.1517431 -0.3832116 1.547961 0.2732658 -0.3147715 1.546828 0.2961685 -0.3131322 1.121705 -0.2634333 -0.3148595 1.547011 -0.2971495 -0.3131409 1.001976 -0.3026531 -0.3148595 1.547011 -0.2971495 -0.3832927 1.548129 -0.274194 -0.3811706 1.089442 0.1364711 -0.2730065 0.9349604 0.1510949 -0.3812648 0.9653999 -0.2818944 -0.273035 0.8548922 0.2795121 -0.3811826 0.9654002 0.2811514 -0.3147715 1.546828 0.2961685 -0.3130553 1.121705 0.2626087 -0.3130525 1.001976 0.3018581 -0.8860737 1.14751 -0.654886 -0.8853728 1.011403 -0.6620596 -0.886409 1.163127 -0.8804576 -0.8853383 1.017016 -0.7935593 -0.8683075 1.017016 -0.7935593 -0.8682734 1.011403 -0.6620596 -0.8672313 1.163127 -0.8804578 -0.8675728 1.14751 -0.654886 -0.8860734 0.8752953 -0.6692332 -0.8864088 0.8809515 -0.8952859 -0.867231 0.8809515 -0.8952861 -0.8675725 0.8752953 -0.6692332 -0.8864088 0.8809515 -0.8952859 -0.8860734 0.8752953 -0.6692332 -0.867231 0.8809515 -0.8952861 -0.8675725 0.8752953 -0.6692332 -0.8860737 1.14751 -0.654886 -0.886409 1.163127 -0.8804576 -0.8675728 1.14751 -0.654886 -0.8672313 1.163127 -0.8804578 -0.739519 1.027053 -0.6704587 -0.8764658 1.020834 -0.6615715 -0.734746 1.036219 -0.896396 -0.8766295 1.025121 -0.7931707 -0.8771208 1.008101 -0.7941586 -0.876959 1.003746 -0.6625628 -0.7352993 1.017053 -0.8975013 -0.7400527 1.008565 -0.6715309 -1.013388 1.016869 -0.6712296 -1.018634 1.025661 -0.8971836 -1.019187 1.006496 -0.898289 -1.013922 0.9983805 -0.6723021 -1.018634 1.025661 -0.8971836 -1.013388 1.016869 -0.6712296 -1.019187 1.006496 -0.898289 -1.013922 0.9983805 -0.6723021 -0.739519 1.027053 -0.6704587 -0.734746 1.036219 -0.896396 -0.7400527 1.008565 -0.6715309 -0.7352993 1.017053 -0.8975013 -0.7331196 1.027053 -0.6704587 -0.8700663 1.020834 -0.6615715 -0.7283466 1.036219 -0.896396 -0.87023 1.025121 -0.7931707 -0.8707213 1.008101 -0.7941586 -0.8705595 1.003746 -0.6625628 -0.7288999 1.017053 -0.8975013 -0.7336533 1.008565 -0.6715309 -1.006989 1.016869 -0.6712296 -1.012235 1.025661 -0.8971836 -1.012788 1.006496 -0.898289 -1.007522 0.9983805 -0.6723021 -1.012235 1.025661 -0.8971836 -1.006989 1.016869 -0.6712296 -1.012788 1.006496 -0.898289 -1.007522 0.9983805 -0.6723021 -0.7331196 1.027053 -0.6704587 -0.7283466 1.036219 -0.896396 -0.7336533 1.008565 -0.6715309 -0.7288999 1.017053 -0.8975013 -0.8860733 1.154887 -0.654886 -0.8853725 1.018779 -0.6620596 -0.8864086 1.170503 -0.8804576 -0.885338 1.024392 -0.7935593 -0.8683071 1.024392 -0.7935593 -0.868273 1.018779 -0.6620596 -0.8672309 1.170503 -0.8804578 -0.8675724 1.154887 -0.654886 -0.8860731 0.8826715 -0.6692332 -0.8864083 0.8883278 -0.8952859 -0.8672306 0.8883278 -0.8952861 -0.8675721 0.8826715 -0.6692332 -0.8864083 0.8883278 -0.8952859 -0.8860731 0.8826715 -0.6692332 -0.8672306 0.8883278 -0.8952861 -0.8675721 0.8826715 -0.6692332 -0.8860733 1.154887 -0.654886 -0.8864086 1.170503 -0.8804576 -0.8675724 1.154887 -0.654886 -0.8672309 1.170503 -0.8804578 -0.9456849 0.9460584 -0.7671404 -0.980113 1.021486 -0.763164 -0.9698575 0.9154198 -0.6480445 -0.9698576 1.114609 -0.6369375 -1.015273 1.015108 -0.6421834 -0.945685 1.096915 -0.7591873 -0.8699433 1.161741 -0.6344526 -0.8699433 1.132644 -0.7573036 -0.7942015 1.096915 -0.7591873 -0.8699433 1.161741 -0.6344526 -0.7597735 1.021487 -0.7631638 -0.7700291 1.114609 -0.6369375 -0.770029 0.9156079 -0.6474292 -0.7246134 1.015108 -0.6421833 -0.7942014 0.9460586 -0.7671404 -0.8699432 0.9103295 -0.7690243 -0.8699433 0.868476 -0.6499142 -0.9892845 1.101534 -0.972758 -1.006333 1.032728 -0.9763856 -0.8699432 1.026989 -0.8675319 -0.9892845 0.9639217 -0.9800132 -0.8699432 1.17034 -0.9691305 -0.9381383 1.150682 -0.9701669 -0.7506017 1.101534 -0.972758 -0.801748 1.150682 -0.9701669 -0.7506015 0.9639217 -0.9800132 -0.7335528 1.032728 -0.9763852 -0.869943 0.8951154 -0.9836406 -0.8017478 0.9147744 -0.9826043 -0.9381381 0.9147744 -0.9826043 -0.9493518 0.9695374 0.2221808 -0.9245368 0.9151707 0.2193145 -1.015274 0.971527 0.1844437 -0.9971076 0.8982108 0.1805782 -0.9245368 1.023904 0.2250472 -0.9971076 1.044843 0.1883091 -0.942609 1.097212 0.19107 -0.869944 1.049657 0.226405 -0.869944 1.118159 0.1921745 -0.8153511 1.023904 0.2250472 -0.797279 1.097212 0.19107 -0.7427804 1.044843 0.1883092 -0.7905361 0.9695377 0.2221809 -0.724614 0.9715271 0.1844438 -0.815351 0.9151707 0.2193145 -0.7427803 0.898211 0.1805784 -0.7972788 0.8458423 0.1778174 -0.8699439 0.8894181 0.2179569 -0.8699438 0.8248949 0.176713 -0.9426088 0.8458422 0.1778173 -1.015274 0.971527 0.1844437 -0.9971076 1.044843 0.1883091 -0.9971076 0.8982108 0.1805782 -0.942609 1.097212 0.19107 -0.869944 1.118159 0.1921745 -0.7427804 1.044843 0.1883092 -0.797279 1.097212 0.19107 -0.869944 1.118159 0.1921745 -0.724614 0.9715271 0.1844438 -0.7427803 0.898211 0.1805784 -0.7972788 0.8458423 0.1778174 -0.8699438 0.8248949 0.176713 -0.9426088 0.8458422 0.1778173 -0.968001 1.12504 -0.8699498 -0.968001 0.9297361 -0.8802465 -1.012573 1.027388 -0.8750982 -0.7718852 0.9297363 -0.8802465 -0.869943 0.88348 -0.882685 -0.7718853 1.12504 -0.8699495 -0.7273135 1.027388 -0.8750978 -0.8699433 1.171296 -0.8675111 -0.8699433 1.132644 -0.7573036 -0.8699433 1.171296 -0.8675111 -1.006294 0.94897 -0.8829452 -1.006294 0.9541149 -0.9805301 -1.025773 1.027583 -0.8788005 -1.025773 1.032728 -0.9763856 -1.006294 1.106196 -0.8746559 -1.006294 1.111341 -0.9722408 -0.869943 0.870357 -0.8870897 -0.869943 0.8755019 -0.9846748 -0.9478578 0.8928179 -0.8859054 -0.9478578 0.8979627 -0.9834907 -0.7335923 0.9489701 -0.882945 -0.7335922 0.954115 -0.9805299 -0.7920284 0.892818 -0.8859054 -0.7920283 0.8979628 -0.9834905 -0.7335925 1.106196 -0.8746557 -0.7335923 1.111341 -0.9722408 -0.7141137 1.027583 -0.8788001 -0.7141137 1.032728 -0.9763852 -0.8699433 1.184809 -0.8705114 -0.8699432 1.189954 -0.9680964 -0.7920285 1.162348 -0.8716951 -0.7920284 1.167493 -0.9692804 -0.9478579 1.162348 -0.8716952 -0.9478579 1.167493 -0.9692806 -0.8699432 1.189954 -0.9680964 -0.8699433 1.184809 -0.8705114 -1.006294 1.111341 -0.9722408 -1.025773 1.032728 -0.9763856 -0.9892845 1.101534 -0.972758 -1.006333 1.032728 -0.9763856 -1.006294 0.9541149 -0.9805301 -0.9892845 0.9639217 -0.9800132 -0.9478578 0.8979627 -0.9834907 -0.9381381 0.9147744 -0.9826043 -0.869943 0.8755019 -0.9846748 -0.869943 0.8951154 -0.9836406 -0.7920283 0.8979628 -0.9834905 -0.8017478 0.9147744 -0.9826043 -0.7335922 0.954115 -0.9805299 -0.7506015 0.9639217 -0.9800132 -0.7141137 1.032728 -0.9763852 -0.7335528 1.032728 -0.9763852 -0.7335923 1.111341 -0.9722408 -0.7506017 1.101534 -0.972758 -0.7920284 1.167493 -0.9692804 -0.801748 1.150682 -0.9701669 -0.8699432 1.189954 -0.9680964 -0.8699432 1.17034 -0.9691305 -0.8699432 1.189954 -0.9680964 -0.9478579 1.167493 -0.9692806 -0.8699432 1.17034 -0.9691305 -0.9381383 1.150682 -0.9701669 -1.006294 1.106196 -0.8746559 -1.025773 1.027583 -0.8788005 -1.006294 0.94897 -0.8829452 -0.9478578 0.8928179 -0.8859054 -0.869943 0.870357 -0.8870897 -0.7920284 0.892818 -0.8859054 -0.7335923 0.9489701 -0.882945 -0.7141137 1.027583 -0.8788001 -0.7335925 1.106196 -0.8746557 -0.7920285 1.162348 -0.8716951 -0.8699433 1.184809 -0.8705114 -0.8699433 1.184809 -0.8705114 -0.9478579 1.162348 -0.8716952 -0.869944 0.9687364 0.2373753</float_array>
          <technique_common>
            <accessor source="#Mesh-mesh-positions-array" count="3542" stride="3">
              <param name="X" type="float"/>
              <param name="Y" type="float"/>
              <param name="Z" type="float"/>
            </accessor>
          </technique_common>
        </source>
        <source id="Mesh-mesh-normals">
          <float_array id="Mesh-mesh-normals-array" count="10611">0.4545322 -0.8855386 0.09603017 0.4545322 -0.8855387 0.09603017 0.4545322 -0.8855387 0.09603023 0.004061579 0.7923181 0.6100947 0.004063487 0.7923181 0.6100949 0.004306256 0.7921766 0.6102768 0.003921747 0.8626272 0.5058252 0.003922402 0.8626345 0.5058127 0.003916144 0.8955844 0.4448748 0.003922522 0.8956024 0.4448382 0.003917872 0.9304842 0.3663113 0.003917574 0.9304782 0.3663265 0.00392872 0.9527218 0.3038188 0.0039168 0.9527081 0.3038621 0.003922343 0.9626913 0.270574 -0.003919661 -0.8371391 -0.5469761 -0.003924071 -0.9021204 -0.4314666 -0.003923118 -0.9021185 -0.4314705 -0.003922104 -0.8371332 -0.546985 -0.003942906 -0.9166969 -0.3995639 -0.004082739 -0.8283932 -0.5601322 -0.003938257 -0.9166954 -0.3995674 -0.003893494 -0.8284131 -0.5601042 -0.00380373 -0.8284233 -0.5600897 -0.003922045 -0.9333896 -0.3588436 -0.00391972 -0.9333827 -0.3588615 -0.003895759 -0.9599385 -0.2801841 -0.003894984 -0.9599381 -0.2801855 -0.003917038 -0.9664502 -0.2568244 -0.003922998 -0.9664579 -0.2567952 -0.003877639 -0.9888622 -0.1487843 -0.9672979 0.1429379 0.2095321 -0.9763222 0.1568358 0.1489883 -0.9713319 0.1429582 0.1899406 -0.8488743 0.08628559 0.5215048 -0.976038 0.1567775 0.1508998 -0.7108851 0.07637673 0.6991489 -0.9726588 0.2270277 0.04892104 -0.5974197 0.06659591 0.7991588 -0.9659445 0.2586306 0.007837057 1.31596e-5 0.04113709 0.9991536 -1.10567e-5 0.04114997 0.999153 -0.734988 0.554686 -0.3900206 -0.8487399 0.4508351 -0.2763846 -0.4491699 0.6688486 -0.5923581 0.003906846 0.7433807 -0.6688571 0.003905117 0.7433801 -0.6688579 0.4566065 0.6642876 -0.5918044 0.7408579 0.5468198 -0.3900226 0.8545443 0.4409846 -0.2743842 0.9690538 0.2466551 0.009801924 0.9752908 0.2154374 0.04893678 0.9781451 0.1450538 0.1489692 0.9778601 0.1450073 0.1508728 0.9730003 0.1311684 0.1899085 0.9688603 0.1313979 0.2098674 0.8501117 0.07638931 0.5210323 0.5976983 0.05879461 0.7995624 0.7113816 0.06662166 0.6996412 2.07108e-5 0.04114538 0.9991532 -8.16584e-6 0.04114282 0.9991534 -0.6806551 -0.4688087 0.5629628 -0.003908991 -0.6405586 0.7678994 -0.003908872 -0.5717614 0.8204107 -0.6687333 -0.5392702 0.5118432 -0.00390774 -0.8760783 0.4821532 -0.5494299 -0.7848915 0.2864823 -0.9656308 -0.250721 -0.06852984 -0.7605122 -0.6096546 -0.2234781 -0.9391611 -0.3254549 -0.1097976 -0.6951466 -0.01762133 -0.718652 -0.5471224 -0.4176206 -0.725431 -0.6703251 -0.1019478 -0.7350314 9.15885e-6 0.06469368 -0.9979053 1.41374e-5 -0.3605499 -0.93274 -1.04494e-6 -0.02154171 -0.999768 0.6960042 -0.02550107 -0.7175848 0.5429275 -0.4233724 -0.7252486 0.6697775 -0.1096979 -0.7344145 0.9625715 -0.2627007 -0.06666707 0.7529694 -0.6196275 -0.2215825 0.9352191 -0.337247 -0.107841 0.6742185 -0.4762607 0.5644512 0.539179 -0.7920566 0.2862383 0.6608356 -0.5471252 0.5137611 -0.003895342 -0.5717452 0.8204221 -0.003899097 -0.876089 0.4821336 -0.003924131 -0.6405641 0.7678947 1.98959e-5 -0.3744363 -0.9272527 -0.003965377 -0.9401204 -0.3408194 -0.5387813 -0.4290909 -0.7249799 -0.7510468 -0.6198537 -0.2273986 0.5354264 -0.4353998 -0.7237027 -0.5426437 -0.7932509 0.2762079 0.7442821 -0.6287275 -0.2252686 -0.003843903 -0.8823588 0.4705618 0.5328302 -0.7992076 0.2781352 0.003917396 0.7897568 -0.6134076 -0.5936939 0.7092783 -0.3800682 0.003896892 0.9401332 0.340785 -0.7058327 0.2450778 -0.664633 0.001965165 0.3407905 -0.9401372 0.60302 0.7012811 -0.380226 0.7090939 0.2370336 -0.664079 0.9999827 -0.00589019 -1.94311e-5 0.7091169 0.2370457 -0.6640501 0.8489376 0.4959641 0.1825501 0.705834 -0.2450661 0.664636 0.5999825 0.2921553 0.7447593 -0.001958787 -0.3408002 0.9401337 5.98884e-4 0.2115371 0.9773698 -0.7091256 -0.23703 0.6640465 -0.5972083 0.2995788 0.7440396 -0.9999828 0.005887031 1.79186e-5 -0.8434211 0.5060456 0.1804409 -0.7058339 0.2450768 -0.6646322 -0.7058334 0.2450611 -0.6646384 -3.8743e-7 -0.2115467 -0.9773679 -0.5999879 -0.2921509 -0.7447567 -0.9999827 0.005889654 2.0422e-5 0.001959502 0.3407986 -0.9401343 -0.8489391 -0.4959609 -0.1825523 -0.7091028 -0.2370191 0.6640747 0.5971949 -0.2995733 -0.7440526 0.7091284 0.2370321 -0.6640427 -0.003900945 -0.9401324 -0.3407874 0.8434184 -0.5060512 -0.1804375 0.9999827 -0.00588423 -1.39624e-5 0.5936714 -0.7092646 0.380129 0.7058072 -0.2450693 0.6646632 -0.003916025 -0.7897567 0.6134079 -0.001961171 -0.3407818 0.9401404 -0.6032726 -0.7011864 0.3799996 0.9519921 -0.03919327 -0.3036032 0.9737815 -0.1684982 -0.1528334 0.961873 -0.1136282 -0.2487748 0.9151054 -0.05291569 -0.3997279 0.98569 0.003895163 -0.1685233 0.9839926 -0.1548412 -0.08821964 0.9107608 0.07836472 -0.4054303 0.8760831 -0.001970529 -0.4821563 0.7703438 0.143084 -0.6213675 0.9973393 0.04311519 -0.05878293 0.997134 -0.02743679 0.07050651 0.950894 0.1784197 -0.2529173 0.7972852 0.2683649 -0.5406631 0.5901958 0.3058864 -0.7470626 0.9962766 0.05480968 0.06655055 0.9962161 0.01173365 0.08611482 0.8365786 0.405546 -0.3683326 0.6136583 0.4352697 -0.6587593 0.8598704 0.468113 -0.2036988 0.4036852 0.5369635 -0.7407487 0.3881997 0.4019057 -0.8293208 0.2509626 0.4391633 -0.8626433 0.6509713 0.5940915 -0.4725375 0.6779724 0.6779608 -0.2841172 0.4313876 0.7097932 -0.5568649 0.2586174 0.5701359 -0.7797833 0.1761807 0.4542853 -0.8732613 0.1881769 0.5782557 -0.7938575 0.2821643 0.7504758 -0.5976366 0.2077548 0.7603585 -0.6153804 0.2176254 0.8920719 -0.3960392 0.3077693 0.8704221 -0.3842442 0.4644234 0.8131937 -0.350752 0.323053 0.9339771 -0.1527208 0.2214345 0.9621716 -0.1587219 0.69549 0.7131076 -0.08815562 0.3290174 0.9381592 0.1077269 0.2295116 0.9670869 0.1098515 0.4857833 0.8638692 -0.133209 0.4953478 0.8614967 0.1115981 0.3270438 0.8851609 0.3309569 0.2313877 0.9117982 0.33924 0.2213851 0.844397 0.4878346 0.7041056 0.6981978 0.1294419 0.4921237 0.8097405 0.3195854 0.7011237 0.6423957 0.3094405 0.8683763 0.4704583 0.1568173 0.3196737 0.817816 0.4785245 0.3116526 0.758507 0.5723109 0.2078508 0.7844008 0.5843916 0.4843527 0.7412242 0.4647462 0.4781855 0.6761381 0.5605141 0.6745871 0.5019932 0.5412347 0.690005 0.572397 0.4430065 0.8317596 0.3609476 0.4217737 0.8010513 0.3016037 0.517061 0.8544943 0.4213769 0.3037779 0.891495 0.2018376 0.4055841 0.8668074 0.1529856 0.4745951 0.9236043 0.1117478 0.3666982 0.9041631 0.05489879 0.4236451 0.9075468 0.04509651 0.4175225 0.9208294 0.006014823 0.3899193 0.9202858 0.258472 0.2937113 0.9478038 0.1488283 0.2819898 0.9613296 0.225154 0.158591 0.9759913 0.1097349 0.1881472 0.8701059 0.4918674 -0.03133863 0.9918141 0.03920286 0.1215242 0.9949752 0.05094468 0.08619201 0.9757331 0.2174825 0.02542823 0.9984635 0.04698079 0.02938848 0.9984641 0.04699158 0.02934879 0.9700835 0.2155511 -0.1116953 0.3490865 -0.6138752 -0.7080225 0.4214802 -0.6273844 -0.654785 0.4215076 -0.6273458 -0.6548043 0.3158121 -0.6041395 -0.7316271 0.2766114 -0.6159718 -0.7376075 0.2741798 -0.6208416 -0.7344257 0.2608276 -0.6040318 -0.7530702 0.2627213 -0.6058725 -0.7509302 0.1862345 -0.5450038 -0.8174886 0.203931 -0.55295 -0.8078728 0.1155107 -0.5364528 -0.835988 0.1117864 -0.5471283 -0.8295508 0.08222794 -0.5658365 -0.820407 0.06863677 -0.5686893 -0.8196839 0.03524494 -0.5736463 -0.8183445 0.03523755 -0.5736257 -0.8183593 -0.9210131 0.2018535 -0.3331519 -0.9292448 0.1509673 -0.3372137 -0.9292592 0.1509432 -0.3371848 -0.9053954 0.2704485 -0.3272871 -0.9035943 0.3273065 -0.2763834 -0.9090972 0.3369898 -0.2449084 -0.9173294 0.3606735 -0.1685865 -0.9183697 0.3642281 -0.1547091 -0.9218314 0.3824777 -0.06275117 -0.9218329 0.382475 -0.06274813 -0.9168406 0.3957325 0.05290591 -0.9185724 0.3936763 0.03526788 -0.897183 0.4074535 0.1704239 -0.9046729 0.4034383 0.1371296 -0.8894601 0.3781315 0.2566658 -0.8891166 0.399524 0.2232761 -0.8883748 0.3588943 0.2863307 -0.8883794 0.3588863 0.2863264 0.2174688 0.2684119 0.9384361 0.1608412 0.3314755 0.9296527 0.09597915 0.3780856 0.920782 0.2137749 0.3059641 0.9277318 4.70174e-4 0.7235785 0.690242 1.29057e-5 -0.5216826 0.8531398 0.3292768 0.08036178 0.9408075 0.3331914 0.06271749 0.940771 0.3954393 -0.02544969 0.9181395 0.3980674 -0.05291211 0.915829 0.4622451 -0.1136118 0.8794441 0.4584 -0.07640057 0.885456 0.4842044 -0.1470323 0.8625124 0.493698 -0.152821 0.8561004 0.511776 -0.174597 0.8411905 0.5154603 -0.1842529 0.8368703 0.5039283 -0.1784276 0.8451154 0.5151484 -0.195877 0.8344187 0.4697865 -0.1174756 0.8749287 0.7260404 -0.6416621 -0.2472552 0.6646127 -0.6156002 -0.4234694 0.6646044 -0.6156101 -0.423468 0.7388277 -0.644764 -0.1959931 0.7737131 -0.6268103 -0.09207147 0.7766699 -0.6236938 -0.08826071 0.8055398 -0.591906 -0.02743977 0.8055425 -0.5919025 -0.02744066 0.7685037 -0.629305 0.1156604 0.7717276 -0.6267649 0.1077136 0.7227116 -0.663962 0.1919441 0.722727 -0.6639506 0.1919256 0.688115 -0.7057361 0.1686248 0.6881045 -0.7057532 0.168596 0.6880942 -0.7057572 0.1686214 0.6880971 -0.7057572 0.16861 0.2313423 -0.9273608 0.2940795 0.433316 -0.8901149 0.1411839 0.2546888 -0.8875102 0.3840044 0.1431096 -0.8350563 0.5312256 0.2859942 -0.9521539 0.1077516 0.1039131 -0.8836083 0.4565508 0.1154679 -0.9865725 0.1155077 0.03922736 -0.9493093 0.3118864 0.07053989 -0.989349 0.1273297 0.06272661 -0.9840192 0.1666483 0.5796965 -0.8068763 -0.1135907 0.5608865 -0.8079935 -0.1804243 0.5898728 -0.80349 -0.08033788 0.5608744 -0.8080022 -0.1804232 0.6682943 -0.7368832 0.1019117 0.6980167 -0.6999884 0.1509602 0.703938 -0.6059216 0.3705812 0.6883054 -0.6412307 0.3392034 0.5786261 -0.5844999 0.5688162 0.5175768 -0.5666215 0.6411353 0.2507541 -0.5994668 0.7601066 0.2078413 -0.5999892 0.772538 0.3839831 -0.5269997 0.7581743 0.329586 -0.5531969 0.7650793 0.6154596 0.08036941 -0.7840601 0.8199988 0.2216663 -0.5276989 0.6565433 0.09210908 -0.7486434 0.9136914 0.2352796 -0.3313782 0.6171225 0.1195034 -0.7777394 0.8916931 0.3958662 0.2194847 0.9038264 0.3803473 0.1960451 0.7977621 0.4547503 -0.3959518 0.5624693 0.4311378 -0.705513 0.5721673 0.4526571 0.6839051 0.2980009 0.9508361 -0.08429855 0.37057 0.509764 0.7764139 0.1490415 0.4648252 0.8727681 0.8208057 0.540707 0.1841579 0.09406989 0.497747 0.8622059 0.08439075 0.4701589 0.878538 0.4644232 0.6623358 0.5878968 0.1331129 0.7027878 0.698835 1.03989e-5 0.8424429 0.5387856 2.015e-6 0.7235836 0.6902368 0.09601008 0.3780964 0.9207743 -2.07605e-6 0.8424558 0.5387656 6.69298e-6 0.9342271 0.3566789 4.79006e-6 0.934251 0.3566164 -1.29876e-6 0.9935178 0.1136769 1.07639e-6 0.993523 0.1136316 -2.30689e-5 0.986711 -0.1624857 3.67396e-7 0.9867109 -0.1624858 1.94447e-7 0.9120965 -0.409976 7.5131e-6 0.9120959 -0.4099771 2.26151e-7 0.7810705 -0.6244429 -1.29639e-6 0.7803097 -0.6253934 -5.88836e-7 0.5551473 -0.8317521 -1.32558e-4 0.5542568 -0.8323459 -0.001971781 0.3646194 -0.9311546 2.2423e-5 0.364622 -0.9311556 -0.399994 0.6411564 0.6549224 -0.003925979 -0.176492 0.9842943 -0.005867004 0.7158462 0.6982334 -0.7875249 -0.1253825 0.6033934 -0.9398826 0.1527605 0.305426 -0.003923296 0.7785601 0.6275579 5.0962e-6 -0.924232 -0.3818318 -0.3055513 -0.8813436 -0.3603774 -0.2686719 -0.8922941 -0.3628041 1.48067e-5 -0.9242326 -0.3818301 -0.5214385 -0.7821507 -0.3410898 -0.6879211 -0.6781145 -0.2586992 -0.7700533 -0.5976032 -0.2233572 -0.8877937 -0.4488132 -0.1019269 -0.819309 -0.5449063 -0.1783534 -0.9365494 -0.3487573 -0.03526568 -0.9500933 -0.3114676 -0.01763182 -0.9506676 -0.3097096 -0.0176391 -0.9831128 -0.1821472 -0.01765519 -2.46167e-5 -0.474451 0.8802819 2.31946e-6 -0.4503471 0.8928536 0.007854282 -0.4643676 0.8856078 -2.857e-5 -0.4526583 0.8916842 0.002030968 -0.4510914 0.8924756 -2.42267e-5 -0.4471544 0.8944568 -9.25385e-7 -0.4503657 0.8928442 0.003837406 -0.454958 0.8905047 0.003925561 -0.455032 0.8904665 0.3839783 -0.5269932 0.7581813 0.6666655 -0.3371977 0.6647217 0.3295869 -0.5532247 0.7650588 0.1724246 -0.1195147 -0.9777454 0.1057861 -0.1194813 -0.9871847 0.1038234 -0.1195052 -0.9873901 0.1822606 -0.1195448 -0.975956 0.2998594 -0.1332716 -0.9446286 0.3196324 -0.1392253 -0.9372574 0.4568838 -0.1725565 -0.8726291 0.4879812 -0.1783441 -0.85444 0.6180517 -0.196204 -0.7612597 0.6900222 -0.2058275 -0.6939052 0.7292495 -0.1921126 -0.6567252 0.7715023 -0.2193073 -0.5972341 0.7842773 -0.2294033 -0.5764402 0.8159719 -0.2763975 -0.5077347 0.1038524 -0.1195107 -0.9873865 7.96979e-6 -0.1194508 -0.9928402 -1.17745e-5 -0.1194569 -0.9928395 0.105787 -0.119486 -0.987184 0.151029 -0.3412989 -0.9277421 -7.82311e-7 -0.7607769 -0.6490135 0.09200048 -0.3856194 -0.9180598 0.1117576 -0.7352204 -0.6685515 0.2136186 -0.2900457 -0.9328669 8.56444e-6 -0.9401361 -0.3407994 0.1370814 -0.7989644 -0.5855466 0.05679535 -0.9459644 -0.319258 0.07247662 -0.950034 -0.3036161 0.09198206 -0.3856305 -0.9180569 -3.62382e-5 -0.760771 -0.6490204 -1.4404e-6 -0.3922619 -0.9198537 -0.1607708 -0.5470276 0.8215312 5.37559e-6 -0.7071143 0.7070994 -1.79921e-5 -0.5364967 0.8439025 -0.611045 -0.618907 0.4935364 -0.417754 -0.5569922 0.7178031 2.2538e-7 -0.8967654 0.4425063 -0.8833866 -0.3995993 0.2448443 -0.5608566 -0.7569604 0.3353371 6.63474e-6 -0.9988943 0.04701215 -0.9510747 -0.2960959 0.0882281 -0.4543973 -0.8892276 0.05289065 -6.32368e-6 -0.97521 -0.2212815 -0.01566576 -0.9750899 -0.2212567 -0.93987 0.1527457 0.3054719 -0.3999854 0.6411835 0.654901 -0.7875453 -0.1253682 0.6033698 0.4644584 0.7623132 -0.4507295 0.4903305 0.7334958 -0.4707017 0.4903349 0.7334924 -0.4707021 0.464459 0.7623133 -0.4507289 0.4590185 0.7355644 -0.498244 0.4605822 0.7348605 -0.4978395 0.3194126 0.7740109 -0.5467018 0.3158651 0.774971 -0.5474023 0.2607401 0.7802514 -0.5685265 0.260739 0.7802516 -0.5685269 0.6804821 -0.7020722 -0.2098543 0.8101549 -0.5551468 -0.1883113 0.5858969 -0.7505153 -0.3056989 0.6100414 -0.6708257 -0.4217138 0.6216713 -0.6550307 -0.4294877 0.6639956 -0.6110837 -0.4309137 0.7902516 -0.4607976 -0.4039405 0.8447437 -0.5017445 -0.1861743 0.8091953 -0.5760554 -0.1156006 0.8548024 -0.4940575 -0.1588085 0.8535854 -0.5188301 -0.0469833 0.8723431 -0.4881242 -0.02743124 0.870499 -0.4921081 0.007833302 0.8447093 -0.5350495 0.01371914 0.8561429 -0.5152506 0.03919398 0.8482421 -0.5269606 0.05289745 0.5528873 -0.5960242 -0.582298 0.5657604 -0.6545056 -0.5015352 0.5564381 -0.6564102 -0.5094137 0.5489999 -0.739151 -0.3901987 0.5560969 -0.5482634 -0.6246307 0.5448648 -0.511531 -0.6644235 0.3865875 -0.7709156 -0.506201 0.5468249 -0.7408609 -0.3900097 0.5433385 -0.7786541 -0.3138172 0.5407475 -0.7836965 -0.3056336 0.5406956 -0.8110569 -0.2232375 0.5451773 -0.8079627 -0.2235579 0.5409789 -0.8231489 -0.1725337 0.53724 -0.8234769 -0.1823706 0.5571179 -0.6923573 0.4585425 0.6579787 -0.6148797 0.4347264 0.6997719 -0.5919712 0.3998618 0.741546 -0.5865677 0.3256499 0.7702167 -0.6016341 0.2116669 0.554738 -0.8252672 0.1058296 0.5547423 -0.8252618 0.105849 0.5547471 -0.8252581 0.1058529 0.5547511 -0.8252543 0.1058615 0.3511338 -0.6708542 0.6531919 0.3511279 -0.670858 0.6531913 0.351121 -0.6708487 0.6532045 0.3511129 -0.6708542 0.6532033 0.3254685 -0.664677 0.6725137 0.3271192 -0.6875181 0.6483147 0.3270999 -0.6875033 0.6483402 0.3647909 -0.6805424 0.6354445 0.3272227 -0.6642505 0.6720838 0.3647978 -0.6805363 0.6354471 0.3627845 -0.6549898 0.6628543 0.3606204 -0.6565751 0.6624667 0.09019827 -0.9667955 0.2391042 0.09019529 -0.9667633 0.2392355 0.09022492 -0.9667566 0.2392513 0.0902121 -0.9667596 0.2392442 0.965501 -0.182212 0.186029 0.965507 -0.1821477 0.1860609 0.9654958 -0.1821809 0.1860863 0.9655035 -0.1822506 0.1859781 -0.5941383 0.7372844 0.3215764 -0.594139 0.7372851 0.3215737 -0.5941495 0.7372673 0.3215952 -0.5941367 0.737285 0.321578 -0.8768064 -0.2098775 0.4326223 -0.8769076 -0.2095171 0.432592 -0.8768307 -0.2098351 0.4325936 -0.8768907 -0.2095675 0.4326015 -1 0 0 -1 0 0 -1 0 0 -1 0 -8.96252e-7 -1 5.27802e-7 0 -1 0 0 -1 5.32104e-5 -3.01534e-5 -1 -1.8609e-7 -7.63925e-6 -0.999996 0.001992344 -0.002055585 -0.9999962 0.001958668 -0.001964867 -0.8657265 0.4937573 -0.08198523 -0.8657265 0.4937573 -0.08198523 -0.8657265 0.4937573 -0.08198523 0.6838468 0.7288659 -0.03328722 0.6859614 0.7271206 -0.02743375 0.6859604 0.7271215 -0.02743387 0.683823 0.7288873 -0.03330892 0.6540988 0.750045 -0.09791427 0.6542077 0.7502 -0.09598147 0.6213629 0.766445 -0.1626972 0.6213895 0.7664234 -0.1626969 0.5661874 0.8051983 0.1763168 0.5661875 0.8051983 0.1763169 0.5661874 0.8051983 0.1763168 -0.1528251 -0.9878171 0.02935659 0.6021916 -0.7983516 -5.00381e-5 -0.0686146 -0.9976356 0.003923475 0.8532723 -0.5198365 0.04118764 0.9309474 -0.3626006 -0.04310214 0.9310687 -0.3645861 -0.01372271 0.9337592 -0.3523828 -0.06261271 0.6021883 -0.7983542 5.63264e-6 -0.06861227 -0.9976359 0.003898859 0.9301658 -0.3564018 -0.08814382 0.9277661 -0.3667915 -0.06866008 0.9273777 -0.3510106 -0.1294683 -0.9956479 0.09217917 -0.01372706 -0.9956479 0.09217917 -0.013727 -0.9956479 0.09217917 -0.01372706 -0.03136581 -0.9940916 0.1039134 -0.03136587 -0.9940916 0.1039134 -0.03136575 -0.9940916 0.1039135 0.005878984 -0.9991358 0.04114747 0.005920052 -0.9991344 0.04117405 0.005882024 -0.9991353 0.04115986 0.005880832 -0.9991358 0.04114794 -0.9326221 -0.3566531 -0.05490714 -0.9326221 -0.3566531 -0.05490708 -0.932622 -0.3566531 -0.05490714 -0.9737787 -0.1684753 -0.1528759 -0.9519935 -0.0391888 -0.3035997 -0.9618734 -0.113627 -0.248774 -0.9151054 -0.0529161 -0.3997276 -0.9856905 0.003896474 -0.1685199 -0.9839903 -0.1549 -0.08814328 -0.9107607 0.07836478 -0.4054307 -0.876083 -0.001969337 -0.4821562 -0.7703438 0.1430841 -0.6213673 -0.9973393 0.04311567 -0.05878293 -0.9971342 -0.02743405 0.07050472 -0.7972853 0.2683646 -0.5406632 -0.5901953 0.3058855 -0.7470633 -0.9508938 0.17842 -0.252918 -0.836579 0.4055459 -0.3683314 -0.6136593 0.4352701 -0.6587581 -0.4036874 0.5369639 -0.7407472 -0.3881995 0.4019057 -0.8293208 -0.2509149 0.4391709 -0.8626533 -0.6509706 0.5940914 -0.4725387 -0.2586157 0.5701383 -0.7797822 -0.1761806 0.4542853 -0.8732614 -0.1881768 0.5782562 -0.7938573 -0.2821635 0.7504774 -0.5976349 -0.207726 0.7603884 -0.6153531 -0.2176257 0.8920716 -0.3960397 -0.4313863 0.7097925 -0.5568667 -0.3077699 0.8704209 -0.3842463 -0.323053 0.9339771 -0.1527208 -0.2214345 0.9621716 -0.1587218 -0.4644235 0.8131943 -0.3507506 -0.6779723 0.6779616 -0.2841156 -0.3290172 0.9381592 0.1077266 -0.2295116 0.9670869 0.1098515 -0.8598703 0.4681138 -0.203697 -0.3270439 0.8851608 0.3309574 -0.2313877 0.9117982 0.33924 -0.221385 0.8443968 0.4878349 -0.9700713 0.215596 -0.1117153 -0.3116527 0.7585071 0.5723108 -0.2078896 0.7844092 0.5843665 -0.9962766 0.05480939 0.06654906 -0.9962162 0.01173347 0.08611422 -0.3196747 0.8178154 0.4785249 -0.4843546 0.7412239 0.4647449 -0.4781855 0.6761382 0.5605139 -0.6745874 0.5019932 0.5412345 -0.4921239 0.8097404 0.3195849 -0.6900059 0.5723965 0.4430058 -0.8317594 0.3609477 0.4217738 -0.8010511 0.3016037 0.5170613 -0.7011234 0.6423954 0.3094419 -0.8914981 0.2018378 0.4055771 -0.8673021 0.1526999 0.4737825 -0.8544945 0.4213768 0.3037776 -0.9236041 0.1117485 0.3666986 -0.9051687 0.05683493 0.4212356 -0.9092074 0.04898422 0.4134522 -0.9232476 0.001922667 0.384201 -0.920287 0.258473 0.2937068 -0.9478039 0.1488281 0.2819895 -0.9613299 0.2251539 0.158589 -0.9759913 0.1097342 0.1881472 -0.8683767 0.4704581 0.1568159 -0.9918092 0.03918588 0.1215692 -0.9949795 0.0509051 0.0861659 -0.9984634 0.04698133 0.0293895 -0.998464 0.04699182 0.0293495 -0.9757331 0.2174823 0.02542823 -0.8701059 0.4918674 -0.03133881 -0.6954901 0.7131074 -0.08815574 -0.7041054 0.6981976 0.1294444 -0.4857834 0.8638692 -0.1332089 -0.4953477 0.8614966 0.1115983 -0.4215068 -0.6273478 -0.6548027 -0.3490864 -0.6138768 -0.7080212 -0.4215072 -0.6273459 -0.6548044 -0.3158127 -0.6041388 -0.7316274 -0.2766112 -0.6159716 -0.7376079 -0.2741804 -0.620842 -0.7344252 -0.2608278 -0.6040312 -0.7530707 -0.2627215 -0.6058721 -0.7509304 -0.186235 -0.5450036 -0.8174886 -0.2039312 -0.55295 -0.8078728 -0.1155108 -0.5364535 -0.8359875 -0.1117826 -0.547129 -0.8295508 -0.082228 -0.5658377 -0.8204063 -0.06863677 -0.5686902 -0.8196831 -0.03524488 -0.5736453 -0.8183452 -0.03523743 -0.5736235 -0.8183609 0.9292446 0.1509674 -0.3372139 0.921013 0.2018535 -0.3331519 0.9292591 0.1509432 -0.3371851 0.9053955 0.2704484 -0.3272872 0.9035867 0.3273482 -0.2763591 0.9090973 0.3369898 -0.2449081 0.9173297 0.3606733 -0.168586 0.9183869 0.3642007 -0.1546718 0.9218314 0.3824776 -0.06275123 0.9218327 0.3824749 -0.06274819 0.9168407 0.3957325 0.05290591 0.9185724 0.3936762 0.03526782 0.8971831 0.4074536 0.1704241 0.904691 0.4034096 0.1370943 0.88946 0.3781317 0.2566663 0.8891167 0.399524 0.223276 0.8883747 0.3588945 0.2863309 0.8883794 0.3588864 0.2863264 -0.1608408 0.3314749 0.929653 -0.2174688 0.2684117 0.9384363 -0.09597903 0.3780828 0.9207831 -0.2137752 0.3059648 0.9277315 -4.65808e-5 0.7235786 0.6902421 -1.16713e-5 -0.5216828 0.8531396 -0.3292768 0.08036196 0.9408076 -0.3331915 0.06271767 0.940771 -0.3954839 -0.02544796 0.9181203 -0.3980954 -0.05294919 0.9158147 -0.4622449 -0.1136119 0.8794441 -0.4583998 -0.07640075 0.8854562 -0.4844451 -0.1431386 0.8630322 -0.485838 -0.1449826 0.8619406 -0.4785274 -0.1726085 0.8609402 -0.4820626 -0.1940006 0.8543884 -0.485954 -0.2096592 0.8484644 -0.5436236 -0.2453185 0.8026782 -0.4697422 -0.1173956 0.8749632 -0.6646119 -0.6156005 -0.4234703 -0.7260372 -0.641666 -0.2472546 -0.6646034 -0.6156114 -0.4234678 -0.7388287 -0.6447626 -0.1959934 -0.7737133 -0.62681 -0.09207099 -0.7766707 -0.623693 -0.08825987 -0.8055405 -0.5919052 -0.02743971 -0.8055425 -0.5919024 -0.02744054 -0.7685022 -0.6293069 0.1156597 -0.7717258 -0.6267672 0.1077129 -0.7227115 -0.6639621 0.191944 -0.722727 -0.6639506 0.1919256 -0.6881026 -0.7057551 0.1685961 -0.6881151 -0.7057358 0.1686254 -0.6880936 -0.7057576 0.1686225 -0.6880941 -0.7057589 0.1686145 -0.4333159 -0.890115 0.1411838 -0.2313426 -0.9273607 0.2940796 -0.2546887 -0.8875102 0.3840045 -0.1431097 -0.8350564 0.5312256 -0.2860383 -0.9521405 0.1077527 -0.1038759 -0.8836228 0.4565309 -0.115467 -0.9865725 0.1155083 -0.0392273 -0.9493098 0.3118848 -0.07053834 -0.9893488 0.1273312 -0.06272655 -0.9840198 0.1666455 -0.5608872 -0.8079928 -0.1804251 -0.5796988 -0.8068745 -0.1135913 -0.5898765 -0.803487 -0.0803402 -0.5608758 -0.8080011 -0.1804236 -0.6682931 -0.7368845 0.1019107 -0.6980162 -0.6999889 0.1509606 -0.7039389 -0.6059203 0.3705817 -0.6882862 -0.6412262 0.3392508 -0.5786256 -0.5844999 0.5688167 -0.5175765 -0.5666227 0.6411344 -0.2507544 -0.5994669 0.7601065 -0.2078419 -0.5999892 0.7725379 -0.383983 -0.5269995 0.7581747 -0.3295893 -0.5532023 0.765074 -0.8199997 0.2216646 -0.5276982 -0.6154597 0.08036911 -0.78406 -0.6565428 0.09210902 -0.7486438 -0.913691 0.2352806 -0.3313788 -0.6171227 0.1195033 -0.7777394 -0.891693 0.3958662 0.2194851 -0.9038265 0.380347 0.1960458 -0.7977643 0.4547549 -0.3959425 -0.5624695 0.4311354 -0.7055144 -0.5721672 0.4526572 0.6839051 -0.2980005 0.9508362 -0.08429861 -0.3705657 0.5097715 0.7764111 -0.1490424 0.4648259 0.8727676 -0.8208122 0.5407052 0.1841343 -0.4644345 0.6623371 0.5878862 -0.1331197 0.7027518 0.6988699 -0.09407037 0.4977473 0.8622056 -0.08431029 0.4705419 0.8783406 -7.93134e-7 0.7235834 0.690237 -8.99134e-7 0.8424427 0.538786 -0.09600895 0.3780963 0.9207745 1.47265e-5 0.8424555 0.538766 -2.07589e-7 0.9342992 0.3564901 -4.79082e-6 0.934251 0.3566161 -9.58057e-7 0.9935179 0.1136764 2.79808e-6 0.993523 0.1136312 3.27844e-7 0.9867111 -0.1624851 2.83413e-5 0.986711 -0.1624853 -4.60723e-6 0.912096 -0.4099767 0 0.9120955 -0.4099779 -3.01506e-5 0.7810709 -0.6244424 1.29243e-6 0.78031 -0.625393 5.97327e-7 0.5551472 -0.8317521 -1.85886e-7 0.5542565 -0.832346 0.001926481 0.3646224 -0.9311535 2.80708e-5 0.3646199 -0.9311565 -0.4545323 -0.8855386 0.09603095 -0.4545323 -0.8855385 0.09603089 -0.4545324 -0.8855385 0.09603089 0.003926336 -0.1764892 0.9842948 0.3999942 0.6411558 0.6549229 0.005867183 0.7158473 0.6982322 0.7875249 -0.1253851 0.6033931 0.9398826 0.1527605 0.3054259 0.003923296 0.7785607 0.627557 0.3055514 -0.8813436 -0.3603771 -5.14608e-6 -0.9242319 -0.3818319 0.2686719 -0.8922938 -0.3628046 -1.48118e-5 -0.9242326 -0.3818301 0.5214385 -0.7821506 -0.3410899 0.6879211 -0.6781147 -0.2586991 0.7700534 -0.5976032 -0.2233571 0.8970822 -0.4270101 -0.1136043 0.8193098 -0.5449053 -0.1783526 0.9487202 -0.3116568 -0.05291718 0.9564393 -0.288119 -0.04702645 0.9564419 -0.2881082 -0.04703676 0.9598191 -0.2664135 -0.08815473 -2.52901e-6 -0.450347 0.8928536 2.48667e-5 -0.4744511 0.880282 -0.007854402 -0.4643676 0.8856077 0 -0.4526924 0.8916668 -0.001990616 -0.4511145 0.8924639 2.43174e-5 -0.4471542 0.8944569 -7.66174e-7 -0.4503219 0.8928663 -0.00390315 -0.45502 0.8904727 -0.003925919 -0.455031 0.890467 -0.6666697 -0.3371518 0.6647408 -0.3839793 -0.5269919 0.7581818 -0.3295882 -0.5532231 0.7650595 -0.1057862 -0.1194813 -0.9871847 -0.172423 -0.119523 -0.9777447 -0.1038237 -0.1195052 -0.9873901 -0.1822606 -0.1195449 -0.9759561 -0.2998594 -0.1332716 -0.9446285 -0.3196325 -0.1392254 -0.9372574 -0.4568841 -0.1725566 -0.8726289 -0.4879813 -0.1783445 -0.8544399 -0.6180521 -0.196204 -0.7612594 -0.6900224 -0.2058275 -0.6939051 -0.7292497 -0.1921129 -0.6567248 -0.7715016 -0.2193086 -0.5972346 -0.7842775 -0.2294031 -0.5764401 -0.8158888 -0.2764587 -0.5078349 -8.02908e-6 -0.1194509 -0.9928402 -0.1038509 -0.1195108 -0.9873866 1.32276e-5 -0.119457 -0.9928395 -0.105787 -0.119486 -0.987184 7.37607e-7 -0.7607771 -0.6490134 -0.1510291 -0.3412989 -0.9277421 -0.09200066 -0.3856201 -0.9180594 -0.111765 -0.7352202 -0.6685506 -8.56741e-6 -0.940136 -0.3407994 -0.2136186 -0.2900456 -0.9328669 -0.05679529 -0.9459645 -0.319258 -0.1370813 -0.7989642 -0.5855466 -0.07247656 -0.9500341 -0.3036159 3.64929e-5 -0.760771 -0.6490204 -0.09198206 -0.3856305 -0.9180569 1.44029e-6 -0.3922619 -0.9198537 -1.21519e-5 -0.70712 0.7070936 0.1607708 -0.5470275 0.8215312 1.82092e-5 -0.5364967 0.8439025 0.6110479 -0.6189057 0.4935344 0.4177541 -0.5569921 0.7178032 0.8833982 -0.3995711 0.2448481 0.95107 -0.2961069 0.08824324 0.5608621 -0.7569539 0.3353427 1.24406e-5 -0.8967595 0.4425183 -6.71297e-6 -0.9988943 0.04701244 0.3999844 0.6411832 0.654902 0.7875459 -0.1253679 0.6033691 0.9398699 0.1527448 0.3054728 0.4543972 -0.8892278 0.05289089 5.69045e-6 -0.9752101 -0.2212814 0.01566463 -0.97509 -0.2212559 -0.4903299 0.7334952 -0.4707031 -0.4644583 0.7623131 -0.4507297 -0.4902957 0.7335205 -0.4706993 -0.464459 0.7623133 -0.4507289 -0.4590193 0.7355639 -0.4982442 -0.4605636 0.7348929 -0.497809 -0.3194116 0.7740113 -0.5467018 -0.3158648 0.7749704 -0.5474032 -0.2607401 0.7802512 -0.5685269 -0.260739 0.7802516 -0.5685268 -0.8170542 -0.5408096 -0.1998687 -0.6804817 -0.7020726 -0.209854 -0.5858969 -0.7505155 -0.3056983 -0.8092159 -0.5760244 -0.1156094 -0.6957039 -0.5624449 -0.4468241 -0.8447 -0.5350641 0.01372635 -0.7056809 -0.5449434 -0.4528259 -0.7247541 -0.5229999 -0.4485561 -0.7973034 -0.4505877 -0.4015944 -0.8550268 -0.4824277 -0.1902441 -0.8636236 -0.4798144 -0.1547015 -0.8557759 -0.5150249 -0.04895895 -0.8482376 -0.5269681 0.05289351 -0.871671 -0.4897 -0.01959151 -0.8561403 -0.5152559 0.03918385 -0.8704942 -0.4921163 0.007844805 -0.5152639 -0.5603318 -0.6484841 -0.5136014 -0.6116055 -0.601791 -0.5099091 -0.5236368 -0.6824935 -0.4604524 -0.5975933 -0.6564038 -0.5133277 -0.6818084 -0.5211833 -0.5195433 -0.6998758 -0.4901517 -0.5039306 -0.7705737 -0.3902181 -0.5056662 -0.7624323 -0.4037309 -0.505893 -0.8019773 -0.317655 -0.495846 -0.8192343 -0.2880833 -0.5152656 -0.8365756 -0.1861255 -0.5210886 -0.822695 -0.2272436 -0.5208404 -0.838042 -0.1625146 -0.5363808 -0.8357396 -0.1176234 -0.6579787 -0.6148797 0.4347264 -0.5569754 -0.6922776 0.4588357 -0.699775 -0.5919528 0.3998837 -0.7415422 -0.5865619 0.3256691 -0.7701884 -0.6016657 0.2116796 -0.5523858 -0.8265963 0.1077432 -0.5523778 -0.8266022 0.1077387 -0.5523644 -0.8266144 0.1077135 -0.5523715 -0.826608 0.1077267 -0.3511292 -0.6708579 0.6531907 -0.3511343 -0.6708537 0.6531922 -0.3511226 -0.6708487 0.6532036 -0.3511132 -0.6708536 0.6532037 -0.3271182 -0.687519 0.6483143 -0.3254682 -0.6646779 0.6725131 -0.3271008 -0.6875027 0.6483404 -0.3647913 -0.6805435 0.6354431 -0.3272224 -0.6642516 0.672083 -0.3647983 -0.6805376 0.6354455 -0.3627848 -0.6549903 0.6628536 -0.3606207 -0.6565756 0.6624661 -0.09019529 -0.9667633 0.2392355 -0.09020513 -0.9667603 0.2392438 -0.09022516 -0.9667567 0.2392511 -0.09021198 -0.9667596 0.2392439 -0.965507 -0.1821474 0.1860606 -0.9654888 -0.1823037 0.1860021 -0.9655206 -0.1821064 0.1860303 -0.9655088 -0.1821703 0.1860292 0.5941369 0.7373055 0.3215306 0.5941385 0.7372843 0.3215765 0.5941494 0.7372679 0.3215938 0.5941393 0.7372826 0.3215786 0.8768267 -0.209842 0.4325984 0.8768064 -0.2098773 0.4326222 0.8768311 -0.2098343 0.4325932 0.8768908 -0.2095675 0.4326015 1 0 0 1 -1.70934e-7 0 1 0 0 1 0 0 1 -1.54076e-7 0 1 0 0 1 0 0 1 0 4.7099e-5 1 0 0 1 0 0 1 5.31376e-5 -3.0153e-5 1 -3.32449e-7 -7.63219e-6 0.999996 0.001992344 -0.002055585 0.9999963 0.001958191 -0.001962363 0.8657428 0.4937145 -0.08206957 0.8657428 0.4937145 -0.08206957 -0.6859614 0.7271206 -0.02743345 -0.6838172 0.7288925 -0.03331369 -0.6859604 0.7271216 -0.02743375 -0.6838228 0.7288875 -0.03330922 -0.6540865 0.7500554 -0.09791767 -0.6542134 0.7501952 -0.09597915 -0.6213644 0.7664438 -0.1626973 -0.6213803 0.7664308 -0.1626974 -0.566188 0.8051981 0.1763154 -0.5661881 0.8051981 0.1763154 -0.566188 0.8051981 0.1763154 -0.602191 -0.7983521 -4.93824e-5 0.1528257 -0.9878171 0.02935707 0.06861484 -0.9976356 0.00392425 -0.9309475 -0.3626003 -0.04310214 -0.8532943 -0.5197992 0.04120236 -0.9310686 -0.3645859 -0.01372307 -0.9337661 -0.3523574 -0.06265294 -0.6021874 -0.7983548 5.13159e-6 0.06861132 -0.9976359 0.003897964 -0.9301708 -0.3564009 -0.08809554 -0.9277661 -0.3667914 -0.06866014 -0.9273938 -0.3509823 -0.129431 0.995648 0.09217727 -0.01372689 0.995648 0.09217727 -0.01372671 0.995648 0.09217727 -0.01372689 0.03136682 -0.9940915 0.1039142 0.03136688 -0.9940915 0.1039142 0.03136676 -0.9940915 0.1039142 -0.005920112 -0.9991344 0.04117405 -0.005878925 -0.9991358 0.04114681 -0.005882024 -0.9991354 0.0411579 -0.005880832 -0.9991358 0.04114782 0.932637 -0.3566182 -0.05487734 0.932637 -0.3566182 -0.0548774 0.9326371 -0.3566183 -0.05487728 0.3335047 0.3923197 0.8572397 -6.48201e-6 0.5899174 0.8074637 -7.46548e-6 0.4115941 0.9113674 0.2075346 0.2975673 0.9318708 2.01663e-5 0.3132857 0.9496589 0.6039063 0.1882389 0.7745084 0.3783922 0.5273952 0.7607062 -5.91576e-6 0.733067 0.6801565 0.5960814 0.3313714 0.731355 0.3803701 0.6627171 0.6450772 5.06639e-7 0.8485419 0.5291282 0.6034849 0.4291059 0.6720671 0.6528257 0.2117204 0.7273192 0.6167445 0.3837727 0.6872735 0.6212886 0.4899744 0.6114945 0.6313178 0.5685791 0.5274048 0.6980258 0.1509676 0.6999778 0.6619977 0.1586127 0.7325307 0.6292995 0.101945 0.7704476 0.6905367 0.1373165 0.7101432 0.8150213 0.1136262 0.5681807 0.8170478 0.1273577 0.5623281 0.8471418 0.119624 0.5177268 0.8900907 0.1352789 0.4352451 0.8734343 0.1272705 0.470016 0.893426 0.1391081 0.427129 0.9042469 0.1490727 0.4001439 0.9173725 0.1725021 0.358707 0.9196024 0.1764653 0.3509864 0.9148061 0.2037538 0.3487325 0.9102452 0.2373666 0.3392799 0.9146495 0.2428631 0.3231626 0.9194496 0.2117533 0.33132 0.9154798 0.2568277 0.309736 0.9041786 0.3000705 0.3040048 0.8969983 0.3231515 0.3016079 0.9034908 0.2743768 0.3292747 0.896574 0.3256633 0.3001644 0.8899319 0.3487719 0.2939038 0.7745998 0.5274208 0.3490309 0.7975797 0.4879156 0.3546902 0.7285029 0.5522305 0.4053701 0.7745594 0.5274747 0.3490389 0.6352966 0.6431736 0.4274645 0.5938805 0.6703383 0.4449186 0.6839783 0.5840947 0.4370437 0.4569047 0.7608428 0.4608215 0.4353665 0.7550366 0.4902814 1.48118e-5 0.8710036 0.4912766 0.6245002 0.5872981 0.5148597 0.7705118 -0.6332866 0.07252383 0.6597589 -0.6949965 0.2858289 0.6610239 -0.6943721 0.2844204 0.7736688 -0.630673 0.06073129 0.7984141 -0.6002659 -0.04707497 0.798408 -0.6002736 -0.04707878 0.5878973 -0.7231401 0.3625537 0.5857973 -0.7229263 0.3663594 0.5192461 -0.6975467 0.4937734 0.5215216 -0.7038345 0.4823198 0.495678 -0.6602458 0.5642508 0.495678 -0.6602624 0.5642313 0.03530263 -0.7134988 -0.6997665 0.7979936 -0.3450812 -0.4940905 0.7979977 -0.3450772 -0.4940865 0.117707 -0.517794 -0.8473692 -0.5702207 -0.2194528 0.7916368 -0.5292556 -0.6116043 0.588072 -0.4353886 -0.6863452 0.5825522 -0.4975047 -0.05484122 0.8657261 2.24859e-5 -0.5231093 0.8522656 0.2566009 -0.497575 0.8285984 0.227434 -0.5039013 0.833281 1.39504e-5 -0.5231076 0.8522667 0.388406 -0.4668703 0.7944641 0.3884011 -0.4668778 0.7944619 -0.4803917 -0.03332448 0.8764208 -0.4975022 -0.05483883 0.8657277 -0.5702233 -0.2194409 0.7916383 -0.4803786 -0.03333401 0.8764276 -0.723585 -0.6902242 -0.003925144 -0.7235684 -0.6902416 -0.003925442 -0.7235664 -0.6902437 -0.003922283 -0.7235886 -0.6902204 -0.003924369 0.8194626 0.4469678 0.3587492 0.8468647 0.4469737 0.2881576 0.8194479 0.4469824 0.3587645 0.8389276 0.4488865 0.3077362 -0.01371133 0.3760532 -0.9264968 -0.005861461 0.3546999 -0.9349619 -0.01176834 0.3817884 -0.9241749 -0.01175796 0.3703553 -0.9288158 -0.01175653 0.3703435 -0.9288206 -9.15863e-6 0.4155711 -0.9095607 -0.01371401 0.3995548 -0.9166067 -0.04706376 0.4862797 -0.8725348 0.03921353 0.3253611 -0.9447765 0.001966238 0.3703653 -0.9288841 -0.04121625 0.4119879 -0.9102568 -0.0607379 0.4314002 -0.9001138 1.28308e-5 0.4306969 -0.9024967 -0.001961767 -0.9113764 -0.4115695 0.0352863 -0.7134937 -0.6997725 0.007847428 -0.9138668 -0.4059383 0.003917992 -0.9982657 -0.05873888 -3.07523e-6 -0.7543904 -0.6564262 0.117706 -0.5178189 -0.8473541 -0.01176708 -0.5156079 -0.8567439 -5.61588e-6 -0.998496 -0.05482637 -2.55927e-6 -0.7914668 -0.6112122 -0.007802009 -0.6012197 -0.7990458 -3.03146e-6 -0.5990524 -0.8007098 -4.2564e-5 -0.4836357 -0.8752694 9.14025e-7 -0.4836481 -0.8752626 -0.003924608 -0.9999619 -0.007803559 -3.81428e-7 -0.9999692 -0.007861852 -0.003942787 -0.9999615 -0.007849216 -0.001925587 -0.9999964 0.001906454 0.007849693 -0.9999611 -0.00402379 2.73052e-7 -0.6512248 0.758885 1.89579e-6 -0.6511755 0.7589272 2.19958e-6 -0.6511803 0.7589231 0 -0.6510703 0.7590175 -6.69854e-6 -0.9999693 0.007840335 5.44637e-6 -0.2979469 0.9545825 -5.51768e-6 -0.9999061 -0.01370722 0.0666815 -0.1528899 0.9859911 0.1273409 0.0313645 0.991363 0.1352742 -0.04118162 0.9899521 0.03919011 0.01568293 0.9991088 -1.28932e-5 -0.005891799 0.9999827 0.007829487 -0.01371484 0.9998753 0.3315889 -0.4061851 0.8515061 1.08244e-5 -1.16453e-5 1 0.06070411 -0.996856 -0.05092298 -4.76057e-5 -0.9969227 -0.07839131 0.03720515 -0.9973382 -0.0627098 0.2803854 -0.9588261 0.04513114 1.42879e-5 -0.9970779 -0.07639211 -8.34858e-7 -0.7525854 -0.6584947 -0.272346 -0.4192933 -0.8660376 -0.4034374 -0.5483729 -0.732479 0 -0.7525591 -0.6585248 -0.6367548 -0.3448417 -0.6896576 -0.6404737 -0.4465444 -0.6248133 -0.6413425 -0.4413193 -0.6276283 -0.6287723 -0.5876203 -0.5092621 0.6783186 -0.29607 0.6724778 0.5954075 -0.2428643 0.7658373 0.59415 -0.2431493 0.7667232 0.5464227 -0.2017392 0.8128492 0.5464717 -0.2017364 0.8128169 0.6822241 -0.2960282 0.668534 0.7788536 -0.3198308 0.5395326 0.7820624 -0.3194799 0.5350804 0.8666337 -0.3059707 0.3941168 0.8678151 -0.305602 0.3917965 0.9370146 -0.2489141 0.2450417 0.9377341 -0.2485237 0.2426741 0.9850419 -0.1468825 0.0901001 0.9848581 -0.1469097 0.09204465 0.9992601 -0.009774744 -0.03719836 0.9992836 -0.01372557 -0.03526866 0.9828996 0.1311832 -0.1292262 0.9838875 0.1254432 -0.1273951 0.9452418 0.2706779 -0.18235 0.9467886 0.2665835 -0.180346 0.8940134 0.3999518 -0.2019374 0.8947107 0.3983221 -0.2020699 0.8307768 0.5231378 -0.1900969 0.8307717 0.5231682 -0.1900358 0.7535315 0.6416112 -0.1432671 0.7527581 0.6429807 -0.1411774 0.6656416 0.7439527 -0.05878549 0.6636605 0.745868 -0.05688315 0.5726648 0.8178163 0.05684888 0.5705537 0.818988 0.06105148 0.4798555 0.8538405 0.2017303 0.4780824 0.8543533 0.2037594 0.3974912 0.8445727 0.3587448 0.3958166 0.8445852 0.3605623 0.3316756 0.7909444 0.5141968 0.3312996 0.7901434 0.5156687 0.2880324 0.6955201 0.658247 0.2885053 0.696316 0.6571977 0.2705615 0.5665434 0.7783478 0.2702646 0.5679482 0.7774265 0.2766447 0.4139906 0.8672253 0.276292 0.4172586 0.8657702 0.3096423 0.2505818 0.9172407 0.3076059 0.2547361 0.9167815 0.3505039 0.1096713 0.9301179 0.3486232 0.1136084 0.9303522 0.3759325 0.03133428 0.9261171 0.3759332 0.03134119 0.9261167 0.5508117 0.8232745 0.1372067 0.7269173 0.6681351 0.1587037 0.6585017 0.7525768 0.001963794 0.7643665 0.6350288 0.1117236 0.7206466 0.6892954 -0.07443457 0.6981 0.4862043 0.5256062 0.6509175 0.7136697 0.2588088 0.4670425 0.8454544 0.2589949 0.5835738 0.7343671 0.3466216 0.3864934 0.8318858 0.3982322 0.5254294 0.7215072 0.450945 0.3215824 0.7823626 0.5333795 0.4722837 0.6898181 0.5487251 0.2782367 0.7190728 0.6368035 0.4585894 0.6467015 0.6094859 0.2469097 0.6270943 0.738775 0.4310238 0.5955681 0.677877 0.2331224 0.4858434 0.8423836 0.445029 0.4940216 0.7469216 0.2526447 0.3212122 0.9126846 0.4546157 0.3762249 0.8073285 0.3057538 0.1332754 0.9427366 0.5172382 0.2351288 0.8229089 0.3979918 -0.0568614 0.9156252 0.5795567 0.08417367 0.8105733 0.6074691 0.03332465 0.7936441 0.447288 -0.1432099 0.8828501 0.6973614 -0.6464471 -0.3095049 0.7039014 -0.6372611 -0.3137214 0.6591803 -0.6961139 -0.2844412 0.7272373 -0.5978704 -0.3371602 0.72852 -0.5953698 -0.3388119 0.746612 -0.5565224 -0.3644906 0.7468601 -0.5586585 -0.3606948 0.7535046 -0.5317987 -0.3865501 0.9213666 -0.3685503 -0.1235089 0.9213651 -0.3685549 -0.1235066 0.9213661 -0.3685517 -0.1235083 0.9213676 -0.3685484 -0.1235064 0.1293714 0.8447044 0.5193625 0.1293491 0.8447054 0.5193666 0.12936 0.844705 0.5193647 0.1293473 0.8447061 0.5193662 -1.88202e-5 0.5899207 0.8074612 -0.3335052 0.3923209 0.857239 7.34627e-6 0.4115939 0.9113674 -0.2075349 0.2975671 0.9318708 -2.12193e-5 0.3132858 0.949659 -0.6039065 0.1882388 0.7745084 -0.3783855 0.5273959 0.760709 -0.6905367 0.1373164 0.7101432 -0.6292794 0.1019071 0.770469 -0.3803948 0.6627144 0.6450654 -2.02805e-5 0.733077 0.6801458 -0.6034851 0.4291059 0.6720669 -0.5960821 0.3313714 0.7313544 -0.6212882 0.4899743 0.611495 -0.631318 0.5685793 0.5274043 -0.6528263 0.2117205 0.7273186 -0.6167456 0.3837707 0.6872736 -0.4353798 0.7550262 0.4902856 -0.6245004 0.587298 0.5148597 1.68085e-5 0.8485563 0.5291051 -1.48527e-5 0.8710036 0.4912768 -0.4569047 0.7608438 0.4608199 -0.5938806 0.6703383 0.4449185 -0.6352966 0.6431739 0.4274643 -0.7284721 0.5522696 0.4053723 -0.6839759 0.5840985 0.4370422 -0.7975546 0.4879567 0.35469 -0.7745704 0.5274602 0.3490367 -0.7745594 0.5274752 0.3490382 -0.9041787 0.3000703 0.3040049 -0.8969988 0.3231508 0.3016073 -0.896574 0.325663 0.3001648 -0.8899322 0.3487717 0.2939033 -0.9146497 0.2428627 0.323162 -0.9154797 0.2568279 0.309736 -0.9194494 0.2117539 0.3313202 -0.9173704 0.1724977 0.3587144 -0.9034798 0.2743902 0.3292937 -0.9102455 0.2373666 0.3392791 -0.9196024 0.1764661 0.350986 -0.9148064 0.203754 0.3487313 -0.9042464 0.1490415 0.4001562 -0.8934233 0.1391035 0.4271361 -0.890088 0.1352895 0.4352473 -0.847142 0.119623 0.5177267 -0.8734342 0.1272708 0.470016 -0.8150214 0.1136261 0.5681807 -0.8170477 0.1273576 0.5623283 -0.6980257 0.1509675 0.6999779 -0.6619976 0.1586128 0.7325308 -0.6610236 -0.6943721 0.2844207 -0.7736654 -0.6306772 0.06073057 -0.7705183 -0.6332769 0.07254004 -0.7984141 -0.6002656 -0.04707854 -0.7984071 -0.6002747 -0.04707866 -0.6597489 -0.6950018 0.285839 -0.5878981 -0.7231396 0.3625535 -0.5857983 -0.7229256 0.3663592 -0.5192462 -0.6975465 0.4937736 -0.5215215 -0.7038343 0.4823201 -0.4956778 -0.6602455 0.5642511 -0.4956778 -0.6602622 0.5642316 -0.7979932 -0.3450785 -0.4940928 -0.03530204 -0.7134993 -0.6997662 -0.7979978 -0.3450776 -0.4940861 -0.1177049 -0.517795 -0.8473688 0.5292561 -0.6116045 0.5880715 0.5702209 -0.2194526 0.7916368 0.4353842 -0.6864092 0.5824802 0.4975047 -0.05484086 0.865726 -0.2566021 -0.4975762 0.8285973 -2.25007e-5 -0.5231092 0.8522657 -0.2274337 -0.5039016 0.833281 -1.39475e-5 -0.5231076 0.8522667 -0.3884047 -0.4668697 0.7944648 -0.3884006 -0.4668771 0.7944625 0.4975068 -0.05483883 0.8657251 0.4803507 -0.03332322 0.8764433 0.5701962 -0.2194809 0.7916467 0.4803794 -0.03333413 0.8764271 0.7235684 -0.6902415 -0.003924369 0.7235854 -0.6902238 -0.003925204 0.7235667 -0.6902434 -0.003922402 0.7235885 -0.6902204 -0.003923177 -0.8468651 0.446973 0.2881571 -0.8194637 0.4469672 0.3587473 -0.8194491 0.4469819 0.3587623 -0.8389281 0.4488857 0.3077359 0.005849361 0.3546566 -0.9349784 0.0137124 0.3760989 -0.9264782 0.0117684 0.3817883 -0.924175 0.01175796 0.3703563 -0.9288154 0.01175647 0.370345 -0.9288199 9.11617e-6 0.4155711 -0.9095607 0.01371467 0.3995559 -0.9166064 0.04706525 0.4862831 -0.8725329 -0.03921288 0.3253607 -0.9447767 -0.001764535 0.3702305 -0.9289383 0.04121673 0.4119873 -0.910257 0.06069457 0.4313836 -0.9001247 -1.27144e-5 0.4306969 -0.9024967 -0.03528624 -0.7134937 -0.6997725 0.001961827 -0.9113763 -0.4115694 -0.007847428 -0.9138668 -0.4059384 -0.003917992 -0.9982658 -0.05873936 3.08268e-6 -0.7543902 -0.6564264 -0.117706 -0.5178189 -0.8473542 0.01176714 -0.5156077 -0.856744 5.53578e-6 -0.9984959 -0.05482655 2.35997e-6 -0.7914668 -0.6112122 0.00783503 -0.6012233 -0.7990427 2.9651e-6 -0.5990526 -0.8007098 4.26554e-5 -0.4836357 -0.8752694 -2.75641e-5 -0.483683 -0.8752433 0.003924608 -0.9999619 -0.007804036 -1.25586e-6 -0.9999699 -0.007766008 0.003942787 -0.9999615 -0.007849216 0.001925587 -0.9999964 0.001906394 -0.007849693 -0.9999611 -0.00402379 -1.95154e-6 -0.6511755 0.7589272 0 -0.651152 0.7589474 -4.67908e-6 -0.651253 0.7588608 0 -0.6512158 0.7588927 0.005465924 -0.2978271 0.9546043 6.67769e-6 -0.9999693 0.007840335 6.56577e-6 -0.9999061 -0.01370352 -0.06668615 -0.1528875 0.9859911 -0.1273394 0.03136456 0.9913633 -0.135274 -0.04118168 0.989952 -0.03918939 0.01568353 0.9991087 1.3981e-5 -0.00589019 0.9999827 -0.007829487 -0.01371479 0.9998754 -0.3315958 -0.4062701 0.8514628 -1.08257e-5 -1.1645e-5 1 4.77929e-5 -0.9969227 -0.07839143 -0.06070405 -0.996856 -0.05092298 -0.0372051 -0.9973382 -0.06271004 -0.2803852 -0.958826 0.04513156 -1.42225e-5 -0.997078 -0.07639211 0.2723467 -0.4192931 -0.8660374 8.48959e-7 -0.7525885 -0.6584913 0.4034363 -0.5483752 -0.732478 1.11313e-6 -0.7525626 -0.6585207 0.6367551 -0.3448418 -0.6896572 0.6404756 -0.4465439 -0.6248117 0.6413422 -0.441319 -0.6276288 0.6287722 -0.5876203 -0.5092621 -0.5464991 -0.201736 0.8127985 -0.5941492 -0.2431486 0.7667238 -0.5464677 -0.201737 0.8128194 -0.5954398 -0.2428761 0.7658085 -0.678319 -0.2960696 0.6724776 -0.6822242 -0.2960283 0.6685338 -0.7788757 -0.3197916 0.5395241 -0.7820622 -0.3194799 0.5350808 -0.8666645 -0.3058832 0.3941169 -0.8678147 -0.3056025 0.391797 -0.9370053 -0.2489587 0.245032 -0.937734 -0.248524 0.2426743 -0.9850485 -0.1468645 0.0900582 -0.9848581 -0.1469091 0.09204447 -0.9992602 -0.009774684 -0.03719824 -0.9992837 -0.01372545 -0.0352686 -0.9828997 0.1311833 -0.1292261 -0.9838874 0.1254432 -0.127395 -0.9452418 0.2706776 -0.1823502 -0.9467886 0.2665835 -0.1803461 -0.893998 0.3999936 -0.2019224 -0.8947106 0.3983226 -0.2020694 -0.8307798 0.5231023 -0.1901816 -0.8307778 0.5231445 -0.1900743 -0.7535569 0.6415771 -0.1432864 -0.7527582 0.6429807 -0.1411775 -0.6656416 0.7439526 -0.05878555 -0.6636606 0.7458679 -0.05688309 -0.5726664 0.8178119 0.05689364 -0.570554 0.8189877 0.06105089 -0.4797806 0.8538882 0.201707 -0.4780827 0.8543531 0.2037596 -0.397491 0.8445723 0.3587458 -0.3958582 0.8445661 0.3605614 -0.3317191 0.7908885 0.5142547 -0.3312154 0.7901546 0.5157055 -0.2880007 0.6955054 0.6582765 -0.2885824 0.6962673 0.6572155 -0.2704454 0.5669616 0.7780835 -0.2702646 0.5679484 0.7774264 -0.2766857 0.4140003 0.8672075 -0.2762508 0.4172484 0.8657883 -0.3096424 0.2506713 0.9172163 -0.3075593 0.2546639 0.9168171 -0.3505036 0.1096709 0.9301181 -0.3486239 0.1136083 0.9303519 -0.3759324 0.03133416 0.9261171 -0.3759332 0.03133982 0.9261167 -0.7643672 0.6350278 0.1117246 -0.6585023 0.7525762 0.001963019 -0.7206475 0.6892941 -0.07443678 -0.7269169 0.6681358 0.1587029 -0.5508114 0.8232744 0.1372078 -0.6980902 0.4862864 0.5255432 -0.6509184 0.7136693 0.2588076 -0.4668393 0.8455836 0.258939 -0.5835745 0.7343667 0.3466213 -0.3864932 0.8318864 0.3982311 -0.5254285 0.7215077 0.4509452 -0.3215793 0.7823908 0.5333399 -0.472284 0.6898177 0.5487253 -0.2782374 0.7190727 0.6368033 -0.4585903 0.6467008 0.609486 -0.2469094 0.6270941 0.7387752 -0.4310247 0.5955682 0.6778763 -0.2331228 0.4858431 0.8423836 -0.4450281 0.4940221 0.7469218 -0.2526785 0.3211764 0.912688 -0.4546151 0.3762245 0.8073291 -0.3057532 0.1332764 0.9427366 -0.5172378 0.2351273 0.8229097 -0.3980373 -0.05685383 0.9156059 -0.579557 0.08417344 0.8105731 -0.6074688 0.03332316 0.7936444 -0.4472891 -0.1432104 0.8828496 -0.7039016 -0.6372608 -0.3137217 -0.6973616 -0.6464468 -0.3095051 -0.6591803 -0.696114 -0.2844412 -0.7272374 -0.5978704 -0.33716 -0.72852 -0.5953695 -0.3388122 -0.7466108 -0.5565245 -0.3644897 -0.7468594 -0.5586604 -0.3606933 -0.75348 -0.5318757 -0.3864921 -0.9213654 -0.3685539 -0.1235067 -0.9213672 -0.3685485 -0.1235091 -0.9213662 -0.3685526 -0.1235053 -0.9213672 -0.3685505 -0.1235033 -0.1293477 0.8447051 0.5193674 -0.1293703 0.8447037 0.519364 -0.1293588 0.8447046 0.5193654 -0.1293459 0.8447055 0.5193673 0.6133566 -0.01176238 0.7897186 0.05289316 -0.2957392 0.9538033 0.5375796 -0.07651525 0.8397343 0.6314862 0.0647186 0.7726815 0.0939781 -0.2858957 0.9536414 0.6314867 0.0647307 0.7726802 3.77663e-6 -0.3076688 0.9514936 6.51245e-6 -0.3076707 0.9514929 0.1450669 0.6685769 0.7293562 0.1529245 0.6646715 0.7313179 8.33813e-6 0.7254858 0.6882373 -1.11996e-5 0.725497 0.6882255 0.001951038 -0.899472 0.436974 3.49409e-6 -0.8994677 0.4369872 0 -0.899449 0.4370259 0.00195682 -0.899466 0.4369865 0.6942231 -0.4255559 0.5804796 0.6942207 -0.4255605 0.580479 0.6942278 -0.4255353 0.5804889 0.6942207 -0.4255627 0.5804774 0.8794644 1.6197e-4 0.4759648 0.8796676 7.77352e-5 0.475589 0.8796949 6.64043e-5 0.4755384 0.8794918 -1.14936e-4 0.4759141 0.7011253 0.4151843 0.5796942 0.7011263 0.4151856 0.5796921 0.7011051 0.4152008 0.5797069 0.7011412 0.4151744 0.5796819 1.52392e-5 0.8983208 0.4393402 0.001962184 0.898315 0.4393476 0.001960396 0.8983132 0.4393516 4.98554e-6 0.8983179 0.439346 9.21485e-6 7.85338e-7 1 -0.0176084 4.96032e-5 0.999845 -2.14335e-5 -2.69632e-6 1 -0.01761347 5.77595e-6 0.999845 -0.0097754 -0.01176565 0.9998831 1.88891e-5 -0.01373386 0.9999058 9.65025e-6 -0.01373338 0.9999058 -0.01177012 -0.01174628 0.9998618 0.01175951 -2.14795e-5 0.9999309 0.01176333 -1.95659e-5 0.9999309 0.01372432 -1.70839e-6 0.9999058 0.01372182 3.45819e-6 0.999906 -0.005858838 0.00195837 0.9999809 -0.009782433 0.003918349 0.9999445 -1.5337e-5 0.009799003 0.999952 1.73345e-5 0.009812414 0.999952 -0.007859885 0.9999613 -0.003971815 8.87644e-6 0.9999923 -0.003922522 -1.39469e-5 0.9999924 -0.003915846 -0.007829964 0.9999616 -0.003958463 -0.8769029 0.4697688 -0.1017773 -0.8769029 0.4697688 -0.1017773 -0.8769029 0.4697689 -0.1017773 -0.9999315 -1.46653e-5 -0.01170802 -0.9999301 1.59346e-5 -0.01182395 -0.9999279 6.59642e-5 -0.0120117 -0.9999316 -1.7874e-5 -0.01169604 -0.8804563 -0.4625955 -0.1039336 -0.8804563 -0.4625955 -0.1039336 -0.8804563 -0.4625955 -0.1039336 -1.88034e-6 -0.9999828 -0.005882024 -0.007819175 -0.9999523 -0.005861878 -0.007835388 -0.9999521 -0.005872964 -1.31471e-5 -0.9999828 -0.005871772 -0.0528934 -0.2957393 0.9538033 -0.6133568 -0.01176238 0.7897185 -0.5375802 -0.07651549 0.8397338 -0.6314862 0.06471902 0.7726816 -0.09397751 -0.2858955 0.9536415 -0.6314867 0.06473076 0.7726802 -2.6532e-6 -0.3076688 0.9514936 -4.57519e-6 -0.3076707 0.9514929 -0.1450669 0.6685777 0.7293555 -0.1529245 0.6646717 0.7313177 -7.98702e-6 0.7254855 0.6882374 1.1199e-5 0.725497 0.6882254 1.46271e-5 -0.8994484 0.4370271 -0.001951277 -0.899472 0.436974 1.72774e-6 -0.899449 0.4370259 -0.00195682 -0.899466 0.4369864 -0.6942208 -0.4255604 0.580479 -0.6942227 -0.4255557 0.5804802 -0.6942176 -0.4255777 0.5804702 -0.6942207 -0.4255627 0.5804774 -0.8795106 1.81233e-5 0.4758793 -0.8794644 1.619e-4 0.4759647 -0.879469 1.75556e-6 0.4759561 -0.8794919 -1.14994e-4 0.475914 -0.7011262 0.4151856 0.5796921 -0.7011256 0.415184 0.579694 -0.7011065 0.4152001 0.5797057 -0.70114 0.4151749 0.5796831 -0.001963078 0.8983163 0.4393448 -1.56662e-5 0.898321 0.4393396 -0.001945316 0.8982951 0.4393886 -4.98351e-6 0.8983179 0.439346 0.01760864 4.9141e-5 0.999845 -8.93697e-6 7.83928e-7 1 2.25647e-5 -2.68593e-6 1 0.01761347 5.77496e-6 0.9998449 -1.81858e-5 -0.01373398 0.9999058 0.009775638 -0.01176553 0.999883 -1.0713e-5 -0.01373124 0.9999058 0.01175165 -0.01179111 0.9998615 -0.01175951 -2.06863e-5 0.9999309 -0.01176291 -1.94591e-5 0.9999309 -0.01372468 -2.44887e-6 0.9999059 -0.01372295 2.38186e-6 0.9999059 0.005856633 0.001956701 0.9999809 0.009783148 0.003917932 0.9999445 1.58222e-5 0.009799003 0.9999521 -1.73356e-5 0.009812355 0.999952 -8.31641e-6 0.9999923 -0.003922939 0.007857739 0.9999613 -0.003965258 1.39652e-5 0.9999924 -0.003915846 0.007833302 0.9999616 -0.00394845 0.8769152 0.4697664 -0.1016824 0.8769152 0.4697664 -0.1016824 0.8769153 0.4697662 -0.1016824 0.9999301 1.59997e-5 -0.01182395 0.9999315 -1.47107e-5 -0.0117079 0.9999279 6.59832e-5 -0.01201176 0.9999316 -1.79145e-5 -0.01169586 0.8804333 -0.4626399 -0.1039302 0.8804334 -0.46264 -0.1039302 0.8804333 -0.4626399 -0.1039302 0.007820546 -0.9999523 -0.00586313 1.7245e-6 -0.9999827 -0.005881905 0.007837176 -0.9999521 -0.005876004 1.3147e-5 -0.9999828 -0.005871772 0.3703458 0.06471586 0.9266368 0.3622333 0.01174163 0.9320135 0.3644622 0.02937597 0.9307548 0.3703203 0.06464755 0.9266518 0.3528587 -0.03332012 0.9350832 0.3528639 -0.03334653 0.9350802 -0.5140812 0.5317374 0.6730349 -0.5140835 0.5317354 0.6730347 -0.5140923 0.5317589 0.6730095 -0.5140821 0.5317369 0.6730347 -0.5469725 -0.009797155 0.8370933 -0.5469653 -0.009802162 0.8370981 -0.5469428 -0.009803235 0.8371127 -0.5469595 -0.009800672 0.8371018 0.7780017 -0.4624826 0.4252334 0.7779927 -0.4624937 0.4252379 0.7779939 -0.4624993 0.4252293 0.7779843 -0.462483 0.4252648 0.9711847 0.1135701 0.2095285 0.971185 0.1135701 0.2095268 0.9711838 0.1135736 0.2095308 0.9711926 0.1135634 0.2094954 -0.5833956 0.05285507 0.8104665 -0.5833762 0.05286246 0.81048 -0.5833973 0.052854 0.8104654 -0.5833741 0.05286282 0.8104816 0.1097738 0.9350159 0.3371872 0.1097722 0.9350275 0.3371552 0.1097733 0.9350247 0.3371629 0.1097721 0.9350332 0.3371397 -0.3622381 0.0156598 -0.9319542 -0.3588228 -0.01374053 -0.9333046 -0.3564125 -0.02350968 -0.9340329 -0.362192 0.01566016 -0.9319719 -0.3525026 -0.05482524 -0.9342035 -0.3525152 -0.05482673 -0.9341986 -0.5229045 0.8030021 -0.2859346 0.03908216 0.6029732 -0.7968036 -0.6150659 0.6797104 -0.3996097 -0.805814 0.4921038 0.32939 -0.9026895 0.3642245 0.2291122 -0.3234598 0.7665413 0.5547866 -0.1350781 0.9847519 0.1096249 0.1176051 0.7272095 -0.6762659 0.3290992 0.9324862 -0.1488732 0.7704074 0.6273313 -0.1137006 0.7405467 0.303676 -0.5994762 0.6739957 0.170435 -0.7188058 0.931466 0.2706152 0.2431842 0.9716107 -0.209606 -0.1097176 0.9102211 -0.3510677 -0.219657 0.6216927 -0.6686863 0.4078688 0.6894026 -0.519019 0.5053151 0.7344924 0.03524547 0.677701 -0.03139311 -0.5905619 0.8063815 0.04505115 -0.4428341 0.895471 0.2800632 0.1098406 0.9536769 -0.1704751 0.3938368 0.9032336 -0.5738602 -0.01958388 0.8187191 -0.3234778 0.7665268 0.5547964 -0.6660985 -0.1586878 0.7287874 -0.8058099 0.4921251 0.3293682 -0.9027064 0.3642082 0.2290713 0.2820355 0.9087981 -0.3074771 0.7896363 0.554552 -0.2625774 0.7895992 0.5546044 -0.2625778 0.978785 0.1409345 0.1487194 0.2820382 0.9087885 -0.3075027 0.9787687 0.1409429 0.1488183 -0.2545141 0.9670671 -0.001961767 0.7469789 -0.1254673 0.6529017 -0.2544714 0.9670724 -0.003926515 0.7488311 -0.1255357 0.6507633 -0.4766958 0.7159974 0.5100089 -0.47667 0.7160078 0.5100183 0.2233428 -0.04506504 0.9736977 0.2233417 -0.04511636 0.9736955 -0.2961212 0.2843596 0.9118398 -0.297723 0.2859674 0.9108149 -0.4766887 0.7159906 0.5100249 -0.4766863 0.7159953 0.5100207 0.2623456 0.05878692 0.9631817 0.4207999 0.7184067 0.5539128 -0.2114675 0.3602847 0.9085574 -0.3724097 0.7526753 0.5429466 0.7404302 -0.01567304 0.6719505 -0.1725398 0.9823275 0.07254397 0.9496901 0.2291469 0.2134959 0.3157132 0.9275343 -0.2000132 0.7785748 0.606067 -0.1628012 -0.6070628 -0.7931444 -0.04895693 -0.654793 -0.4214971 0.6273646 -1 -2.87989e-6 1.34265e-5 -0.0725128 -0.9953956 -0.06268674 -2.19643e-5 -0.8617786 0.5072845 -2.48551e-5 -0.7897632 -0.6134119 -0.05679267 -0.2938738 0.9541556 -0.6544085 -0.3389514 -0.6759154 -0.05679374 -0.1723691 -0.9833938 -0.05680114 0.2938885 -0.9541506 -0.6532554 0.3393833 0.6768134 -0.0568093 0.1723995 0.9833876 -4.32134e-6 0.7897805 0.6133897 -0.6070752 0.7931347 0.04896116 -0.07247537 0.9953963 0.06271827 -0.6547988 0.4214929 -0.6273614 -2.0355e-5 0.8617833 -0.5072767 -1.63317e-5 -0.8617839 0.5072759 0.5697105 -0.8202685 -0.05088812 0.5704893 -0.6937004 0.4396839 -0.05681782 -0.2938715 0.9541548 -0.07250249 -0.9953947 -0.06271356 0.5701395 -0.3027617 0.7637253 -0.0568152 0.1723737 0.9833918 0.5697785 -0.6324363 -0.5247637 2.59876e-5 -0.7897703 -0.6134027 0.570343 0.2037105 0.7957456 4.97699e-6 0.7897618 0.6134138 0.5681144 -0.2037527 -0.7973273 -0.05680394 -0.1724019 -0.9833875 0.5703538 0.6324402 0.5241336 -0.07248669 0.9953979 0.06267863 0.5688123 0.3020768 -0.7649852 -0.05683493 0.2938818 -0.9541506 0.5706061 0.8195713 0.05207461 -2.13981e-5 0.8617897 -0.5072658 0.5700306 0.6934239 -0.4407136 1 2.72106e-6 -1.23946e-5 0.5660046 -0.05484175 0.822576 0.9999523 3.69182e-7 -0.009773075 0.999952 5.6217e-7 0.009802937 0.5798239 0.05485123 -0.8128934 0.5899716 0.05489116 -0.8055561 0.5705132 -0.05488908 0.8194522 -0.5695839 -0.05480176 0.8201044 -0.5646643 -0.05490195 0.8234926 -0.999952 -6.55418e-7 0.009804785 -0.999952 -2.68279e-7 -0.009805858 -0.5921738 0.05486506 -0.8039404 -0.5798065 0.05484336 -0.8129064 0.5798183 0.05490505 -0.8128938 0.5899687 0.0548495 -0.8055611 0.1292184 -0.9886724 0.07635217 0.1840544 -0.9827912 -0.01566827 0.1862362 -0.9822684 -0.02156162 0.1451356 -0.9669004 -0.2098557 0.1233679 -0.9673775 -0.2212719 1.34576e-6 -0.9962848 0.08612072 -0.1292004 -0.9886749 0.07634842 -0.1862378 -0.982268 -0.02156931 -0.1840305 -0.9827958 -0.01565974 -0.1233673 -0.9673748 -0.2212842 -0.1451334 -0.9669015 -0.209852 0.1233473 -0.9673767 -0.221287 0.1451213 -0.9669032 -0.2098522 0.5800887 -0.7780686 -0.2410532 -0.6151624 -0.7777255 -0.1292999 -0.5801028 -0.7780603 -0.2410457 0.6151458 -0.7777447 -0.1292636 0.3333151 -0.2745268 -0.9019624 -0.9941502 -0.005877792 -0.1078475 -0.335086 -0.2743321 -0.9013653 -0.9695394 0.005869448 -0.2448651 -0.4425224 0.1664445 -0.8811755 1.24984e-6 0.4251285 -0.9051331 -0.5921399 0.7862808 -0.1764459 -0.6189111 0.7853999 -0.009796679 0.5921382 0.7862712 -0.1764937 0.6189261 0.7853882 -0.009798467 0.9939386 -0.005906105 -0.1097787 0.9690822 0.005851268 -0.2466689 0.4409704 0.1665905 -0.8819256 0.3333138 -0.2745096 -0.9019682 0.5801212 -0.7780426 -0.2410581 0.6151553 -0.7777307 -0.1293019 0.9980506 -0.0431376 -0.04510354 5.12693e-6 0.02941387 0.9995673 8.95467e-7 0.2586614 0.9659681 0.998266 -0.01565629 0.05674642 -0.9981181 -0.01761645 0.05873829 0.4880368 -0.3214496 -0.8114741 0.5351251 -0.08038055 -0.8409401 0.4902148 -0.658846 -0.5706237 0.9954167 -0.06663656 -0.06859493 0.4921705 -0.7922038 -0.3608066 0.9971391 -0.06070393 -0.0450434 -1.11843e-5 0.7424117 0.6699439 6.73626e-6 0.9386488 0.3448745 -0.9981371 -0.04314035 -0.04314202 -0.9955499 -0.06663596 -0.06663417 -0.9972221 -0.06074482 -0.04310721 -0.4880367 -0.3214303 -0.8114819 -0.5351586 -0.08036398 -0.8409203 0.5351257 -0.08037012 -0.8409408 0.4880635 -0.3214418 -0.8114611 -0.4902126 -0.6588582 -0.5706116 -0.4921965 -0.7921923 -0.3607966 0.490197 -0.6588732 -0.5706076 0.4922012 -0.7921788 -0.3608196 0.6681563 0.6132773 0.4212577 0.936793 0.3409938 0.07837182 0.6705829 0.6117736 0.4195852 0.9348459 0.3449117 0.08425563 -1.5207e-5 0.7785966 0.6275248 0.9665298 0.2548634 -0.02940958 -4.96837e-6 0.7785521 0.6275799 0.9680578 0.2331968 -0.09210652 -0.6705831 0.6117627 0.4196007 0.966512 0.1881829 -0.1744758 -0.6670461 0.6140948 0.421826 0.9242141 0.1644797 -0.3446371 -0.9366418 0.340952 0.08033668 0.9251646 0.1666081 -0.3410459 -0.9348341 0.3449383 0.08427882 0.6448439 0.1215196 -0.7545923 -0.9680543 0.2332017 -0.09212982 0.6509622 0.1235259 -0.7489924 -0.9665327 0.2548501 -0.02942794 2.09936e-5 0.1136315 -0.9935231 1.51396e-5 0.1136623 -0.9935194 -0.9665063 0.1882036 -0.1744858 -0.9248489 0.1645937 -0.3428754 -0.9255055 0.1645192 -0.3411349 -0.6448232 0.1215192 -0.75461 -0.652234 0.1214402 -0.7482266 -1.61827e-5 0.1136654 -0.9935192 -8.36649e-6 0.1136373 -0.9935223 0.8392154 -0.5391977 0.07059323 0.6961879 -0.6216989 0.3589053 0.6522513 -0.7541436 0.07639193 0.8706336 -0.4000256 0.2863157 0.7589343 -0.6196894 -0.20001 0.8725631 -0.2254877 0.4333466 0.584663 -0.7867091 -0.1981366 0.5897498 -0.6250308 -0.5114017 0.8053392 -0.3918918 0.4448031 0.7451681 0.05295288 0.664771 0.7686431 0.02351218 0.6392457 7.06059e-7 0.4052356 0.9142124 2.72645e-7 0.4052467 0.9142074 -0.7451793 0.05292683 0.6647605 -0.7676885 0.0235095 0.6403919 -0.8053298 -0.3918889 0.4448226 -0.8718127 -0.2252998 0.4349513 -0.6962162 -0.6216751 0.3588916 -0.8706356 -0.4000239 0.2863119 -0.8392003 -0.5392225 0.07058221 1.32062e-6 -0.8936523 0.4487601 -1.33179e-7 -0.7598176 0.6501364 -6.15604e-7 -0.9964504 0.08418262 -0.6521889 -0.7539983 0.07833456 -0.7589354 -0.6196869 -0.2000131 -6.51926e-7 -0.9829158 -0.1840563 -0.5846499 -0.7867178 -0.1981406 -0.5904989 -0.6238356 -0.5119964 -8.367e-6 -0.894809 -0.4464493 -0.4525771 -0.7386266 -0.4996046 -1.36485e-6 -0.5899389 -0.8074479 0.452566 -0.7386319 -0.4996068 -1.52271e-7 0.9208618 -0.3898893 6.42613e-7 0.9847086 -0.1742099 -7.03847e-7 0.984704 -0.1742361 6.83591e-7 0.9972233 -0.07447028 0 0.997224 -0.07446056 -2.33659e-5 0.988875 -0.1487497 3.03728e-7 0.9208598 -0.389894 4.77768e-7 0.8213477 -0.5704278 0 0.8213403 -0.5704386 -9.73295e-5 0.7880256 -0.6156424 -9.85461e-5 0.7880269 -0.6156408 -9.76246e-5 0.7880288 -0.6156383 0.8345267 -0.02350229 0.550466 7.62939e-6 -0.301517 0.9534608 0.8770294 -0.1918559 0.4404667 5.57303e-6 -0.65641 0.7544043 -1.73151e-5 -0.2115657 0.9773638 0.8850796 -0.3191782 0.3387618 5.63264e-6 0.1685371 0.9856954 0.9210634 -0.2723861 0.2782952 6.4671e-6 0.1783373 0.9839695 0.977137 -0.1625236 0.1370745 0.7486583 0.07642704 0.658536 0.9590308 -0.1274713 0.2530041 0.9564921 -0.05682051 0.2861722 0.9556178 -0.06266021 0.2878687 -9.7279e-5 -0.1882 -0.9821307 1.36718e-6 -0.1666449 -0.986017 4.78001e-7 -0.1666124 -0.9860225 -8.2457e-5 -0.09407293 -0.9955653 -9.592e-5 -0.1881999 -0.9821308 -0.02743417 -0.2332056 -0.9720405 5.29323e-5 -0.1056234 -0.9944063 1.5581e-6 -0.1057013 -0.9943979 0.02742773 -0.233201 -0.9720417 2.71065e-5 -0.5551511 -0.8317496 -0.1843643 -0.4844588 -0.8551663 0.1844163 -0.4845976 -0.8550766 1.83582e-5 -0.3014835 0.9534714 -0.8345302 -0.02350246 0.5504607 -0.8765773 -0.1921792 0.441225 -1.01924e-5 -0.6564101 0.7544043 2.2471e-5 -0.2115527 0.9773667 -0.8846579 -0.3197308 0.3393418 -1.81794e-5 0.1684957 0.9857024 -0.9210633 -0.2723864 0.2782952 1.76281e-5 0.1783551 0.9839663 -0.9771376 -0.1625131 0.1370828 -0.7468276 0.0764454 0.6606094 -0.9585557 -0.1274328 0.2548174 -0.9559582 -0.05682587 0.2879493 -0.9549104 -0.06275188 0.2901871 -1.40286e-6 0.8888602 -0.4581785 8.08524e-6 0.8889709 -0.4579637 4.42426e-6 0.8889275 -0.4580482 7.04812e-6 0.8889697 -0.4579662 0.9551472 -0.001970887 -0.2961251 0.9791145 0.09790784 -0.1781825 0.9999692 0.007852494 7.79895e-7 0.464463 0.2782161 -0.8407557 0.5545922 0.156773 -0.8172207 0.5189087 -0.203642 -0.8302192 0.9908437 0.1233772 -0.0548352 0.5334467 -0.4177405 -0.7354778 0.9908252 0.1351499 8.58965e-6 0.9208917 -0.1959437 -0.3369938 0.5053095 -0.6208498 -0.5993396 0.9908523 0.1233247 0.05479806 0.9434954 -0.2877249 -0.1644111 0.4958062 -0.8348709 -0.239096 0.5170922 -0.8559297 2.78419e-6 0.9791105 0.09790873 0.1782035 0.9208578 -0.3898986 -2.23126e-5 0.4955886 -0.834473 0.2409295 0.4626963 0.2803441 0.8410227 0.5545902 0.1567721 0.8172223 0.9434944 -0.2877331 0.1644019 0.5038522 -0.621479 0.5999141 0.5334622 -0.4177401 0.7354668 0.9545782 -0.001962363 0.2979544 0.5174624 -0.2038287 0.8310756 0.9208973 -0.1959205 0.3369918 -1 -6.36077e-5 -1.44651e-4 -1 -6.44745e-5 -1.45858e-4 -1 -6.20872e-5 -1.45195e-4 -1 -6.2015e-5 -1.45537e-4 -1 -6.14378e-5 -1.44175e-4 -1 -6.18452e-5 -1.45488e-4 -1 -6.21929e-5 -1.45591e-4 -1 -6.20737e-5 -1.45402e-4 -1 -6.29943e-5 -1.44333e-4 -1 -6.20014e-5 -1.4531e-4 -1 -6.0463e-5 -1.44716e-4 -1 -6.20943e-5 -1.4554e-4 -1 -5.97758e-5 -1.46004e-4 -1 -6.21077e-5 -1.45677e-4 -1 -6.21021e-5 -1.45643e-4 -1 -6.19996e-5 -1.45602e-4 -1 -6.19219e-5 -1.4569e-4 0.3078488 -0.02940636 0.9509808 0.3058812 -0.2235254 0.9254584 0.3076715 -0.0450614 0.950425 0.3058905 -0.2235185 0.9254569 0.3056114 0.009795963 0.9521059 0.3056093 0.009795546 0.9521067 -0.7985067 0.5336322 -0.2786107 -0.7759783 0.366432 -0.5134055 -0.8289656 0.4291823 -0.3586344 -0.775988 0.3664339 -0.5133898 -0.7302061 0.683227 -3.94881e-7 -0.7985044 0.533646 0.278591 -0.8289612 0.4291857 0.3586407 -0.7759675 0.3664116 0.5134366 -0.7759917 0.3664167 0.5133963 0.3078354 -0.03134983 -0.950923 0.3057233 -0.2253801 -0.9250606 0.3057515 -0.2253882 -0.9250494 0.3076811 -0.04506057 -0.950422 0.3073732 0.009791135 -0.9515388 0.3073882 0.009790003 -0.9515339 0.7397297 -0.631815 0.2315384 0.7678966 -0.6405739 0 0.7229436 -0.5857847 0.3663453 0.6864099 -0.5824765 0.435388 0.686425 -0.5824685 0.435375 0.7397335 -0.6318127 -0.2315323 0.7229328 -0.5857897 -0.3663588 0.6874458 -0.5816675 -0.434835 0.6874537 -0.5816921 -0.4347894 0.9999927 -0.003824532 1.19007e-4 0.9999923 -0.003919899 -4.21479e-5 0.9999924 -0.003898978 -4.46039e-5 0.9999961 -0.001969397 0.001968562 0.9999923 -0.003919303 4.6465e-5 0.9999961 -0.001977145 -0.001972615 -0.9999924 0.003904521 1.45348e-4 -0.9999499 0.002007305 -0.009816229 -0.9999924 0.00392276 2.51776e-5 -0.9999924 0.003911197 -5.20543e-5 -0.9999923 0.003923118 -2.62181e-5 -0.9999501 0.001965165 0.009803593 -1.25489e-6 0.5059378 -0.86257 9.40538e-7 0.007891595 -0.9999689 -2.62887e-7 0.5058915 -0.8625972 7.89433e-7 0.8683989 -0.4958664 1.17367e-6 0.007892131 -0.9999689 1.92546e-7 0.8683987 -0.4958666 1.64332e-6 -0.4920272 -0.87058 -1.04382e-5 0.9999694 0.007831454 1.49781e-5 0.9999694 0.007831513 0 -0.4921208 -0.870527 -1.8057e-7 -0.8639877 -0.5035129 -3.57819e-6 -0.8639608 -0.5035592 -5.0417e-7 -0.9999691 -0.007871985 0 -0.9999691 -0.007871031 0 -0.8683718 0.4959139 0 -0.8683982 0.4958676 0 -0.5058917 0.8625971 0 -0.5058912 0.8625974 5.4798e-7 -0.007891774 0.9999689 4.70269e-7 -0.007891476 0.9999689 -9.40393e-7 0.4920727 0.8705542 0 0.4921201 0.8705273 2.75117e-7 0.8639608 0.5035591 1.62961e-6 0.8639611 0.5035587 1.42465e-5 0.9999694 0.007827341 -9.88016e-6 0.9999694 0.007827162 0.9999385 -0.007846474 0.007846057 0.9867091 -9.54419e-6 -0.1624968 0.9999291 -9.52771e-5 0.01191794 0.9843715 -0.1235347 -0.1255075 0.9843705 0.1255125 -0.1235372 0.9999385 0.007845342 0.00784558 0.9999291 -0.0119192 -3.4129e-5 0.9867094 -0.1624953 -4.13507e-6 0.9867095 0.1624945 2.58535e-6 0.9999291 0.01191776 3.25237e-5 0.9999396 -0.007782816 -0.007775247 0.9843706 -0.1254987 0.12355 0.9843717 0.1235339 0.1255065 0.9999384 0.007846474 -0.007846057 0.9999291 9.34879e-5 -0.01191872 0.9867094 6.75023e-6 0.1624953 1.33441e-7 0.4274264 -0.9040502 0 0.4274267 -0.9040501 -3.61235e-7 0.4275137 -0.9040089 0 0.4275128 -0.9040094 0 -0.4131913 -0.9106444 -1.31093e-7 -0.4132785 -0.9106047 -1.19447e-7 -0.4132784 -0.9106048 -1.95239e-6 -0.4134969 -0.9105055 0 -0.9058605 -0.4235763 -2.97042e-7 -0.90582 -0.4236628 -1.615e-6 -0.9057593 -0.4237925 0 -0.9058603 -0.4235768 0 -0.9088264 0.4171746 0 -0.9088265 0.4171744 -1.82154e-7 -0.9087466 0.4173483 -2.73774e-7 -0.9087863 0.4172621 0 -0.4274256 0.9040506 0 -0.4275126 0.9040094 5.8035e-7 -0.4278163 0.9038657 0 -0.4275119 0.9040098 0 0.4132791 0.9106044 0 0.4132788 0.9106045 0 0.4133657 0.9105651 -2.16931e-7 0.4131922 0.9106439 0 0.90586 0.4235773 0 0.9058194 0.4236639 -2.68983e-7 0.9058196 0.4236638 -2.40725e-7 0.90586 0.4235774 0 0.9088264 -0.4171748 0 0.9087463 -0.4173491 3.00822e-7 0.9087862 -0.4172622 4.38038e-7 0.9088264 -0.4171746 0.9843684 0.1254885 -0.1235783 -5.63231e-7 0.007890641 -0.9999689 0.9867091 2.27297e-6 -0.1624965 -1.10653e-6 -0.7041712 -0.7100302 -2.3949e-7 0.7100557 -0.7041456 0.984373 -0.1235098 -0.1255204 0.9867077 0.1625052 4.65415e-5 -7.43178e-7 -0.9999693 -0.007847189 6.17085e-7 0.9999693 0.00785011 0.9867075 -0.1625068 4.66617e-5 0.9843731 0.1235529 0.1254769 -1.56679e-5 0.704167 0.7100345 0 -0.7100932 0.7041078 0.9843682 -0.125544 0.1235232 1.10485e-6 -0.007892668 0.9999689 0.9867093 -6.94689e-6 0.1624954 -1.56647e-5 0.7041509 0.7100504 0.9843693 0.1235393 0.1255193 -3.99047e-7 0.007891893 -0.9999689 0 0.7100314 -0.7041701 -2.32169e-6 0.7100712 -0.70413 1.97738e-5 0.9999695 0.007822632 -2.02086e-5 0.9999694 0.007822573 0 0.007891595 -0.9999689 1.04107e-6 -0.7041945 -0.7100072 0 -0.7041951 -0.7100066 -8.00549e-7 -0.9999693 -0.007849335 -1.02528e-6 -0.9999693 -0.007849156 -1.80669e-7 -0.7100315 0.7041701 5.20591e-7 -0.710071 0.7041301 0 -0.007891893 0.9999689 0 -0.007891893 0.9999689 1.1039e-6 0.7041153 0.7100857 2.05418e-7 0.7041554 0.7100459 -1.96185e-5 0.9999691 0.007862865 2.00011e-5 0.9999692 0.007862865 -0.9999048 -0.009866595 0.009645283 -0.9999067 3.74097e-5 0.01365971 -0.9999057 -1.55235e-5 0.01373857 -0.9999132 0.005903244 0.0117821 -0.9999123 -0.005956411 0.01183062 -0.9999045 0.009685397 0.009858131 -0.9999136 -0.01176488 0.005883395 -0.9999149 0.01168787 0.005803465 -0.999906 -0.01371729 7.19191e-6 -0.9999071 0.01363533 -4.65092e-5 -0.9999065 -0.01367527 2.56285e-5 -0.9999064 0.01368623 -3.891e-5 -0.9999045 -0.009684324 -0.009859204 -0.9999129 0.01179623 -0.005920469 -0.9999138 -0.0117529 -0.005870699 -0.9999049 0.009867072 -0.009642541 -0.9999133 -0.005901217 -0.01178032 -0.9999123 0.005957722 -0.01183104 -0.9999061 -2.01948e-5 -0.01370561 -0.9999062 -1.43023e-5 -0.01369976 1 -3.56499e-7 -2.72022e-6 1 -4.71645e-7 -2.45182e-6 1 -8.31125e-7 -2.33729e-6 1 -1.16552e-6 -2.29304e-6 1 -4.16259e-7 -2.83814e-6 1 -1.48057e-6 -2.40788e-6 1 -1.79744e-6 -2.7096e-6 1 -1.82834e-6 -2.85104e-6 1 -1.63594e-6 -2.40177e-6 1 -1.33203e-6 -2.34094e-6 1 -1.20117e-6 -7.90304e-7 1 -9.88428e-7 -8.13431e-7 1 -9.08795e-7 -8.22088e-7 1 -1.31414e-6 -7.78024e-7 1 -2.92179e-6 -3.00011e-7 1 -1.71611e-6 -5.94231e-7 1 -1.03915e-6 -1.10586e-6 1 -3.09482e-6 2.16702e-7 1 -3.12193e-6 -4.76536e-7 1 -1.45438e-6 -2.83169e-6 1 -4.68319e-7 -1.27819e-6 1 -4.08918e-7 -8.11857e-7 1 -1.04885e-6 -2.631e-6 1 -2.74372e-7 -7.80394e-7 1 4.33631e-7 0 1 1.88421e-7 -2.28474e-7 1 6.66014e-7 0 1 5.04077e-7 0 1 -4.17661e-7 -2.28472e-7 1 -6.57073e-7 -1.75736e-7 1 -1.45975e-6 -3.28418e-7 1 -9.94376e-7 -4.76344e-7 1 -6.1433e-7 -5.97147e-7 1 -1.76344e-6 -2.31883e-7 -8.04259e-7 0.007891416 -0.9999689 1.21771e-7 0.5058915 -0.8625972 1.31182e-6 0.505984 -0.8625429 0 0.8683721 -0.4959132 -1.14895e-6 0.007892072 -0.9999689 -1.14097e-6 0.8683454 -0.4959602 1.36911e-7 -0.4920271 -0.87058 1.04982e-5 0.9999694 0.007831513 -1.50076e-5 0.9999694 0.007831573 -1.17939e-6 -0.4920271 -0.8705799 3.2211e-6 -0.8639605 -0.5035597 0 -0.8639606 -0.5035594 5.04537e-7 -0.9999691 -0.007872164 0 -0.9999691 -0.00787121 0 -0.8683452 0.4959605 0 -0.8683983 0.4958674 0 -0.5058916 0.8625971 0 -0.505984 0.8625429 -5.47979e-7 -0.007891595 0.9999689 -4.70269e-7 -0.007891356 0.9999689 0 0.492026 0.8705806 7.47271e-7 0.4920735 0.8705537 -1.10087e-6 0.8639608 0.5035591 0 0.8639611 0.5035588 -1.42918e-5 0.9999694 0.007828295 9.85914e-6 0.9999694 0.007828235 -0.9867091 -9.574e-6 -0.1624969 -0.9999384 -0.007846474 0.007846117 -0.9999291 -9.51097e-5 0.01191782 -0.9843714 -0.1235355 -0.1255075 -0.9843705 0.1255125 -0.1235371 -0.9999385 0.007845282 0.00784564 -0.9999291 -0.01191914 -3.41542e-5 -0.9867092 -0.1624956 -4.08292e-6 -0.9867095 0.1624944 2.41399e-6 -0.9999291 0.01191765 3.25271e-5 -0.9999396 -0.007782876 -0.007775187 -0.9843707 -0.1254987 0.1235499 -0.9843717 0.1235334 0.1255065 -0.9999385 0.007846415 -0.007845938 -0.9999291 9.35338e-5 -0.01191866 -0.9867094 7.45803e-6 0.1624953 6.69915e-7 0.4275133 -0.9040091 0 0.4275132 -0.9040091 1.59141e-7 0.4276867 -0.9039271 0 0.4275131 -0.9040092 0 -0.4131911 -0.9106444 1.63698e-6 -0.4132785 -0.9106047 0 -0.4131909 -0.9106445 9.38925e-7 -0.4134969 -0.9105055 1.28293e-6 -0.9058198 -0.4236634 2.91776e-7 -0.9058197 -0.4236636 3.70461e-7 -0.9058198 -0.4236633 1.93012e-7 -0.9058197 -0.4236637 0 -0.9087864 0.417262 4.35137e-7 -0.9088263 0.4171749 1.83631e-7 -0.9087463 0.417349 0 -0.9088263 0.4171749 -4.14742e-7 -0.4275127 0.9040095 -2.0393e-7 -0.4275121 0.9040096 0 -0.4275132 0.9040092 0 -0.4275115 0.9040099 0 0.4133661 0.9105649 1.38895e-7 0.4133664 0.9105648 0 0.4131913 0.9106443 0 0.4132794 0.9106042 2.68617e-7 0.90586 0.4235773 0 0.9058194 0.4236642 0 0.9058194 0.4236642 0 0.9058194 0.4236642 0 0.9087463 -0.4173491 -3.98711e-7 0.9088264 -0.4171748 0 0.9087862 -0.4172623 0 0.9087865 -0.4172617 5.6094e-7 0.007891535 -0.9999689 -0.9843683 0.1255419 -0.1235243 -0.9867091 3.80403e-6 -0.1624964 2.00891e-7 -0.7041321 -0.710069 2.42521e-7 0.7100168 -0.7041847 -0.984373 -0.123507 -0.1255229 -0.9867077 0.1625053 4.27656e-5 5.40688e-7 -0.9999693 -0.00784707 -6.12176e-7 0.9999693 0.007848799 -0.9867075 -0.1625064 -4.53964e-5 -0.9843731 0.1235532 0.1254767 1.5744e-5 0.704167 0.7100345 0 -0.7100545 0.7041468 -0.9843682 -0.1255454 0.1235215 -1.1055e-6 -0.007892429 0.9999689 -0.9867093 -5.76702e-6 0.1624954 1.5722e-5 0.7041509 0.7100505 -0.9843693 0.1235394 0.1255196 2.43083e-6 0.7100313 -0.7041701 4.16734e-7 0.007891774 -0.9999689 0 0.7099928 -0.704209 -1.97493e-5 0.9999694 0.00782293 2.01906e-5 0.9999695 0.007823348 0 0.007891595 -0.9999689 0 -0.7041154 -0.7100856 -7.45e-7 -0.704195 -0.7100066 8.06213e-7 -0.9999693 -0.007849514 -6.47519e-7 -0.9999693 -0.007849097 -4.1626e-7 -0.7100316 0.7041699 0 -0.710071 0.7041301 0 -0.007891893 0.9999689 0 -0.007891774 0.9999689 2.64402e-7 0.7041946 0.7100071 -9.13313e-7 0.704116 0.710085 1.94898e-5 0.9999692 0.007862985 -1.98642e-5 0.9999691 0.007863104 0.9999068 3.73705e-5 0.01365965 0.9999048 -0.009866654 0.009645342 0.9999057 -1.54264e-5 0.01373857 0.9999132 0.005903244 0.0117821 0.9999124 -0.005956351 0.01183056 0.9999045 0.009685397 0.009858131 0.9999136 -0.01176494 0.005883455 0.9999125 0.01182109 0.005941152 0.999906 -0.01371729 7.01944e-6 0.9999071 0.01363533 -4.64797e-5 0.9999065 -0.01367533 2.56207e-5 0.9999064 0.01368623 -3.88867e-5 0.9999045 -0.009684324 -0.009859263 0.9999129 0.01179611 -0.005920588 0.9999138 -0.0117529 -0.00587064 0.9999049 0.009867012 -0.009642541 0.9999132 -0.005901217 -0.01178038 0.9999124 0.005957722 -0.01183098 0.9999061 -2.0261e-5 -0.01370543 0.9999063 -1.42062e-5 -0.01369965 -1 -5.05207e-7 -2.51134e-6 -1 -4.45105e-7 -2.63435e-6 -1 -7.58126e-7 -2.43656e-6 -1 -9.99017e-7 -2.39362e-6 -1 -4.99511e-7 -2.68047e-6 -1 -1.72605e-6 -2.60326e-6 -1 -1.26192e-6 -2.39352e-6 -1 -1.82834e-6 -2.6925e-6 -1 -1.41106e-6 -2.40177e-6 -1 -1.08227e-6 -2.34094e-6 -1 -9.07288e-7 -8.13431e-7 -1 -1.17303e-6 -7.90304e-7 -1 -8.07817e-7 -8.22087e-7 -1 -1.31414e-6 -7.78024e-7 -1 -1.98875e-6 -5.64302e-7 -1 -2.97015e-6 -3.7631e-7 -1 -1.22866e-6 -1.04775e-6 -1 -3.39732e-6 1.68241e-7 -1 -2.99705e-6 -5.90931e-7 -1 -6.56953e-7 -1.3938e-6 -1 -1.60423e-6 -2.98223e-6 -1 -6.13377e-7 -9.17154e-7 -1 -1.16238e-6 -2.76276e-6 -1 -3.14045e-7 -8.21677e-7 -1 4.33631e-7 0 -1 2.91381e-7 0 -1 3.66523e-7 -2.28473e-7 -1 4.71596e-7 0 -1 -7.22753e-7 -2.28472e-7 -1 -1.31415e-6 -1.75736e-7 -1 -1.40553e-6 -4.76344e-7 -1 -1.62211e-6 -3.28418e-7 -1 -1.22866e-6 -5.97147e-7 -1 -1.76344e-6 -2.31883e-7 0.9515537 -0.007372856 0.3073943 0.9635114 -0.07640892 -0.2565299 0.9633663 -0.07832658 0.2564962 1.82868e-5 -0.01568204 0.999877 0.9527122 -0.003912568 -0.3038488 -1.33514e-5 -0.05872666 0.9982741 2.16216e-5 -0.01567268 -0.9998772 -1.71363e-5 -0.05676525 -0.9983876 0.8732475 -0.4444611 0.1997326 -7.18236e-6 -0.4936139 0.8696813 0.8740158 -0.4428866 -0.1998695 7.34907e-6 -0.4897915 -0.8718397 -0.9635112 -0.07640707 -0.2565314 -0.9515686 -0.003926038 0.3074116 -0.9633615 -0.07829719 0.2565232 -1.83284e-5 -0.0156821 0.999877 -0.9527123 -0.003913164 -0.3038488 1.33216e-5 -0.05872678 0.9982741 -2.16304e-5 -0.01567262 -0.9998772 1.70767e-5 -0.05676507 -0.9983876 -0.8732476 -0.4444611 0.1997327 7.17025e-6 -0.493614 0.8696811 -0.8740159 -0.4428867 -0.1998693 -7.39098e-6 -0.4897913 -0.8718398 0.9517688 0.2687944 -0.147939 0.9639357 -0.1822263 0.1939628 0.963567 0.2604839 -0.06071996 -6.58907e-6 0.8739731 -0.4859743 0.9526066 -0.2606695 0.1568182 -5.69224e-6 0.8936428 -0.448779 2.68221e-7 -0.8568019 0.5156459 8.70228e-6 -0.8347522 0.550626 0.8934626 0.3644112 0.2625439 2.10404e-5 0.9994451 -0.03330922 0.8909097 0.04112505 0.4523147 2.01343e-5 -0.5231021 0.8522701 -0.9639393 -0.1821946 0.1939749 -0.9517742 0.2682784 -0.1488374 -0.9635694 0.2604807 -0.06069529 6.3628e-6 0.8739731 -0.4859743 -0.9526067 -0.2606883 0.1567865 5.54323e-6 0.8936428 -0.4487791 -4.22117e-7 -0.8568018 0.5156459 -8.58307e-6 -0.834752 0.5506262 -0.8934625 0.3644111 0.2625439 -2.13878e-5 0.9994452 -0.03330922 -0.8909097 0.04112505 0.4523147 -1.98483e-5 -0.5231022 0.85227 0.9521073 -0.2617381 -0.1580661 0.963461 0.2604236 0.0626316 0.9639422 -0.1822149 -0.1939412 1.13011e-5 -0.8581846 -0.5133413 0.9525355 0.266579 0.1470091 -1.7941e-5 -0.8347557 -0.5506206 -6.88434e-6 0.8752564 0.4836593 -5.69224e-6 0.8936383 0.4487881 0.8856949 0.04114991 -0.4624407 -3.7849e-6 -0.5034887 -0.8640019 0.8951074 0.3604102 -0.2624641 -1.40127e-5 0.9987038 0.05089956 -0.963458 0.2604268 0.06266343 -0.9521142 -0.2625094 -0.1567397 -0.9639399 -0.1822341 -0.193935 -1.12355e-5 -0.8581845 -0.5133414 -0.9525356 0.2665789 0.1470091 1.79112e-5 -0.8347557 -0.5506206 6.81849e-6 0.8752562 0.4836595 5.66244e-6 0.8936383 0.4487881 -0.8856947 0.04114991 -0.4624409 3.91342e-6 -0.5034887 -0.8640019 -0.8951073 0.3604102 -0.2624642 1.39475e-5 0.9987038 0.05089962 0.3663093 0.9304932 1.96248e-5 5.39422e-6 0.966464 -0.2568023 -2.21923e-5 1 2.25753e-6 0.366374 0.8991102 -0.2395221 4.55976e-6 0.8670334 -0.49825 0.8386201 0.5447168 1.21444e-5 0.3666784 0.8063744 -0.4640123 4.36604e-6 0.7080926 -0.7061196 0.821314 0.5526164 -0.1416285 0.9998985 -0.01370328 0.003916442 0.9995074 0.03138357 -3.78117e-6 0.2369917 -0.9715117 -3.21865e-6 0.8195531 0.4940936 -0.29018 0.2372555 -0.8979997 0.3705491 -1.18911e-5 -1 9.74862e-7 -3.29316e-6 -0.9242327 0.3818296 0.9994918 0.02154928 -0.02348983 0.2368043 -0.6870021 0.6869875 -6.83963e-6 -0.7071026 0.707111 0.8350078 0.3900564 -0.3880955 0.237254 -0.3705866 0.8979845 -3.76999e-6 -0.3818301 0.9242326 0.9998601 -0.005864024 0.01566755 0.2370034 -1.08331e-5 0.9715089 -6.94394e-6 6.14417e-6 1 0.9994447 -3.73088e-6 -0.03332352 0.2372539 0.3705666 0.8979928 -3.50177e-6 0.3818295 0.9242329 0.9998275 0.005879282 0.01762682 0.2368042 0.6869874 0.6870024 -6.66082e-6 0.7071111 0.7071025 0.9994476 -0.02350491 -0.02349656 0.2372543 0.8979845 0.3705863 -3.39746e-6 0.9242329 0.3818293 0.9998136 0.0176444 0.007848501 0.2370039 0.9715087 1.03936e-5 -6.79493e-6 1 5.96954e-6 0.9993776 -0.03527963 1.01179e-5 0.2372542 0.8979924 -0.3705672 -3.71039e-6 0.9242329 -0.3818295 0.9998131 0.01767021 -0.007843017 0.2368029 0.6870027 -0.6869874 -6.55651e-6 0.707111 -0.7071025 0.9994471 -0.02351397 0.02351135 0.2372558 0.3705859 -0.8979844 -3.68059e-6 0.3818296 -0.9242328 0.9998597 0.005881786 -0.0156852 0.2370032 1.0401e-5 -0.9715089 -6.89924e-6 -6.1139e-6 -1 0.9994446 2.52575e-6 0.0333262 0.2372556 -0.3705674 -0.897992 -3.74019e-6 -0.3818295 -0.9242329 0.9998884 -0.005877614 -0.01373511 0.2368039 -0.6869878 -0.6870021 -7.10785e-6 -0.707111 -0.7071026 0.9995359 0.02153635 0.02154332 0.2372549 -0.8979843 -0.3705866 -3.72529e-6 -0.9242326 -0.3818303 0.2370107 -0.9715071 -6.73533e-6 -1.19763e-5 -1 -1.3411e-6 0.9995087 0.03134381 -2.05636e-6 0.9998981 -0.0137242 -0.003928959 0.8221825 0.5514116 0.1412847 0.8386229 0.5447124 3.8594e-6 0.3663234 0.9304877 1.59591e-5 0.8375177 0.3863737 0.386367 0.3668387 0.8984484 0.2412884 -9.16421e-6 1 1.19549e-5 1.30981e-5 0.9659744 0.2586381 0.8217821 0.4903206 0.2902756 0.3663744 0.8052031 0.4662808 5.76675e-6 0.8653353 0.5011935 0.3666785 0.6568784 0.6588306 6.22869e-6 0.7061313 0.708081 0.8209892 0.2899931 0.4918138 0.3666798 0.4647478 0.80595 7.6443e-6 0.4982509 0.867033 0.3663663 0.2390149 0.8992484 7.16746e-6 0.2568036 0.9664637 0.8182184 0.1412807 0.5572777 0.833247 -2.52947e-6 0.5529009 0.3663203 -4.54951e-6 0.9304888 1.131e-5 2.36277e-6 1 0.8171023 -0.1430466 0.5584636 0.3668313 -0.2412865 0.8984518 -1.67936e-5 -0.258642 0.9659733 -8.04663e-6 -0.5011842 0.8653407 0.8137925 -0.2961144 0.500058 0.3663476 -0.466283 0.8052141 -1.51545e-5 -0.7080847 0.7061275 0.828717 -0.3957456 0.3957446 0.366698 -0.6588292 0.6568688 -2.14428e-5 -0.8670346 0.4982481 0.8130125 -0.5015048 0.2958102 0.3666955 -0.8059445 0.4647449 -2.54661e-5 -0.9664644 0.2568009 0.8104038 -0.5676816 0.1448563 0.3663812 -0.8992412 0.2390193 -2.33203e-5 -1 1.77138e-6 0.8253526 -0.5646176 -8.79168e-7 0.3663359 -0.9304827 6.238e-6 -2.18302e-5 -0.9659747 -0.258637 0.8097428 -0.5685661 -0.145084 0.3668401 -0.898449 -0.2412837 2.28733e-5 -0.865336 -0.5011925 0.8110613 -0.5034946 -0.2977797 0.3663781 -0.8052063 -0.4662723 -2.42442e-5 -0.7061211 -0.7080912 0.8268057 -0.3977403 -0.3977375 0.3666886 -0.6568662 -0.6588371 -1.84327e-5 -0.4982545 -0.8670308 0.8115491 -0.295983 -0.5037681 0.3666973 -0.4647382 -0.8059476 -1.20401e-5 -0.2568081 -0.9664625 0.814671 -0.1429497 -0.5620291 0.3663438 -0.2390146 -0.8992576 1.66148e-5 -6.63381e-6 -1 0.8308422 -2.02097e-6 -0.556508 0.3663417 6.23381e-6 -0.9304804 0.8153362 0.1450284 -0.5605299 0.3668219 0.2412853 -0.898456 8.68738e-6 0.2586349 -0.9659752 0.8190783 0.2919814 -0.4938195 0.3663635 0.4662811 -0.8052079 2.32458e-6 0.5011953 -0.8653343 0.3666748 0.6588401 -0.6568709 -5.37932e-6 0.9664639 -0.2568026 -0.3663095 0.9304932 1.95876e-5 2.22027e-5 1 2.28616e-6 -0.3663757 0.8992453 -0.239012 -4.61936e-6 0.8670335 -0.4982499 -0.8386203 0.5447165 1.21146e-5 -0.3666824 0.805949 -0.4647477 -4.42564e-6 0.7080811 -0.7061311 -0.8213131 0.5527463 -0.1411255 -0.9998986 -0.01370084 0.003923416 -0.9995075 0.03138339 -3.85381e-6 -0.236992 -0.9715116 -3.05474e-6 -0.8195529 0.4940949 -0.2901782 -0.2372547 -0.8979924 0.3705671 1.18846e-5 -1 9.83477e-7 3.27826e-6 -0.9242327 0.3818297 -0.9994918 0.02154302 -0.02349627 -0.2368044 -0.6869904 0.6869992 6.79493e-6 -0.7071026 0.707111 -0.8350079 0.3900567 -0.3880951 -0.2372542 -0.3705713 0.8979908 3.76999e-6 -0.3818299 0.9242326 -0.9998602 -0.005873918 0.01566332 -0.237003 5.88596e-6 0.9715089 6.92904e-6 6.19679e-6 1 -0.9994446 -7.51391e-6 -0.0333237 -0.237254 0.3705816 0.8979866 3.50177e-6 0.3818294 0.9242329 -0.9998273 0.005869567 0.01763093 -0.236804 0.6869991 0.6869906 6.66082e-6 0.707111 0.7071026 -0.9994476 -0.02349787 -0.02350294 -0.2372546 0.8979908 0.370571 3.42727e-6 0.9242329 0.3818295 -0.9998136 0.01764833 0.007837176 -0.2370032 0.9715089 -6.13928e-6 6.80983e-6 1 5.9593e-6 -0.9993776 -0.03527837 -1.1161e-5 -0.2372549 0.8979859 -0.3705826 3.72529e-6 0.9242329 -0.3818294 -0.9998132 0.01766771 -0.00784713 -0.236803 0.6869908 -0.6869993 6.58631e-6 0.707111 -0.7071027 -0.9994471 -0.02350383 0.02352166 -0.2372559 0.3705698 -0.8979909 3.66569e-6 0.3818295 -0.9242328 -0.9998597 0.005884468 -0.01568418 -0.2370034 -5.97537e-6 -0.9715089 6.92904e-6 -6.11041e-6 -1 -0.9994446 -1.12616e-5 0.03332608 -0.2372556 -0.3705826 -0.8979857 3.7998e-6 -0.3818294 -0.9242329 -0.9998885 -0.005892932 -0.01372832 -0.236804 -0.6869993 -0.6869905 7.00355e-6 -0.7071025 -0.7071111 -0.999536 0.02154219 0.02153795 -0.2372545 -0.8979908 -0.3705711 3.66569e-6 -0.9242326 -0.3818302 -0.2370101 -0.9715072 -6.60121e-6 1.20997e-5 -1 -1.44425e-6 -0.9995087 0.03134328 -1.41934e-6 -0.9998982 -0.01372498 -0.003927648 -0.8221824 0.5514116 0.1412855 -0.8386231 0.5447123 3.97861e-6 -0.3663236 0.9304876 1.57952e-5 -0.8374886 0.3864019 0.3864019 -0.3668388 0.8984492 0.241285 9.15257e-6 1 1.24574e-5 -0.8217824 0.4903241 0.290269 -1.30534e-5 0.9659742 0.2586385 -0.3663744 0.8052033 0.4662807 -5.70714e-6 0.8653352 0.5011935 -0.3666787 0.6568762 0.6588327 -6.24359e-6 0.706131 0.7080813 -0.8209893 0.2899943 0.4918129 -0.3666798 0.4647455 0.8059514 -7.56979e-6 0.4982509 0.8670329 -0.3663663 0.2390133 0.8992488 -7.18236e-6 0.2568041 0.9664636 -0.8182185 0.14128 0.5572779 -0.833247 -2.97069e-6 0.5529009 -0.3663203 -4.96954e-6 0.9304888 -1.12951e-5 2.43937e-6 1 -0.8171023 -0.1430456 0.5584639 -0.3668312 -0.2412856 0.8984522 1.68234e-5 -0.2586414 0.9659735 8.04663e-6 -0.5011841 0.8653408 -0.8137926 -0.2961154 0.5000574 -0.3663474 -0.4664251 0.8051317 1.51843e-5 -0.7080847 0.7061275 -0.828717 -0.3957465 0.3957435 -0.3666469 -0.6588308 0.6568958 2.14577e-5 -0.8670346 0.4982481 -0.8130127 -0.5015027 0.2958133 -0.3666912 -0.806382 0.4639891 -2.51085e-5 -0.9664644 0.256801 -0.8104037 -0.5676808 0.1448605 -0.3663798 -0.8991121 0.2395066 2.33799e-5 -1 1.85636e-6 -0.8253528 -0.5646176 -1.76369e-6 -0.3663358 -0.9304828 -5.41704e-6 2.18749e-5 -0.9659745 -0.2586373 -0.8097428 -0.5685665 -0.145082 -0.3668363 -0.8982359 -0.2420814 -2.28733e-5 -0.8653361 -0.5011923 -0.8110613 -0.5034891 -0.2977895 -0.3663781 -0.8051322 -0.4664003 2.42442e-5 -0.7061213 -0.7080909 -0.8268057 -0.3977371 -0.3977406 -0.3666886 -0.6569014 -0.658802 1.84178e-5 -0.498255 -0.8670307 -0.8115491 -0.2959865 -0.5037658 -0.3666934 -0.4640098 -0.806369 1.20252e-5 -0.2568078 -0.9664626 -0.8146709 -0.1429504 -0.5620291 -0.3663422 -0.2395331 -0.8991204 -1.66595e-5 -6.29039e-6 -1 -0.8308422 0 -0.5565081 -0.3663419 1.25461e-6 -0.9304803 -0.8153359 0.1450365 -0.5605282 -0.3668218 0.2412949 -0.8984534 -8.59797e-6 0.2586351 -0.9659752 -0.8190783 0.29198 -0.4938205 -0.3663634 0.4662781 -0.8052097 -2.29478e-6 0.5011951 -0.8653343 -0.3666747 0.6588381 -0.6568729 1 -2.03057e-6 2.44711e-5 0.9999824 -0.00594002 5.05925e-5 0.9999828 -0.005872905 1.5469e-5 1 -7.41186e-5 1.86127e-4 0.9999827 0.00590223 4.8193e-5 0.9999828 0.005867421 2.89818e-5 -1 4.77326e-5 -2.30522e-5 -0.9999827 -0.005885481 2.82e-6 -1 4.80944e-5 -1.4086e-5 -0.999983 -0.005836963 7.74256e-5 -0.9999828 0.005878746 -6.18862e-5 -0.9999827 0.00589329 2.39695e-5 0 -0.9997244 -0.02348065 0 -0.9997244 -0.02348017 -2.05976e-6 -0.9997244 -0.02348011 0 -0.9997232 -0.02352857 1.91986e-7 0.9976517 0.06849145 0 0.9976517 0.06849181 8.53142e-7 0.9976517 0.06849187 0 0.9976451 0.06858712 0.003917038 0.9993728 0.03519797 0.01370459 0.9992846 0.03525114 0.01371055 0.9992837 0.03527379 0.003919243 0.9993677 0.03534132 -0.005877494 0.9993606 0.03526961 -0.005863308 0.9993601 0.0352866 -0.003867387 -0.9993685 -0.03532171 2.25542e-5 -0.9993777 -0.03527283 -0.003875732 -0.9993695 -0.03529453 -7.8943e-6 -0.9993786 -0.03524941 -0.00588572 -0.9993606 -0.03526836 -0.005889892 -0.9993611 -0.0352537 0.9978764 0.06078517 0.02340984 0.9978747 0.06077599 0.02350479 0.9978747 0.06077593 0.02350473 0.9978772 0.0607897 0.02336215 -0.9978417 -0.06268101 0.01957607 -0.9978351 -0.06276983 0.01962387 -0.9978414 -0.06268566 0.01957893 -0.9978417 -0.06268078 0.01957589 0.9999309 2.47266e-7 -0.01175624 0.7133253 -0.6976584 -0.0666325 0.7111401 -0.7013429 -0.04896944 2.38007e-7 -0.9979054 -0.0646916 0.6335477 -0.6512011 0.4177973 0.9995685 4.81587e-6 -0.02937763 0.8880391 -0.4586966 -0.0313695 0.9999523 4.15894e-7 -0.009782135 0.4645234 -0.883978 -0.05292367 0.8883551 0.4588891 0.01568752 8.67248e-6 -0.9966129 -0.08223581 -2.41682e-5 -0.9981573 -0.06068015 -0.7134299 -0.6977357 -0.06467378 -0.4645171 -0.8839817 -0.0529195 -0.8880196 -0.4587349 -0.03136551 -0.9995672 -7.71601e-6 -0.02942079 -0.999952 3.38386e-5 -0.009808361 -0.7112052 -0.7014096 -0.04703098 -0.7129393 0.7012013 0.00586003 -0.8883576 0.4588843 0.01569026 -0.4648045 0.8845442 0.0392223 -0.9999309 1.0496e-6 -0.01175338 1.43051e-5 0.9990704 0.04310971 -1.62721e-5 0.9997233 0.02352392 -0.6940091 0.7195151 0.02548283 3.54648e-6 0.9992313 0.03920334 4.58956e-6 0.7706204 0.6372945 -1.18911e-5 0.1175366 0.9930686 -0.07060045 0.1196104 0.9903075 -0.6249871 0.6171395 0.4780482 -0.1647212 0.01176846 0.98627 -0.162575 -0.05094075 0.9853804 -0.8112508 -0.02940523 0.5839586 -0.1645764 -0.1155849 0.9795687 -0.6335625 -0.6511968 0.4177814 -0.07055526 -0.2234243 0.9721645 -1.35973e-7 -0.2213001 0.9752058 2.37953e-5 -0.8471235 0.5313962 0.07056611 -0.2234237 0.9721638 0.1645525 -0.1155865 0.9795725 0.1626127 -0.05093526 0.9853745 0.8112447 -0.02939504 0.5839673 0.1647019 0.01176685 0.9862733 0.6257331 0.6159427 0.4786155 0.07059985 0.1196256 0.9903058 1.14888e-5 0.117538 0.9930685 -2.74181e-6 0.7706287 0.6372845 0.6940101 0.7195144 0.02547931 -3.18885e-6 0.9992313 0.03920364 2.15173e-5 0.9997233 0.02352476 0.7129417 0.7011989 0.005851924 -3.8826e-6 0.9990715 0.04308366 0.4648103 0.8845409 0.03922718 -0.6249158 0.04113703 -0.7796077 0 0.05089467 -0.998704 -0.537274 -0.2684729 -0.7995368 -0.3116202 -0.4978117 -0.8093679 -0.5372727 0.351057 -0.766875 0 -0.5782362 -0.8158695 -0.311636 0.5801497 -0.7525354 0.3115853 -0.4977481 -0.8094205 1.2321e-7 0.6608199 -0.7505446 0.5372716 -0.2684751 -0.7995375 0.3116189 0.58012 -0.7525652 0.624843 0.04113572 -0.7796661 0.5372715 0.3510581 -0.7668753 0.2819836 -0.3250572 0.9026756 0.4623734 -0.04506969 0.8855392 0.4095184 -0.04701155 0.9110899 0.431412 -0.2568925 0.8648064 0.4309099 0.1645147 0.8872721 0.2176021 -0.4783103 0.8508047 0 -0.5095903 0.8604172 0.281991 0.2271561 0.932138 0.2176948 0.3863865 0.8962781 0 0.41556 0.9095659 1.54076e-7 -0.05087673 0.998705 0 -0.4581654 0.888867 -0.2819566 -0.3250427 0.9026893 -0.2176017 -0.4783098 0.8508051 -0.4314136 -0.2569118 0.8647997 -0.4095231 -0.04702132 0.9110872 -0.462356 -0.04505968 0.8855488 -0.430909 0.1645165 0.8872721 -0.2819898 0.2271574 0.932138 -0.2176942 0.3863874 0.8962779 1.53668e-7 0.3605297 0.9327478 0.8659107 -0.4995477 -0.02551078 1 -2.50664e-6 -4.08916e-7 0.865925 -0.4995177 -0.02561223 0.5000731 -0.8648123 -0.04501956 1 -1.14338e-6 0 0.50006 -0.8648144 -0.04512286 0.8659108 0.4995476 0.02551084 0 -0.9987046 -0.050884 0.865925 0.4995179 0.0256108 0 -0.9987021 -0.05093342 0.5000599 0.8648145 0.04512411 -0.5000733 -0.8648123 -0.04501855 0.5000467 0.8648167 0.04522848 -0.5000602 -0.8648145 -0.0451219 -2.20769e-5 0.9987027 0.05092269 -2.26796e-5 0.9987033 0.0509088 -0.8659251 -0.4995176 -0.02561157 -0.8659248 -0.4995182 -0.02561014 -1 7.57367e-7 6.68498e-7 -1 9.28383e-7 2.40036e-7 -0.8659109 0.4995474 0.02551162 -0.8659104 0.4995483 0.02550876 -0.5000731 0.8648123 0.04502046 -0.5000731 0.8648122 0.0450198 2.333e-5 0.9987034 0.05090892 2.34246e-5 0.9987027 0.05092293 0 0.05087721 -0.9987049 -1.94879e-7 0.05088412 -0.9987046 -2.35945e-7 0.05088341 -0.9987047 0 0.05092406 -0.9987026 0 0.05092459 -0.9987025 0 0.05087548 -0.998705 -2.25962e-7 0.05087453 -0.9987051 2.6706e-7 0.0508756 -0.998705 0 0.0508756 -0.998705 -1.47702e-7 0.05087471 -0.9987051 0 0.05087584 -0.998705 0 0.05087649 -0.998705 0 0.0508809 -0.9987048 1.4843e-7 0.05088043 -0.9987048 0 0.0509175 -0.9987029 1.61555e-7 0.05086791 -0.9987055 4.49101e-7 0.05087018 -0.9987053 2.94764e-7 0.05087029 -0.9987053 0 0.0508784 -0.9987049 0 0.05087918 -0.9987049 0 0.05088013 -0.9987049 0 0.05088001 -0.9987048 1.84664e-7 0.05088406 -0.9987047 0 0.05088329 -0.9987046 -9.13769e-7 0.05087625 -0.998705 0 0.05087441 -0.9987051 -0.3622338 0.01174193 0.9320133 -0.3702788 0.06465405 0.9266679 -0.3644623 0.02937597 0.9307547 -0.3702752 0.06465137 0.9266695 -0.3528589 -0.03332018 0.9350831 -0.3528634 -0.03334677 0.9350805 0.5140841 0.5317355 0.6730343 0.5140998 0.5317658 0.6729983 0.5140926 0.5317572 0.6730105 0.5140829 0.5317395 0.6730319 0.5469641 -0.009802162 0.8370987 0.5469719 -0.009797096 0.8370937 0.5469416 -0.009804248 0.8371134 0.5469595 -0.009800612 0.8371018 -0.7779921 -0.4624934 0.4252391 -0.7780016 -0.4624828 0.4252333 -0.7779939 -0.4624995 0.4252291 -0.7779837 -0.4624828 0.4252662 -0.9711852 0.1135702 0.209526 -0.9711847 0.1135701 0.2095286 -0.9711842 0.1135703 0.2095308 -0.9711925 0.1135634 0.2094959 0.5833759 0.05286258 0.8104803 0.5833939 0.05285578 0.8104677 0.5833953 0.05285471 0.8104669 0.5833739 0.05286246 0.8104817 -0.1097721 0.9350278 0.3371545 -0.1097733 0.9350184 0.3371799 -0.1097731 0.9350243 0.3371639 -0.1097734 0.9350205 0.3371744 0.358823 -0.01374059 -0.9333045 0.3622376 0.0156598 -0.9319542 0.3564127 -0.02350974 -0.9340329 0.362192 0.0156601 -0.9319719 0.352503 -0.0548256 -0.9342033 0.3525152 -0.05482673 -0.9341986 -0.03913849 0.6029785 -0.7967968 0.5233623 0.8028827 -0.2854321 0.6150907 0.6797177 -0.399559 0.8058137 0.4921042 0.3293898 0.9027146 0.364183 0.2290789 0.3234592 0.7665417 0.5547864 0.135079 0.9847517 0.1096258 -0.117604 0.7272102 -0.6762652 -0.3291368 0.9324676 -0.1489068 -0.7704403 0.6272908 -0.1137009 -0.7405434 0.3036789 -0.5994786 -0.6739163 0.1704295 -0.7188815 -0.9314663 0.2706154 0.243183 -0.97161 -0.2096176 -0.1097023 -0.910198 -0.351109 -0.2196866 -0.6216501 -0.6687108 0.4078934 -0.6894163 -0.5190153 0.5053004 -0.7345102 0.03528821 0.6776795 0.03139251 -0.5905619 0.8063815 -0.04506808 -0.4428403 0.8954671 -0.2800216 0.1095229 0.9537257 0.1704404 0.3938022 0.9032552 0.5738736 -0.01956915 0.8187101 0.3234778 0.7665269 0.5547961 0.6660975 -0.1586879 0.7287883 0.80581 0.4921249 0.3293681 0.9027064 0.3642081 0.2290713 -0.7896373 0.5545507 -0.2625769 -0.2820414 0.908779 -0.3075281 -0.7896322 0.5545606 -0.2625717 -0.9787754 0.1409436 0.1487738 -0.2820382 0.9087885 -0.3075027 -0.9787849 0.1409446 0.1487109 0.2544628 0.9670806 -0.001951813 -0.7470086 -0.1254925 0.6528629 0.254426 0.9670843 -0.003952443 -0.7488201 -0.1254884 0.6507851 0.4766957 0.7159973 0.5100089 0.4766696 0.716008 0.5100182 -0.2233402 -0.04512137 0.9736957 -0.2233431 -0.04506289 0.9736977 0.2961212 0.2843594 0.9118399 0.2977229 0.2859671 0.910815 0.4766879 0.7159908 0.5100255 0.4766863 0.7159953 0.5100207 -0.4208 0.7184065 0.5539128 -0.2623358 0.05874693 0.9631868 0.2115011 0.3603067 0.9085409 0.3723335 0.7526947 0.5429722 -0.7404322 -0.01567298 0.6719484 0.1725419 0.9823271 0.07254546 -0.949716 0.2290995 0.2134318 -0.3156938 0.9275584 -0.1999325 -0.7786276 0.6060061 -0.1627757 -2.62575e-6 0.7914461 0.611239 8.51134e-6 0.7914915 0.6111801 2.5131e-5 0.7915622 0.6110886 1.21072e-7 0.8626358 0.5058255 1.034e-6 0.8626427 0.5058141 -4.55562e-7 0.895592 0.4448764 -3.91039e-7 0.8955876 0.4448855 6.65779e-7 0.9304831 0.3663349 3.38536e-7 0.9304947 0.3663054 2.01166e-7 0.9527221 0.3038432 1.41095e-7 0.9527217 0.3038442 1.34186e-5 0.9622108 0.2723057 1.92132e-6 -0.9013727 -0.4330445 1.95345e-7 -0.836248 -0.5483515 7.93487e-7 -0.9013674 -0.4330555 6.45174e-7 -0.8362545 -0.5483417 2.4242e-7 -0.9159725 -0.4012413 -2.39815e-5 -0.8283154 -0.560262 4.06653e-7 -0.9159693 -0.4012485 -1.1988e-5 -0.8283648 -0.5601891 4.74683e-6 -0.8284367 -0.5600826 1.12597e-6 -0.9327407 -0.360548 -1.10199e-6 -0.9327368 -0.3605579 -1.21188e-7 -0.9599588 -0.2801412 0 -0.9599547 -0.2801551 0 -0.9664651 -0.2567981 3.28291e-7 -0.9664608 -0.2568142 7.15415e-6 -0.9885297 -0.1510269 0.9772905 0.1508106 0.1488607 0.9680925 0.1371774 0.2097123 0.9721322 0.1372011 0.1900918 0.849849 0.08028584 0.5208751 0.9770075 0.1507586 0.1507593 0.7112056 0.07053077 0.699437 0.973944 0.2214301 0.04900932 0.5975455 0.06269103 0.7993806 0.9675227 0.2526633 0.007823228 -1.12653e-5 0.04114371 0.9991533 2.20109e-5 0.04113215 0.9991537 0.7383736 0.5503718 -0.3897375 0.8512505 0.4471881 -0.2745824 0.452879 0.6665912 -0.5920783 1.76362e-5 0.7433859 -0.6688628 2.25436e-5 0.7433869 -0.6688618 -0.4528912 0.6665787 -0.5920831 -0.7383679 0.5503609 -0.3897637 -0.8512324 0.4472056 -0.2746099 -0.9675293 0.2526375 0.007848203 -0.973941 0.2214522 0.04896932 -0.9772945 0.1508031 0.1488419 -0.9770098 0.1507566 0.1507456 -0.9721289 0.1371935 0.1901146 -0.9680944 0.1371738 0.2097066 -0.8498433 0.08029192 0.5208837 -0.5975481 0.06269848 0.799378 -0.7112052 0.07053905 0.6994366 2.38419e-7 0.04112315 0.9991541 -6.25662e-6 0.04114115 0.9991534 1.25766e-5 -0.6405739 0.7678967 0.6783806 -0.4724515 0.562663 -1.7941e-5 -0.5717333 0.8204396 0.6651228 -0.5434929 0.5120815 2.11988e-5 -0.8760872 0.4821528 0.5449633 -0.7880862 0.2862433 0.9640583 -0.2566833 -0.06859529 0.7568655 -0.6141349 -0.2235913 0.9373153 -0.3313779 -0.1078367 0.6950417 -0.02148663 -0.7186484 0.5452386 -0.4197177 -0.725639 0.6700608 -0.1058233 -0.7347245 -1.26331e-5 0.06469559 -0.9979051 -1.9796e-4 -0.3604571 -0.9327758 -8.16614e-4 -0.02156418 -0.9997672 -0.6950802 -0.02158206 -0.7186083 -0.5452204 -0.419703 -0.7256612 -0.670068 -0.1057979 -0.7347216 -0.9640591 -0.2566872 -0.06857132 -0.7567042 -0.614283 -0.2237301 -0.9371065 -0.3313251 -0.1097961 -0.678334 -0.4724898 0.5626869 -0.544956 -0.7880873 0.2862544 -0.6651276 -0.5434688 0.5121006 1.66153e-5 -0.5717632 0.8204187 1.75536e-5 -0.8761011 0.4821274 1.43051e-6 -0.6405823 0.7678896 5.68216e-7 -0.9401413 -0.340785 -8.24133e-7 -0.3720765 -0.9282021 0.5369942 -0.431158 -0.7250794 0.7476207 -0.6238698 -0.2277057 -0.5369768 -0.4311468 -0.7250989 0.5375806 -0.7965437 0.2766323 -0.7476558 -0.6237447 -0.2279329 6.77985e-5 -0.8823615 0.4705723 -0.5375689 -0.7965508 0.2766347 0.5978474 0.7056605 -0.3802917 1.83253e-5 0.7897735 -0.6133987 0 0.9401358 0.3408002 -1.44355e-5 0.3407933 -0.9401383 0.7074838 0.2410649 -0.6643452 -0.7074811 0.2410403 -0.664357 0.8467394 0.4998089 0.1822729 1 8.76188e-6 1.74344e-6 -0.5978551 0.7056503 -0.3802986 -1 -1.53184e-5 -7.83801e-6 0.5978913 0.2959883 0.7449275 0.7074735 -0.2410587 0.6643583 -0.8467271 0.4998286 0.1822759 -0.7074833 -0.241069 0.6643441 -8.54582e-6 0.2115191 0.9773738 1.07586e-5 -0.3408099 0.9401323 -0.5978956 0.2959985 0.74492 1.30758e-5 -0.2115218 -0.9773734 0.7074813 0.2410656 -0.6643475 0.5978978 -0.2959955 -0.7449194 1 9.95398e-6 6.00517e-6 -1.18092e-5 0.3408089 -0.9401327 0.8467271 -0.4998227 -0.1822921 0.7074741 -0.2410388 0.6643649 -0.5978986 -0.2959938 -0.7449194 -0.7074738 0.2410621 -0.6643568 1.46285e-6 -0.9401569 -0.3407418 -0.8467362 -0.499815 -0.1822717 -1 -5.27501e-6 -8.3074e-7 -0.5978542 -0.7056559 0.3802895 -0.7074842 -0.241066 0.6643443 0.5978731 -0.7056422 0.3802855 1.2815e-5 -0.340791 0.9401391 -1.34148e-5 -0.7897756 0.6133959 0.6547921 -0.421502 0.6273624 0.6070642 -0.7931428 -0.04896718 1 -2.88975e-6 1.35428e-5 0.07251358 -0.9953956 -0.06268686 2.18749e-5 -0.8617786 0.5072846 -2.76864e-5 -0.7897647 -0.61341 0.0568453 -0.2938767 0.9541515 0.6544091 -0.3389374 -0.6759217 0.05679398 -0.1723695 -0.9833938 0.05680125 0.2938877 -0.9541507 0.6547958 0.4215105 -0.6273527 1.99378e-5 0.8617834 -0.5072765 0.07247447 0.9953964 0.06271874 0.6070768 0.7931329 0.04896843 4.11272e-6 0.7897804 0.6133898 0.6532552 0.3393889 0.6768109 0.05680876 0.1724004 0.9833875 -0.5697107 -0.8202666 -0.05091619 1.62423e-5 -0.8617839 0.5072758 -0.5704892 -0.6940241 0.4391728 0.05681806 -0.2938713 0.9541549 0.07250243 -0.9953946 -0.06271362 -0.5701411 -0.3017451 0.7641264 0.05681443 0.1723745 0.9833917 -0.5697772 -0.6324341 -0.5247677 2.67029e-5 -0.7897726 -0.6133998 -0.5703417 0.2038469 0.7957115 -5.66244e-6 0.7897617 0.6134138 -0.5681145 -0.2037355 -0.7973317 0.05680364 -0.1724026 -0.9833875 -0.5703558 0.6330964 0.5233386 0.07248532 0.9953981 0.06267899 -0.5688115 0.3020634 -0.764991 0.05683499 0.293882 -0.9541505 -0.5706078 0.8196384 0.05098766 2.13981e-5 0.86179 -0.5072655 -0.5700299 0.6938577 -0.4400313 -1 2.75231e-6 -1.24487e-5 -0.9999523 4.45521e-7 -0.009772956 -0.5660041 -0.05484217 0.8225763 -0.999952 2.2375e-7 0.009803712 -0.579824 0.05485206 -0.8128933 -0.5899716 0.05489242 -0.8055561 -0.5705136 -0.05488908 0.8194519 0.5695839 -0.05480295 0.8201042 0.5646646 -0.05490279 0.8234925 0.999952 -3.91505e-7 0.009804904 0.999952 1.30325e-4 -0.009803891 0.5921737 0.0549032 -0.8039379 0.5798066 0.05485093 -0.8129057 -0.5798184 0.05482155 -0.8128994 -0.5899691 0.0548495 -0.8055608 -0.1840544 -0.9827912 -0.01566982 -0.1292183 -0.9886724 0.07635229 -0.186236 -0.9822684 -0.02156448 -0.1451353 -0.9669001 -0.2098576 -0.1233672 -0.967377 -0.221274 -1.17347e-6 -0.9962848 0.08612054 0.1292009 -0.9886749 0.07634836 0.1862389 -0.9822677 -0.02156996 0.1840314 -0.9827956 -0.01566034 0.1233685 -0.9673749 -0.2212831 0.145134 -0.9669017 -0.2098509 -0.1233472 -0.9673767 -0.2212868 -0.145121 -0.9669029 -0.2098541 0.6151628 -0.7777251 -0.1293001 -0.5800885 -0.7780687 -0.2410532 0.5801129 -0.7780517 -0.2410489 -0.6151458 -0.7777446 -0.129264 -0.3333154 -0.2745287 -0.9019616 0.99415 -0.005878984 -0.1078483 0.3350857 -0.2743311 -0.9013657 0.9695409 0.005889415 -0.2448588 0.4425333 0.1664327 -0.8811722 1.33552e-6 0.4251316 -0.9051316 0.5921545 0.7862681 -0.1764532 0.6189099 0.7854009 -0.009796261 -0.5921409 0.786269 -0.1764948 -0.6189256 0.7853885 -0.009800136 -0.9939387 -0.005906939 -0.1097773 -0.9690834 0.005873799 -0.2466636 -0.4409694 0.1665884 -0.8819265 -0.3333152 -0.2745093 -0.9019677 -0.5801212 -0.7780428 -0.2410579 -0.6151536 -0.7777319 -0.1293027 -5.3891e-6 0.0294162 0.9995673 -0.9980505 -0.04314053 -0.04510056 -3.42086e-6 0.2586619 0.965968 -0.998266 -0.01565408 0.05674588 0.9981181 -0.01761424 0.05873858 -0.4880363 -0.3214498 -0.8114744 -0.5351241 -0.08037936 -0.8409408 -0.4902144 -0.6588466 -0.5706233 -0.9954168 -0.06663924 -0.06859076 -0.4921717 -0.7922031 -0.3608066 -0.9971391 -0.06070214 -0.04504406 1.09274e-5 0.7424128 0.6699427 -6.89365e-6 0.9386487 0.3448749 0.9981371 -0.04314368 -0.04313981 0.9955499 -0.06663268 -0.06663846 0.9972221 -0.06074541 -0.04310625 0.4880368 -0.3214304 -0.8114818 0.5351584 -0.08036589 -0.8409202 -0.5351257 -0.08036929 -0.8409407 -0.4880633 -0.3214508 -0.8114577 0.490211 -0.6588566 -0.5706147 0.4921964 -0.7921928 -0.3607954 -0.4901965 -0.658863 -0.5706199 -0.4922012 -0.7921795 -0.3608179 -0.9367932 0.3409932 0.07837176 -0.6681561 0.613277 0.4212585 -0.6705829 0.6117733 0.4195858 -0.9348457 0.3449126 0.08425551 1.55233e-5 0.7785972 0.6275242 -0.9665299 0.254863 -0.02941006 4.62423e-6 0.778553 0.6275791 -0.9680576 0.2331968 -0.09210681 0.6705831 0.6117628 0.4196006 -0.9665071 0.1882048 -0.1744794 0.6670466 0.6140941 0.4218262 -0.9242142 0.1644806 -0.3446367 0.9366416 0.3409524 0.08033716 -0.9251646 0.1666084 -0.3410456 0.9348344 0.3449376 0.08427917 -0.6448442 0.1215201 -0.754592 0.9680543 0.2332017 -0.09212964 -0.6509495 0.1236614 -0.7489811 0.9665328 0.2548499 -0.029428 -2.0802e-5 0.1136317 -0.993523 -1.4736e-5 0.1136626 -0.9935194 0.9665063 0.1882031 -0.1744853 0.9248487 0.1645932 -0.3428761 0.9254633 0.1647013 -0.3411615 0.6448227 0.1215184 -0.7546106 0.6522341 0.1214398 -0.7482267 1.62218e-5 0.1136648 -0.9935192 8.01683e-6 0.113637 -0.9935224 -0.6961879 -0.6217058 0.3588933 -0.8392145 -0.5391992 0.07059329 -0.6522511 -0.7541444 0.07638621 -0.8706328 -0.4000272 0.286316 -0.7589334 -0.6196907 -0.2000091 -0.872563 -0.2254883 0.4333462 -0.5846606 -0.7867123 -0.1981306 -0.5897552 -0.625024 -0.5114037 -0.8053396 -0.3918913 0.4448024 -0.7451684 0.05295324 0.6647707 -0.7686431 0.02351331 0.6392456 -9.05071e-7 0.4052355 0.9142124 -6.11879e-7 0.4052461 0.9142076 0.7451793 0.05292677 0.6647605 0.7676888 0.02351009 0.6403914 0.8053298 -0.3918893 0.4448222 0.8718127 -0.2253004 0.4349512 0.6962164 -0.6216807 0.3588815 0.8706355 -0.4000243 0.2863119 0.8392001 -0.5392231 0.07058227 1.92365e-6 -0.8936524 0.4487601 1.15298e-6 -0.7598176 0.6501364 -1.2017e-7 -0.9964504 0.08418208 0.652189 -0.7539983 0.07833367 0.7589324 -0.6196913 -0.2000108 2.39457e-4 -0.9829159 -0.1840556 0.5846543 -0.7867123 -0.1981496 0.5904994 -0.6238345 -0.5119971 3.26231e-4 -0.8948095 -0.4464481 0.4525854 -0.7386194 -0.4996078 -1.45729e-6 -0.5898956 -0.8074796 -0.4525704 -0.7386273 -0.4996095 -4.02331e-7 0.9847007 -0.1742548 1.58383e-7 0.9208618 -0.389889 6.74278e-7 0.9847043 -0.1742346 0 0.9972271 -0.07441931 0 0.9972242 -0.07445806 2.34266e-5 0.988875 -0.1487494 -2.69443e-7 0.92086 -0.3898934 -4.36325e-7 0.8213481 -0.5704272 0 0.8213404 -0.5704384 9.73863e-5 0.7880263 -0.6156417 9.8546e-5 0.7880277 -0.6156399 9.76246e-5 0.7880288 -0.6156383 -8.28505e-6 -0.3015174 0.9534607 -0.8345276 -0.02350646 0.5504645 -0.8770305 -0.1918541 0.4404654 -7.48038e-6 -0.6564099 0.7544046 1.68979e-5 -0.2115656 0.9773638 -0.8850805 -0.3191773 0.3387602 -4.64916e-6 0.168537 0.9856954 -0.9210633 -0.2723874 0.278294 -6.21565e-6 0.1783372 0.9839695 -0.9771364 -0.1625273 0.1370742 -0.7486583 0.07642704 0.658536 -0.9590322 -0.1274701 0.2529996 -0.956598 -0.05488759 0.2861953 -0.9556186 -0.06265783 0.2878667 -1.02399e-6 -0.166645 -0.9860171 -4.55983e-5 -0.1881896 -0.9821328 2.67755e-7 -0.1666123 -0.9860225 -6.12175e-5 -0.09406644 -0.995566 -1.43054e-4 -0.1881823 -0.9821341 -5.30456e-5 -0.1056232 -0.9944062 0.02743238 -0.2332061 -0.9720403 -1.74962e-6 -0.105701 -0.9943979 -0.02743053 -0.2332003 -0.9720418 -2.35694e-4 -0.5551381 -0.8317583 0.1844021 -0.4844785 -0.855147 -0.1843366 -0.4843637 -0.8552262 0.8345304 -0.02350604 0.5504602 -1.83284e-5 -0.3014834 0.9534715 0.8765766 -0.1921812 0.4412256 1.06096e-5 -0.6564096 0.7544047 -2.37525e-5 -0.2115526 0.9773667 0.8846577 -0.3197309 0.3393422 1.61827e-5 0.1684952 0.9857025 0.9210628 -0.2723875 0.2782953 -1.82092e-5 0.1783551 0.9839662 0.9771371 -0.1625143 0.1370846 0.7468277 0.07644581 0.6606093 0.9585554 -0.1274342 0.254818 0.9559571 -0.05682867 0.2879526 0.9549103 -0.06275218 0.2901873 -4.30582e-6 0.8889267 -0.4580495 -3.70482e-6 0.8889246 -0.4580537 -8.52443e-6 0.8889714 -0.4579629 -6.88132e-6 0.8889677 -0.45797 -0.9791145 0.09790772 -0.1781825 -0.9551485 -0.006069958 -0.2960653 -0.9999693 0.007852494 5.09899e-7 -0.4644641 0.2781702 -0.8407702 -0.5546294 0.1567917 -0.817192 -0.5189087 -0.203642 -0.8302192 -0.9908437 0.123377 -0.05483514 -0.5334468 -0.4177404 -0.7354778 -0.9908189 0.1351968 1.94471e-5 -0.9208917 -0.1959434 -0.336994 -0.5053095 -0.62085 -0.5993395 -0.9908459 0.1233627 0.05482685 -0.9434954 -0.2877233 -0.1644139 -0.4958062 -0.8348709 -0.2390957 -0.5170921 -0.8559299 2.83355e-6 -0.9791105 0.09790885 0.1782035 -0.9208577 -0.389899 -1.95727e-5 -0.4955887 -0.8344728 0.2409295 -0.5545903 0.1567722 0.8172222 -0.4626537 0.2803467 0.8410454 -0.9434947 -0.2877251 0.1644144 -0.5038523 -0.6214786 0.5999145 -0.5334621 -0.41774 0.735467 -0.9545782 -0.001962482 0.2979544 -0.5174625 -0.2038286 0.8310755 -0.9208977 -0.1959297 0.3369851 1 -6.46518e-5 -1.45816e-4 1 -6.37907e-5 -1.44616e-4 1 -6.20743e-5 -1.45192e-4 1 -6.2015e-5 -1.45495e-4 1 -6.13536e-5 -1.44117e-4 1 -6.16706e-5 -1.4542e-4 1 -6.2084e-5 -1.45548e-4 1 -6.19426e-5 -1.45355e-4 1 -6.27904e-5 -1.4437e-4 1 -6.20531e-5 -1.45368e-4 1 -6.04747e-5 -1.44772e-4 1 -6.21103e-5 -1.45601e-4 1 -5.99533e-5 -1.46046e-4 1 -6.20283e-5 -1.45691e-4 1 -6.21021e-5 -1.45695e-4 1 -6.20869e-5 -1.45582e-4 1 -6.2097e-5 -1.4569e-4 -0.3058807 -0.2235252 0.9254586 -0.3078488 -0.02940642 0.9509807 -0.3076716 -0.04506158 0.950425 -0.3058898 -0.2235183 0.9254572 -0.3056114 0.009795963 0.952106 -0.3056092 0.009795546 0.9521067 0.7759783 0.366432 -0.5134055 0.7985067 0.533632 -0.2786108 0.8289657 0.4291821 -0.3586344 0.775988 0.3664336 -0.51339 0.730206 0.6832271 -4.00469e-7 0.7985043 0.5336461 0.278591 0.8289611 0.4291858 0.3586406 0.7759676 0.3664115 0.5134364 0.7759917 0.3664168 0.5133963 -0.3057236 -0.2253802 -0.9250606 -0.3078354 -0.03134983 -0.950923 -0.3057519 -0.2253884 -0.9250491 -0.3076812 -0.04506051 -0.950422 -0.3073729 0.009791135 -0.9515389 -0.3073879 0.009790003 -0.951534 -0.7678965 -0.640574 0 -0.7397296 -0.631815 0.2315384 -0.7229436 -0.5857847 0.3663453 -0.6863764 -0.5824973 0.435413 -0.6864251 -0.5824682 0.435375 -0.7397333 -0.6318128 -0.2315323 -0.7229327 -0.5857897 -0.3663588 -0.6874621 -0.5817379 -0.4347147 -0.6874538 -0.5816923 -0.434789 -0.9999923 -0.003919959 -4.21472e-5 -0.9999928 -0.003824532 1.19077e-4 -0.9999924 -0.003898978 -4.46039e-5 -0.9999961 -0.001969277 0.001968801 -0.9999924 -0.003919303 4.64738e-5 -0.9999961 -0.001976966 -0.001972615 0.9999499 0.002007424 -0.009816229 0.9999924 0.003904581 1.45276e-4 0.9999924 0.00392282 2.50484e-5 0.9999924 0.003911197 -5.20499e-5 0.9999923 0.003922998 -2.58431e-5 0.99995 0.001965045 0.009803712 -0.9999828 -0.005868017 -1.23514e-5 -1 -2.0444e-6 2.44533e-5 -0.9999827 -0.005897641 -2.57316e-5 -1 -7.45276e-5 1.85642e-4 -0.9999827 0.005902409 4.86461e-5 -0.9999828 0.005867123 2.95987e-5 0.9999832 -0.005812823 -6.09439e-5 1 9.12028e-5 -4.40741e-5 1 4.87677e-5 -1.42784e-5 0.9999829 -0.005860984 3.62106e-5 0.9999828 0.005878686 -6.19912e-5 0.9999825 0.005913555 6.75796e-5 -2.52016e-6 -0.9997244 -0.02348059 0 -0.9997233 -0.02352756 0 -0.9997244 -0.02348065 0 -0.9997255 -0.02343165 7.70205e-7 0.997645 0.06858885 0 0.9976517 0.06849163 0 0.997645 0.06858897 0 0.9976451 0.06858718 -0.04696142 0.9982761 0.03520673 -0.03720462 0.9986877 0.03519731 -0.0469622 0.9982746 0.03524911 -0.03720581 0.998686 0.0352444 -0.0254662 0.9990537 0.03526067 -0.0254594 0.999054 0.03525596 0.0333119 -0.9988232 -0.03525215 0.03720945 -0.9986858 -0.03524428 0.03719228 -0.9986861 -0.03525459 0.03331142 -0.9988248 -0.03520333 0.03915846 -0.9986112 -0.03524619 0.03916066 -0.9986112 -0.03524595 -0.9993474 0.02743291 0.02350223 -0.9993427 0.0274353 0.02369362 -0.9993474 0.02743297 0.02350229 -0.9993473 0.02743291 0.02350193 0.9993755 -0.02940088 0.01959925 0.9993754 -0.02940523 0.01960128 0.9993755 -0.02940064 0.01959908 0.9993754 -0.02940541 0.01960146 -0.04696154 0.9982761 0.03520679 -0.03720468 0.9986877 0.03519743 -0.04699552 0.9982743 0.03521472 -0.03720593 0.998686 0.03524446 -0.02546626 0.9990537 0.03526085 -0.0254594 0.999054 0.0352562 0.03326404 -0.9988248 -0.03525298 0.03720951 -0.9986858 -0.03524434 0.03719228 -0.9986861 -0.03525459 0.03329557 -0.9988238 -0.03524863 0.03906935 -0.9986135 -0.03528165 0.03916066 -0.9986112 -0.03524595 -0.999345 0.02743536 0.02359789 -0.9993451 0.02743417 0.02359819 -0.9993474 0.02743273 0.02350211 -0.9993473 0.02743291 0.02350234 0.9993754 -0.02940601 0.0196017 0.9993757 -0.02940022 0.01959896 0.9993754 -0.02940636 0.01960188 0.9993723 -0.02948588 0.0196411 -0.9999824 -0.0059399 5.05936e-5 -1 -2.07023e-6 2.4465e-5 -0.9999828 -0.005872964 1.55675e-5 -1 -7.41183e-5 1.86127e-4 -0.9999827 0.00590223 4.81927e-5 -0.9999828 0.005867481 2.90207e-5 0.9999828 -0.005885481 2.81845e-6 1 4.77338e-5 -2.30517e-5 1 4.80956e-5 -1.40877e-5 0.999983 -0.005836963 7.74255e-5 0.9999828 0.005878746 -6.18865e-5 0.9999827 0.00589329 2.39689e-5 -2.52056e-6 -0.9997244 -0.02348011 0 -0.9997244 -0.02348065 0 -0.9997244 -0.02348011 0 -0.9997232 -0.02352857 9.15149e-7 0.9976517 0.06849157 0 0.9976517 0.06849145 0 0.9976517 0.06849157 0 0.9976451 0.06858712 -0.7133349 -0.6976485 -0.06663244 -0.999931 1.08627e-6 -0.01175618 -0.7111394 -0.7013438 -0.04896908 1.26846e-6 -0.9979053 -0.06469178 -0.6335612 -0.6511865 0.4177994 -0.9995685 -7.90693e-6 -0.02937859 -0.8880395 -0.4586962 -0.03136616 -0.9999523 3.55009e-7 -0.009782135 -0.4645233 -0.8839782 -0.05292153 -0.8883556 0.4588879 0.01569104 6.39213e-6 -0.996613 -0.08223545 2.42314e-5 -0.9981573 -0.06068027 0.7134231 -0.6977427 -0.0646736 0.4645172 -0.8839816 -0.0529195 0.8880199 -0.4587343 -0.03136265 0.9995673 1.05961e-5 -0.02941912 0.999952 -1.71171e-5 -0.009801089 0.7112054 -0.7014092 -0.0470308 0.7129501 0.7011904 0.005859553 0.8883574 0.4588845 0.01569014 0.4648042 0.8845444 0.03922247 0.9999309 0 -0.01175326 -1.42625e-5 0.9990704 0.04310965 1.63317e-5 0.9997234 0.02352434 0.6940103 0.7195141 0.02547937 -3.8147e-6 0.9992313 0.03920316 -4.94719e-6 0.7706205 0.6372945 1.18762e-5 0.1175366 0.9930686 0.07060098 0.1196105 0.9903075 0.6249561 0.6171695 0.4780499 0.1647217 0.01176851 0.9862699 0.1625748 -0.05094075 0.9853804 0.8112507 -0.02940452 0.5839587 0.1645764 -0.1155849 0.9795687 0.6335443 -0.6512153 0.4177803 0.07055526 -0.2234243 0.9721645 6.30692e-6 -0.221299 0.975206 -6.45965e-6 -0.8471242 0.5313951 -0.0705657 -0.2234238 0.9721638 -0.164552 -0.1155864 0.9795727 -0.162613 -0.05093526 0.9853743 -0.8112451 -0.02939546 0.5839671 -0.1647039 0.01176673 0.9862729 -0.6249786 0.617148 0.4780483 -0.07059979 0.1196255 0.9903058 -1.03824e-5 0.117538 0.9930685 3.7998e-6 0.7706288 0.6372843 -0.6940101 0.7195144 0.02547907 3.42727e-6 0.9992313 0.03920346 -2.14279e-5 0.9997233 0.02352464 -0.7129462 0.7011944 0.005851328 3.7849e-6 0.9990715 0.04308372 -0.4648104 0.8845409 0.0392273 0 0.05089455 -0.9987041 0.6248458 0.04113584 -0.7796639 0.5368614 -0.268555 -0.7997864 0.3116202 -0.4978117 -0.8093679 0.5372727 0.3510569 -0.7668749 0 -0.5785264 -0.8156636 0.3116361 0.5801495 -0.7525354 -0.3116204 -0.497812 -0.8093677 0 0.6604531 -0.7508673 -0.5372719 -0.2684752 -0.7995374 -0.3116359 0.5801491 -0.7525358 -0.6248433 0.04113572 -0.7796658 -0.5372714 0.351058 -0.7668753 -0.4623734 -0.04506957 0.8855392 -0.2819833 -0.3250572 0.9026757 -0.4095181 -0.04701107 0.91109 -0.4314119 -0.2568923 0.8648065 -0.4309096 0.1645148 0.8872721 -0.2176021 -0.4783102 0.8508048 0 -0.5095901 0.8604173 -0.2819906 0.2271566 0.932138 -0.2176947 0.3863865 0.8962782 0 0.41556 0.9095658 0 -0.05087673 0.998705 -2.40281e-7 -0.4581649 0.8888673 0.2819588 -0.3250384 0.9026901 0.2176019 -0.4783097 0.8508051 0.4314137 -0.2569116 0.8647997 0.4095233 -0.04702693 0.9110868 0.462356 -0.04505968 0.8855488 0.430909 0.1645165 0.8872721 0.2819902 0.227157 0.932138 0.2176941 0.3863874 0.8962779 -2.78324e-6 0.3605791 0.9327287 -1 -2.39425e-6 -4.18689e-7 -0.8659108 -0.4995477 -0.02551066 -0.865925 -0.4995179 -0.02561205 -0.5000731 -0.8648122 -0.0450195 -1 -1.14338e-6 0 -0.50006 -0.8648144 -0.04512286 -0.8659108 0.4995476 0.02551084 0 -0.9987046 -0.05088406 -0.8659105 0.4995482 0.02550876 0 -0.9987021 -0.05093342 -0.5000599 0.8648144 0.04512411 0.5000601 -0.8648145 -0.0451231 -0.50006 0.8648144 0.04512369 0.5000602 -0.8648145 -0.0451219 2.20239e-5 0.9987027 0.05092275 2.27082e-5 0.9987034 0.05090892 0.8659251 -0.4995176 -0.02561151 0.8659104 -0.4995484 -0.02550804 1 5.52145e-7 6.47427e-7 1 9.28383e-7 2.40036e-7 0.8659109 0.4995474 0.02551168 0.8659248 0.4995182 0.0256108 0.5000598 0.8648144 0.045125 0.5000731 0.8648123 0.0450198 -2.34544e-5 0.9987033 0.05090874 -2.37717e-5 0.9987027 0.05092275 1.95083e-7 0.05088418 -0.9987046 0 0.05087721 -0.9987049 2.35916e-7 0.05088353 -0.9987046 0 0.05092406 -0.9987025 0 0.05092459 -0.9987026 0 0.05087548 -0.9987051 0 0.05087453 -0.9987052 0 0.0508756 -0.9987051 0 0.0508756 -0.998705 2.01922e-7 0.05087465 -0.9987052 0 0.05087596 -0.998705 0 0.05087655 -0.998705 0 0.05092877 -0.9987024 -1.48662e-7 0.05088043 -0.9987048 0 0.05086964 -0.9987053 0 0.05086791 -0.9987055 -4.69794e-7 0.05087018 -0.9987053 -3.68367e-7 0.05087029 -0.9987053 0 0.0508784 -0.9987049 0 0.05087918 -0.9987049 0 0.05088031 -0.9987049 0 0.05088019 -0.9987049 0 0.05088394 -0.9987047 0 0.05088311 -0.9987047 0 0.0508762 -0.998705 7.11029e-7 0.05087441 -0.9987051</float_array>
          <technique_common>
            <accessor source="#Mesh-mesh-normals-array" count="3537" stride="3">
              <param name="X" type="float"/>
              <param name="Y" type="float"/>
              <param name="Z" type="float"/>
            </accessor>
          </technique_common>
        </source>
        <source id="Mesh-mesh-map-0">
          <float_array id="Mesh-mesh-map-0-array" count="20964">0.5068359 0.8336182 0.5009766 0.8094483 0.5258789 0.8156738 0.7763672 0.925354 0.7739258 0.9326172 0.7753906 0.9178467 0.7646484 0.9385986 0.7753906 0.9178467 0.7739258 0.9326172 0.7675781 0.9104614 0.7753906 0.9178467 0.7646484 0.9385986 0.7675781 0.9104614 0.7646484 0.9385986 0.7314453 0.9018555 0.7314453 0.9018555 0.7646484 0.9385986 0.7270508 0.9413147 0.7270508 0.9413147 0.7036133 0.9414978 0.7314453 0.9018555 0.7314453 0.9018555 0.7036133 0.9414978 0.7080078 0.8979492 0.7036133 0.9414978 0.6938477 0.9338379 0.7080078 0.8979492 0.7080078 0.8979492 0.6938477 0.9338379 0.6972656 0.9039917 0.6904297 0.9185181 0.6972656 0.9039917 0.6938477 0.9338379 0.4206543 0.911377 0.3977051 0.9036255 0.4240723 0.9066773 0.3999024 0.9089356 0.3977051 0.9036255 0.4206543 0.911377 0.3959961 0.8791504 0.4240723 0.9066773 0.3977051 0.9036255 0.3999024 0.9089356 0.4206543 0.911377 0.4038086 0.9132691 0.4311524 0.8832398 0.4240723 0.9066773 0.3959961 0.8791504 0.4038086 0.9132691 0.4206543 0.911377 0.4157715 0.9146118 0.409668 0.9152222 0.4038086 0.9132691 0.4157715 0.9146118 0.4311524 0.8832398 0.3959961 0.8791504 0.4348145 0.8675537 0.4348145 0.8675537 0.3959961 0.8791504 0.3959961 0.8630371 0.3999024 0.857666 0.4348145 0.8675537 0.3959961 0.8630371 0.4321289 0.8614502 0.4348145 0.8675537 0.3999024 0.857666 0.4321289 0.8614502 0.3999024 0.857666 0.4260254 0.8563233 0.4260254 0.8563233 0.3999024 0.857666 0.4072266 0.854126 0.4167481 0.8538818 0.4260254 0.8563233 0.4072266 0.854126 0.6191406 0.8337402 0.6582031 0.8005371 0.6230469 0.8005371 0.6157227 0.8005371 0.6191406 0.8337402 0.6230469 0.8005371 0.6582031 0.8337402 0.6582031 0.8005371 0.6191406 0.8337402 0.6191406 0.8337402 0.6157227 0.8005371 0.6083984 0.8337402 0.6582031 0.8337402 0.6875 0.8337402 0.6582031 0.8005371 0.6083984 0.8337402 0.6157227 0.8005371 0.6083984 0.8005371 0.6582031 0.8005371 0.6875 0.8337402 0.6875 0.8005371 0.6083984 0.8005371 0.6025391 0.8337402 0.6083984 0.8337402 0.6025391 0.8005371 0.6025391 0.8337402 0.6083984 0.8005371 0.6875 0.8337402 0.7001953 0.8337402 0.6875 0.8005371 0.6875 0.8005371 0.7001953 0.8337402 0.6958008 0.8005371 0.6958008 0.8005371 0.7001953 0.8337402 0.7050781 0.8005371 0.7001953 0.8337402 0.715332 0.8005371 0.7050781 0.8005371 0.715332 0.8337402 0.715332 0.8005371 0.7001953 0.8337402 0.715332 0.8337402 0.7265625 0.8005371 0.715332 0.8005371 0.730957 0.8337402 0.7265625 0.8005371 0.715332 0.8337402 0.7265625 0.8005371 0.730957 0.8337402 0.7353516 0.8005371 0.730957 0.8337402 0.7436524 0.8005371 0.7353516 0.8005371 0.7436524 0.8337402 0.7436524 0.8005371 0.730957 0.8337402 0.7436524 0.8337402 0.7709961 0.8005371 0.7436524 0.8005371 0.7709961 0.8337402 0.7709961 0.8005371 0.7436524 0.8337402 0.7709961 0.8005371 0.7709961 0.8337402 0.8061524 0.8005371 0.8061524 0.8005371 0.7709961 0.8337402 0.8095703 0.8337402 0.8061524 0.8005371 0.8095703 0.8337402 0.8129883 0.8005371 0.8095703 0.8337402 0.8183594 0.8005371 0.8129883 0.8005371 0.8183594 0.8337402 0.8183594 0.8005371 0.8095703 0.8337402 0.8183594 0.8337402 0.8261719 0.8005371 0.8183594 0.8005371 0.8261719 0.8337402 0.8261719 0.8005371 0.8183594 0.8337402 0.7612305 0.9849548 0.7705078 0.9588928 0.7705078 0.9849548 0.7612305 0.9588928 0.7705078 0.9588928 0.7612305 0.9849548 0.7612305 0.9588928 0.7705078 0.9499817 0.7705078 0.9588928 0.7612305 0.9499817 0.7705078 0.9499817 0.7612305 0.9588928 0.7514649 0.9849548 0.7612305 0.9588928 0.7612305 0.9849548 0.7612305 0.9499817 0.7612305 0.9588928 0.7514649 0.9499817 0.7514649 0.9588928 0.7612305 0.9588928 0.7514649 0.9849548 0.7514649 0.9499817 0.7612305 0.9588928 0.7514649 0.9588928 0.7412109 0.9849625 0.7514649 0.9588928 0.7514649 0.9849548 0.7514649 0.9499817 0.7514649 0.9588928 0.7412109 0.9499817 0.7412109 0.9588928 0.7514649 0.9588928 0.7412109 0.9849625 0.7412109 0.9499817 0.7514649 0.9588928 0.7412109 0.9588928 0.7304688 0.9849625 0.7412109 0.9588928 0.7412109 0.9849625 0.7412109 0.9499817 0.7412109 0.9588928 0.7304688 0.9499817 0.7304688 0.9588928 0.7412109 0.9588928 0.7304688 0.9849625 0.7304688 0.9499817 0.7412109 0.9588928 0.7304688 0.9588928 0.7202149 0.9849625 0.7304688 0.9588928 0.7304688 0.9849625 0.7304688 0.9499817 0.7304688 0.9588928 0.7202149 0.9499817 0.7202149 0.9588928 0.7304688 0.9588928 0.7202149 0.9849625 0.7202149 0.9499817 0.7304688 0.9588928 0.7202149 0.9588928 0.7104492 0.9849625 0.7202149 0.9588928 0.7202149 0.9849625 0.7202149 0.9499817 0.7202149 0.9588928 0.7104492 0.9499817 0.7104492 0.9588928 0.7202149 0.9588928 0.7104492 0.9849625 0.7104492 0.9499817 0.7202149 0.9588928 0.7104492 0.9588928 0.7001953 0.9849625 0.7104492 0.9588928 0.7104492 0.9849625 0.7104492 0.9499817 0.7104492 0.9588928 0.7001953 0.9499817 0.7001953 0.9588928 0.7104492 0.9588928 0.7001953 0.9849625 0.7001953 0.9499817 0.7104492 0.9588928 0.7001953 0.9588928 0.6904297 0.9849625 0.7001953 0.9588928 0.7001953 0.9849625 0.7001953 0.9499817 0.7001953 0.9588928 0.6904297 0.9499817 0.6904297 0.9588928 0.7001953 0.9588928 0.6904297 0.9849625 0.6904297 0.9499817 0.7001953 0.9588928 0.6904297 0.9588928 0.519043 0.5 0.519043 0.4868164 0.5302734 0.4956055 0.5302734 0.4956055 0.519043 0.4868164 0.5351563 0.4868164 0.5078125 0.4956055 0.519043 0.4868164 0.519043 0.5 0.5351563 0.4868164 0.519043 0.4868164 0.5302734 0.4775391 0.5029297 0.4868164 0.519043 0.4868164 0.5078125 0.4956055 0.5302734 0.4775391 0.519043 0.4868164 0.519043 0.4731445 0.5078125 0.4775391 0.519043 0.4868164 0.5029297 0.4868164 0.519043 0.4731445 0.519043 0.4868164 0.5078125 0.4775391 0.3154297 0.5964356 0.3049317 0.5925293 0.3154297 0.583252 0.3049317 0.5925293 0.3154297 0.5964356 0.3005371 0.5964356 0.3005371 0.5964356 0.3154297 0.5964356 0.3154297 0.6018067 0.3154297 0.5964356 0.3259277 0.5925293 0.3154297 0.6018067 0.3154297 0.6018067 0.3259277 0.5925293 0.3303223 0.5964356 0.3259277 0.5925293 0.3154297 0.5964356 0.3154297 0.583252 0.3259277 0.5925293 0.3364258 0.583252 0.3303223 0.5964356 0.3303223 0.583252 0.3364258 0.583252 0.3259277 0.5925293 0.3303223 0.583252 0.3259277 0.5925293 0.3154297 0.583252 0.3303223 0.583252 0.3303223 0.5700684 0.3364258 0.583252 0.3259277 0.5739746 0.3303223 0.5700684 0.3303223 0.583252 0.3259277 0.5739746 0.3303223 0.583252 0.3154297 0.583252 0.3259277 0.5739746 0.3154297 0.5644531 0.3303223 0.5700684 0.3154297 0.5700684 0.3154297 0.5644531 0.3259277 0.5739746 0.3154297 0.5700684 0.3259277 0.5739746 0.3154297 0.583252 0.3154297 0.5700684 0.3005371 0.5700684 0.3154297 0.5644531 0.3049317 0.5739746 0.3005371 0.5700684 0.3154297 0.5700684 0.3049317 0.5739746 0.3154297 0.5700684 0.3154297 0.583252 0.3049317 0.5739746 0.2944336 0.583252 0.3005371 0.5700684 0.3005371 0.583252 0.3049317 0.5739746 0.3154297 0.583252 0.3005371 0.583252 0.2944336 0.583252 0.3049317 0.5739746 0.3049317 0.5925293 0.3005371 0.583252 0.3154297 0.583252 0.3005371 0.583252 0.3005371 0.5964356 0.2944336 0.583252 0.3049317 0.5925293 0.3005371 0.5964356 0.3005371 0.583252 0.1430664 0.9853134 0.1589355 0.9853134 0.147705 0.9805908 0.1430664 0.9853134 0.147705 0.9805908 0.1364746 0.9691925 0.1589355 0.9919891 0.1589355 0.9853134 0.1430664 0.9853134 0.1364746 0.9691925 0.147705 0.9805908 0.1430664 0.9691925 0.1364746 0.9691925 0.1430664 0.9691925 0.1430664 0.9530945 0.1589355 0.9919891 0.170166 0.9805908 0.1589355 0.9853134 0.1748046 0.9853134 0.170166 0.9805908 0.1589355 0.9919891 0.147705 0.9805908 0.1589355 0.9853134 0.1589355 0.9691925 0.1589355 0.9853134 0.170166 0.9805908 0.1589355 0.9691925 0.1430664 0.9691925 0.147705 0.9805908 0.1589355 0.9691925 0.1748046 0.9853134 0.1748046 0.9691925 0.170166 0.9805908 0.170166 0.9805908 0.1748046 0.9691925 0.1589355 0.9691925 0.1813964 0.9691925 0.1748046 0.9691925 0.1748046 0.9853134 0.1813964 0.9691925 0.170166 0.9577942 0.1748046 0.9691925 0.1748046 0.9691925 0.170166 0.9577942 0.1589355 0.9691925 0.1748046 0.9530945 0.170166 0.9577942 0.1813964 0.9691925 0.1748046 0.9530945 0.1589355 0.9530945 0.170166 0.9577942 0.170166 0.9577942 0.1589355 0.9530945 0.1589355 0.9691925 0.1589355 0.9464111 0.1589355 0.9530945 0.1748046 0.9530945 0.1589355 0.9530945 0.147705 0.9577942 0.1589355 0.9691925 0.1589355 0.9464111 0.147705 0.9577942 0.1589355 0.9530945 0.147705 0.9577942 0.1430664 0.9691925 0.1589355 0.9691925 0.1430664 0.9530945 0.147705 0.9577942 0.1589355 0.9464111 0.1430664 0.9530945 0.1430664 0.9691925 0.147705 0.9577942 0.3410645 0.04248046 0.3276367 0.02197265 0.3666992 0.006347656 0.3786621 0.02148437 0.3410645 0.04248046 0.3666992 0.006347656 0.3410645 0.04248046 0.3007813 0.0546875 0.3276367 0.02197265 0.3007813 0.0546875 0.2573242 0.03759765 0.3276367 0.02197265 0.3410645 0.04248046 0.3786621 0.02148437 0.3581543 0.07470703 0.3581543 0.07470703 0.3007813 0.0546875 0.3410645 0.04248046 0.3581543 0.07470703 0.3786621 0.02148437 0.3977051 0.04638671 0.3977051 0.04638671 0.4179688 0.07177734 0.3581543 0.07470703 0.3007813 0.0546875 0.2617188 0.06054687 0.2573242 0.03759765 0.2573242 0.03759765 0.2617188 0.06054687 0.2204589 0.02783203 0.3164063 0.09277343 0.3007813 0.0546875 0.3581543 0.07470703 0.3164063 0.09277343 0.2617188 0.06054687 0.3007813 0.0546875 0.3581543 0.07470703 0.4179688 0.07177734 0.3764649 0.1040039 0.4370117 0.1083984 0.3764649 0.1040039 0.4179688 0.07177734 0.2617188 0.06054687 0.2216796 0.05908203 0.2204589 0.02783203 0.2216796 0.05908203 0.185913 0.01513671 0.2204589 0.02783203 0.3764649 0.1040039 0.331543 0.1293945 0.3581543 0.07470703 0.3581543 0.07470703 0.331543 0.1293945 0.3164063 0.09277343 0.3901367 0.1391601 0.331543 0.1293945 0.3764649 0.1040039 0.3901367 0.1391601 0.3764649 0.1040039 0.4370117 0.1083984 0.2839356 0.1430664 0.3164063 0.09277343 0.331543 0.1293945 0.3901367 0.1391601 0.4370117 0.1083984 0.4042969 0.1826171 0.4042969 0.1826171 0.4370117 0.1083984 0.4494629 0.1435546 0.4494629 0.1435546 0.4616699 0.1845703 0.4042969 0.1826171 0.3413086 0.168457 0.331543 0.1293945 0.3901367 0.1391601 0.4042969 0.1826171 0.3413086 0.168457 0.3901367 0.1391601 0.2883301 0.1884765 0.331543 0.1293945 0.3413086 0.168457 0.2839356 0.1430664 0.331543 0.1293945 0.2883301 0.1884765 0.3508301 0.2192382 0.3413086 0.168457 0.4042969 0.1826171 0.3508301 0.2192382 0.2883301 0.1884765 0.3413086 0.168457 0.4042969 0.1826171 0.4616699 0.1845703 0.4150391 0.2319335 0.4616699 0.1845703 0.4682617 0.2246093 0.4150391 0.2319335 0.4150391 0.2319335 0.4682617 0.2246093 0.4206543 0.2719727 0.4150391 0.2319335 0.3566895 0.2719727 0.4042969 0.1826171 0.4150391 0.2319335 0.4206543 0.2719727 0.3566895 0.2719727 0.3566895 0.2719727 0.4206543 0.2719727 0.3613281 0.3105469 0.4042969 0.1826171 0.3566895 0.2719727 0.3508301 0.2192382 0.2954102 0.3349609 0.3566895 0.2719727 0.3613281 0.3105469 0.2954102 0.2944336 0.3508301 0.2192382 0.3566895 0.2719727 0.2954102 0.2944336 0.3566895 0.2719727 0.2954102 0.3349609 0.2937012 0.2392578 0.3508301 0.2192382 0.2954102 0.2944336 0.2937012 0.2392578 0.2883301 0.1884765 0.3508301 0.2192382 0.2954102 0.2944336 0.2954102 0.3349609 0.225708 0.2993164 0.2954102 0.2944336 0.225708 0.2993164 0.2937012 0.2392578 0.225708 0.2993164 0.2954102 0.3349609 0.224121 0.3393555 0.2883301 0.1884765 0.2937012 0.2392578 0.2318115 0.1914062 0.225708 0.2993164 0.224121 0.3393555 0.1600341 0.2958984 0.1600341 0.2958984 0.224121 0.3393555 0.1522216 0.3349609 0.2937012 0.2392578 0.225708 0.2993164 0.2312011 0.2446289 0.2318115 0.1914062 0.2937012 0.2392578 0.2312011 0.2446289 0.1600341 0.2958984 0.1694335 0.2426757 0.225708 0.2993164 0.225708 0.2993164 0.1694335 0.2426757 0.2312011 0.2446289 0.1600341 0.2958984 0.1522216 0.3349609 0.1016845 0.2817383 0.1600341 0.2958984 0.1016845 0.2817383 0.1694335 0.2426757 0.1016845 0.2817383 0.1522216 0.3349609 0.09368896 0.3193359 0.03942871 0.2929688 0.1016845 0.2817383 0.09368896 0.3193359 0.1767578 0.1899414 0.2312011 0.2446289 0.1694335 0.2426757 0.2318115 0.1914062 0.2312011 0.2446289 0.1767578 0.1899414 0.1694335 0.2426757 0.1016845 0.2817383 0.112854 0.2319335 0.1694335 0.2426757 0.1244506 0.1835937 0.1767578 0.1899414 0.112854 0.2319335 0.1244506 0.1835937 0.1694335 0.2426757 0.1767578 0.1899414 0.1822509 0.1464843 0.2318115 0.1914062 0.04748535 0.2583008 0.112854 0.2319335 0.1016845 0.2817383 0.04748535 0.2583008 0.1016845 0.2817383 0.03942871 0.2929688 0.01725769 0.2421875 0.03942871 0.2929688 0.005737304 0.2729492 0.04748535 0.2583008 0.03942871 0.2929688 0.01725769 0.2421875 0.04748535 0.2583008 0.01725769 0.2421875 0.06262207 0.2158203 0.06262207 0.2158203 0.112854 0.2319335 0.04748535 0.2583008 0.06262207 0.2158203 0.01725769 0.2421875 0.0314331 0.203125 0.04519653 0.168457 0.06262207 0.2158203 0.0314331 0.203125 0.06262207 0.2158203 0.07775878 0.1748046 0.112854 0.2319335 0.07775878 0.1748046 0.06262207 0.2158203 0.04519653 0.168457 0.112854 0.2319335 0.07775878 0.1748046 0.1244506 0.1835937 0.07775878 0.1748046 0.04519653 0.168457 0.09173583 0.133789 0.09173583 0.133789 0.04519653 0.168457 0.06057739 0.1279296 0.1244506 0.1835937 0.07775878 0.1748046 0.1368408 0.1425781 0.1368408 0.1425781 0.07775878 0.1748046 0.09173583 0.133789 0.1244506 0.1835937 0.1368408 0.1425781 0.1767578 0.1899414 0.09173583 0.133789 0.06057739 0.1279296 0.1010131 0.09326171 0.09173583 0.133789 0.1010131 0.09326171 0.1368408 0.1425781 0.1010131 0.09326171 0.06057739 0.1279296 0.07403564 0.08544921 0.1767578 0.1899414 0.1368408 0.1425781 0.1822509 0.1464843 0.1010131 0.09326171 0.07403564 0.08544921 0.125122 0.07470703 0.125122 0.07470703 0.07403564 0.08544921 0.1174926 0.06689453 0.08764648 0.03271484 0.1174926 0.06689453 0.07403564 0.08544921 0.104309 0.03955078 0.1174926 0.06689453 0.08764648 0.03271484 0.125122 0.07470703 0.1427001 0.1005859 0.1010131 0.09326171 0.1368408 0.1425781 0.1010131 0.09326171 0.1427001 0.1005859 0.1405029 0.08203125 0.1427001 0.1005859 0.125122 0.07470703 0.1829833 0.1049804 0.1368408 0.1425781 0.1427001 0.1005859 0.1405029 0.08203125 0.1829833 0.1049804 0.1427001 0.1005859 0.1822509 0.1464843 0.1368408 0.1425781 0.1829833 0.1049804 0.1530761 0.07080078 0.1829833 0.1049804 0.1405029 0.08203125 0.1822509 0.1464843 0.1829833 0.1049804 0.2319335 0.1469726 0.2318115 0.1914062 0.1822509 0.1464843 0.2319335 0.1469726 0.2319335 0.1469726 0.2883301 0.1884765 0.2318115 0.1914062 0.2839356 0.1430664 0.2883301 0.1884765 0.2319335 0.1469726 0.1842041 0.05175781 0.1829833 0.1049804 0.1530761 0.07080078 0.1530761 0.07080078 0.1556396 0.05859375 0.1842041 0.05175781 0.2319335 0.1469726 0.1829833 0.1049804 0.2266845 0.1069335 0.1842041 0.05175781 0.2266845 0.1069335 0.1829833 0.1049804 0.1555175 0.02490234 0.1613769 0.01464843 0.1556396 0.05859375 0.1556396 0.05859375 0.1613769 0.01464843 0.185913 0.01513671 0.1842041 0.05175781 0.1556396 0.05859375 0.185913 0.01513671 0.1842041 0.05175781 0.185913 0.01513671 0.2216796 0.05908203 0.2216796 0.05908203 0.2266845 0.1069335 0.1842041 0.05175781 0.2216796 0.05908203 0.2736817 0.1030273 0.2266845 0.1069335 0.2736817 0.1030273 0.2319335 0.1469726 0.2266845 0.1069335 0.2617188 0.06054687 0.2736817 0.1030273 0.2216796 0.05908203 0.2839356 0.1430664 0.2319335 0.1469726 0.2736817 0.1030273 0.2736817 0.1030273 0.2617188 0.06054687 0.3164063 0.09277343 0.2736817 0.1030273 0.3164063 0.09277343 0.2839356 0.1430664 0.9926758 0.0234375 0.9594727 0.003417968 0.9926758 0.003417968 0.9594727 0.0234375 0.9594727 0.003417968 0.9926758 0.0234375 0.9926758 0.06347656 0.9594727 0.0234375 0.9926758 0.0234375 0.9594727 0.06347656 0.9594727 0.0234375 0.9926758 0.06347656 0.9926758 0.1098632 0.9594727 0.06347656 0.9926758 0.06347656 0.9594727 0.1098632 0.9594727 0.06347656 0.9926758 0.1098632 0.9926758 0.1611328 0.9594727 0.1098632 0.9926758 0.1098632 0.9594727 0.1611328 0.9594727 0.1098632 0.9926758 0.1611328 0.9926758 0.2163085 0.9594727 0.1611328 0.9926758 0.1611328 0.9594727 0.2163085 0.9594727 0.1611328 0.9926758 0.2163085 0.9926758 0.2705078 0.9594727 0.2163085 0.9926758 0.2163085 0.9594727 0.2705078 0.9594727 0.2163085 0.9926758 0.2705078 0.9926758 0.2924805 0.9594727 0.2705078 0.9926758 0.2705078 0.9594727 0.2924805 0.9594727 0.2705078 0.9926758 0.2924805 0.6948242 0.784668 0.7294922 0.7607422 0.7294922 0.784668 0.6948242 0.7607422 0.7294922 0.7607422 0.6948242 0.784668 0.6640625 0.784668 0.6948242 0.7607422 0.6948242 0.784668 0.6640625 0.7607422 0.6948242 0.7607422 0.6640625 0.784668 0.6318359 0.784668 0.6640625 0.7607422 0.6640625 0.784668 0.6318359 0.7607422 0.6640625 0.7607422 0.6318359 0.784668 0.5952149 0.784668 0.6318359 0.7607422 0.6318359 0.784668 0.5952149 0.7607422 0.6318359 0.7607422 0.5952149 0.784668 0.559082 0.784668 0.5952149 0.7607422 0.5952149 0.784668 0.559082 0.7607422 0.5952149 0.7607422 0.559082 0.784668 0.5273438 0.784668 0.559082 0.7607422 0.559082 0.784668 0.527832 0.7607422 0.559082 0.7607422 0.5273438 0.784668 0.4992676 0.784668 0.527832 0.7607422 0.5273438 0.784668 0.4995117 0.7607422 0.527832 0.7607422 0.4992676 0.784668 0.4680176 0.784668 0.4995117 0.7607422 0.4992676 0.784668 0.4682617 0.7607422 0.4995117 0.7607422 0.4680176 0.784668 0.9458008 0.5483399 0.9902344 0.565918 0.9643555 0.565918 0.9902344 0.5483399 0.9902344 0.565918 0.9458008 0.5483399 0.9643555 0.565918 0.9458008 0.5839844 0.9458008 0.565918 0.9458008 0.5483399 0.9643555 0.565918 0.9458008 0.565918 0.9902344 0.5075684 0.9902344 0.5483399 0.9458008 0.5483399 0.9458008 0.5065918 0.9902344 0.5075684 0.9458008 0.5483399 0.9458008 0.4814453 0.9902344 0.5075684 0.9458008 0.5065918 0.9902344 0.4599609 0.9902344 0.5075684 0.9458008 0.4814453 0.9902344 0.4125977 0.9902344 0.4599609 0.9458008 0.4814453 0.9458008 0.4321289 0.9902344 0.4125977 0.9458008 0.4814453 0.9902344 0.4125977 0.9458008 0.4321289 0.9458008 0.3867188 0.9902344 0.3632813 0.9902344 0.4125977 0.9458008 0.3867188 0.9458008 0.3457031 0.9902344 0.3632813 0.9458008 0.3867188 0.9902344 0.3305664 0.9902344 0.3632813 0.9458008 0.3457031 0.9458008 0.3305664 0.9902344 0.3305664 0.9458008 0.3457031 0.9902344 0.3100586 0.9902344 0.3305664 0.9458008 0.3305664 0.9458008 0.3305664 0.9458008 0.3051758 0.9902344 0.3100586 0.8964844 0.7136231 0.9257813 0.7373047 0.8964844 0.7373047 0.9257813 0.7136231 0.9257813 0.7373047 0.8964844 0.7136231 0.8964844 0.6665039 0.9257813 0.7136231 0.8964844 0.7136231 0.9257813 0.6665039 0.9257813 0.7136231 0.8964844 0.6665039 0.8964844 0.6201172 0.9257813 0.6665039 0.8964844 0.6665039 0.9257813 0.6201172 0.9257813 0.6665039 0.8964844 0.6201172 0.8964844 0.5415039 0.9257813 0.6201172 0.8964844 0.6201172 0.9257813 0.5415039 0.9257813 0.6201172 0.8964844 0.5415039 0.8974609 0.519043 0.9257813 0.5415039 0.8964844 0.5415039 0.9257813 0.5178223 0.9257813 0.5415039 0.8974609 0.519043 0.8964844 0.7373047 0.9257813 0.7524414 0.8964844 0.7524414 0.9257813 0.7373047 0.9257813 0.7524414 0.8964844 0.7373047 0.4792481 0.8276367 0.5068359 0.8336182 0.4868164 0.8519287 0.4792481 0.8276367 0.4868164 0.8519287 0.4560547 0.8436279 0.5068359 0.8336182 0.4792481 0.8276367 0.5009766 0.8094483 0.4467774 0.8238525 0.4792481 0.8276367 0.4560547 0.8436279 0.5009766 0.8094483 0.4792481 0.8276367 0.4836426 0.7966309 0.4467774 0.8238525 0.4484863 0.8040772 0.4792481 0.8276367 0.4672852 0.7935791 0.4836426 0.7966309 0.4792481 0.8276367 0.4792481 0.8276367 0.4484863 0.8040772 0.4560547 0.796875 0.4560547 0.796875 0.4672852 0.7935791 0.4792481 0.8276367 0.2546387 0.8001709 0.2834473 0.8145752 0.2644043 0.8145752 0.282959 0.8001709 0.2834473 0.8145752 0.2546387 0.8001709 0.2471923 0.8145752 0.2546387 0.8001709 0.2644043 0.8145752 0.2546387 0.8001709 0.2471923 0.8145752 0.239624 0.8001709 0.239624 0.8001709 0.2471923 0.8145752 0.2247314 0.8145752 0.2246093 0.8001709 0.239624 0.8001709 0.2247314 0.8145752 0.2246093 0.8001709 0.2247314 0.8145752 0.2077636 0.8001709 0.2247314 0.8145752 0.2001953 0.8145752 0.2077636 0.8001709 0.2001953 0.8145752 0.1909179 0.8001709 0.2077636 0.8001709 0.1909179 0.8001709 0.2001953 0.8145752 0.1799316 0.8145752 0.1799316 0.8145752 0.1606445 0.8145752 0.1909179 0.8001709 0.1909179 0.8001709 0.1606445 0.8145752 0.1612548 0.7994385 0.2834473 0.8145752 0.2473144 0.8812256 0.2644043 0.8145752 0.2644043 0.8145752 0.2473144 0.8812256 0.2471923 0.8145752 0.2685547 0.8812256 0.2473144 0.8812256 0.2834473 0.8145752 0.2473144 0.8812256 0.2247314 0.8812256 0.2471923 0.8145752 0.2247314 0.8812256 0.2247314 0.8145752 0.2471923 0.8145752 0.2473144 0.8812256 0.2685547 0.8812256 0.2440185 0.895752 0.2473144 0.8812256 0.2440185 0.895752 0.2247314 0.8812256 0.2440185 0.895752 0.2685547 0.8812256 0.2636719 0.895752 0.2247314 0.8145752 0.2247314 0.8812256 0.2001953 0.8145752 0.2636719 0.895752 0.2247314 0.9343872 0.2440185 0.895752 0.1999511 0.8812256 0.2001953 0.8145752 0.2247314 0.8812256 0.2001953 0.8145752 0.1999511 0.8812256 0.1799316 0.8145752 0.2247314 0.8812256 0.2440185 0.895752 0.2247314 0.895752 0.2247314 0.9343872 0.2247314 0.895752 0.2440185 0.895752 0.1999511 0.8812256 0.1795654 0.8812256 0.1799316 0.8145752 0.1799316 0.8145752 0.1795654 0.8812256 0.1606445 0.8145752 0.1999511 0.8812256 0.2247314 0.8812256 0.2064208 0.895752 0.1999511 0.8812256 0.2064208 0.895752 0.1795654 0.8812256 0.2064208 0.895752 0.2247314 0.8812256 0.2247314 0.895752 0.1795654 0.8812256 0.2064208 0.895752 0.1883544 0.895752 0.2247314 0.895752 0.2247314 0.9343872 0.2064208 0.895752 0.2064208 0.895752 0.2247314 0.9343872 0.1883544 0.895752 0.6254883 0.5783692 0.6064453 0.6086426 0.6064453 0.5783692 0.6254883 0.6086426 0.6064453 0.6086426 0.6254883 0.5783692 0.6586914 0.5783692 0.6254883 0.6086426 0.6254883 0.5783692 0.6586914 0.6086426 0.6254883 0.6086426 0.6586914 0.5783692 0.6967774 0.5783692 0.6586914 0.6086426 0.6586914 0.5783692 0.6967774 0.6086426 0.6586914 0.6086426 0.6967774 0.5783692 0.7416992 0.5783692 0.6967774 0.6086426 0.6967774 0.5783692 0.7416992 0.6086426 0.6967774 0.6086426 0.7416992 0.5783692 0.7875977 0.5783692 0.7416992 0.6086426 0.7416992 0.5783692 0.7875977 0.6086426 0.7416992 0.6086426 0.7875977 0.5783692 0.8291016 0.5783692 0.7875977 0.6086426 0.7875977 0.5783692 0.8291016 0.6086426 0.7875977 0.6086426 0.8291016 0.5783692 0.8696289 0.5783692 0.8291016 0.6086426 0.8291016 0.5783692 0.8696289 0.6086426 0.8291016 0.6086426 0.8696289 0.5783692 0.8696289 0.5783692 0.8862305 0.5783692 0.8696289 0.6086426 0.8696289 0.6086426 0.8862305 0.5783692 0.8862305 0.6079102 0.01939392 0.7080078 0.01237487 0.6499024 0.01905822 0.6518555 0.01255035 0.7067871 0.01237487 0.6499024 0.01939392 0.7080078 0.01939392 0.7080078 0.01905822 0.6518555 0.03775024 0.7114258 0.03775024 0.7114258 0.01905822 0.6518555 0.03839111 0.6567383 0.1375732 0.763794 0.1113891 0.7414551 0.1357421 0.739502 0.1140136 0.763794 0.1113891 0.7414551 0.1375732 0.763794 0.1357421 0.739502 0.1113891 0.7414551 0.1276855 0.7075195 0.1113891 0.7414551 0.1046752 0.7226563 0.1276855 0.7075195 0.1276855 0.7075195 0.1046752 0.7226563 0.1217041 0.6914063 0.1046752 0.7226563 0.0717163 0.6762695 0.1217041 0.6914063 0.1217041 0.6914063 0.0717163 0.6762695 0.1071166 0.6699219 0.1071166 0.6699219 0.0717163 0.6762695 0.08660888 0.6547852 0.0717163 0.6762695 0.03839111 0.6567383 0.08660888 0.6547852 0.08660888 0.6547852 0.03839111 0.6567383 0.06921386 0.6447754 0.06921386 0.6447754 0.03839111 0.6567383 0.04898071 0.6342774 0.1140136 0.763794 0.08953857 0.763794 0.1113891 0.7414551 0.1113891 0.7414551 0.08953857 0.763794 0.1046752 0.7226563 0.1046752 0.7226563 0.08953857 0.763794 0.0717163 0.6762695 0.06066894 0.763794 0.0717163 0.6762695 0.08953857 0.763794 0.05178833 0.7199707 0.0717163 0.6762695 0.06066894 0.763794 0.05178833 0.7199707 0.03839111 0.6567383 0.0717163 0.6762695 0.03775024 0.7114258 0.03839111 0.6567383 0.05178833 0.7199707 0.9902344 0.3100586 0.9458008 0.3051758 0.9907227 0.3022461 0.7631836 0.4350586 0.7207031 0.2602539 0.7207031 0.4404297 0.7631836 0.2602539 0.7207031 0.2602539 0.7631836 0.4350586 0.8139649 0.4189453 0.7631836 0.2602539 0.7631836 0.4350586 0.8134766 0.2602539 0.7631836 0.2602539 0.8139649 0.4189453 0.8442383 0.4038086 0.8134766 0.2602539 0.8139649 0.4189453 0.859375 0.2602539 0.8134766 0.2602539 0.8442383 0.4038086 0.8813477 0.3686524 0.859375 0.2602539 0.8442383 0.4038086 0.8901367 0.2602539 0.859375 0.2602539 0.8813477 0.3686524 0.909668 0.3305664 0.8901367 0.2602539 0.8813477 0.3686524 0.9199219 0.2602539 0.8901367 0.2602539 0.909668 0.3305664 0.9316406 0.2827149 0.9199219 0.2602539 0.909668 0.3305664 0.940918 0.2602539 0.9199219 0.2602539 0.9316406 0.2827149 0.8862305 0.5783692 0.8862305 0.6079102 0.8862305 0.6079102 0.8862305 0.5783692 0.8862305 0.6079102 0.8862305 0.5783692 0.7631836 0.2602539 0.7207031 0.243164 0.7207031 0.2602539 0.7631836 0.243164 0.7207031 0.243164 0.7631836 0.2602539 0.8134766 0.2602539 0.7631836 0.243164 0.7631836 0.2602539 0.7631836 0.243164 0.7207031 0.2226562 0.7207031 0.243164 0.8139649 0.243164 0.7631836 0.243164 0.8134766 0.2602539 0.7631836 0.2226562 0.7207031 0.2226562 0.7631836 0.243164 0.8139649 0.243164 0.7631836 0.2226562 0.7631836 0.243164 0.8203125 0.2226562 0.7631836 0.2226562 0.8139649 0.243164 0.8862305 0.5783692 0.8862305 0.5783692 0.8862305 0.6079102 0.009719848 0.5844727 0.03549194 0.6184082 0.007144927 0.605957 0.04171752 0.5944824 0.03549194 0.6184082 0.009719848 0.5844727 0.01860046 0.5671387 0.04171752 0.5944824 0.009719848 0.5844727 0.03549194 0.6184082 0.04171752 0.5944824 0.1148071 0.6381836 0.04031372 0.5671387 0.04171752 0.5944824 0.01860046 0.5671387 0.1148071 0.6381836 0.04171752 0.5944824 0.1210327 0.6118164 0.04171752 0.5944824 0.04031372 0.5671387 0.1210327 0.6118164 0.1210327 0.6118164 0.2203369 0.6381836 0.1148071 0.6381836 0.1210327 0.6118164 0.04031372 0.5671387 0.1577148 0.5639649 0.2137451 0.6108399 0.2203369 0.6381836 0.1210327 0.6118164 0.1577148 0.5639649 0.2137451 0.6108399 0.1210327 0.6118164 0.2137451 0.6108399 0.2924805 0.6210938 0.2203369 0.6381836 0.2810059 0.5952149 0.2924805 0.6210938 0.2137451 0.6108399 0.1577148 0.5639649 0.2583008 0.5742188 0.2137451 0.6108399 0.2841797 0.5544434 0.2583008 0.5742188 0.1577148 0.5639649 0.2832031 0.5498047 0.2841797 0.5544434 0.1577148 0.5639649 0.7978516 0.550293 0.8061524 0.5397949 0.8120117 0.5441895 0.7929688 0.5454102 0.8061524 0.5397949 0.7978516 0.550293 0.8061524 0.5397949 0.8261719 0.5319824 0.8120117 0.5441895 0.8120117 0.5441895 0.8261719 0.5319824 0.8325195 0.5361328 0.8261719 0.5319824 0.8427734 0.5246582 0.8325195 0.5361328 0.8325195 0.5361328 0.8427734 0.5246582 0.8481445 0.5285645 0.8427734 0.5246582 0.8691406 0.5070801 0.8481445 0.5285645 0.8481445 0.5285645 0.8691406 0.5070801 0.8759766 0.5114746 0.7929688 0.5454102 0.7744141 0.5310059 0.8061524 0.5397949 0.8061524 0.5397949 0.7744141 0.5310059 0.8261719 0.5319824 0.7744141 0.5310059 0.8427734 0.5246582 0.8261719 0.5319824 0.8222656 0.5158692 0.8427734 0.5246582 0.7744141 0.5310059 0.7744141 0.5310059 0.7983399 0.5073242 0.8222656 0.5158692 0.7714844 0.4995117 0.7983399 0.5073242 0.7744141 0.5310059 0.7597656 0.5463867 0.7744141 0.5310059 0.7929688 0.5454102 0.7714844 0.4995117 0.7744141 0.5310059 0.7421875 0.4936524 0.7744141 0.5310059 0.7597656 0.5463867 0.7055664 0.5300293 0.7421875 0.4936524 0.7744141 0.5310059 0.7055664 0.5300293 0.7182617 0.4897461 0.7421875 0.4936524 0.7055664 0.5300293 0.7182617 0.4897461 0.7055664 0.5300293 0.6943359 0.487793 0.7055664 0.5300293 0.7597656 0.5463867 0.6889649 0.548584 0.6943359 0.487793 0.7055664 0.5300293 0.6484375 0.5292969 0.7055664 0.5300293 0.6889649 0.548584 0.6484375 0.5292969 0.6484375 0.5292969 0.6889649 0.548584 0.6176758 0.5598145 0.8222656 0.5158692 0.7983399 0.5073242 0.8227539 0.4790039 0.7983399 0.5073242 0.7714844 0.4995117 0.8227539 0.4790039 0.8222656 0.5158692 0.8227539 0.4790039 0.8476563 0.4931641 0.8222656 0.5158692 0.8476563 0.4931641 0.8691406 0.5070801 0.8427734 0.5246582 0.8222656 0.5158692 0.8691406 0.5070801 0.7714844 0.4995117 0.7958984 0.46875 0.8227539 0.4790039 0.7714844 0.4995117 0.7592774 0.4599609 0.7958984 0.46875 0.7714844 0.4995117 0.7421875 0.4936524 0.7592774 0.4599609 0.7421875 0.4936524 0.7182617 0.4897461 0.7592774 0.4599609 0.7182617 0.4897461 0.7275391 0.4536133 0.7592774 0.4599609 0.7182617 0.4897461 0.6943359 0.4501953 0.7275391 0.4536133 0.7182617 0.4897461 0.6943359 0.487793 0.6943359 0.4501953 0.6176758 0.5598145 0.5551758 0.5568848 0.6484375 0.5292969 0.5551758 0.5568848 0.6484375 0.4848633 0.6484375 0.5292969 0.6484375 0.5292969 0.6484375 0.4848633 0.6943359 0.487793 0.6943359 0.487793 0.6484375 0.4536133 0.6943359 0.4501953 0.6484375 0.4848633 0.6484375 0.4536133 0.6943359 0.487793 0.4777832 0.7487793 0.6367188 0.692627 0.6337891 0.7175293 0.4482422 0.6845703 0.6367188 0.692627 0.4777832 0.7487793 0.5224609 0.5361328 0.5561524 0.550293 0.5551758 0.5568848 0.5561524 0.550293 0.6430664 0.4838867 0.5551758 0.5568848 0.53125 0.534668 0.5561524 0.550293 0.5224609 0.5361328 0.5551758 0.5568848 0.6430664 0.4838867 0.6484375 0.4848633 0.6484375 0.4536133 0.53125 0.534668 0.5224609 0.5361328 0.6430664 0.4838867 0.6420899 0.4619141 0.6484375 0.4848633 0.6420899 0.4619141 0.53125 0.534668 0.6484375 0.4536133 0.6484375 0.4848633 0.6420899 0.4619141 0.6484375 0.4536133 0.53125 0.534668 0.5576172 0.5358887 0.5561524 0.550293 0.5527344 0.5314942 0.5576172 0.5358887 0.53125 0.534668 0.6420899 0.4619141 0.5527344 0.5314942 0.53125 0.534668 0.6274414 0.4794922 0.5527344 0.5314942 0.6420899 0.4619141 0.6430664 0.4838867 0.6274414 0.4794922 0.6420899 0.4619141 0.628418 0.4853516 0.6274414 0.4794922 0.6430664 0.4838867 0.5561524 0.550293 0.628418 0.4853516 0.6430664 0.4838867 0.5576172 0.5358887 0.628418 0.4853516 0.5561524 0.550293 0.1577148 0.5639649 0.1311035 0.5302734 0.2832031 0.5498047 0.2832031 0.5498047 0.1311035 0.5302734 0.1743164 0.4760742 0.1311035 0.5302734 0.1368408 0.4765625 0.1743164 0.4760742 0.1311035 0.5302734 0.1110229 0.4829102 0.1368408 0.4765625 0.08996582 0.4907227 0.1110229 0.4829102 0.1311035 0.5302734 0.1577148 0.5639649 0.04031372 0.5671387 0.1311035 0.5302734 0.08996582 0.4907227 0.1311035 0.5302734 0.08093261 0.5402832 0.1311035 0.5302734 0.04031372 0.5671387 0.08093261 0.5402832 0.06051635 0.5026856 0.08996582 0.4907227 0.08093261 0.5402832 0.03631591 0.5163574 0.06051635 0.5026856 0.08093261 0.5402832 0.04031372 0.5671387 0.03204345 0.5461426 0.08093261 0.5402832 0.03631591 0.5163574 0.08093261 0.5402832 0.03204345 0.5461426 0.04031372 0.5671387 0.00408554 0.5517578 0.03204345 0.5461426 0.00408554 0.5517578 0.03631591 0.5163574 0.03204345 0.5461426 0.01849365 0.5332031 0.03631591 0.5163574 0.00408554 0.5517578 0.008895874 0.5593262 0.00408554 0.5517578 0.04031372 0.5671387 0.7929688 0.5454102 0.7597656 0.5512695 0.7597656 0.5463867 0.7978516 0.550293 0.7597656 0.5512695 0.7929688 0.5454102 0.6899414 0.5534668 0.7597656 0.5463867 0.7597656 0.5512695 0.6889649 0.548584 0.7597656 0.5463867 0.6899414 0.5534668 0.6171875 0.5649414 0.6889649 0.548584 0.6899414 0.5534668 0.6176758 0.5598145 0.6889649 0.548584 0.6171875 0.5649414 0.6176758 0.5598145 0.6171875 0.5649414 0.5551758 0.5568848 0.4868164 0.8519287 0.4494629 0.8649902 0.4560547 0.8436279 0.6635742 0.6638184 0.7436524 0.6242676 0.7158203 0.6875 0.7158203 0.6875 0.7436524 0.6242676 0.7749024 0.6877442 0.6538086 0.6452637 0.7436524 0.6242676 0.6635742 0.6638184 0.6635742 0.6638184 0.6254883 0.6496582 0.6538086 0.6452637 0.7436524 0.6242676 0.8344727 0.6230469 0.7749024 0.6877442 0.7749024 0.6877442 0.8344727 0.6230469 0.8266602 0.668457 0.8344727 0.6230469 0.871582 0.6230469 0.8266602 0.668457 0.8964844 0.7373047 0.8964844 0.7136231 0.8964844 0.7373047 0.5068359 0.8336182 0.5136719 0.8393555 0.4868164 0.8519287 0.5068359 0.8336182 0.5932617 0.8651123 0.5136719 0.8393555 0.5258789 0.8156738 0.5932617 0.8651123 0.5068359 0.8336182 0.2583008 0.5742188 0.2810059 0.5952149 0.2137451 0.6108399 -0.6723633 0.02197265 -0.6591797 0.04248046 -0.6333008 0.006347656 -0.6591797 0.04248046 -0.6210938 0.02148437 -0.6333008 0.006347656 -0.6992188 0.0546875 -0.6591797 0.04248046 -0.6723633 0.02197265 -0.7426758 0.03759765 -0.6992188 0.0546875 -0.6723633 0.02197265 -0.6591797 0.04248046 -0.6420899 0.07470703 -0.6210938 0.02148437 -0.6992188 0.0546875 -0.6420899 0.07470703 -0.6591797 0.04248046 -0.6210938 0.02148437 -0.6420899 0.07470703 -0.6025391 0.04638671 -0.6025391 0.04638671 -0.6420899 0.07470703 -0.5820313 0.07177734 -0.7382813 0.06054687 -0.6992188 0.0546875 -0.7426758 0.03759765 -0.7382813 0.06054687 -0.7426758 0.03759765 -0.7797852 0.02783203 -0.5820313 0.07177734 -0.6420899 0.07470703 -0.6235352 0.1040039 -0.6235352 0.1040039 -0.5629883 0.1083984 -0.5820313 0.07177734 -0.6835938 0.09277343 -0.6420899 0.07470703 -0.6992188 0.0546875 -0.7382813 0.06054687 -0.6835938 0.09277343 -0.6992188 0.0546875 -0.6235352 0.1040039 -0.6420899 0.07470703 -0.668457 0.1293945 -0.668457 0.1293945 -0.6420899 0.07470703 -0.6835938 0.09277343 -0.6098633 0.1391601 -0.5629883 0.1083984 -0.6235352 0.1040039 -0.668457 0.1293945 -0.6098633 0.1391601 -0.6235352 0.1040039 -0.6098633 0.1391601 -0.5957031 0.1826171 -0.5629883 0.1083984 -0.5629883 0.1083984 -0.5957031 0.1826171 -0.550293 0.1435546 -0.550293 0.1435546 -0.5957031 0.1826171 -0.5380859 0.1845703 -0.6586914 0.168457 -0.6098633 0.1391601 -0.668457 0.1293945 -0.6586914 0.168457 -0.5957031 0.1826171 -0.6098633 0.1391601 -0.5380859 0.1845703 -0.5957031 0.1826171 -0.5849609 0.2319335 -0.5380859 0.1845703 -0.5849609 0.2319335 -0.5317383 0.2246093 -0.5317383 0.2246093 -0.5849609 0.2319335 -0.5791016 0.2719727 -0.5849609 0.2319335 -0.6430664 0.2719727 -0.5791016 0.2719727 -0.5849609 0.2319335 -0.5957031 0.1826171 -0.6430664 0.2719727 -0.5791016 0.2719727 -0.6430664 0.2719727 -0.6386719 0.3105469 -0.6430664 0.2719727 -0.7045899 0.3349609 -0.6386719 0.3105469 -0.6430664 0.2719727 -0.5957031 0.1826171 -0.6494141 0.2192382 -0.6494141 0.2192382 -0.5957031 0.1826171 -0.6586914 0.168457 -0.7045899 0.2944336 -0.7045899 0.3349609 -0.6430664 0.2719727 -0.6494141 0.2192382 -0.7045899 0.2944336 -0.6430664 0.2719727 -0.7045899 0.2944336 -0.7744141 0.2993164 -0.7045899 0.3349609 -0.7045899 0.3349609 -0.7744141 0.2993164 -0.7758789 0.3393555 -0.7060547 0.2392578 -0.7045899 0.2944336 -0.6494141 0.2192382 -0.7045899 0.2944336 -0.7060547 0.2392578 -0.7744141 0.2993164 -0.7119141 0.1884765 -0.6494141 0.2192382 -0.6586914 0.168457 -0.7060547 0.2392578 -0.6494141 0.2192382 -0.7119141 0.1884765 -0.668457 0.1293945 -0.7119141 0.1884765 -0.6586914 0.168457 -0.7744141 0.2993164 -0.8398438 0.2958984 -0.7758789 0.3393555 -0.7758789 0.3393555 -0.8398438 0.2958984 -0.8476563 0.3349609 -0.7158203 0.1430664 -0.7119141 0.1884765 -0.668457 0.1293945 -0.6835938 0.09277343 -0.7158203 0.1430664 -0.668457 0.1293945 -0.8398438 0.2958984 -0.8984375 0.2817383 -0.8476563 0.3349609 -0.8476563 0.3349609 -0.8984375 0.2817383 -0.90625 0.3193359 -0.8984375 0.2817383 -0.9604492 0.2929688 -0.90625 0.3193359 -0.7265625 0.1030273 -0.7158203 0.1430664 -0.6835938 0.09277343 -0.7265625 0.1030273 -0.6835938 0.09277343 -0.7382813 0.06054687 -0.9604492 0.2929688 -0.9829102 0.2421875 -0.9941406 0.2729492 -0.7382813 0.06054687 -0.7783203 0.05908203 -0.7265625 0.1030273 -0.7783203 0.05908203 -0.7382813 0.06054687 -0.7797852 0.02783203 -0.8139649 0.01513671 -0.7783203 0.05908203 -0.7797852 0.02783203 -0.9526367 0.2583008 -0.9829102 0.2421875 -0.9604492 0.2929688 -0.9526367 0.2583008 -0.9604492 0.2929688 -0.8984375 0.2817383 -0.9526367 0.2583008 -0.9375 0.2158203 -0.9829102 0.2421875 -0.9829102 0.2421875 -0.9375 0.2158203 -0.96875 0.203125 -0.9375 0.2158203 -0.9545899 0.168457 -0.96875 0.203125 -0.887207 0.2319335 -0.9526367 0.2583008 -0.8984375 0.2817383 -0.9375 0.2158203 -0.9526367 0.2583008 -0.887207 0.2319335 -0.9223633 0.1748046 -0.9545899 0.168457 -0.9375 0.2158203 -0.9375 0.2158203 -0.887207 0.2319335 -0.9223633 0.1748046 -0.9223633 0.1748046 -0.9082031 0.133789 -0.9545899 0.168457 -0.9545899 0.168457 -0.9082031 0.133789 -0.9394531 0.1279296 -0.9223633 0.1748046 -0.887207 0.2319335 -0.8754883 0.1835937 -0.9082031 0.133789 -0.8989258 0.09326171 -0.9394531 0.1279296 -0.9394531 0.1279296 -0.8989258 0.09326171 -0.9257813 0.08544921 -0.9223633 0.1748046 -0.8632813 0.1425781 -0.9082031 0.133789 -0.9082031 0.133789 -0.8632813 0.1425781 -0.8989258 0.09326171 -0.8754883 0.1835937 -0.8632813 0.1425781 -0.9223633 0.1748046 -0.8989258 0.09326171 -0.875 0.07470703 -0.9257813 0.08544921 -0.9257813 0.08544921 -0.875 0.07470703 -0.8823242 0.06689453 -0.8823242 0.06689453 -0.9121094 0.03271484 -0.9257813 0.08544921 -0.8823242 0.06689453 -0.8955078 0.03955078 -0.9121094 0.03271484 -0.8574219 0.1005859 -0.875 0.07470703 -0.8989258 0.09326171 -0.859375 0.08203125 -0.875 0.07470703 -0.8574219 0.1005859 -0.8989258 0.09326171 -0.8632813 0.1425781 -0.8574219 0.1005859 -0.8168945 0.1049804 -0.859375 0.08203125 -0.8574219 0.1005859 -0.8632813 0.1425781 -0.8168945 0.1049804 -0.8574219 0.1005859 -0.8466797 0.07080078 -0.859375 0.08203125 -0.8168945 0.1049804 -0.8178711 0.1464843 -0.8168945 0.1049804 -0.8632813 0.1425781 -0.8168945 0.1049804 -0.815918 0.05175781 -0.8466797 0.07080078 -0.8442383 0.05859375 -0.8466797 0.07080078 -0.815918 0.05175781 -0.8442383 0.02490234 -0.8442383 0.05859375 -0.8383789 0.01464843 -0.8383789 0.01464843 -0.8442383 0.05859375 -0.8139649 0.01513671 -0.8442383 0.05859375 -0.815918 0.05175781 -0.8139649 0.01513671 -0.815918 0.05175781 -0.7783203 0.05908203 -0.8139649 0.01513671 -0.7783203 0.05908203 -0.815918 0.05175781 -0.7734375 0.1069335 -0.7734375 0.1069335 -0.815918 0.05175781 -0.8168945 0.1049804 -0.7265625 0.1030273 -0.7783203 0.05908203 -0.7734375 0.1069335 -0.8168945 0.1049804 -0.7680664 0.1469726 -0.7734375 0.1069335 -0.7680664 0.1469726 -0.7265625 0.1030273 -0.7734375 0.1069335 -0.7158203 0.1430664 -0.7265625 0.1030273 -0.7680664 0.1469726 -0.8178711 0.1464843 -0.7680664 0.1469726 -0.8168945 0.1049804 -0.7158203 0.1430664 -0.7680664 0.1469726 -0.7119141 0.1884765 -0.7119141 0.1884765 -0.7680664 0.1469726 -0.7680664 0.1914062 -0.8178711 0.1464843 -0.7680664 0.1914062 -0.7680664 0.1469726 -0.7119141 0.1884765 -0.7680664 0.1914062 -0.7060547 0.2392578 -0.8232422 0.1899414 -0.7680664 0.1914062 -0.8178711 0.1464843 -0.8632813 0.1425781 -0.8232422 0.1899414 -0.8178711 0.1464843 -0.7060547 0.2392578 -0.7680664 0.1914062 -0.7685547 0.2446289 -0.7680664 0.1914062 -0.8232422 0.1899414 -0.7685547 0.2446289 -0.7744141 0.2993164 -0.7060547 0.2392578 -0.7685547 0.2446289 -0.8754883 0.1835937 -0.8232422 0.1899414 -0.8632813 0.1425781 -0.8305664 0.2426757 -0.7744141 0.2993164 -0.7685547 0.2446289 -0.7685547 0.2446289 -0.8232422 0.1899414 -0.8305664 0.2426757 -0.8754883 0.1835937 -0.8305664 0.2426757 -0.8232422 0.1899414 -0.8398438 0.2958984 -0.7744141 0.2993164 -0.8305664 0.2426757 -0.887207 0.2319335 -0.8305664 0.2426757 -0.8754883 0.1835937 -0.8398438 0.2958984 -0.8305664 0.2426757 -0.8984375 0.2817383 -0.8984375 0.2817383 -0.8305664 0.2426757 -0.887207 0.2319335 -0.04031372 0.003417968 -0.007266998 0.0234375 -0.007266998 0.003417968 -0.04031372 0.0234375 -0.007266998 0.0234375 -0.04031372 0.003417968 -0.04031372 0.0234375 -0.007266998 0.06347656 -0.007266998 0.0234375 -0.04031372 0.06347656 -0.007266998 0.06347656 -0.04031372 0.0234375 -0.04031372 0.06347656 -0.007266998 0.1098632 -0.007266998 0.06347656 -0.04031372 0.1098632 -0.007266998 0.1098632 -0.04031372 0.06347656 -0.04031372 0.1098632 -0.007266998 0.1611328 -0.007266998 0.1098632 -0.04031372 0.1611328 -0.007266998 0.1611328 -0.04031372 0.1098632 -0.04031372 0.1611328 -0.007266998 0.2163085 -0.007266998 0.1611328 -0.04031372 0.2163085 -0.007266998 0.2163085 -0.04031372 0.1611328 -0.04031372 0.2163085 -0.007266998 0.2705078 -0.007266998 0.2163085 -0.04031372 0.2705078 -0.007266998 0.2705078 -0.04031372 0.2163085 -0.04031372 0.2705078 -0.007266998 0.2924805 -0.007266998 0.2705078 -0.04031372 0.2924805 -0.007266998 0.2924805 -0.04031372 0.2705078 -0.270752 0.7607422 -0.3051758 0.784668 -0.270752 0.784668 -0.3051758 0.7607422 -0.3051758 0.784668 -0.270752 0.7607422 -0.3051758 0.7607422 -0.3359375 0.784668 -0.3051758 0.784668 -0.3359375 0.7607422 -0.3359375 0.784668 -0.3051758 0.7607422 -0.3359375 0.7607422 -0.3681641 0.784668 -0.3359375 0.784668 -0.3681641 0.7607422 -0.3681641 0.784668 -0.3359375 0.7607422 -0.3681641 0.7607422 -0.4047852 0.784668 -0.3681641 0.784668 -0.4047852 0.7607422 -0.4047852 0.784668 -0.3681641 0.7607422 -0.4047852 0.7607422 -0.440918 0.784668 -0.4047852 0.784668 -0.440918 0.7607422 -0.440918 0.784668 -0.4047852 0.7607422 -0.440918 0.7607422 -0.4724121 0.784668 -0.440918 0.784668 -0.4724121 0.7607422 -0.4724121 0.784668 -0.440918 0.7607422 -0.4724121 0.7607422 -0.5004883 0.784668 -0.4724121 0.784668 -0.5004883 0.7607422 -0.5004883 0.784668 -0.4724121 0.7607422 -0.5004883 0.7607422 -0.5317383 0.784668 -0.5004883 0.784668 -0.5317383 0.7607422 -0.5317383 0.784668 -0.5004883 0.7607422 -0.009559631 0.565918 -0.05404663 0.5483399 -0.03579711 0.565918 -0.009559631 0.5483399 -0.05404663 0.5483399 -0.009559631 0.565918 -0.0543518 0.5839844 -0.03579711 0.565918 -0.05404663 0.565918 -0.03579711 0.565918 -0.05404663 0.5483399 -0.05404663 0.565918 -0.009559631 0.5483399 -0.009559631 0.5075684 -0.05404663 0.5483399 -0.009559631 0.5075684 -0.05404663 0.5065918 -0.05404663 0.5483399 -0.009559631 0.5075684 -0.05404663 0.4814453 -0.05404663 0.5065918 -0.009559631 0.5075684 -0.009559631 0.4599609 -0.05404663 0.4814453 -0.009559631 0.4599609 -0.009559631 0.4125977 -0.05404663 0.4814453 -0.009559631 0.4125977 -0.05404663 0.4321289 -0.05404663 0.4814453 -0.05404663 0.4321289 -0.009559631 0.4125977 -0.05404663 0.3867188 -0.009559631 0.4125977 -0.009559631 0.3632813 -0.05404663 0.3867188 -0.009559631 0.3632813 -0.05404663 0.3457031 -0.05404663 0.3867188 -0.009559631 0.3632813 -0.009559631 0.3305664 -0.05404663 0.3457031 -0.009559631 0.3305664 -0.05404663 0.3305664 -0.05404663 0.3457031 -0.009559631 0.3305664 -0.009559631 0.3100586 -0.05404663 0.3305664 -0.05404663 0.3051758 -0.05404663 0.3305664 -0.009559631 0.3100586 -0.07409667 0.7373047 -0.1033325 0.7136231 -0.1033325 0.7373047 -0.07409667 0.7136231 -0.1033325 0.7136231 -0.07409667 0.7373047 -0.07409667 0.7136231 -0.1033325 0.6665039 -0.1033325 0.7136231 -0.07409667 0.6665039 -0.1033325 0.6665039 -0.07409667 0.7136231 -0.07409667 0.6665039 -0.1033325 0.6201172 -0.1033325 0.6665039 -0.07409667 0.6201172 -0.1033325 0.6201172 -0.07409667 0.6665039 -0.07409667 0.6201172 -0.1033325 0.5415039 -0.1033325 0.6201172 -0.07409667 0.5415039 -0.1033325 0.5415039 -0.07409667 0.6201172 -0.07409667 0.5415039 -0.1023559 0.519043 -0.1033325 0.5415039 -0.07409667 0.5178223 -0.1023559 0.519043 -0.07409667 0.5415039 -0.07409667 0.7524414 -0.1033325 0.7373047 -0.1033325 0.7524414 -0.07409667 0.7373047 -0.1033325 0.7373047 -0.07409667 0.7524414 -0.4931641 0.8336182 -0.5205078 0.8276367 -0.5131836 0.8519287 -0.5131836 0.8519287 -0.5205078 0.8276367 -0.5439453 0.8436279 -0.5205078 0.8276367 -0.4931641 0.8336182 -0.4987793 0.8094483 -0.5205078 0.8276367 -0.5532227 0.8238525 -0.5439453 0.8436279 -0.5205078 0.8276367 -0.4987793 0.8094483 -0.5166016 0.7966309 -0.5512695 0.8040772 -0.5532227 0.8238525 -0.5205078 0.8276367 -0.5166016 0.7966309 -0.5327149 0.7935791 -0.5205078 0.8276367 -0.5512695 0.8040772 -0.5205078 0.8276367 -0.5439453 0.796875 -0.5327149 0.7935791 -0.5439453 0.796875 -0.5205078 0.8276367 -0.7167969 0.8145752 -0.7451172 0.8001709 -0.7353516 0.8145752 -0.7172852 0.8001709 -0.7451172 0.8001709 -0.7167969 0.8145752 -0.7451172 0.8001709 -0.7529297 0.8145752 -0.7353516 0.8145752 -0.7529297 0.8145752 -0.7451172 0.8001709 -0.7602539 0.8001709 -0.7529297 0.8145752 -0.7602539 0.8001709 -0.7753906 0.8145752 -0.7602539 0.8001709 -0.7753906 0.8001709 -0.7753906 0.8145752 -0.7753906 0.8145752 -0.7753906 0.8001709 -0.7924805 0.8001709 -0.7998047 0.8145752 -0.7753906 0.8145752 -0.7924805 0.8001709 -0.809082 0.8001709 -0.7998047 0.8145752 -0.7924805 0.8001709 -0.7998047 0.8145752 -0.809082 0.8001709 -0.8203125 0.8145752 -0.8203125 0.8145752 -0.809082 0.8001709 -0.8393555 0.8145752 -0.8393555 0.8145752 -0.809082 0.8001709 -0.8388672 0.7994385 -0.7529297 0.8812256 -0.7167969 0.8145752 -0.7353516 0.8145752 -0.7529297 0.8812256 -0.7353516 0.8145752 -0.7529297 0.8145752 -0.7314453 0.8812256 -0.7167969 0.8145752 -0.7529297 0.8812256 -0.7753906 0.8812256 -0.7529297 0.8812256 -0.7529297 0.8145752 -0.7753906 0.8145752 -0.7753906 0.8812256 -0.7529297 0.8145752 -0.7529297 0.8812256 -0.7558594 0.895752 -0.7314453 0.8812256 -0.7529297 0.8812256 -0.7753906 0.8812256 -0.7558594 0.895752 -0.7314453 0.8812256 -0.7558594 0.895752 -0.7363281 0.895752 -0.7753906 0.8812256 -0.7753906 0.8145752 -0.7998047 0.8145752 -0.7753906 0.9343872 -0.7363281 0.895752 -0.7558594 0.895752 -0.7998047 0.8145752 -0.7998047 0.8812256 -0.7753906 0.8812256 -0.7998047 0.8812256 -0.7998047 0.8145752 -0.8203125 0.8145752 -0.7558594 0.895752 -0.7753906 0.8812256 -0.7753906 0.895752 -0.7753906 0.895752 -0.7753906 0.9343872 -0.7558594 0.895752 -0.7753906 0.8812256 -0.793457 0.895752 -0.7753906 0.895752 -0.7753906 0.9343872 -0.7753906 0.895752 -0.793457 0.895752 -0.7998047 0.8812256 -0.793457 0.895752 -0.7753906 0.8812256 -0.7753906 0.9343872 -0.793457 0.895752 -0.8115234 0.895752 -0.793457 0.895752 -0.8203125 0.8812256 -0.8115234 0.895752 -0.7998047 0.8812256 -0.8203125 0.8812256 -0.793457 0.895752 -0.7998047 0.8812256 -0.8203125 0.8145752 -0.8203125 0.8812256 -0.8203125 0.8812256 -0.8203125 0.8145752 -0.8393555 0.8145752 -0.3933106 0.6086426 -0.3745117 0.5783692 -0.3933106 0.5783692 -0.3745117 0.6086426 -0.3745117 0.5783692 -0.3933106 0.6086426 -0.3745117 0.6086426 -0.3413086 0.5783692 -0.3745117 0.5783692 -0.3413086 0.6086426 -0.3413086 0.5783692 -0.3745117 0.6086426 -0.3413086 0.6086426 -0.3029785 0.5783692 -0.3413086 0.5783692 -0.3029785 0.6086426 -0.3029785 0.5783692 -0.3413086 0.6086426 -0.3029785 0.6086426 -0.2585449 0.5783692 -0.3029785 0.5783692 -0.2585449 0.6086426 -0.2585449 0.5783692 -0.3029785 0.6086426 -0.2585449 0.6086426 -0.2121582 0.5783692 -0.2585449 0.5783692 -0.2121582 0.6086426 -0.2121582 0.5783692 -0.2585449 0.6086426 -0.2121582 0.6086426 -0.1708984 0.5783692 -0.2121582 0.5783692 -0.1708984 0.6086426 -0.1708984 0.5783692 -0.2121582 0.6086426 -0.1708984 0.6086426 -0.1304931 0.5783692 -0.1708984 0.5783692 -0.1304931 0.6086426 -0.1304931 0.5783692 -0.1708984 0.6086426 -0.1304931 0.5783692 -0.1304931 0.6086426 -0.1137695 0.5783692 -0.1137695 0.5783692 -0.1304931 0.6086426 -0.1137695 0.6079102 -0.4987793 0.8094483 -0.4931641 0.8336182 -0.4743652 0.8156738 -0.987793 0.6499024 -0.9804688 0.7080078 -0.980957 0.6518555 -0.9873047 0.7067871 -0.9804688 0.7080078 -0.987793 0.6499024 -0.9804688 0.7080078 -0.9624024 0.7114258 -0.980957 0.6518555 -0.980957 0.6518555 -0.9624024 0.7114258 -0.9614258 0.6567383 -0.8886719 0.7414551 -0.8623047 0.763794 -0.8642578 0.739502 -0.8862305 0.763794 -0.8623047 0.763794 -0.8886719 0.7414551 -0.8886719 0.7414551 -0.8642578 0.739502 -0.8725586 0.7075195 -0.8955078 0.7226563 -0.8886719 0.7414551 -0.8725586 0.7075195 -0.8955078 0.7226563 -0.8725586 0.7075195 -0.878418 0.6914063 -0.8955078 0.7226563 -0.878418 0.6914063 -0.9282227 0.6762695 -0.9282227 0.6762695 -0.878418 0.6914063 -0.8930664 0.6699219 -0.9282227 0.6762695 -0.8930664 0.6699219 -0.9135742 0.6547852 -0.9282227 0.6762695 -0.9135742 0.6547852 -0.9614258 0.6567383 -0.9614258 0.6567383 -0.9135742 0.6547852 -0.9306641 0.6447754 -0.9614258 0.6567383 -0.9306641 0.6447754 -0.9511719 0.6342774 -0.9106445 0.763794 -0.8862305 0.763794 -0.8886719 0.7414551 -0.9106445 0.763794 -0.8886719 0.7414551 -0.8955078 0.7226563 -0.9106445 0.763794 -0.8955078 0.7226563 -0.9282227 0.6762695 -0.9282227 0.6762695 -0.9394531 0.763794 -0.9106445 0.763794 -0.9482422 0.7199707 -0.9394531 0.763794 -0.9282227 0.6762695 -0.9614258 0.6567383 -0.9482422 0.7199707 -0.9282227 0.6762695 -0.9624024 0.7114258 -0.9482422 0.7199707 -0.9614258 0.6567383 -0.05404663 0.3051758 -0.009559631 0.3100586 -0.009452819 0.3022461 -0.2792969 0.2602539 -0.2365722 0.4350586 -0.2792969 0.4404297 -0.2365722 0.2602539 -0.2365722 0.4350586 -0.2792969 0.2602539 -0.2365722 0.2602539 -0.185913 0.4189453 -0.2365722 0.4350586 -0.1866455 0.2602539 -0.185913 0.4189453 -0.2365722 0.2602539 -0.1866455 0.2602539 -0.1558837 0.4038086 -0.185913 0.4189453 -0.1405029 0.2602539 -0.1558837 0.4038086 -0.1866455 0.2602539 -0.1405029 0.2602539 -0.1186523 0.3686524 -0.1558837 0.4038086 -0.1405029 0.2602539 -0.1096191 0.2602539 -0.1186523 0.3686524 -0.1096191 0.2602539 -0.09008789 0.3305664 -0.1186523 0.3686524 -0.1096191 0.2602539 -0.07989501 0.2602539 -0.09008789 0.3305664 -0.07989501 0.2602539 -0.06848144 0.2827149 -0.09008789 0.3305664 -0.07989501 0.2602539 -0.05895996 0.2602539 -0.06848144 0.2827149 -0.1137695 0.6079102 -0.1137695 0.5783692 -0.1137695 0.6079102 -0.1137695 0.5783692 -0.1137695 0.5783692 -0.1137695 0.6079102 -0.2792969 0.243164 -0.2365722 0.2602539 -0.2792969 0.2602539 -0.2365722 0.243164 -0.2365722 0.2602539 -0.2792969 0.243164 -0.2792969 0.2226562 -0.2365722 0.243164 -0.2792969 0.243164 -0.2365722 0.243164 -0.1866455 0.2602539 -0.2365722 0.2602539 -0.2365722 0.2226562 -0.2365722 0.243164 -0.2792969 0.2226562 -0.185791 0.243164 -0.1866455 0.2602539 -0.2365722 0.243164 -0.2365722 0.2226562 -0.185791 0.243164 -0.2365722 0.243164 -0.1794433 0.2226562 -0.185791 0.243164 -0.2365722 0.2226562 -0.1137695 0.5783692 -0.1137695 0.5783692 -0.1137695 0.6079102 -0.9643555 0.6184082 -0.9902344 0.5844727 -0.9926758 0.605957 -0.9584961 0.5944824 -0.9902344 0.5844727 -0.9643555 0.6184082 -0.9584961 0.5944824 -0.9814453 0.5671387 -0.9902344 0.5844727 -0.9594727 0.5671387 -0.9814453 0.5671387 -0.9584961 0.5944824 -0.9594727 0.5671387 -0.9584961 0.5944824 -0.8422852 0.5639649 -0.9584961 0.5944824 -0.9643555 0.6184082 -0.8789063 0.6118164 -0.8422852 0.5639649 -0.9584961 0.5944824 -0.8789063 0.6118164 -0.8789063 0.6118164 -0.9643555 0.6184082 -0.8852539 0.6381836 -0.7797852 0.6381836 -0.8789063 0.6118164 -0.8852539 0.6381836 -0.7158203 0.5544434 -0.7167969 0.5498047 -0.8422852 0.5639649 -0.7416992 0.5742188 -0.7158203 0.5544434 -0.8422852 0.5639649 -0.7416992 0.5742188 -0.8422852 0.5639649 -0.7861328 0.6108399 -0.7861328 0.6108399 -0.8422852 0.5639649 -0.8789063 0.6118164 -0.7861328 0.6108399 -0.8789063 0.6118164 -0.7797852 0.6381836 -0.7075195 0.6210938 -0.7861328 0.6108399 -0.7797852 0.6381836 -0.7192383 0.5952149 -0.7861328 0.6108399 -0.7075195 0.6210938 -0.1937255 0.5397949 -0.2021484 0.550293 -0.1878662 0.5441895 -0.2069091 0.5454102 -0.2021484 0.550293 -0.1937255 0.5397949 -0.1937255 0.5397949 -0.1878662 0.5441895 -0.173706 0.5319824 -0.173706 0.5319824 -0.1878662 0.5441895 -0.1676025 0.5361328 -0.173706 0.5319824 -0.1676025 0.5361328 -0.1574707 0.5246582 -0.1574707 0.5246582 -0.1676025 0.5361328 -0.1517333 0.5285645 -0.1574707 0.5246582 -0.1517333 0.5285645 -0.1311035 0.5070801 -0.1311035 0.5070801 -0.1517333 0.5285645 -0.1242065 0.5114746 -0.22583 0.5310059 -0.2069091 0.5454102 -0.1937255 0.5397949 -0.2402343 0.5463867 -0.2069091 0.5454102 -0.22583 0.5310059 -0.22583 0.5310059 -0.1937255 0.5397949 -0.173706 0.5319824 -0.2402343 0.5463867 -0.22583 0.5310059 -0.3112793 0.548584 -0.1574707 0.5246582 -0.1778564 0.5158692 -0.173706 0.5319824 -0.173706 0.5319824 -0.1778564 0.5158692 -0.22583 0.5310059 -0.1778564 0.5158692 -0.2017822 0.5073242 -0.22583 0.5310059 -0.22583 0.5310059 -0.2017822 0.5073242 -0.2283935 0.4995117 -0.2578125 0.4936524 -0.22583 0.5310059 -0.2283935 0.4995117 -0.3112793 0.548584 -0.22583 0.5310059 -0.2946777 0.5300293 -0.2946777 0.5300293 -0.22583 0.5310059 -0.2578125 0.4936524 -0.2946777 0.5300293 -0.3825684 0.5598145 -0.3112793 0.548584 -0.2578125 0.4936524 -0.2819824 0.4897461 -0.2946777 0.5300293 -0.3515625 0.5292969 -0.3825684 0.5598145 -0.2946777 0.5300293 -0.2819824 0.4897461 -0.3515625 0.5292969 -0.2946777 0.5300293 -0.3056641 0.487793 -0.3515625 0.5292969 -0.2819824 0.4897461 -0.1522216 0.4931641 -0.1778564 0.5158692 -0.1311035 0.5070801 -0.1778564 0.5158692 -0.1574707 0.5246582 -0.1311035 0.5070801 -0.1773681 0.4790039 -0.1778564 0.5158692 -0.1522216 0.4931641 -0.1773681 0.4790039 -0.2017822 0.5073242 -0.1778564 0.5158692 -0.2283935 0.4995117 -0.2017822 0.5073242 -0.1773681 0.4790039 -0.2043457 0.46875 -0.2283935 0.4995117 -0.1773681 0.4790039 -0.2406005 0.4599609 -0.2283935 0.4995117 -0.2043457 0.46875 -0.2406005 0.4599609 -0.2578125 0.4936524 -0.2283935 0.4995117 -0.2819824 0.4897461 -0.2578125 0.4936524 -0.2406005 0.4599609 -0.2727051 0.4536133 -0.2819824 0.4897461 -0.2406005 0.4599609 -0.3056641 0.4501953 -0.2819824 0.4897461 -0.2727051 0.4536133 -0.3056641 0.4501953 -0.3056641 0.487793 -0.2819824 0.4897461 -0.4448242 0.5568848 -0.3825684 0.5598145 -0.3515625 0.5292969 -0.3515625 0.4848633 -0.4448242 0.5568848 -0.3515625 0.5292969 -0.3515625 0.4848633 -0.3515625 0.5292969 -0.3056641 0.487793 -0.3515625 0.4536133 -0.3056641 0.487793 -0.3056641 0.4501953 -0.3515625 0.4848633 -0.3056641 0.487793 -0.3515625 0.4536133 -0.3630371 0.692627 -0.5224609 0.7487793 -0.3659668 0.7175293 -0.5517578 0.6845703 -0.5224609 0.7487793 -0.3630371 0.692627 -0.4436035 0.550293 -0.4777832 0.5361328 -0.4448242 0.5568848 -0.4436035 0.550293 -0.4448242 0.5568848 -0.3571777 0.4838867 -0.46875 0.534668 -0.4777832 0.5361328 -0.4436035 0.550293 -0.3571777 0.4838867 -0.4448242 0.5568848 -0.3515625 0.4848633 -0.46875 0.534668 -0.3515625 0.4536133 -0.4777832 0.5361328 -0.3571777 0.4838867 -0.3515625 0.4848633 -0.357666 0.4619141 -0.357666 0.4619141 -0.3515625 0.4536133 -0.46875 0.534668 -0.357666 0.4619141 -0.3515625 0.4848633 -0.3515625 0.4536133 -0.4423828 0.5358887 -0.46875 0.534668 -0.4436035 0.550293 -0.4472656 0.5314942 -0.46875 0.534668 -0.4423828 0.5358887 -0.4472656 0.5314942 -0.357666 0.4619141 -0.46875 0.534668 -0.3723145 0.4794922 -0.357666 0.4619141 -0.4472656 0.5314942 -0.3723145 0.4794922 -0.3571777 0.4838867 -0.357666 0.4619141 -0.371582 0.4853516 -0.3571777 0.4838867 -0.3723145 0.4794922 -0.371582 0.4853516 -0.4436035 0.550293 -0.3571777 0.4838867 -0.4423828 0.5358887 -0.4436035 0.550293 -0.371582 0.4853516 -0.8691406 0.5302734 -0.8422852 0.5639649 -0.7167969 0.5498047 -0.8691406 0.5302734 -0.7167969 0.5498047 -0.8256836 0.4760742 -0.8632813 0.4765625 -0.8691406 0.5302734 -0.8256836 0.4760742 -0.8891602 0.4829102 -0.8691406 0.5302734 -0.8632813 0.4765625 -0.9101563 0.4907227 -0.8691406 0.5302734 -0.8891602 0.4829102 -0.8691406 0.5302734 -0.9594727 0.5671387 -0.8422852 0.5639649 -0.8691406 0.5302734 -0.9101563 0.4907227 -0.9189453 0.5402832 -0.9189453 0.5402832 -0.9594727 0.5671387 -0.8691406 0.5302734 -0.9101563 0.4907227 -0.9394531 0.5026856 -0.9189453 0.5402832 -0.9189453 0.5402832 -0.9394531 0.5026856 -0.9638672 0.5163574 -0.9189453 0.5402832 -0.9677734 0.5461426 -0.9594727 0.5671387 -0.9189453 0.5402832 -0.9638672 0.5163574 -0.9677734 0.5461426 -0.9960938 0.5517578 -0.9594727 0.5671387 -0.9677734 0.5461426 -0.9638672 0.5163574 -0.9960938 0.5517578 -0.9677734 0.5461426 -0.9814453 0.5332031 -0.9960938 0.5517578 -0.9638672 0.5163574 -0.9960938 0.5517578 -0.9912109 0.5593262 -0.9594727 0.5671387 -0.2402343 0.5512695 -0.2069091 0.5454102 -0.2402343 0.5463867 -0.2021484 0.550293 -0.2069091 0.5454102 -0.2402343 0.5512695 -0.2402343 0.5512695 -0.2402343 0.5463867 -0.3103027 0.5534668 -0.3103027 0.5534668 -0.2402343 0.5463867 -0.3112793 0.548584 -0.3112793 0.548584 -0.3825684 0.5598145 -0.3103027 0.5534668 -0.3103027 0.5534668 -0.3825684 0.5598145 -0.3825684 0.5649414 -0.3825684 0.5649414 -0.3825684 0.5598145 -0.4448242 0.5568848 -0.5507813 0.8649902 -0.5131836 0.8519287 -0.5439453 0.8436279 -0.2561035 0.6242676 -0.3361817 0.6638184 -0.2839356 0.6875 -0.2561035 0.6242676 -0.2839356 0.6875 -0.2249755 0.6877442 -0.2561035 0.6242676 -0.3461914 0.6452637 -0.3361817 0.6638184 -0.3745117 0.6496582 -0.3361817 0.6638184 -0.3461914 0.6452637 -0.1655273 0.6230469 -0.2561035 0.6242676 -0.2249755 0.6877442 -0.1655273 0.6230469 -0.2249755 0.6877442 -0.1734619 0.668457 -0.1286621 0.6230469 -0.1655273 0.6230469 -0.1734619 0.668457 -0.1033325 0.7136231 -0.1033325 0.7373047 -0.1033325 0.7373047 -0.4863281 0.8393555 -0.4931641 0.8336182 -0.5131836 0.8519287 -0.4064942 0.8651123 -0.4931641 0.8336182 -0.4863281 0.8393555 -0.4743652 0.8156738 -0.4931641 0.8336182 -0.4064942 0.8651123 -0.7192383 0.5952149 -0.7416992 0.5742188 -0.7861328 0.6108399 0.5043945 0.08251953 0.4750977 0.1171875 0.4750977 0.08447265 0.4948731 0.0493164 0.4750977 0.08447265 0.4750977 0.0493164 0.5043945 0.08251953 0.4750977 0.08447265 0.4948731 0.0493164 0.4948731 0.0493164 0.5180664 0.05126953 0.5043945 0.08251953 0.5126953 0.1132812 0.4750977 0.1171875 0.5043945 0.08251953 0.5126953 0.1132812 0.4750977 0.1518554 0.4750977 0.1171875 0.5332031 0.0805664 0.5043945 0.08251953 0.5180664 0.05126953 0.5214844 0.1420898 0.4750977 0.1518554 0.5126953 0.1132812 0.5214844 0.1420898 0.4750977 0.1816406 0.4750977 0.1518554 0.5126953 0.1132812 0.5043945 0.08251953 0.546875 0.1030273 0.546875 0.1030273 0.5043945 0.08251953 0.5332031 0.0805664 0.5126953 0.1132812 0.546875 0.1030273 0.5214844 0.1420898 0.5512695 0.078125 0.546875 0.1030273 0.5332031 0.0805664 0.5478516 0.09033203 0.546875 0.1030273 0.5512695 0.078125 0.5214844 0.1420898 0.546875 0.1030273 0.5483399 0.1157226 0.5332031 0.0805664 0.5180664 0.05126953 0.5512695 0.078125 0.5214844 0.1420898 0.5483399 0.1157226 0.5537109 0.1274414 0.5664063 0.05761718 0.5512695 0.078125 0.5180664 0.05126953 0.5576172 0.06689453 0.5512695 0.078125 0.5664063 0.05761718 0.5229492 0.01464843 0.5532227 0.01757812 0.5180664 0.05126953 0.5532227 0.01757812 0.5664063 0.05761718 0.5180664 0.05126953 0.5532227 0.01757812 0.5776367 0.02001953 0.5664063 0.05761718 0.5776367 0.02001953 0.5742188 0.05078125 0.5664063 0.05761718 0.5844727 0.04638671 0.5742188 0.05078125 0.5776367 0.02001953 0.5844727 0.04638671 0.5776367 0.02001953 0.6152344 0.02294921 0.5961914 0.04492187 0.5844727 0.04638671 0.6083984 0.04638671 0.6083984 0.04638671 0.5844727 0.04638671 0.6152344 0.02294921 0.6083984 0.04638671 0.6152344 0.02294921 0.6196289 0.05175781 0.6196289 0.05175781 0.6152344 0.02294921 0.6430664 0.02734375 0.6298828 0.05957031 0.6196289 0.05175781 0.6430664 0.02734375 0.6376953 0.06982421 0.6298828 0.05957031 0.6430664 0.08203125 0.6430664 0.02734375 0.6640625 0.07666015 0.6298828 0.05957031 0.6430664 0.08203125 0.6298828 0.05957031 0.6640625 0.07666015 0.6806641 0.04248046 0.6640625 0.07666015 0.6430664 0.02734375 0.7001953 0.078125 0.6640625 0.07666015 0.6806641 0.04248046 0.690918 0.1079101 0.6640625 0.07666015 0.7001953 0.078125 0.644043 0.1083984 0.6430664 0.08203125 0.6640625 0.07666015 0.6640625 0.07666015 0.690918 0.1079101 0.644043 0.1083984 0.6455078 0.09521484 0.6430664 0.08203125 0.644043 0.1083984 0.644043 0.1083984 0.690918 0.1079101 0.6777344 0.1362304 0.644043 0.1083984 0.6777344 0.1362304 0.6416016 0.1142578 0.6191406 0.1411132 0.6645508 0.1591796 0.6049805 0.145996 0.6245117 0.137207 0.6645508 0.1591796 0.6191406 0.1411132 0.6445313 0.1865234 0.6049805 0.145996 0.6645508 0.1591796 0.5737305 0.1440429 0.6049805 0.145996 0.6445313 0.1865234 0.5893555 0.1464843 0.6049805 0.145996 0.5737305 0.1440429 0.5825195 0.2250976 0.5737305 0.1440429 0.6445313 0.1865234 0.534668 0.1704101 0.5737305 0.1440429 0.5825195 0.2250976 0.4750977 0.2402343 0.534668 0.1704101 0.5825195 0.2250976 0.5620117 0.137207 0.5737305 0.1440429 0.534668 0.1704101 0.4750977 0.1816406 0.534668 0.1704101 0.4750977 0.2402343 0.534668 0.1704101 0.5537109 0.1274414 0.5620117 0.137207 0.534668 0.1704101 0.4750977 0.1816406 0.5214844 0.1420898 0.5214844 0.1420898 0.5537109 0.1274414 0.534668 0.1704101 0.6435547 0.02050781 0.6152344 0.02246093 0.6142578 0.015625 0.6430664 0.02685546 0.6152344 0.02246093 0.6435547 0.02050781 0.6831055 0.03759765 0.6430664 0.02685546 0.6435547 0.02050781 0.6806641 0.04199218 0.6430664 0.02685546 0.6831055 0.03759765 0.6152344 0.02246093 0.5776367 0.01953125 0.6142578 0.015625 0.6142578 0.015625 0.5776367 0.01953125 0.574707 0.01318359 0.574707 0.01318359 0.5776367 0.01953125 0.5488281 0.01123046 0.5488281 0.01123046 0.5776367 0.01953125 0.5532227 0.01708984 0.5488281 0.01123046 0.5532227 0.01708984 0.5249024 0.008300781 0.5249024 0.008300781 0.5532227 0.01708984 0.5229492 0.01416015 0.6831055 0.03759765 0.7001953 0.07763671 0.6806641 0.04199218 0.7026367 0.07421875 0.7001953 0.07763671 0.6831055 0.03759765 0.5229492 0.01416015 0.5200195 0.01123046 0.5249024 0.008300781 0.5185547 0.01708984 0.5200195 0.01123046 0.5229492 0.01416015 0.4750977 0.0493164 0.4953613 0.04541015 0.4948731 0.0493164 0.4750977 0.04541015 0.4953613 0.04541015 0.4750977 0.0493164 0.4953613 0.04541015 0.5146484 0.04736328 0.4948731 0.0493164 0.4948731 0.0493164 0.5146484 0.04736328 0.5180664 0.05126953 0.5180664 0.05126953 0.5185547 0.01757812 0.5229492 0.01464843 0.5146484 0.04736328 0.5185547 0.01757812 0.5180664 0.05126953 0.5019531 0.5322266 0.4729004 0.5371094 0.5004883 0.5373535 0.4760742 0.532959 0.4729004 0.5371094 0.5019531 0.5322266 0.6689453 0.1518554 0.6293945 0.121582 0.6723633 0.1474609 0.6259766 0.1279296 0.6293945 0.121582 0.6689453 0.1518554 0.3854981 0.6025391 0.3808594 0.5432129 0.3710938 0.59375 0.3808594 0.5432129 0.3854981 0.6025391 0.3898926 0.5473633 0.3898926 0.5473633 0.3854981 0.6025391 0.3898926 0.5996094 0.3818359 0.5019531 0.3710938 0.59375 0.3808594 0.5432129 0.3710938 0.59375 0.3818359 0.5019531 0.3579102 0.5830078 0.3579102 0.5830078 0.3818359 0.5019531 0.3566895 0.5751953 0.3566895 0.5751953 0.3818359 0.5019531 0.3522949 0.5703125 0.3522949 0.5703125 0.3818359 0.5019531 0.347168 0.5739746 0.347168 0.5739746 0.3818359 0.5019531 0.3339844 0.5612793 0.3203125 0.5332031 0.3339844 0.5612793 0.3818359 0.5019531 0.3818359 0.5019531 0.3132324 0.5019531 0.3203125 0.5332031 0.4370117 0.5380859 0.4089356 0.5976563 0.4365234 0.5886231 0.4538574 0.5793457 0.4370117 0.5380859 0.4365234 0.5886231 0.4091797 0.5476074 0.4089356 0.5976563 0.4370117 0.5380859 0.4091797 0.5476074 0.3898926 0.5996094 0.4089356 0.5976563 0.3898926 0.5473633 0.3898926 0.5996094 0.4091797 0.5476074 0.4541016 0.501709 0.4370117 0.5380859 0.4538574 0.5793457 0.4365234 0.501709 0.4370117 0.5380859 0.4541016 0.501709 0.4365234 0.501709 0.4135742 0.5332031 0.4370117 0.5380859 0.4135742 0.501709 0.4135742 0.5332031 0.4365234 0.501709 0.4135742 0.501709 0.3901367 0.534668 0.4135742 0.5332031 0.390625 0.501709 0.3901367 0.534668 0.4135742 0.501709 0.4541016 0.501709 0.4538574 0.5793457 0.4729004 0.5371094 0.4729004 0.501709 0.4541016 0.501709 0.4729004 0.5371094 0.4729004 0.5371094 0.4538574 0.5793457 0.4758301 0.5637207 0.4729004 0.5371094 0.4758301 0.5637207 0.489502 0.5515137 0.5004883 0.5373535 0.4729004 0.5371094 0.489502 0.5515137 0.4729004 0.5371094 0.4760742 0.501709 0.4729004 0.501709 0.4760742 0.532959 0.4760742 0.501709 0.4729004 0.5371094 0.2587891 0.7446289 0.2526856 0.7446289 0.2570801 0.7568359 0.2526856 0.7446289 0.2531738 0.7626953 0.2570801 0.7568359 0.2570801 0.7568359 0.2531738 0.7626953 0.2543945 0.7741699 0.2531738 0.7626953 0.2442626 0.782959 0.2543945 0.7741699 0.2526856 0.7446289 0.2412109 0.7640381 0.2531738 0.7626953 0.2412109 0.7640381 0.2442626 0.782959 0.2531738 0.7626953 0.2421875 0.7446289 0.2412109 0.7640381 0.2526856 0.7446289 0.2412109 0.7640381 0.2216796 0.7662354 0.2442626 0.782959 0.2421875 0.7446289 0.2216796 0.7662354 0.2412109 0.7640381 0.2442626 0.782959 0.2216796 0.7662354 0.2186279 0.7884522 0.2214355 0.7451172 0.2216796 0.7662354 0.2421875 0.7446289 0.2216796 0.7662354 0.1717529 0.7451172 0.1717529 0.7884522 0.2186279 0.7884522 0.2216796 0.7662354 0.1717529 0.7884522 0.2214355 0.7451172 0.1717529 0.7451172 0.2216796 0.7662354 0.390625 0.501709 0.3808594 0.5432129 0.3901367 0.534668 0.3818359 0.5019531 0.3808594 0.5432129 0.390625 0.501709 0.3898926 0.5473633 0.3901367 0.534668 0.3808594 0.5432129 0.4091797 0.5476074 0.3901367 0.534668 0.3898926 0.5473633 0.4135742 0.5332031 0.3901367 0.534668 0.4091797 0.5476074 0.4370117 0.5380859 0.4135742 0.5332031 0.4091797 0.5476074 0.6049805 0.145996 0.6132813 0.1328125 0.6191406 0.1411132 0.6132813 0.1328125 0.6259766 0.1279296 0.6191406 0.1411132 0.6191406 0.1411132 0.6259766 0.1279296 0.6245117 0.137207 0.6015625 0.137207 0.6132813 0.1328125 0.6049805 0.145996 0.5893555 0.1464843 0.6015625 0.137207 0.6049805 0.145996 0.590332 0.1367187 0.6015625 0.137207 0.5893555 0.1464843 0.5737305 0.1440429 0.590332 0.1367187 0.5893555 0.1464843 0.5786133 0.1357421 0.590332 0.1367187 0.5737305 0.1440429 0.5620117 0.137207 0.5786133 0.1357421 0.5737305 0.1440429 0.5712891 0.1293945 0.5786133 0.1357421 0.5620117 0.137207 0.5537109 0.1274414 0.5712891 0.1293945 0.5620117 0.137207 0.5644531 0.1220703 0.5712891 0.1293945 0.5537109 0.1274414 0.5483399 0.1157226 0.5644531 0.1220703 0.5537109 0.1274414 0.5605469 0.1132812 0.5644531 0.1220703 0.5483399 0.1157226 0.546875 0.1030273 0.5605469 0.1132812 0.5483399 0.1157226 0.5585938 0.1030273 0.5605469 0.1132812 0.546875 0.1030273 0.5478516 0.09033203 0.5585938 0.1030273 0.546875 0.1030273 0.559082 0.09277343 0.5585938 0.1030273 0.5478516 0.09033203 0.5512695 0.078125 0.559082 0.09277343 0.5478516 0.09033203 0.5610352 0.08300781 0.559082 0.09277343 0.5512695 0.078125 0.5576172 0.06689453 0.5610352 0.08300781 0.5512695 0.078125 0.5649414 0.07421875 0.5610352 0.08300781 0.5576172 0.06689453 0.5664063 0.05761718 0.5649414 0.07421875 0.5576172 0.06689453 0.5678711 0.06640625 0.5649414 0.07421875 0.5664063 0.05761718 0.5742188 0.05078125 0.5678711 0.06640625 0.5664063 0.05761718 0.5761719 0.06054687 0.5678711 0.06640625 0.5742188 0.05078125 0.5844727 0.04638671 0.5761719 0.06054687 0.5742188 0.05078125 0.5854492 0.05664062 0.5761719 0.06054687 0.5844727 0.04638671 0.5961914 0.04492187 0.5854492 0.05664062 0.5844727 0.04638671 0.5957031 0.05566406 0.5854492 0.05664062 0.5961914 0.04492187 0.6083984 0.04638671 0.5957031 0.05566406 0.5961914 0.04492187 0.6049805 0.0571289 0.5957031 0.05566406 0.6083984 0.04638671 0.6196289 0.05175781 0.6049805 0.0571289 0.6083984 0.04638671 0.6142578 0.06152343 0.6049805 0.0571289 0.6196289 0.05175781 0.6298828 0.05957031 0.6142578 0.06152343 0.6196289 0.05175781 0.6225586 0.06787109 0.6142578 0.06152343 0.6298828 0.05957031 0.6376953 0.06982421 0.6225586 0.06787109 0.6298828 0.05957031 0.628418 0.07714843 0.6225586 0.06787109 0.6376953 0.06982421 0.6430664 0.08203125 0.628418 0.07714843 0.6376953 0.06982421 0.6333008 0.08740234 0.628418 0.07714843 0.6430664 0.08203125 0.6455078 0.09521484 0.6333008 0.08740234 0.6430664 0.08203125 0.6342774 0.09863281 0.6333008 0.08740234 0.6455078 0.09521484 0.644043 0.1083984 0.6342774 0.09863281 0.6455078 0.09521484 0.6337891 0.1103515 0.6342774 0.09863281 0.644043 0.1083984 0.6337891 0.1103515 0.644043 0.1083984 0.6293945 0.121582 0.6293945 0.121582 0.644043 0.1083984 0.6416016 0.1142578 0.6015625 0.137207 0.6064453 0.1157226 0.6132813 0.1328125 0.6132813 0.1328125 0.6118164 0.1123046 0.6259766 0.1279296 0.6064453 0.1157226 0.6118164 0.1123046 0.6132813 0.1328125 0.6064453 0.1157226 0.597168 0.09521484 0.6118164 0.1123046 0.5996094 0.1176757 0.6064453 0.1157226 0.6015625 0.137207 0.5996094 0.1176757 0.597168 0.09521484 0.6064453 0.1157226 0.590332 0.1367187 0.5996094 0.1176757 0.6015625 0.137207 0.59375 0.118164 0.5996094 0.1176757 0.590332 0.1367187 0.59375 0.118164 0.597168 0.09521484 0.5996094 0.1176757 0.5786133 0.1357421 0.59375 0.118164 0.590332 0.1367187 0.5878906 0.1171875 0.59375 0.118164 0.5786133 0.1357421 0.5878906 0.1171875 0.597168 0.09521484 0.59375 0.118164 0.5712891 0.1293945 0.5878906 0.1171875 0.5786133 0.1357421 0.5825195 0.1142578 0.5878906 0.1171875 0.5712891 0.1293945 0.5825195 0.1142578 0.597168 0.09521484 0.5878906 0.1171875 0.5644531 0.1220703 0.5825195 0.1142578 0.5712891 0.1293945 0.5786133 0.1098632 0.5825195 0.1142578 0.5644531 0.1220703 0.5786133 0.1098632 0.597168 0.09521484 0.5825195 0.1142578 0.5605469 0.1132812 0.5786133 0.1098632 0.5644531 0.1220703 0.5756836 0.1049804 0.5786133 0.1098632 0.5605469 0.1132812 0.5756836 0.1049804 0.597168 0.09521484 0.5786133 0.1098632 0.5585938 0.1030273 0.5756836 0.1049804 0.5605469 0.1132812 0.5751953 0.09912109 0.5756836 0.1049804 0.5585938 0.1030273 0.5751953 0.09912109 0.597168 0.09521484 0.5756836 0.1049804 0.559082 0.09277343 0.5751953 0.09912109 0.5585938 0.1030273 0.5751953 0.09375 0.5751953 0.09912109 0.559082 0.09277343 0.5751953 0.09375 0.597168 0.09521484 0.5751953 0.09912109 0.5610352 0.08300781 0.5751953 0.09375 0.559082 0.09277343 0.5766602 0.0883789 0.5751953 0.09375 0.5610352 0.08300781 0.5766602 0.0883789 0.597168 0.09521484 0.5751953 0.09375 0.5649414 0.07421875 0.5766602 0.0883789 0.5610352 0.08300781 0.5791016 0.08349609 0.597168 0.09521484 0.5766602 0.0883789 0.5791016 0.08349609 0.5766602 0.0883789 0.5649414 0.07421875 0.5825195 0.07910156 0.597168 0.09521484 0.5791016 0.08349609 0.5678711 0.06640625 0.5791016 0.08349609 0.5649414 0.07421875 0.5825195 0.07910156 0.5791016 0.08349609 0.5678711 0.06640625 0.5849609 0.07226562 0.5825195 0.07910156 0.5678711 0.06640625 0.6025391 0.09130859 0.5825195 0.07910156 0.5849609 0.07226562 0.597168 0.09521484 0.5825195 0.07910156 0.6025391 0.09130859 0.6186524 0.1098632 0.597168 0.09521484 0.6025391 0.09130859 0.6118164 0.1123046 0.597168 0.09521484 0.6186524 0.1098632 0.6259766 0.1279296 0.6118164 0.1123046 0.6186524 0.1098632 0.6645508 0.1591796 0.6259766 0.1279296 0.6689453 0.1518554 0.6245117 0.137207 0.6259766 0.1279296 0.6645508 0.1591796 0.6723633 0.1474609 0.6416016 0.1142578 0.6777344 0.1362304 0.6293945 0.121582 0.6416016 0.1142578 0.6723633 0.1474609 -0.5249024 0.1171875 -0.4956055 0.08251953 -0.5249024 0.08447265 -0.5249024 0.08447265 -0.5048828 0.0493164 -0.5249024 0.0493164 -0.4956055 0.08251953 -0.5048828 0.0493164 -0.5249024 0.08447265 -0.4819336 0.05126953 -0.5048828 0.0493164 -0.4956055 0.08251953 -0.4873047 0.1132812 -0.4956055 0.08251953 -0.5249024 0.1171875 -0.4467774 0.01757812 -0.4768067 0.01464843 -0.4819336 0.05126953 -0.5249024 0.1171875 -0.4782715 0.1420898 -0.4873047 0.1132812 -0.5249024 0.1518554 -0.4782715 0.1420898 -0.5249024 0.1171875 -0.4533692 0.1030273 -0.4956055 0.08251953 -0.4873047 0.1132812 -0.4873047 0.1132812 -0.4782715 0.1420898 -0.4533692 0.1030273 -0.4956055 0.08251953 -0.4667969 0.0805664 -0.4819336 0.05126953 -0.4667969 0.0805664 -0.4956055 0.08251953 -0.4533692 0.1030273 -0.4533692 0.1030273 -0.4782715 0.1420898 -0.4516602 0.1157226 -0.4516602 0.1157226 -0.4782715 0.1420898 -0.4465332 0.1274414 -0.4533692 0.1030273 -0.4487305 0.078125 -0.4667969 0.0805664 -0.4521484 0.09033203 -0.4487305 0.078125 -0.4533692 0.1030273 -0.4819336 0.05126953 -0.4667969 0.0805664 -0.4487305 0.078125 -0.4782715 0.1420898 -0.4655762 0.1704101 -0.4465332 0.1274414 -0.4465332 0.1274414 -0.4655762 0.1704101 -0.4379883 0.137207 -0.5249024 0.1518554 -0.4655762 0.1704101 -0.4782715 0.1420898 -0.5249024 0.1816406 -0.4655762 0.1704101 -0.5249024 0.1518554 -0.5249024 0.1816406 -0.5249024 0.2402343 -0.4655762 0.1704101 -0.4655762 0.1704101 -0.5249024 0.2402343 -0.4174805 0.2250976 -0.4655762 0.1704101 -0.4265137 0.1440429 -0.4379883 0.137207 -0.4655762 0.1704101 -0.4174805 0.2250976 -0.4265137 0.1440429 -0.4265137 0.1440429 -0.4174805 0.2250976 -0.3557129 0.1865234 -0.3950195 0.145996 -0.4265137 0.1440429 -0.3557129 0.1865234 -0.4104004 0.1464843 -0.4265137 0.1440429 -0.3950195 0.145996 -0.3950195 0.145996 -0.3557129 0.1865234 -0.3352051 0.1591796 -0.3352051 0.1591796 -0.3811035 0.1411132 -0.3950195 0.145996 -0.3754883 0.137207 -0.3811035 0.1411132 -0.3352051 0.1591796 -0.309082 0.1079101 -0.3557129 0.1083984 -0.3222656 0.1362304 -0.3222656 0.1362304 -0.3557129 0.1083984 -0.3583984 0.1142578 -0.3359375 0.07666015 -0.3557129 0.1083984 -0.309082 0.1079101 -0.309082 0.1079101 -0.2995606 0.078125 -0.3359375 0.07666015 -0.3359375 0.07666015 -0.2995606 0.078125 -0.3190918 0.04248046 -0.3190918 0.04248046 -0.3566895 0.02734375 -0.3359375 0.07666015 -0.3547363 0.09521484 -0.3557129 0.1083984 -0.3566895 0.08203125 -0.3566895 0.08203125 -0.3557129 0.1083984 -0.3359375 0.07666015 -0.3701172 0.05957031 -0.3566895 0.08203125 -0.3359375 0.07666015 -0.3620606 0.06982421 -0.3566895 0.08203125 -0.3701172 0.05957031 -0.3359375 0.07666015 -0.3566895 0.02734375 -0.3701172 0.05957031 -0.380127 0.05175781 -0.3701172 0.05957031 -0.3566895 0.02734375 -0.380127 0.05175781 -0.3566895 0.02734375 -0.3918457 0.04638671 -0.3918457 0.04638671 -0.3566895 0.02734375 -0.3845215 0.02294921 -0.4155274 0.04638671 -0.3918457 0.04638671 -0.3845215 0.02294921 -0.4038086 0.04492187 -0.3918457 0.04638671 -0.4155274 0.04638671 -0.4223633 0.02001953 -0.4155274 0.04638671 -0.3845215 0.02294921 -0.4155274 0.04638671 -0.4223633 0.02001953 -0.4257813 0.05078125 -0.4257813 0.05078125 -0.4223633 0.02001953 -0.4338379 0.05761718 -0.4223633 0.02001953 -0.4467774 0.01757812 -0.4338379 0.05761718 -0.4338379 0.05761718 -0.4467774 0.01757812 -0.4819336 0.05126953 -0.4487305 0.078125 -0.4338379 0.05761718 -0.4819336 0.05126953 -0.4423828 0.06689453 -0.4338379 0.05761718 -0.4487305 0.078125 -0.3857422 0.015625 -0.3566895 0.02685546 -0.3566895 0.02050781 -0.3566895 0.02685546 -0.3166504 0.03759765 -0.3566895 0.02050781 -0.3190918 0.04199218 -0.3166504 0.03759765 -0.3566895 0.02685546 -0.3845215 0.02246093 -0.3566895 0.02685546 -0.3857422 0.015625 -0.3845215 0.02246093 -0.3857422 0.015625 -0.4223633 0.01953125 -0.4223633 0.01953125 -0.3857422 0.015625 -0.425293 0.01318359 -0.425293 0.01318359 -0.4509277 0.01123046 -0.4223633 0.01953125 -0.4223633 0.01953125 -0.4509277 0.01123046 -0.4467774 0.01708984 -0.4509277 0.01123046 -0.4753418 0.008300781 -0.4467774 0.01708984 -0.4467774 0.01708984 -0.4753418 0.008300781 -0.4768067 0.01416015 -0.2995606 0.07763671 -0.3166504 0.03759765 -0.3190918 0.04199218 -0.2973633 0.07421875 -0.3166504 0.03759765 -0.2995606 0.07763671 -0.4799805 0.01123046 -0.4768067 0.01416015 -0.4753418 0.008300781 -0.4799805 0.01123046 -0.4812012 0.01708984 -0.4768067 0.01416015 -0.5048828 0.04541015 -0.5249024 0.0493164 -0.5048828 0.0493164 -0.5249024 0.04541015 -0.5249024 0.0493164 -0.5048828 0.04541015 -0.5048828 0.04541015 -0.5048828 0.0493164 -0.4853516 0.04736328 -0.4853516 0.04736328 -0.5048828 0.0493164 -0.4819336 0.05126953 -0.4812012 0.01757812 -0.4819336 0.05126953 -0.4768067 0.01464843 -0.4853516 0.04736328 -0.4819336 0.05126953 -0.4812012 0.01757812 -0.5273438 0.5166016 -0.4980469 0.5117188 -0.4995117 0.5166016 -0.5239258 0.5124512 -0.4980469 0.5117188 -0.5273438 0.5166016 -0.3706055 0.121582 -0.3310547 0.1518554 -0.3278809 0.1474609 -0.3740234 0.1279296 -0.3310547 0.1518554 -0.3706055 0.121582 -0.6191406 0.5224609 -0.6142578 0.5817871 -0.6289063 0.5732422 -0.6191406 0.5224609 -0.6098633 0.5268555 -0.6142578 0.5817871 -0.6142578 0.5817871 -0.6098633 0.5268555 -0.6098633 0.5791016 -0.6289063 0.5732422 -0.6181641 0.4814453 -0.6191406 0.5224609 -0.6181641 0.4814453 -0.6289063 0.5732422 -0.6420899 0.5625 -0.6181641 0.4814453 -0.6420899 0.5625 -0.6430664 0.5546875 -0.6181641 0.4814453 -0.6430664 0.5546875 -0.6479492 0.5495606 -0.6181641 0.4814453 -0.6479492 0.5495606 -0.652832 0.5534668 -0.6181641 0.4814453 -0.652832 0.5534668 -0.6660156 0.5407715 -0.6660156 0.5407715 -0.6796875 0.5124512 -0.6181641 0.4814453 -0.6865234 0.4814453 -0.6181641 0.4814453 -0.6796875 0.5124512 -0.5908203 0.5771484 -0.5629883 0.517334 -0.5634766 0.5678711 -0.5629883 0.517334 -0.5463867 0.5585938 -0.5634766 0.5678711 -0.5908203 0.5270996 -0.5629883 0.517334 -0.5908203 0.5771484 -0.6098633 0.5791016 -0.5908203 0.5270996 -0.5908203 0.5771484 -0.6098633 0.5268555 -0.5908203 0.5270996 -0.6098633 0.5791016 -0.5629883 0.517334 -0.5458984 0.4814453 -0.5463867 0.5585938 -0.5629883 0.517334 -0.5634766 0.4814453 -0.5458984 0.4814453 -0.5864258 0.5126953 -0.5634766 0.4814453 -0.5629883 0.517334 -0.5864258 0.4814453 -0.5634766 0.4814453 -0.5864258 0.5126953 -0.6098633 0.5141602 -0.5864258 0.4814453 -0.5864258 0.5126953 -0.609375 0.480957 -0.5864258 0.4814453 -0.6098633 0.5141602 -0.5458984 0.4814453 -0.5273438 0.5166016 -0.5463867 0.5585938 -0.5458984 0.4814453 -0.5273438 0.4814453 -0.5273438 0.5166016 -0.5463867 0.5585938 -0.5273438 0.5166016 -0.5244141 0.5432129 -0.5244141 0.5432129 -0.5273438 0.5166016 -0.5107422 0.5310059 -0.5273438 0.5166016 -0.4995117 0.5166016 -0.5107422 0.5310059 -0.5239258 0.4814453 -0.5273438 0.5166016 -0.5273438 0.4814453 -0.5239258 0.5124512 -0.5273438 0.5166016 -0.5239258 0.4814453 -0.7470703 0.7446289 -0.7412109 0.7446289 -0.7431641 0.7568359 -0.7470703 0.7626953 -0.7470703 0.7446289 -0.7431641 0.7568359 -0.7470703 0.7626953 -0.7431641 0.7568359 -0.7456055 0.7741699 -0.7558594 0.782959 -0.7470703 0.7626953 -0.7456055 0.7741699 -0.7587891 0.7640381 -0.7470703 0.7446289 -0.7470703 0.7626953 -0.7587891 0.7640381 -0.7470703 0.7626953 -0.7558594 0.782959 -0.7578125 0.7446289 -0.7470703 0.7446289 -0.7587891 0.7640381 -0.7783203 0.7662354 -0.7587891 0.7640381 -0.7558594 0.782959 -0.7783203 0.7662354 -0.7578125 0.7446289 -0.7587891 0.7640381 -0.7783203 0.7662354 -0.7558594 0.782959 -0.78125 0.7884522 -0.7788086 0.7451172 -0.7578125 0.7446289 -0.7783203 0.7662354 -0.828125 0.7451172 -0.7783203 0.7662354 -0.828125 0.7884522 -0.7783203 0.7662354 -0.78125 0.7884522 -0.828125 0.7884522 -0.828125 0.7451172 -0.7788086 0.7451172 -0.7783203 0.7662354 -0.6191406 0.5224609 -0.609375 0.480957 -0.6098633 0.5141602 -0.6181641 0.4814453 -0.609375 0.480957 -0.6191406 0.5224609 -0.6098633 0.5141602 -0.6098633 0.5268555 -0.6191406 0.5224609 -0.6098633 0.5141602 -0.5908203 0.5270996 -0.6098633 0.5268555 -0.5864258 0.5126953 -0.5908203 0.5270996 -0.6098633 0.5141602 -0.5864258 0.5126953 -0.5629883 0.517334 -0.5908203 0.5270996 -0.3740234 0.1279296 -0.3811035 0.1411132 -0.3754883 0.137207 -0.3867188 0.1328125 -0.3811035 0.1411132 -0.3740234 0.1279296 -0.3867188 0.1328125 -0.3950195 0.145996 -0.3811035 0.1411132 -0.3984375 0.137207 -0.3950195 0.145996 -0.3867188 0.1328125 -0.3984375 0.137207 -0.4104004 0.1464843 -0.3950195 0.145996 -0.4094238 0.1367187 -0.4104004 0.1464843 -0.3984375 0.137207 -0.4094238 0.1367187 -0.4265137 0.1440429 -0.4104004 0.1464843 -0.4211426 0.1357421 -0.4265137 0.1440429 -0.4094238 0.1367187 -0.4211426 0.1357421 -0.4379883 0.137207 -0.4265137 0.1440429 -0.4289551 0.1293945 -0.4379883 0.137207 -0.4211426 0.1357421 -0.4289551 0.1293945 -0.4465332 0.1274414 -0.4379883 0.137207 -0.4355469 0.1220703 -0.4465332 0.1274414 -0.4289551 0.1293945 -0.4355469 0.1220703 -0.4516602 0.1157226 -0.4465332 0.1274414 -0.4394531 0.1132812 -0.4516602 0.1157226 -0.4355469 0.1220703 -0.4394531 0.1132812 -0.4533692 0.1030273 -0.4516602 0.1157226 -0.4416504 0.1030273 -0.4533692 0.1030273 -0.4394531 0.1132812 -0.4416504 0.1030273 -0.4521484 0.09033203 -0.4533692 0.1030273 -0.440918 0.09277343 -0.4521484 0.09033203 -0.4416504 0.1030273 -0.440918 0.09277343 -0.4487305 0.078125 -0.4521484 0.09033203 -0.4387207 0.08300781 -0.4487305 0.078125 -0.440918 0.09277343 -0.4387207 0.08300781 -0.4423828 0.06689453 -0.4487305 0.078125 -0.4350586 0.07421875 -0.4423828 0.06689453 -0.4387207 0.08300781 -0.4350586 0.07421875 -0.4338379 0.05761718 -0.4423828 0.06689453 -0.4323731 0.06640625 -0.4338379 0.05761718 -0.4350586 0.07421875 -0.4323731 0.06640625 -0.4257813 0.05078125 -0.4338379 0.05761718 -0.423584 0.06054687 -0.4257813 0.05078125 -0.4323731 0.06640625 -0.423584 0.06054687 -0.4155274 0.04638671 -0.4257813 0.05078125 -0.4145508 0.05664062 -0.4155274 0.04638671 -0.423584 0.06054687 -0.4145508 0.05664062 -0.4038086 0.04492187 -0.4155274 0.04638671 -0.4042969 0.05566406 -0.4038086 0.04492187 -0.4145508 0.05664062 -0.4042969 0.05566406 -0.3918457 0.04638671 -0.4038086 0.04492187 -0.3950195 0.0571289 -0.3918457 0.04638671 -0.4042969 0.05566406 -0.3950195 0.0571289 -0.380127 0.05175781 -0.3918457 0.04638671 -0.3854981 0.06152343 -0.380127 0.05175781 -0.3950195 0.0571289 -0.3854981 0.06152343 -0.3701172 0.05957031 -0.380127 0.05175781 -0.3774414 0.06787109 -0.3701172 0.05957031 -0.3854981 0.06152343 -0.3774414 0.06787109 -0.3620606 0.06982421 -0.3701172 0.05957031 -0.3713379 0.07714843 -0.3620606 0.06982421 -0.3774414 0.06787109 -0.3713379 0.07714843 -0.3566895 0.08203125 -0.3620606 0.06982421 -0.3669434 0.08740234 -0.3566895 0.08203125 -0.3713379 0.07714843 -0.3669434 0.08740234 -0.3547363 0.09521484 -0.3566895 0.08203125 -0.3657227 0.09863281 -0.3547363 0.09521484 -0.3669434 0.08740234 -0.3657227 0.09863281 -0.3557129 0.1083984 -0.3547363 0.09521484 -0.3664551 0.1103515 -0.3557129 0.1083984 -0.3657227 0.09863281 -0.3706055 0.121582 -0.3557129 0.1083984 -0.3664551 0.1103515 -0.3583984 0.1142578 -0.3557129 0.1083984 -0.3706055 0.121582 -0.3881836 0.1123046 -0.3867188 0.1328125 -0.3740234 0.1279296 -0.3935547 0.1157226 -0.3867188 0.1328125 -0.3881836 0.1123046 -0.3935547 0.1157226 -0.3984375 0.137207 -0.3867188 0.1328125 -0.402832 0.09521484 -0.3935547 0.1157226 -0.3881836 0.1123046 -0.4001465 0.1176757 -0.3984375 0.137207 -0.3935547 0.1157226 -0.4001465 0.1176757 -0.3935547 0.1157226 -0.402832 0.09521484 -0.4001465 0.1176757 -0.4094238 0.1367187 -0.3984375 0.137207 -0.4064942 0.118164 -0.4094238 0.1367187 -0.4001465 0.1176757 -0.402832 0.09521484 -0.4064942 0.118164 -0.4001465 0.1176757 -0.4064942 0.118164 -0.4211426 0.1357421 -0.4094238 0.1367187 -0.4123535 0.1171875 -0.4211426 0.1357421 -0.4064942 0.118164 -0.4123535 0.1171875 -0.4064942 0.118164 -0.402832 0.09521484 -0.4123535 0.1171875 -0.4289551 0.1293945 -0.4211426 0.1357421 -0.4174805 0.1142578 -0.4289551 0.1293945 -0.4123535 0.1171875 -0.402832 0.09521484 -0.4174805 0.1142578 -0.4123535 0.1171875 -0.4174805 0.1142578 -0.4355469 0.1220703 -0.4289551 0.1293945 -0.4213867 0.1098632 -0.4355469 0.1220703 -0.4174805 0.1142578 -0.4213867 0.1098632 -0.4174805 0.1142578 -0.402832 0.09521484 -0.4213867 0.1098632 -0.4394531 0.1132812 -0.4355469 0.1220703 -0.4240723 0.1049804 -0.4394531 0.1132812 -0.4213867 0.1098632 -0.402832 0.09521484 -0.4240723 0.1049804 -0.4213867 0.1098632 -0.4240723 0.1049804 -0.4416504 0.1030273 -0.4394531 0.1132812 -0.4248047 0.09912109 -0.4416504 0.1030273 -0.4240723 0.1049804 -0.4248047 0.09912109 -0.4240723 0.1049804 -0.402832 0.09521484 -0.4248047 0.09912109 -0.440918 0.09277343 -0.4416504 0.1030273 -0.4248047 0.09375 -0.440918 0.09277343 -0.4248047 0.09912109 -0.402832 0.09521484 -0.4248047 0.09375 -0.4248047 0.09912109 -0.4248047 0.09375 -0.4387207 0.08300781 -0.440918 0.09277343 -0.4233399 0.0883789 -0.4387207 0.08300781 -0.4248047 0.09375 -0.4233399 0.0883789 -0.4248047 0.09375 -0.402832 0.09521484 -0.4233399 0.0883789 -0.4350586 0.07421875 -0.4387207 0.08300781 -0.402832 0.09521484 -0.4211426 0.08349609 -0.4233399 0.0883789 -0.4211426 0.08349609 -0.4350586 0.07421875 -0.4233399 0.0883789 -0.4174805 0.07910156 -0.4211426 0.08349609 -0.402832 0.09521484 -0.4211426 0.08349609 -0.4323731 0.06640625 -0.4350586 0.07421875 -0.4174805 0.07910156 -0.4323731 0.06640625 -0.4211426 0.08349609 -0.4174805 0.07910156 -0.4150391 0.07226562 -0.4323731 0.06640625 -0.4174805 0.07910156 -0.3977051 0.09130859 -0.4150391 0.07226562 -0.402832 0.09521484 -0.3977051 0.09130859 -0.4174805 0.07910156 -0.402832 0.09521484 -0.3813477 0.1098632 -0.3977051 0.09130859 -0.3881836 0.1123046 -0.3813477 0.1098632 -0.402832 0.09521484 -0.3881836 0.1123046 -0.3740234 0.1279296 -0.3813477 0.1098632 -0.3740234 0.1279296 -0.3352051 0.1591796 -0.3310547 0.1518554 -0.3754883 0.137207 -0.3352051 0.1591796 -0.3740234 0.1279296 -0.3583984 0.1142578 -0.3278809 0.1474609 -0.3222656 0.1362304 -0.3706055 0.121582 -0.3278809 0.1474609 -0.3583984 0.1142578 0.8022461 0.9077759 0.7861328 0.9053955 0.7954102 0.8981323 0.7954102 0.8981323 0.8461914 0.9077759 0.8022461 0.9077759 0.7978516 0.9127197 0.7861328 0.9053955 0.8022461 0.9077759 0.8535156 0.8981323 0.8461914 0.9077759 0.7954102 0.8981323 0.7861328 0.9053955 0.7978516 0.9127197 0.7871094 0.9347534 0.7871094 0.9347534 0.7978516 0.9127197 0.7978516 0.9347534 0.8461914 0.9077759 0.8535156 0.8981323 0.8510742 0.9122315 0.8510742 0.9122315 0.8535156 0.8981323 0.862793 0.9053345 0.862793 0.9053345 0.8510742 0.9347534 0.8510742 0.9122315 0.862793 0.9347534 0.8510742 0.9347534 0.862793 0.9053345 0.7978516 0.9127197 0.8012695 0.9347534 0.7978516 0.9347534 0.8012695 0.9157715 0.8012695 0.9347534 0.7978516 0.9127197 0.8022461 0.9077759 0.8012695 0.9157715 0.7978516 0.9127197 0.8051758 0.9127808 0.8012695 0.9157715 0.8022461 0.9077759 0.8461914 0.9077759 0.8051758 0.9127808 0.8022461 0.9077759 0.84375 0.9129028 0.8051758 0.9127808 0.8461914 0.9077759 0.8510742 0.9122315 0.84375 0.9129028 0.8461914 0.9077759 0.8476563 0.9157715 0.84375 0.9129028 0.8510742 0.9122315 0.8510742 0.9347534 0.8476563 0.9157715 0.8510742 0.9122315 0.8476563 0.9347534 0.8476563 0.9157715 0.8510742 0.9347534 0.4611817 0.3320313 0.4404297 0.2880859 0.4611817 0.2875977 0.4404297 0.331543 0.4404297 0.2880859 0.4611817 0.3320313 0.8012695 0.9157715 0.8041992 0.9347534 0.8012695 0.9347534 0.8041992 0.9194946 0.8041992 0.9347534 0.8012695 0.9157715 0.8051758 0.9127808 0.8041992 0.9194946 0.8012695 0.9157715 0.8071289 0.9167481 0.8041992 0.9194946 0.8051758 0.9127808 0.84375 0.9129028 0.8071289 0.9167481 0.8051758 0.9127808 0.8417969 0.9167481 0.8071289 0.9167481 0.84375 0.9129028 0.8476563 0.9157715 0.8417969 0.9167481 0.84375 0.9129028 0.84375 0.9194946 0.8417969 0.9167481 0.8476563 0.9157715 0.8476563 0.9347534 0.84375 0.9194946 0.8476563 0.9157715 0.84375 0.9346314 0.84375 0.9194946 0.8476563 0.9347534 0.4631348 0.9666748 0.4492188 0.9849396 0.4492188 0.9666748 0.4665527 0.9849396 0.4492188 0.9849396 0.4631348 0.9666748 0.4702149 0.9666748 0.4665527 0.9849396 0.4631348 0.9666748 0.5068359 0.9666748 0.4665527 0.9849396 0.4702149 0.9666748 0.5097656 0.9849396 0.4665527 0.9849396 0.5068359 0.9666748 0.5126953 0.9666748 0.5097656 0.9849396 0.5068359 0.9666748 0.5268555 0.9666748 0.5097656 0.9849396 0.5126953 0.9666748 0.5268555 0.9849396 0.5097656 0.9849396 0.5268555 0.9666748 -0.2137451 0.9053955 -0.1977539 0.9077759 -0.2043457 0.8981323 -0.1535644 0.9077759 -0.2043457 0.8981323 -0.1977539 0.9077759 -0.2022705 0.9127197 -0.1977539 0.9077759 -0.2137451 0.9053955 -0.1464843 0.8981323 -0.2043457 0.8981323 -0.1535644 0.9077759 -0.2137451 0.9053955 -0.2130126 0.9347534 -0.2022705 0.9127197 -0.2022705 0.9127197 -0.2130126 0.9347534 -0.2022705 0.9347534 -0.1535644 0.9077759 -0.1490478 0.9122315 -0.1464843 0.8981323 -0.1464843 0.8981323 -0.1490478 0.9122315 -0.1369628 0.9053345 -0.1490478 0.9347534 -0.1369628 0.9053345 -0.1490478 0.9122315 -0.1369628 0.9347534 -0.1369628 0.9053345 -0.1490478 0.9347534 -0.1988525 0.9347534 -0.2022705 0.9127197 -0.2022705 0.9347534 -0.1988525 0.9157715 -0.2022705 0.9127197 -0.1988525 0.9347534 -0.1988525 0.9157715 -0.1977539 0.9077759 -0.2022705 0.9127197 -0.1948242 0.9127808 -0.1977539 0.9077759 -0.1988525 0.9157715 -0.1948242 0.9127808 -0.1535644 0.9077759 -0.1977539 0.9077759 -0.1564941 0.9129028 -0.1535644 0.9077759 -0.1948242 0.9127808 -0.1564941 0.9129028 -0.1490478 0.9122315 -0.1535644 0.9077759 -0.1524658 0.9157715 -0.1490478 0.9122315 -0.1564941 0.9129028 -0.1524658 0.9157715 -0.1490478 0.9347534 -0.1490478 0.9122315 -0.1524658 0.9347534 -0.1490478 0.9347534 -0.1524658 0.9157715 -0.5595703 0.2880859 -0.5390625 0.3320313 -0.5390625 0.2875977 -0.5595703 0.331543 -0.5390625 0.3320313 -0.5595703 0.2880859 -0.1956787 0.9347534 -0.1988525 0.9157715 -0.1988525 0.9347534 -0.1956787 0.9194946 -0.1988525 0.9157715 -0.1956787 0.9347534 -0.1956787 0.9194946 -0.1948242 0.9127808 -0.1988525 0.9157715 -0.192871 0.9167481 -0.1948242 0.9127808 -0.1956787 0.9194946 -0.192871 0.9167481 -0.1564941 0.9129028 -0.1948242 0.9127808 -0.158081 0.9167481 -0.1564941 0.9129028 -0.192871 0.9167481 -0.158081 0.9167481 -0.1524658 0.9157715 -0.1564941 0.9129028 -0.1564941 0.9194946 -0.1524658 0.9157715 -0.158081 0.9167481 -0.1564941 0.9194946 -0.1524658 0.9347534 -0.1524658 0.9157715 -0.1564941 0.9346314 -0.1524658 0.9347534 -0.1564941 0.9194946 -0.5507813 0.9849396 -0.5371094 0.9666748 -0.5507813 0.9666748 -0.5332031 0.9849396 -0.5371094 0.9666748 -0.5507813 0.9849396 -0.5332031 0.9849396 -0.5297852 0.9666748 -0.5371094 0.9666748 -0.5332031 0.9849396 -0.4929199 0.9666748 -0.5297852 0.9666748 -0.4899902 0.9849396 -0.4929199 0.9666748 -0.5332031 0.9849396 -0.4899902 0.9849396 -0.4870606 0.9666748 -0.4929199 0.9666748 -0.4899902 0.9849396 -0.4731445 0.9666748 -0.4870606 0.9666748 -0.4733887 0.9849396 -0.4731445 0.9666748 -0.4899902 0.9849396 0.04934692 0.1123046 0.02488708 0.07324218 0.05563354 0.07714843 0.0231018 0.1083984 0.02488708 0.07324218 0.04934692 0.1123046 0.01472473 0.06201171 0.05563354 0.07714843 0.02488708 0.07324218 0.01455688 0.02832031 0.05563354 0.07714843 0.01472473 0.06201171 0.005191802 0.06298828 0.02488708 0.07324218 0.01558685 0.07470703 0.01472473 0.06201171 0.02488708 0.07324218 0.005191802 0.06298828 0.005378723 0.009765625 0.01472473 0.06201171 0.005191802 0.06298828 0.01455688 0.02832031 0.01472473 0.06201171 0.005378723 0.009765625 0.05563354 0.07714843 0.005378723 0.009765625 0.06274414 0.07763671 0.01455688 0.02832031 0.005378723 0.009765625 0.05563354 0.07714843 0.05575561 0.1186523 0.05563354 0.07714843 0.06274414 0.07763671 0.04934692 0.1123046 0.05563354 0.07714843 0.05575561 0.1186523 0.02488708 0.07324218 0.01469421 0.1132812 0.01558685 0.07470703 0.0231018 0.1083984 0.01469421 0.1132812 0.02488708 0.07324218 0.01469421 0.1132812 0.04934692 0.1123046 0.05575561 0.1186523 0.0231018 0.1083984 0.04934692 0.1123046 0.01469421 0.1132812 0.069458 0.07080078 0.06158447 0.02880859 0.03234863 0.03222656 0.06817626 0.03564453 0.06158447 0.02880859 0.069458 0.07080078 0.0604248 0.00390625 0.03234863 0.03222656 0.06158447 0.02880859 0.03527832 0.004394531 0.03234863 0.03222656 0.0604248 0.00390625 0.9179688 0.4829102 0.8916016 0.4633789 0.8916016 0.4829102 0.9179688 0.5 0.8916016 0.4829102 0.8916016 0.5002442 0.9179688 0.4829102 0.8916016 0.4829102 0.9179688 0.5 0.9287109 0.4995117 0.9179688 0.4829102 0.9179688 0.5 0.9287109 0.4819336 0.9179688 0.4829102 0.9287109 0.4995117 0.9287109 0.4819336 0.9179688 0.4633789 0.9179688 0.4829102 0.9179688 0.4633789 0.8916016 0.4633789 0.9179688 0.4829102 0.9287109 0.4628906 0.9179688 0.4633789 0.9287109 0.4819336 0.9287109 0.4458008 0.9179688 0.4633789 0.9287109 0.4628906 0.9179688 0.4633789 0.9179688 0.4462891 0.8916016 0.4633789 0.9179688 0.4462891 0.9179688 0.4633789 0.9287109 0.4458008 0.8916016 0.4633789 0.9179688 0.4462891 0.8916016 0.4462891 0.9287109 0.4291992 0.9179688 0.4462891 0.9287109 0.4458008 0.9179688 0.4462891 0.9179688 0.4296875 0.8916016 0.4462891 0.9179688 0.4296875 0.9179688 0.4462891 0.9287109 0.4291992 0.8916016 0.4462891 0.9179688 0.4296875 0.8916016 0.4296875 0.9179688 0.4296875 0.8916016 0.4135742 0.8916016 0.4296875 0.9287109 0.4291992 0.9179688 0.4135742 0.9179688 0.4296875 0.9179688 0.4135742 0.8916016 0.4135742 0.9179688 0.4296875 0.9287109 0.4130859 0.9179688 0.4135742 0.9287109 0.4291992 0.9179688 0.4135742 0.8916016 0.3964844 0.8916016 0.4135742 0.9287109 0.4130859 0.9179688 0.3964844 0.9179688 0.4135742 0.9179688 0.3964844 0.8916016 0.3964844 0.9179688 0.4135742 0.9287109 0.3964844 0.9179688 0.3964844 0.9287109 0.4130859 0.9287109 0.3803711 0.9179688 0.3964844 0.9287109 0.3964844 0.9179688 0.3964844 0.9179688 0.3803711 0.8916016 0.3964844 0.9179688 0.3803711 0.9179688 0.3964844 0.9287109 0.3803711 0.9287109 0.3652344 0.9179688 0.3803711 0.9287109 0.3803711 0.8916016 0.3964844 0.9179688 0.3803711 0.8916016 0.3803711 0.9179688 0.3652344 0.9179688 0.3803711 0.9287109 0.3652344 0.9179688 0.3803711 0.9179688 0.3652344 0.8916016 0.3803711 0.8916016 0.3803711 0.9179688 0.3652344 0.8916016 0.3652344 0.8603516 0.8012695 0.8730469 0.828125 0.8730469 0.8012695 0.8730469 0.828125 0.8862305 0.8012695 0.8730469 0.8012695 0.8603516 0.828125 0.8730469 0.828125 0.8603516 0.8012695 0.8862305 0.828125 0.8862305 0.8012695 0.8730469 0.828125 0.8603516 0.828125 0.8603516 0.8012695 0.8481445 0.828125 0.8862305 0.828125 0.8984375 0.8012695 0.8862305 0.8012695 0.8481445 0.828125 0.8603516 0.8012695 0.8481445 0.8012695 0.8984375 0.828125 0.8984375 0.8012695 0.8862305 0.828125 0.8481445 0.828125 0.8481445 0.8012695 0.8359375 0.828125 0.8359375 0.828125 0.8481445 0.8012695 0.8359375 0.8012695 0.8984375 0.828125 0.9091797 0.8012695 0.8984375 0.8012695 0.9091797 0.828125 0.9091797 0.8012695 0.8984375 0.828125 0.9091797 0.828125 0.9208984 0.8012695 0.9091797 0.8012695 0.9208984 0.828125 0.9208984 0.8012695 0.9091797 0.828125 0.9208984 0.828125 0.9331055 0.8012695 0.9208984 0.8012695 0.9331055 0.828125 0.9331055 0.8012695 0.9208984 0.828125 0.4125977 0.8389893 0.4125977 0.8250733 0.4250488 0.8345947 0.4250488 0.8345947 0.4125977 0.8250733 0.4304199 0.8250733 0.4003906 0.8345947 0.4125977 0.8250733 0.4125977 0.8389893 0.4304199 0.8250733 0.4125977 0.8250733 0.4250488 0.8156738 0.3947754 0.8250733 0.4125977 0.8250733 0.4003906 0.8345947 0.4250488 0.8156738 0.4125977 0.8250733 0.4125977 0.8111572 0.4003906 0.8156738 0.4125977 0.8250733 0.3947754 0.8250733 0.4125977 0.8111572 0.4125977 0.8250733 0.4003906 0.8156738 0.7412109 0.7424317 0.7265625 0.734375 0.7412109 0.7241211 0.7412109 0.7424317 0.7412109 0.7537842 0.7265625 0.734375 0.7265625 0.734375 0.7412109 0.7537842 0.7226563 0.7480469 0.7412109 0.7424317 0.7602539 0.7480469 0.7412109 0.7537842 0.7226563 0.7480469 0.7114258 0.7331543 0.7265625 0.734375 0.7563477 0.734375 0.7602539 0.7480469 0.7412109 0.7424317 0.7563477 0.734375 0.7412109 0.7424317 0.7412109 0.7241211 0.7714844 0.7331543 0.7602539 0.7480469 0.7563477 0.734375 0.7563477 0.734375 0.7714844 0.7148438 0.7714844 0.7331543 0.7265625 0.734375 0.7114258 0.7331543 0.7265625 0.7138672 0.7265625 0.734375 0.7265625 0.7138672 0.7412109 0.7241211 0.7265625 0.7138672 0.7114258 0.7331543 0.7114258 0.7148438 0.7114258 0.7148438 0.7226563 0.6999512 0.7265625 0.7138672 0.7265625 0.7138672 0.7226563 0.6999512 0.7412109 0.7055664 0.7265625 0.7138672 0.7412109 0.7055664 0.7412109 0.7241211 0.7412109 0.7055664 0.7226563 0.6999512 0.7412109 0.6943359 0.7412109 0.7055664 0.7563477 0.7138672 0.7412109 0.7241211 0.7412109 0.7055664 0.7412109 0.6943359 0.7563477 0.7138672 0.7563477 0.7138672 0.7563477 0.734375 0.7412109 0.7241211 0.7563477 0.7138672 0.7412109 0.6943359 0.7602539 0.6999512 0.7563477 0.7138672 0.7714844 0.7148438 0.7563477 0.734375 0.7602539 0.6999512 0.7714844 0.7148438 0.7563477 0.7138672 0.6552734 0.7443848 0.675293 0.737793 0.6630859 0.7338867 0.6552734 0.7443848 0.6630859 0.7338867 0.6430664 0.7275391 0.675293 0.7507324 0.675293 0.737793 0.6552734 0.7443848 0.6430664 0.7275391 0.6630859 0.7338867 0.6552734 0.7233887 0.6430664 0.7275391 0.6552734 0.7233887 0.6430664 0.706543 0.675293 0.7507324 0.6879883 0.7338867 0.675293 0.737793 0.6953125 0.7443848 0.6879883 0.7338867 0.675293 0.7507324 0.6430664 0.706543 0.6552734 0.7233887 0.6552734 0.7106934 0.6430664 0.706543 0.6552734 0.7106934 0.6552734 0.6896973 0.6953125 0.7443848 0.6953125 0.7233887 0.6879883 0.7338867 0.7080078 0.7275391 0.6953125 0.7233887 0.6953125 0.7443848 0.6552734 0.6896973 0.6552734 0.7106934 0.6630859 0.7001953 0.6552734 0.6896973 0.6630859 0.7001953 0.675293 0.6833496 0.7080078 0.7275391 0.6953125 0.7106934 0.6953125 0.7233887 0.7080078 0.706543 0.6953125 0.7106934 0.7080078 0.7275391 0.675293 0.6833496 0.6630859 0.7001953 0.675293 0.6960449 0.675293 0.6833496 0.675293 0.6960449 0.6953125 0.6896973 0.6953125 0.6896973 0.6879883 0.7001953 0.7080078 0.706543 0.6953125 0.6896973 0.675293 0.6960449 0.6879883 0.7001953 0.7080078 0.706543 0.6879883 0.7001953 0.6953125 0.7106934 0.675293 0.6960449 0.6630859 0.7001953 0.675293 0.717041 0.6879883 0.7001953 0.675293 0.6960449 0.675293 0.717041 0.6953125 0.7106934 0.6879883 0.7001953 0.675293 0.717041 0.6630859 0.7001953 0.6552734 0.7106934 0.675293 0.717041 0.6953125 0.7233887 0.6953125 0.7106934 0.675293 0.717041 0.6552734 0.7106934 0.6552734 0.7233887 0.675293 0.717041 0.6879883 0.7338867 0.6953125 0.7233887 0.675293 0.717041 0.6552734 0.7233887 0.6630859 0.7338867 0.675293 0.717041 0.675293 0.737793 0.6879883 0.7338867 0.675293 0.717041 0.6630859 0.7338867 0.675293 0.737793 0.675293 0.717041 0.4492188 0.899231 0.4655762 0.8869019 0.4492188 0.8869019 0.4655762 0.8869019 0.4655762 0.8754883 0.4492188 0.8869019 0.4492188 0.8869019 0.4655762 0.8754883 0.4492188 0.8754883 0.4655762 0.899231 0.4655762 0.8869019 0.4492188 0.899231 0.4655762 0.899231 0.4492188 0.899231 0.4655762 0.9144898 0.4655762 0.9144898 0.4492188 0.899231 0.4492188 0.9144898 0.4492188 0.9299927 0.4655762 0.9144898 0.4492188 0.9144898 0.4655762 0.9299927 0.4655762 0.9144898 0.4492188 0.9299927 0.4492188 0.9442139 0.4655762 0.9299927 0.4492188 0.9299927 0.4655762 0.9442139 0.4655762 0.9299927 0.4492188 0.9442139 0.4655762 0.9442139 0.4492188 0.9442139 0.4655762 0.9577942 0.4655762 0.9577942 0.4492188 0.9442139 0.4492188 0.9577942 0.4655762 0.899231 0.4711914 0.8881226 0.4655762 0.8869019 0.4711914 0.8881226 0.4711914 0.8772583 0.4655762 0.8869019 0.4655762 0.8869019 0.4711914 0.8772583 0.4655762 0.8754883 0.4711914 0.9073486 0.4711914 0.8881226 0.4655762 0.899231 0.4655762 0.899231 0.4655762 0.9144898 0.4711914 0.9073486 0.4655762 0.9299927 0.4711914 0.9073486 0.4655762 0.9144898 0.4711914 0.9286499 0.4711914 0.9073486 0.4655762 0.9299927 0.4655762 0.9442139 0.4711914 0.9286499 0.4655762 0.9299927 0.4711914 0.9416504 0.4711914 0.9286499 0.4655762 0.9442139 0.4655762 0.9577942 0.4711914 0.9416504 0.4655762 0.9442139 0.4711914 0.9546204 0.4711914 0.9416504 0.4655762 0.9577942 0.5219727 0.9559631 0.534668 0.9435425 0.5219727 0.9425964 0.534668 0.9573059 0.534668 0.9435425 0.5219727 0.9559631 0.5219727 0.9559631 0.5219727 0.9425964 0.5097656 0.9546204 0.534668 0.9298096 0.5219727 0.9425964 0.534668 0.9435425 0.5097656 0.9546204 0.5219727 0.9425964 0.5097656 0.9416504 0.5219727 0.9425964 0.5219727 0.9292603 0.5097656 0.9416504 0.5219727 0.9292603 0.5219727 0.9425964 0.534668 0.9298096 0.5097656 0.9416504 0.5219727 0.9292603 0.5097656 0.9287109 0.5097656 0.9287109 0.5219727 0.9292603 0.5097656 0.9073486 0.5219727 0.9292603 0.534668 0.9298096 0.5219727 0.9146118 0.5097656 0.9073486 0.5219727 0.9292603 0.5219727 0.9146118 0.5219727 0.9146118 0.534668 0.9298096 0.534668 0.9147339 0.5219727 0.9146118 0.534668 0.9147339 0.5219727 0.8999024 0.5097656 0.9073486 0.5219727 0.9146118 0.5219727 0.8999024 0.5219727 0.8999024 0.534668 0.9147339 0.534668 0.8995972 0.534668 0.8867798 0.5219727 0.8999024 0.534668 0.8995972 0.5219727 0.8999024 0.5219727 0.8874512 0.5097656 0.9073486 0.5219727 0.8874512 0.5219727 0.8999024 0.534668 0.8867798 0.5097656 0.9073486 0.5219727 0.8874512 0.5097656 0.8881226 0.5097656 0.8881226 0.5219727 0.8874512 0.5097656 0.8772583 0.5097656 0.8772583 0.5219727 0.8874512 0.5219727 0.8762207 0.5219727 0.8874512 0.534668 0.8867798 0.5219727 0.8762207 0.5219727 0.8762207 0.534668 0.8867798 0.534668 0.8752442 0.486084 0.8881226 0.4711914 0.9073486 0.486084 0.9073486 0.4711914 0.8881226 0.4711914 0.9073486 0.486084 0.8881226 0.4711914 0.9073486 0.4711914 0.9286499 0.486084 0.9073486 0.486084 0.8772583 0.4711914 0.8881226 0.486084 0.8881226 0.4711914 0.8772583 0.4711914 0.8881226 0.486084 0.8772583 0.486084 0.8772583 0.486084 0.8881226 0.4973145 0.8772583 0.4973145 0.8772583 0.486084 0.8881226 0.4973145 0.8881226 0.486084 0.8881226 0.486084 0.9073486 0.4973145 0.8881226 0.4973145 0.8772583 0.4973145 0.8881226 0.5097656 0.8772583 0.5097656 0.8772583 0.4973145 0.8881226 0.5097656 0.8881226 0.4973145 0.8881226 0.4973145 0.9073486 0.5097656 0.8881226 0.4973145 0.8881226 0.486084 0.9073486 0.4973145 0.9073486 0.5097656 0.8881226 0.4973145 0.9073486 0.5097656 0.9073486 0.486084 0.9073486 0.486084 0.9286499 0.4973145 0.9073486 0.486084 0.9073486 0.4711914 0.9286499 0.486084 0.9286499 0.4973145 0.9073486 0.4973145 0.9286499 0.5097656 0.9073486 0.4973145 0.9073486 0.486084 0.9286499 0.4973145 0.9286499 0.5097656 0.9073486 0.4973145 0.9286499 0.5097656 0.9287109 0.4711914 0.9286499 0.486084 0.9416504 0.486084 0.9286499 0.486084 0.9286499 0.486084 0.9416504 0.4973145 0.9286499 0.4711914 0.9416504 0.486084 0.9416504 0.4711914 0.9286499 0.4711914 0.9416504 0.4711914 0.9546204 0.486084 0.9416504 0.486084 0.9416504 0.4711914 0.9546204 0.486084 0.9546204 0.4973145 0.9286499 0.4973145 0.9416504 0.5097656 0.9287109 0.4973145 0.9286499 0.486084 0.9416504 0.4973145 0.9416504 0.486084 0.9416504 0.486084 0.9546204 0.4973145 0.9416504 0.5097656 0.9287109 0.4973145 0.9416504 0.5097656 0.9416504 0.4973145 0.9416504 0.486084 0.9546204 0.4973145 0.9546204 0.4973145 0.9416504 0.4973145 0.9546204 0.5097656 0.9416504 0.5097656 0.9416504 0.4973145 0.9546204 0.5097656 0.9546204 0.6064453 0.2631836 0.6274414 0.3330078 0.609375 0.3330078 0.6220703 0.2631836 0.6274414 0.3330078 0.6064453 0.2631836 0.6064453 0.2631836 0.609375 0.3330078 0.590332 0.2631836 0.6518555 0.2631836 0.6274414 0.3330078 0.6220703 0.2631836 0.590332 0.2631836 0.609375 0.3330078 0.590332 0.3330078 0.6611328 0.3330078 0.6274414 0.3330078 0.6518555 0.2631836 0.590332 0.3330078 0.5712891 0.3330078 0.590332 0.2631836 0.6611328 0.3330078 0.6518555 0.2631836 0.6723633 0.2631836 0.590332 0.2631836 0.5712891 0.3330078 0.574707 0.2631836 0.6611328 0.3330078 0.6723633 0.2631836 0.6865234 0.3330078 0.5712891 0.3330078 0.5537109 0.3330078 0.574707 0.2631836 0.6865234 0.3330078 0.6723633 0.2631836 0.6904297 0.2631836 0.574707 0.2631836 0.5537109 0.3330078 0.559082 0.2631836 0.6904297 0.2631836 0.6967774 0.3330078 0.6865234 0.3330078 0.5195313 0.3330078 0.559082 0.2631836 0.5537109 0.3330078 0.7001953 0.2631836 0.6967774 0.3330078 0.6904297 0.2631836 0.5292969 0.2631836 0.559082 0.2631836 0.5195313 0.3330078 0.6967774 0.3330078 0.7001953 0.2631836 0.7070313 0.3330078 0.7070313 0.3330078 0.7001953 0.2631836 0.7080078 0.2631836 0.5292969 0.2631836 0.5195313 0.3330078 0.5083008 0.2631836 0.5195313 0.3330078 0.4943848 0.3330078 0.5083008 0.2631836 0.5083008 0.2631836 0.4943848 0.3330078 0.4904785 0.2631836 0.4838867 0.3330078 0.4904785 0.2631836 0.4943848 0.3330078 0.4804688 0.2631836 0.4904785 0.2631836 0.4838867 0.3330078 0.4838867 0.3330078 0.4736328 0.3330078 0.4804688 0.2631836 0.4804688 0.2631836 0.4736328 0.3330078 0.4726563 0.2631836 0.6689453 0.4277344 0.6425781 0.4101563 0.6640625 0.4101563 0.6499024 0.4287109 0.6425781 0.4101563 0.6689453 0.4277344 0.6640625 0.4101563 0.6899414 0.421875 0.6689453 0.4277344 0.6274414 0.4223633 0.6425781 0.4101563 0.6499024 0.4287109 0.6860352 0.40625 0.6899414 0.421875 0.6640625 0.4101563 0.6860352 0.40625 0.7045899 0.4077149 0.6899414 0.421875 0.6264649 0.4121094 0.6425781 0.4101563 0.6274414 0.4223633 0.6020508 0.4130859 0.6264649 0.4121094 0.6274414 0.4223633 0.6098633 0.4077149 0.6264649 0.4121094 0.6020508 0.4130859 0.6098633 0.4077149 0.6020508 0.4130859 0.6049805 0.3896484 0.6049805 0.3896484 0.6020508 0.4130859 0.5961914 0.3886719 0.5961914 0.3886719 0.6030274 0.3647461 0.6049805 0.3896484 0.6049805 0.3896484 0.6030274 0.3647461 0.6088867 0.3710938 0.6088867 0.3710938 0.6030274 0.3647461 0.6259766 0.3666992 0.6259766 0.3666992 0.6030274 0.3647461 0.6264649 0.355957 0.6259766 0.3666992 0.6264649 0.355957 0.6420899 0.3686524 0.6420899 0.3686524 0.6264649 0.355957 0.6489258 0.3486328 0.6489258 0.3486328 0.6679688 0.3486328 0.6420899 0.3686524 0.640625 0.3896484 0.6259766 0.3666992 0.6420899 0.3686524 0.625 0.3896484 0.6259766 0.3666992 0.640625 0.3896484 0.625 0.3896484 0.640625 0.3896484 0.6264649 0.4121094 0.6264649 0.4121094 0.640625 0.3896484 0.6425781 0.4101563 0.640625 0.3896484 0.6625977 0.3886719 0.6425781 0.4101563 0.640625 0.3896484 0.6420899 0.3686524 0.6625977 0.3886719 0.6425781 0.4101563 0.6625977 0.3886719 0.6640625 0.4101563 0.6625977 0.3886719 0.6420899 0.3686524 0.6635742 0.3676758 0.6420899 0.3686524 0.6679688 0.3486328 0.6635742 0.3676758 0.6894531 0.3535156 0.6635742 0.3676758 0.6679688 0.3486328 0.684082 0.3881836 0.6640625 0.4101563 0.6625977 0.3886719 0.6635742 0.3676758 0.684082 0.3881836 0.6625977 0.3886719 0.6860352 0.40625 0.6640625 0.4101563 0.684082 0.3881836 0.6855469 0.3701172 0.6635742 0.3676758 0.6894531 0.3535156 0.6855469 0.3701172 0.684082 0.3881836 0.6635742 0.3676758 0.7041016 0.3671875 0.6855469 0.3701172 0.6894531 0.3535156 0.699707 0.3876953 0.6860352 0.40625 0.684082 0.3881836 0.6855469 0.3701172 0.699707 0.3876953 0.684082 0.3881836 0.7006836 0.3764649 0.6855469 0.3701172 0.7041016 0.3671875 0.7006836 0.3764649 0.699707 0.3876953 0.6855469 0.3701172 0.7104492 0.387207 0.7006836 0.3764649 0.7041016 0.3671875 0.7104492 0.387207 0.699707 0.3876953 0.7006836 0.3764649 0.7011719 0.3989258 0.6860352 0.40625 0.699707 0.3876953 0.699707 0.3876953 0.7104492 0.387207 0.7011719 0.3989258 0.7011719 0.3989258 0.7045899 0.4077149 0.6860352 0.40625 0.7011719 0.3989258 0.7104492 0.387207 0.7045899 0.4077149 0.05966186 0.9368897 0.02619934 0.9838715 0.02610778 0.9410095 0.02610778 0.9410095 0.02619934 0.9838715 0.01105499 0.9494324 0.01105499 0.9494324 0.02619934 0.9838715 0.01110839 0.9755707 0.004455566 0.9625244 0.01105499 0.9494324 0.01110839 0.9755707 0.05975341 0.9877472 0.02619934 0.9838715 0.05966186 0.9368897 0.05966186 0.9368897 0.0960083 0.9828034 0.05975341 0.9877472 0.09594726 0.9415588 0.0960083 0.9828034 0.05966186 0.9368897 0.09594726 0.9415588 0.1141967 0.9751892 0.0960083 0.9828034 0.1141357 0.9490357 0.1141967 0.9751892 0.09594726 0.9415588 0.1141967 0.9751892 0.1141357 0.9490357 0.1207885 0.9620972 0.9819336 0.8342285 0.9770508 0.8695068 0.9692383 0.866333 0.9692383 0.866333 0.9770508 0.8695068 0.9633789 0.8851318 0.9848633 0.8527832 0.9770508 0.8695068 0.9819336 0.8342285 0.956543 0.8894653 0.9692383 0.866333 0.9633789 0.8851318 0.9819336 0.8342285 0.9912109 0.8156738 0.9848633 0.8527832 0.9575195 0.8728027 0.9692383 0.866333 0.956543 0.8894653 0.9819336 0.8342285 0.9863281 0.7801514 0.9912109 0.8156738 0.9575195 0.8728027 0.9570313 0.8551025 0.9692383 0.866333 0.9799805 0.7844238 0.9863281 0.7801514 0.9819336 0.8342285 0.9692383 0.866333 0.9570313 0.8551025 0.9638672 0.8532715 0.9638672 0.8532715 0.9819336 0.8342285 0.9692383 0.866333 0.9799805 0.7844238 0.9819336 0.8342285 0.9570313 0.8037109 0.965332 0.8261719 0.9819336 0.8342285 0.9638672 0.8532715 0.9570313 0.8037109 0.9819336 0.8342285 0.965332 0.8261719 0.3625488 0.7554932 0.3449707 0.77771 0.3449707 0.7591553 0.3449707 0.7591553 0.3449707 0.77771 0.3286133 0.7684326 0.3625488 0.7814942 0.3449707 0.77771 0.3625488 0.7554932 0.3942871 0.7495117 0.3674317 0.7819824 0.3674317 0.7548828 0.3942871 0.7874756 0.3674317 0.7819824 0.3942871 0.7495117 0.40625 0.7684326 0.3942871 0.7874756 0.3942871 0.7495117 0.4162598 0.7438965 0.40625 0.7684326 0.3942871 0.7495117 0.4162598 0.7929688 0.3942871 0.7874756 0.40625 0.7684326 0.3144531 0.6850586 0.3095703 0.7202149 0.3059082 0.685791 0.3144531 0.6850586 0.3059082 0.685791 0.3054199 0.6662598 0.3173828 0.703125 0.3095703 0.7202149 0.3144531 0.6850586 0.3059082 0.685791 0.2998047 0.6601563 0.3054199 0.6662598 0.3139649 0.7407227 0.3095703 0.7202149 0.3173828 0.703125 0.2963867 0.6765137 0.2998047 0.6601563 0.3059082 0.685791 0.2995606 0.7734375 0.3095703 0.7202149 0.3139649 0.7407227 0.2963867 0.6765137 0.3059082 0.685791 0.2912598 0.6933594 0.2949219 0.7677002 0.3095703 0.7202149 0.2995606 0.7734375 0.2912598 0.6933594 0.3059082 0.685791 0.2971192 0.6970215 0.3095703 0.7202149 0.2971192 0.6970215 0.3059082 0.685791 0.2949219 0.7677002 0.2775879 0.7429199 0.3095703 0.7202149 0.3095703 0.7202149 0.2915039 0.7233887 0.2971192 0.6970215 0.3095703 0.7202149 0.2775879 0.7429199 0.2915039 0.7233887 0.3625488 0.7554932 0.3674317 0.7819824 0.3625488 0.7814942 0.3674317 0.7548828 0.3674317 0.7819824 0.3625488 0.7554932 0.4316406 0.6586914 0.4287109 0.6860352 0.3793945 0.6599121 0.4321289 0.6877442 0.4287109 0.6860352 0.4396973 0.6687012 0.4396973 0.6687012 0.4287109 0.6860352 0.4316406 0.6586914 0.4399414 0.6484375 0.4396973 0.6687012 0.4316406 0.6586914 0.4069824 0.7055664 0.3793945 0.6599121 0.4287109 0.6860352 0.4399414 0.6484375 0.4316406 0.6586914 0.4328613 0.6296387 0.378418 0.7143555 0.3793945 0.6599121 0.4069824 0.7055664 0.4328613 0.6296387 0.4316406 0.6586914 0.4257813 0.6337891 0.4257813 0.6337891 0.4316406 0.6586914 0.3793945 0.6599121 0.4328613 0.6296387 0.4257813 0.6337891 0.4194336 0.614502 0.378418 0.7143555 0.3500977 0.7067871 0.3793945 0.6599121 0.4194336 0.614502 0.4257813 0.6337891 0.40625 0.6164551 0.4257813 0.6337891 0.3793945 0.6599121 0.40625 0.6164551 0.4011231 0.6049805 0.4194336 0.614502 0.40625 0.6164551 0.4011231 0.6049805 0.40625 0.6164551 0.380127 0.6020508 0.3500977 0.7067871 0.3291016 0.6882324 0.3793945 0.6599121 0.380127 0.6020508 0.40625 0.6164551 0.380127 0.6096192 0.40625 0.6164551 0.3793945 0.6599121 0.380127 0.6096192 0.380127 0.6020508 0.380127 0.6096192 0.3591309 0.605957 0.3256836 0.6901856 0.3186035 0.6713867 0.3291016 0.6882324 0.3591309 0.605957 0.380127 0.6096192 0.3537598 0.6176758 0.3537598 0.6176758 0.380127 0.6096192 0.3793945 0.6599121 0.3405762 0.6164551 0.3591309 0.605957 0.3537598 0.6176758 0.3405762 0.6164551 0.3537598 0.6176758 0.3266602 0.6320801 0.3186035 0.6713867 0.3269043 0.6611328 0.3291016 0.6882324 0.3269043 0.6611328 0.3793945 0.6599121 0.3291016 0.6882324 0.3186035 0.6713867 0.3190918 0.6511231 0.3269043 0.6611328 0.3337402 0.6357422 0.3537598 0.6176758 0.3793945 0.6599121 0.3337402 0.6357422 0.3793945 0.6599121 0.3269043 0.6611328 0.3266602 0.6320801 0.3537598 0.6176758 0.3337402 0.6357422 0.3190918 0.6511231 0.3337402 0.6357422 0.3269043 0.6611328 0.3266602 0.6320801 0.3337402 0.6357422 0.3190918 0.6511231 0.5317383 0.5917969 0.5444336 0.5878906 0.5507813 0.6335449 0.5444336 0.5878906 0.5581055 0.5881348 0.5507813 0.6335449 0.5180664 0.6103516 0.5317383 0.5917969 0.5507813 0.6335449 0.5581055 0.5881348 0.5703125 0.59375 0.5507813 0.6335449 0.512207 0.6333008 0.5180664 0.6103516 0.5507813 0.6335449 0.5703125 0.59375 0.5805664 0.6040039 0.5507813 0.6335449 0.5180664 0.6564942 0.512207 0.6333008 0.5507813 0.6335449 0.5805664 0.6040039 0.5874024 0.6181641 0.5507813 0.6335449 0.5317383 0.6745606 0.5180664 0.6564942 0.5507813 0.6335449 0.5874024 0.6181641 0.5898438 0.6340332 0.5507813 0.6335449 0.5439453 0.6789551 0.5317383 0.6745606 0.5507813 0.6335449 0.5898438 0.6340332 0.5874024 0.6496582 0.5507813 0.6335449 0.5576172 0.6791992 0.5439453 0.6789551 0.5507813 0.6335449 0.5874024 0.6496582 0.5805664 0.6635742 0.5507813 0.6335449 0.5703125 0.6738281 0.5576172 0.6791992 0.5507813 0.6335449 0.5805664 0.6635742 0.5703125 0.6738281 0.5507813 0.6335449 0.07373046 0.8012695 0.004489898 0.8117676 0.07373046 0.8117676 0.004489898 0.8012695 0.004489898 0.8117676 0.07373046 0.8012695 0.1429443 0.8117676 0.07373046 0.8012695 0.07373046 0.8117676 0.1429443 0.8012695 0.07373046 0.8012695 0.1429443 0.8117676 0.4992676 0.5976563 0.5317383 0.5917969 0.5180664 0.6103516 0.5126953 0.5925293 0.5317383 0.5917969 0.4992676 0.5976563 0.512207 0.6333008 0.4992676 0.5976563 0.5180664 0.6103516 0.4990234 0.6682129 0.4992676 0.5976563 0.512207 0.6333008 0.5180664 0.6564942 0.4990234 0.6682129 0.512207 0.6333008 0.5317383 0.6745606 0.4990234 0.6682129 0.5180664 0.6564942 0.512207 0.6733399 0.4990234 0.6682129 0.5317383 0.6745606 0.07373046 0.9268799 0.004489898 0.9157715 0.004489898 0.9268799 0.07373046 0.9157715 0.004489898 0.9157715 0.07373046 0.9268799 0.07373046 0.9157715 0.07373046 0.9268799 0.1429443 0.9157715 0.1429443 0.9157715 0.07373046 0.9268799 0.1429443 0.9268799 0.08679199 0.9047241 0.04113769 0.8635254 0.03063964 0.8936768 0.004489898 0.9157715 0.08679199 0.9047241 0.03063964 0.8936768 0.07373046 0.9157715 0.08679199 0.9047241 0.004489898 0.9157715 0.04113769 0.8635254 0.08679199 0.9047241 0.0861206 0.8227539 0.02929687 0.8337402 0.04113769 0.8635254 0.0861206 0.8227539 0.0861206 0.8227539 0.004489898 0.8117676 0.02929687 0.8337402 0.07373046 0.8117676 0.004489898 0.8117676 0.0861206 0.8227539 0.1429443 0.8117676 0.08679199 0.9047241 0.1429443 0.9157715 0.1429443 0.9157715 0.08679199 0.9047241 0.07373046 0.9157715 0.0861206 0.8227539 0.08679199 0.9047241 0.1429443 0.8117676 0.07373046 0.8117676 0.0861206 0.8227539 0.1429443 0.8117676 0.4523926 0.5932617 0.5126953 0.5925293 0.4992676 0.5976563 0.4992676 0.5976563 0.4521484 0.6726074 0.4523926 0.5932617 0.4990234 0.6682129 0.4521484 0.6726074 0.4992676 0.5976563 0.4521484 0.6726074 0.4990234 0.6682129 0.512207 0.6733399 0.894043 0.8876953 0.8735352 0.8736572 0.894043 0.8736572 0.894043 0.8876953 0.894043 0.8736572 0.9145508 0.8876953 0.8735352 0.8876953 0.8735352 0.8736572 0.894043 0.8876953 0.9145508 0.8876953 0.894043 0.8736572 0.9145508 0.8736572 0.8735352 0.8876953 0.8535156 0.8736572 0.8735352 0.8736572 0.9145508 0.8876953 0.9145508 0.8736572 0.9345703 0.8876953 0.9345703 0.8876953 0.9145508 0.8736572 0.9345703 0.8736572 0.8535156 0.8876953 0.8535156 0.8736572 0.8735352 0.8876953 0.8535156 0.8876953 0.8330078 0.8736572 0.8535156 0.8736572 0.8330078 0.8876953 0.8330078 0.8736572 0.8535156 0.8876953 0.8330078 0.8876953 0.8125 0.8736572 0.8330078 0.8736572 0.8125 0.8876953 0.8125 0.8736572 0.8330078 0.8876953 0.8125 0.8876953 0.7924805 0.8736572 0.8125 0.8736572 0.7924805 0.8876953 0.7924805 0.8736572 0.8125 0.8876953 0.7924805 0.8876953 0.7719727 0.8736572 0.7924805 0.8736572 0.7719727 0.8876953 0.7719727 0.8736572 0.7924805 0.8876953 0.7719727 0.8876953 0.7514649 0.8736572 0.7719727 0.8736572 0.7514649 0.8876953 0.7514649 0.8736572 0.7719727 0.8876953 0.7514649 0.8876953 0.730957 0.8736572 0.7514649 0.8736572 0.730957 0.8876953 0.730957 0.8736572 0.7514649 0.8876953 0.730957 0.8876953 0.7109375 0.8736572 0.730957 0.8736572 0.7109375 0.8876953 0.7109375 0.8736572 0.730957 0.8876953 0.7109375 0.8876953 0.6904297 0.8736572 0.7109375 0.8736572 0.6904297 0.8876953 0.6904297 0.8736572 0.7109375 0.8876953 0.2834473 0.4833984 0.2858887 0.4985352 0.2717285 0.4921875 0.2858887 0.4985352 0.2861328 0.5024414 0.2717285 0.4921875 0.2890625 0.4960938 0.2858887 0.4985352 0.2834473 0.4833984 0.2717285 0.4921875 0.2861328 0.5024414 0.2724609 0.5065918 0.2988281 0.4838867 0.2890625 0.4960938 0.2834473 0.4833984 0.2861328 0.5024414 0.2888184 0.5053711 0.2724609 0.5065918 0.2929688 0.496582 0.2890625 0.4960938 0.2988281 0.4838867 0.2724609 0.5065918 0.2888184 0.5053711 0.282959 0.5175781 0.3095703 0.4951172 0.2929688 0.496582 0.2988281 0.4838867 0.2888184 0.5053711 0.2929688 0.5053711 0.282959 0.5175781 0.2958984 0.4995117 0.2929688 0.496582 0.3095703 0.4951172 0.282959 0.5175781 0.2929688 0.5053711 0.298584 0.5180664 0.3100586 0.5092774 0.2958984 0.4995117 0.3095703 0.4951172 0.2929688 0.5053711 0.2958984 0.5031738 0.298584 0.5180664 0.2958984 0.5031738 0.2958984 0.4995117 0.3100586 0.5092774 0.298584 0.5180664 0.2958984 0.5031738 0.3100586 0.5092774 0.828125 0.779419 0.7983399 0.7607422 0.7983399 0.779419 0.828125 0.7607422 0.7983399 0.7607422 0.828125 0.779419 0.8574219 0.779419 0.828125 0.7607422 0.828125 0.779419 0.8574219 0.7607422 0.828125 0.7607422 0.8574219 0.779419 0.887207 0.779419 0.8574219 0.7607422 0.8574219 0.779419 0.887207 0.7607422 0.8574219 0.7607422 0.887207 0.779419 0.9165039 0.779419 0.887207 0.7607422 0.887207 0.779419 0.9165039 0.7607422 0.887207 0.7607422 0.9165039 0.779419 0.9462891 0.779419 0.9165039 0.7607422 0.9165039 0.779419 0.9462891 0.7607422 0.9165039 0.7607422 0.9462891 0.779419 0.9760742 0.779419 0.9462891 0.7607422 0.9462891 0.779419 0.9760742 0.7607422 0.9462891 0.7607422 0.9760742 0.779419 0.7685547 0.779419 0.7392578 0.7607422 0.7392578 0.779419 0.7685547 0.7607422 0.7392578 0.7607422 0.7685547 0.779419 0.7983399 0.779419 0.7685547 0.7607422 0.7685547 0.779419 0.7983399 0.7607422 0.7685547 0.7607422 0.7983399 0.779419 0.9902344 0.9182129 0.9726563 0.9306641 0.9902344 0.9306641 0.9726563 0.9306641 0.9726563 0.9430847 0.9902344 0.9306641 0.9726563 0.9182129 0.9726563 0.9306641 0.9902344 0.9182129 0.9902344 0.9306641 0.9726563 0.9430847 0.9902344 0.9430847 0.9902344 0.9058228 0.9726563 0.9182129 0.9902344 0.9182129 0.9726563 0.9430847 0.9726563 0.9554749 0.9902344 0.9430847 0.9726563 0.9058228 0.9726563 0.9182129 0.9902344 0.9058228 0.9902344 0.9430847 0.9726563 0.9554749 0.9902344 0.9554749 0.9902344 0.8934326 0.9726563 0.9058228 0.9902344 0.9058228 0.9726563 0.8934326 0.9726563 0.9058228 0.9902344 0.8934326 0.9726563 0.9554749 0.9726563 0.9678955 0.9902344 0.9554749 0.9902344 0.9554749 0.9726563 0.9678955 0.9902344 0.9678955 0.9726563 0.9678955 0.9726563 0.9803162 0.9902344 0.9678955 0.9902344 0.9678955 0.9726563 0.9803162 0.9902344 0.9803162 0.9726563 0.9803162 0.9726563 0.992733 0.9902344 0.9803162 0.9902344 0.9803162 0.9726563 0.992733 0.9902344 0.992733 0.8535156 0.8638916 0.8803711 0.8441162 0.8803711 0.8638916 0.8803711 0.8441162 0.9077149 0.8441162 0.8803711 0.8638916 0.8803711 0.8638916 0.9077149 0.8441162 0.9077149 0.8638916 0.8535156 0.8441162 0.8803711 0.8441162 0.8535156 0.8638916 0.8261719 0.8638916 0.8535156 0.8441162 0.8535156 0.8638916 0.8261719 0.8441162 0.8535156 0.8441162 0.8261719 0.8638916 0.7993164 0.8638916 0.8261719 0.8441162 0.8261719 0.8638916 0.7993164 0.8441162 0.8261719 0.8441162 0.7993164 0.8638916 0.7719727 0.8638916 0.7993164 0.8441162 0.7993164 0.8638916 0.7719727 0.8441162 0.7993164 0.8441162 0.7719727 0.8638916 0.7446289 0.8638916 0.7719727 0.8441162 0.7719727 0.8638916 0.7446289 0.8441162 0.7719727 0.8441162 0.7446289 0.8638916 0.7177734 0.8638916 0.7446289 0.8441162 0.7446289 0.8638916 0.7177734 0.8441162 0.7446289 0.8441162 0.7177734 0.8638916 0.6904297 0.8638916 0.7177734 0.8441162 0.7177734 0.8638916 0.6904297 0.8441162 0.7177734 0.8441162 0.6904297 0.8638916 0.6191406 0.968689 0.6025391 0.9485474 0.6157227 0.9519348 0.6025391 0.9485474 0.6123047 0.9332275 0.6157227 0.9519348 0.6030274 0.9664612 0.6025391 0.9485474 0.6191406 0.968689 0.6157227 0.9519348 0.6123047 0.9332275 0.6269531 0.9391785 0.6132813 0.9821777 0.6030274 0.9664612 0.6191406 0.968689 0.6123047 0.9332275 0.6289063 0.9246216 0.6269531 0.9391785 0.6337891 0.9798279 0.6132813 0.9821777 0.6191406 0.968689 0.6289063 0.9246216 0.6484375 0.9249878 0.6269531 0.9391785 0.6303711 0.9914627 0.6132813 0.9821777 0.6337891 0.9798279 0.6269531 0.9391785 0.6484375 0.9249878 0.6455078 0.9366455 0.6518555 0.9772797 0.6303711 0.9914627 0.6337891 0.9798279 0.6484375 0.9249878 0.6660156 0.9342651 0.6455078 0.9366455 0.6499024 0.9918442 0.6303711 0.9914627 0.6518555 0.9772797 0.6455078 0.9366455 0.6660156 0.9342651 0.659668 0.9477539 0.6669922 0.9832153 0.6499024 0.9918442 0.6518555 0.9772797 0.6660156 0.9342651 0.6757813 0.9499817 0.659668 0.9477539 0.6635742 0.9645081 0.6669922 0.9832153 0.6518555 0.9772797 0.6757813 0.9499817 0.6762695 0.9678955 0.659668 0.9477539 0.6762695 0.9678955 0.6669922 0.9832153 0.6635742 0.9645081 0.659668 0.9477539 0.6762695 0.9678955 0.6635742 0.9645081 0.3103027 0.8387451 0.3034668 0.822876 0.3146973 0.8182373 0.3034668 0.822876 0.3137207 0.8071289 0.3146973 0.8182373 0.3029785 0.8406983 0.3034668 0.822876 0.3103027 0.8387451 0.3244629 0.8544922 0.3029785 0.8406983 0.3103027 0.8387451 0.3122559 0.8560791 0.3029785 0.8406983 0.3244629 0.8544922 0.3291016 0.864624 0.3122559 0.8560791 0.3244629 0.8544922 0.3469238 0.857666 0.3291016 0.864624 0.3244629 0.8544922 0.348877 0.8642578 0.3291016 0.864624 0.3469238 0.857666 0.3649902 0.8439942 0.348877 0.8642578 0.3469238 0.857666 0.3662109 0.8551025 0.348877 0.8642578 0.3649902 0.8439942 0.3764649 0.8393555 0.3662109 0.8551025 0.3649902 0.8439942 0.3693848 0.8233643 0.3764649 0.8393555 0.3649902 0.8439942 0.376709 0.8215332 0.3764649 0.8393555 0.3693848 0.8233643 0.3552246 0.8077393 0.376709 0.8215332 0.3693848 0.8233643 0.3674317 0.8061524 0.376709 0.8215332 0.3552246 0.8077393 0.3505859 0.7974854 0.3674317 0.8061524 0.3552246 0.8077393 0.3327637 0.8045654 0.3505859 0.7974854 0.3552246 0.8077393 0.3308106 0.7978516 0.3505859 0.7974854 0.3327637 0.8045654 0.3146973 0.8182373 0.3308106 0.7978516 0.3327637 0.8045654 0.3137207 0.8071289 0.3308106 0.7978516 0.3146973 0.8182373 -0.1263427 0.8736572 -0.1058959 0.8876953 -0.1058959 0.8736572 -0.1058959 0.8876953 -0.08557128 0.8876953 -0.1058959 0.8736572 -0.1263427 0.8876953 -0.1058959 0.8876953 -0.1263427 0.8736572 -0.1058959 0.8736572 -0.08557128 0.8876953 -0.08557128 0.8736572 -0.1466064 0.8736572 -0.1263427 0.8876953 -0.1263427 0.8736572 -0.08557128 0.8876953 -0.06518554 0.8876953 -0.08557128 0.8736572 -0.08557128 0.8736572 -0.06518554 0.8876953 -0.06518554 0.8736572 -0.1466064 0.8876953 -0.1263427 0.8876953 -0.1466064 0.8736572 -0.1669921 0.8736572 -0.1466064 0.8876953 -0.1466064 0.8736572 -0.1669921 0.8876953 -0.1466064 0.8876953 -0.1669921 0.8736572 -0.1873779 0.8736572 -0.1669921 0.8876953 -0.1669921 0.8736572 -0.1873779 0.8876953 -0.1669921 0.8876953 -0.1873779 0.8736572 -0.2077636 0.8736572 -0.1873779 0.8876953 -0.1873779 0.8736572 -0.2077636 0.8876953 -0.1873779 0.8876953 -0.2077636 0.8736572 -0.2281494 0.8736572 -0.2077636 0.8876953 -0.2077636 0.8736572 -0.2281494 0.8876953 -0.2077636 0.8876953 -0.2281494 0.8736572 -0.2485351 0.8736572 -0.2281494 0.8876953 -0.2281494 0.8736572 -0.2485351 0.8876953 -0.2281494 0.8876953 -0.2485351 0.8736572 -0.2687988 0.8736572 -0.2485351 0.8876953 -0.2485351 0.8736572 -0.2687988 0.8876953 -0.2485351 0.8876953 -0.2687988 0.8736572 -0.2893067 0.8736572 -0.2687988 0.8876953 -0.2687988 0.8736572 -0.2893067 0.8876953 -0.2687988 0.8876953 -0.2893067 0.8736572 -0.3095703 0.8736572 -0.2893067 0.8876953 -0.2893067 0.8736572 -0.3095703 0.8876953 -0.2893067 0.8876953 -0.3095703 0.8736572 -0.7138672 0.4985352 -0.7167969 0.4833984 -0.7280274 0.4921875 -0.7138672 0.4985352 -0.7280274 0.4921875 -0.7138672 0.5024414 -0.7109375 0.4960938 -0.7167969 0.4833984 -0.7138672 0.4985352 -0.7138672 0.5024414 -0.7280274 0.4921875 -0.7275391 0.5065918 -0.7109375 0.4960938 -0.7011719 0.4838867 -0.7167969 0.4833984 -0.7138672 0.5024414 -0.7275391 0.5065918 -0.7109375 0.5053711 -0.7070313 0.496582 -0.7011719 0.4838867 -0.7109375 0.4960938 -0.7109375 0.5053711 -0.7275391 0.5065918 -0.7172852 0.5175781 -0.7070313 0.496582 -0.6904297 0.4951172 -0.7011719 0.4838867 -0.7109375 0.5053711 -0.7172852 0.5175781 -0.7070313 0.5053711 -0.7041016 0.4995117 -0.6904297 0.4951172 -0.7070313 0.496582 -0.7070313 0.5053711 -0.7172852 0.5175781 -0.7016602 0.5180664 -0.7041016 0.4995117 -0.6899414 0.5092774 -0.6904297 0.4951172 -0.7070313 0.5053711 -0.7016602 0.5180664 -0.7041016 0.5031738 -0.7041016 0.5031738 -0.6899414 0.5092774 -0.7041016 0.4995117 -0.7041016 0.5031738 -0.7016602 0.5180664 -0.6899414 0.5092774 -0.2016601 0.7607422 -0.171997 0.779419 -0.2016601 0.779419 -0.171997 0.7607422 -0.171997 0.779419 -0.2016601 0.7607422 -0.171997 0.7607422 -0.142456 0.779419 -0.171997 0.779419 -0.142456 0.7607422 -0.142456 0.779419 -0.171997 0.7607422 -0.142456 0.7607422 -0.112854 0.779419 -0.142456 0.779419 -0.112854 0.7607422 -0.112854 0.779419 -0.142456 0.7607422 -0.112854 0.7607422 -0.08325195 0.779419 -0.112854 0.779419 -0.08325195 0.7607422 -0.08325195 0.779419 -0.112854 0.7607422 -0.08325195 0.7607422 -0.0536499 0.779419 -0.08325195 0.779419 -0.0536499 0.7607422 -0.0536499 0.779419 -0.08325195 0.7607422 -0.0536499 0.7607422 -0.02407836 0.779419 -0.0536499 0.779419 -0.02407836 0.7607422 -0.02407836 0.779419 -0.0536499 0.7607422 -0.2607422 0.7607422 -0.2312011 0.779419 -0.2607422 0.779419 -0.2312011 0.7607422 -0.2312011 0.779419 -0.2607422 0.7607422 -0.2312011 0.7607422 -0.2016601 0.779419 -0.2312011 0.779419 -0.2016601 0.7607422 -0.2016601 0.779419 -0.2312011 0.7607422 -0.02745056 0.9306641 -0.009735107 0.9182129 -0.009735107 0.9306641 -0.02745056 0.9306641 -0.009735107 0.9306641 -0.02745056 0.9430847 -0.02745056 0.9182129 -0.009735107 0.9182129 -0.02745056 0.9306641 -0.02745056 0.9430847 -0.009735107 0.9306641 -0.009735107 0.9430847 -0.02745056 0.9182129 -0.009735107 0.9058228 -0.009735107 0.9182129 -0.02745056 0.9430847 -0.009735107 0.9430847 -0.02745056 0.9554749 -0.02745056 0.9058228 -0.009735107 0.9058228 -0.02745056 0.9182129 -0.02745056 0.9554749 -0.009735107 0.9430847 -0.009735107 0.9554749 -0.02745056 0.9058228 -0.009735107 0.8934326 -0.009735107 0.9058228 -0.02745056 0.8934326 -0.009735107 0.8934326 -0.02745056 0.9058228 -0.02745056 0.9554749 -0.009735107 0.9554749 -0.02745056 0.9678955 -0.02745056 0.9678955 -0.009735107 0.9554749 -0.009735107 0.9678955 -0.02745056 0.9678955 -0.009735107 0.9678955 -0.02745056 0.9803162 -0.02745056 0.9803162 -0.009735107 0.9678955 -0.009735107 0.9803162 -0.02745056 0.9803162 -0.009735107 0.9803162 -0.02745056 0.992733 -0.02745056 0.992733 -0.009735107 0.9803162 -0.009735107 0.992733 -0.1193847 0.8441162 -0.1466064 0.8638916 -0.1193847 0.8638916 -0.1193847 0.8441162 -0.1193847 0.8638916 -0.09222412 0.8441162 -0.09222412 0.8441162 -0.1193847 0.8638916 -0.09222412 0.8638916 -0.1466064 0.8441162 -0.1466064 0.8638916 -0.1193847 0.8441162 -0.1466064 0.8441162 -0.173706 0.8638916 -0.1466064 0.8638916 -0.173706 0.8441162 -0.173706 0.8638916 -0.1466064 0.8441162 -0.173706 0.8441162 -0.2009277 0.8638916 -0.173706 0.8638916 -0.2009277 0.8441162 -0.2009277 0.8638916 -0.173706 0.8441162 -0.2009277 0.8441162 -0.2280273 0.8638916 -0.2009277 0.8638916 -0.2280273 0.8441162 -0.2280273 0.8638916 -0.2009277 0.8441162 -0.2280273 0.8441162 -0.2553711 0.8638916 -0.2280273 0.8638916 -0.2553711 0.8441162 -0.2553711 0.8638916 -0.2280273 0.8441162 -0.2553711 0.8441162 -0.2824707 0.8638916 -0.2553711 0.8638916 -0.2824707 0.8441162 -0.2824707 0.8638916 -0.2553711 0.8441162 -0.2824707 0.8441162 -0.3095703 0.8638916 -0.2824707 0.8638916 -0.3095703 0.8441162 -0.3095703 0.8638916 -0.2824707 0.8441162 -0.3974609 0.9485474 -0.3808594 0.968689 -0.3845215 0.9519348 -0.3974609 0.9485474 -0.3845215 0.9519348 -0.3879395 0.9332275 -0.3969727 0.9664612 -0.3808594 0.968689 -0.3974609 0.9485474 -0.3879395 0.9332275 -0.3845215 0.9519348 -0.3728027 0.9391785 -0.3969727 0.9664612 -0.3867188 0.9821777 -0.3808594 0.968689 -0.3710938 0.9246216 -0.3879395 0.9332275 -0.3728027 0.9391785 -0.3867188 0.9821777 -0.3664551 0.9798279 -0.3808594 0.968689 -0.3710938 0.9246216 -0.3728027 0.9391785 -0.3515625 0.9249878 -0.3696289 0.9914627 -0.3664551 0.9798279 -0.3867188 0.9821777 -0.3515625 0.9249878 -0.3728027 0.9391785 -0.3547363 0.9366455 -0.3696289 0.9914627 -0.3481445 0.9772797 -0.3664551 0.9798279 -0.3515625 0.9249878 -0.3547363 0.9366455 -0.3342285 0.9342651 -0.3498535 0.9918442 -0.3481445 0.9772797 -0.3696289 0.9914627 -0.3342285 0.9342651 -0.3547363 0.9366455 -0.3400879 0.9477539 -0.3498535 0.9918442 -0.3330078 0.9832153 -0.3481445 0.9772797 -0.3239746 0.9499817 -0.3342285 0.9342651 -0.3400879 0.9477539 -0.3330078 0.9832153 -0.3364258 0.9645081 -0.3481445 0.9772797 -0.3239746 0.9499817 -0.3400879 0.9477539 -0.3237305 0.9678955 -0.3237305 0.9678955 -0.3364258 0.9645081 -0.3330078 0.9832153 -0.3237305 0.9678955 -0.3400879 0.9477539 -0.3364258 0.9645081 -0.6967774 0.822876 -0.6894531 0.8387451 -0.6850586 0.8182373 -0.6865234 0.8071289 -0.6967774 0.822876 -0.6850586 0.8182373 -0.6972656 0.8406983 -0.6894531 0.8387451 -0.6967774 0.822876 -0.6972656 0.8406983 -0.675293 0.8544922 -0.6894531 0.8387451 -0.6875 0.8560791 -0.675293 0.8544922 -0.6972656 0.8406983 -0.6875 0.8560791 -0.6708984 0.864624 -0.675293 0.8544922 -0.6708984 0.864624 -0.652832 0.857666 -0.675293 0.8544922 -0.6513672 0.8642578 -0.652832 0.857666 -0.6708984 0.864624 -0.6513672 0.8642578 -0.6352539 0.8439942 -0.652832 0.857666 -0.6337891 0.8551025 -0.6352539 0.8439942 -0.6513672 0.8642578 -0.6337891 0.8551025 -0.6235352 0.8393555 -0.6352539 0.8439942 -0.6235352 0.8393555 -0.6303711 0.8233643 -0.6352539 0.8439942 -0.6230469 0.8215332 -0.6303711 0.8233643 -0.6235352 0.8393555 -0.6230469 0.8215332 -0.6450195 0.8077393 -0.6303711 0.8233643 -0.6328125 0.8061524 -0.6450195 0.8077393 -0.6230469 0.8215332 -0.6328125 0.8061524 -0.6494141 0.7974854 -0.6450195 0.8077393 -0.6494141 0.7974854 -0.6674805 0.8045654 -0.6450195 0.8077393 -0.6689453 0.7978516 -0.6674805 0.8045654 -0.6494141 0.7974854 -0.6689453 0.7978516 -0.6850586 0.8182373 -0.6674805 0.8045654 -0.6865234 0.8071289 -0.6850586 0.8182373 -0.6689453 0.7978516 0.9941406 0.6677246 0.9433594 0.6914063 0.9433594 0.6677246 0.9433594 0.6677246 0.9941406 0.6650391 0.9941406 0.6677246 0.9941406 0.6914063 0.9433594 0.6914063 0.9941406 0.6677246 0.9433594 0.6650391 0.9941406 0.6650391 0.9433594 0.6677246 0.9941406 0.6943359 0.9433594 0.6914063 0.9941406 0.6914063 0.9433594 0.6943359 0.9433594 0.6914063 0.9941406 0.6943359 0.9433594 0.6677246 0.9355469 0.6652832 0.9433594 0.6650391 0.9433594 0.6650391 0.9355469 0.6652832 0.9394531 0.6628418 0.9433594 0.6677246 0.9355469 0.6938477 0.9355469 0.6652832 0.9433594 0.6914063 0.9355469 0.6938477 0.9433594 0.6677246 0.9433594 0.6914063 0.9433594 0.6943359 0.9355469 0.6938477 0.9355469 0.6938477 0.9433594 0.6943359 0.9394531 0.6960449 -0.05679321 0.6914063 -0.00566101 0.6677246 -0.05679321 0.6677246 -0.00566101 0.6650391 -0.05679321 0.6677246 -0.00566101 0.6677246 -0.00566101 0.6914063 -0.00566101 0.6677246 -0.05679321 0.6914063 -0.05679321 0.6650391 -0.05679321 0.6677246 -0.00566101 0.6650391 -0.05679321 0.6914063 -0.00566101 0.6943359 -0.00566101 0.6914063 -0.05679321 0.6943359 -0.00566101 0.6943359 -0.05679321 0.6914063 -0.05679321 0.6677246 -0.05679321 0.6650391 -0.06469726 0.6652832 -0.06469726 0.6652832 -0.05679321 0.6650391 -0.06051635 0.6628418 -0.06469726 0.6938477 -0.05679321 0.6677246 -0.06469726 0.6652832 -0.05679321 0.6914063 -0.05679321 0.6677246 -0.06469726 0.6938477 -0.05679321 0.6914063 -0.06469726 0.6938477 -0.05679321 0.6943359 -0.05679321 0.6943359 -0.06469726 0.6938477 -0.06051635 0.6960449 0.9936524 0.6298828 0.9428711 0.6535645 0.9428711 0.6298828 0.9428711 0.6298828 0.9936524 0.6271973 0.9936524 0.6298828 0.9936524 0.6535645 0.9428711 0.6535645 0.9936524 0.6298828 0.9428711 0.6271973 0.9936524 0.6271973 0.9428711 0.6298828 0.9936524 0.6564942 0.9428711 0.6535645 0.9936524 0.6535645 0.9428711 0.6564942 0.9428711 0.6535645 0.9936524 0.6564942 0.9428711 0.6298828 0.9350586 0.6274414 0.9428711 0.6271973 0.9428711 0.6271973 0.9350586 0.6274414 0.9389649 0.6252442 0.9428711 0.6298828 0.9350586 0.65625 0.9350586 0.6274414 0.9428711 0.6535645 0.9350586 0.65625 0.9428711 0.6298828 0.9428711 0.6535645 0.9428711 0.6564942 0.9350586 0.65625 0.9350586 0.65625 0.9428711 0.6564942 0.9389649 0.6582031 -0.05725097 0.6535645 -0.006122589 0.6298828 -0.05725097 0.6298828 -0.006122589 0.6271973 -0.05725097 0.6298828 -0.006122589 0.6298828 -0.006122589 0.6535645 -0.006122589 0.6298828 -0.05725097 0.6535645 -0.05725097 0.6271973 -0.05725097 0.6298828 -0.006122589 0.6271973 -0.05725097 0.6535645 -0.006122589 0.6564942 -0.006122589 0.6535645 -0.05725097 0.6564942 -0.006122589 0.6564942 -0.05725097 0.6535645 -0.05725097 0.6298828 -0.05725097 0.6271973 -0.06518554 0.6274414 -0.06518554 0.6274414 -0.05725097 0.6271973 -0.06097412 0.6252442 -0.06518554 0.65625 -0.05725097 0.6298828 -0.06518554 0.6274414 -0.05725097 0.6535645 -0.05725097 0.6298828 -0.06518554 0.65625 -0.05725097 0.6535645 -0.06518554 0.65625 -0.05725097 0.6564942 -0.05725097 0.6564942 -0.06518554 0.65625 -0.06097412 0.6582031 0.9941406 0.706543 0.9433594 0.7302246 0.9433594 0.706543 0.9433594 0.706543 0.9941406 0.7038574 0.9941406 0.706543 0.9941406 0.7302246 0.9433594 0.7302246 0.9941406 0.706543 0.9433594 0.7038574 0.9941406 0.7038574 0.9433594 0.706543 0.9941406 0.7331543 0.9433594 0.7302246 0.9941406 0.7302246 0.9433594 0.7331543 0.9433594 0.7302246 0.9941406 0.7331543 0.9433594 0.706543 0.9355469 0.7041016 0.9433594 0.7038574 0.9433594 0.7038574 0.9355469 0.7041016 0.9394531 0.7016602 0.9433594 0.706543 0.9355469 0.732666 0.9355469 0.7041016 0.9433594 0.7302246 0.9355469 0.732666 0.9433594 0.706543 0.9433594 0.7302246 0.9433594 0.7331543 0.9355469 0.732666 0.9355469 0.732666 0.9433594 0.7331543 0.9394531 0.7348633 -0.05679321 0.7302246 -0.00566101 0.706543 -0.05679321 0.706543 -0.00566101 0.7038574 -0.05679321 0.706543 -0.00566101 0.706543 -0.00566101 0.7302246 -0.00566101 0.706543 -0.05679321 0.7302246 -0.05679321 0.7038574 -0.05679321 0.706543 -0.00566101 0.7038574 -0.05679321 0.7302246 -0.00566101 0.7331543 -0.00566101 0.7302246 -0.05679321 0.7331543 -0.00566101 0.7331543 -0.05679321 0.7302246 -0.05679321 0.706543 -0.05679321 0.7038574 -0.06469726 0.7041016 -0.06469726 0.7041016 -0.05679321 0.7038574 -0.06051635 0.7016602 -0.06469726 0.732666 -0.05679321 0.706543 -0.06469726 0.7041016 -0.05679321 0.7302246 -0.05679321 0.706543 -0.06469726 0.732666 -0.05679321 0.7302246 -0.06469726 0.732666 -0.05679321 0.7331543 -0.05679321 0.7331543 -0.06469726 0.732666 -0.06051635 0.7348633 0.5830078 0.390625 0.559082 0.3500977 0.5830078 0.3500977 0.559082 0.390625 0.559082 0.3500977 0.5830078 0.390625 0.559082 0.390625 0.5356445 0.3500977 0.559082 0.3500977 0.5830078 0.4160156 0.559082 0.390625 0.5830078 0.390625 0.5356445 0.390625 0.5356445 0.3500977 0.559082 0.390625 0.5356445 0.390625 0.5107422 0.3500977 0.5356445 0.3500977 0.559082 0.4160156 0.559082 0.390625 0.5830078 0.4160156 0.559082 0.4160156 0.5356445 0.390625 0.559082 0.390625 0.5830078 0.4160156 0.5463867 0.4331055 0.559082 0.4160156 0.5830078 0.4331055 0.5463867 0.4331055 0.5830078 0.4160156 0.5830078 0.4331055 0.5830078 0.4418945 0.5463867 0.4331055 0.5356445 0.4160156 0.5356445 0.390625 0.559082 0.4160156 0.559082 0.4160156 0.5463867 0.4331055 0.5356445 0.4160156 0.5463867 0.4331055 0.5830078 0.4418945 0.5463867 0.4418945 0.5830078 0.4418945 0.5830078 0.4594727 0.5463867 0.4418945 0.5463867 0.4418945 0.5830078 0.4594727 0.5463867 0.4594727 0.5463867 0.4331055 0.5463867 0.4418945 0.5107422 0.4331055 0.5463867 0.4331055 0.5107422 0.4331055 0.5356445 0.4160156 0.5463867 0.4418945 0.5463867 0.4594727 0.5107422 0.4418945 0.5107422 0.4331055 0.5463867 0.4418945 0.5107422 0.4418945 0.5107422 0.4418945 0.5463867 0.4594727 0.5107422 0.4594727 0.5356445 0.4160156 0.5107422 0.4331055 0.5107422 0.4160156 0.5107422 0.4418945 0.5107422 0.4594727 0.4748535 0.4418945 0.4748535 0.4418945 0.5107422 0.4594727 0.4748535 0.4594727 0.5107422 0.4331055 0.5107422 0.4418945 0.4748535 0.4331055 0.4748535 0.4331055 0.5107422 0.4418945 0.4748535 0.4418945 0.5107422 0.4331055 0.4748535 0.4331055 0.5107422 0.4160156 0.4748535 0.4418945 0.4748535 0.4594727 0.4389649 0.4418945 0.4389649 0.4418945 0.4748535 0.4594727 0.4389649 0.4594727 0.4748535 0.4331055 0.4748535 0.4418945 0.4389649 0.4331055 0.4389649 0.4331055 0.4748535 0.4418945 0.4389649 0.4418945 0.4389649 0.4418945 0.4389649 0.4594727 0.4030762 0.4418945 0.4030762 0.4418945 0.4389649 0.4594727 0.4030762 0.4594727 0.4389649 0.4331055 0.4389649 0.4418945 0.4030762 0.4331055 0.4030762 0.4331055 0.4389649 0.4418945 0.4030762 0.4418945 0.4030762 0.4418945 0.4030762 0.4594727 0.3676758 0.4418945 0.3676758 0.4418945 0.4030762 0.4594727 0.3676758 0.4594727 0.4030762 0.4331055 0.4030762 0.4418945 0.3676758 0.4331055 0.3676758 0.4331055 0.4030762 0.4418945 0.3676758 0.4418945 0.3676758 0.4418945 0.3676758 0.4594727 0.331543 0.4418945 0.331543 0.4418945 0.3676758 0.4594727 0.331543 0.4594727 0.3676758 0.4331055 0.3676758 0.4418945 0.331543 0.4331055 0.331543 0.4331055 0.3676758 0.4418945 0.331543 0.4418945 0.331543 0.4418945 0.331543 0.4594727 0.2958984 0.4418945 0.2958984 0.4418945 0.331543 0.4594727 0.2958984 0.4594727 0.331543 0.4331055 0.331543 0.4418945 0.2958984 0.4331055 0.2958984 0.4331055 0.331543 0.4418945 0.2958984 0.4418945 0.2958984 0.4418945 0.2958984 0.4594727 0.2597656 0.4418945 0.2597656 0.4418945 0.2958984 0.4594727 0.2597656 0.4594727 0.2958984 0.4331055 0.2958984 0.4418945 0.2597656 0.4331055 0.2597656 0.4331055 0.2958984 0.4418945 0.2597656 0.4418945 0.2597656 0.4418945 0.2597656 0.4594727 0.224121 0.4418945 0.224121 0.4418945 0.2597656 0.4594727 0.224121 0.4594727 0.2597656 0.4331055 0.2597656 0.4418945 0.224121 0.4331055 0.224121 0.4331055 0.2597656 0.4418945 0.224121 0.4418945 0.224121 0.4418945 0.224121 0.4594727 0.1882324 0.4418945 0.1882324 0.4418945 0.224121 0.4594727 0.1882324 0.4594727 0.224121 0.4331055 0.224121 0.4418945 0.1882324 0.4331055 0.1882324 0.4331055 0.224121 0.4418945 0.1882324 0.4418945 0.1882324 0.4418945 0.1882324 0.4594727 0.1520996 0.4418945 0.1520996 0.4418945 0.1882324 0.4594727 0.1520996 0.4594727 0.1882324 0.4331055 0.1882324 0.4418945 0.1520996 0.4331055 0.1520996 0.4331055 0.1882324 0.4418945 0.1520996 0.4418945 0.1520996 0.4418945 0.1520996 0.4594727 0.1162719 0.4418945 0.1162719 0.4418945 0.1520996 0.4594727 0.1162719 0.4594727 0.1520996 0.4331055 0.1520996 0.4418945 0.1162719 0.4331055 0.1162719 0.4331055 0.1520996 0.4418945 0.1162719 0.4418945 0.1162719 0.4418945 0.1162719 0.4594727 0.08026123 0.4418945 0.08026123 0.4418945 0.1162719 0.4594727 0.08026123 0.4594727 0.1162719 0.4331055 0.1162719 0.4418945 0.08026123 0.4331055 0.08026123 0.4331055 0.1162719 0.4418945 0.08026123 0.4418945 0.08026123 0.4418945 0.08026123 0.4594727 0.04434204 0.4418945 0.04434204 0.4418945 0.08026123 0.4594727 0.04434204 0.4594727 0.00856018 0.4418945 0.04434204 0.4594727 0.00856018 0.4594727 0.04434204 0.4418945 0.04434204 0.4594727 0.00856018 0.4418945 0.00856018 0.4331055 0.04434204 0.4418945 0.00856018 0.4418945 0.04434204 0.4331055 0.08026123 0.4418945 0.04434204 0.4418945 0.04434204 0.4331055 0.04434204 0.4418945 0.00856018 0.4331055 0.08026123 0.4331055 0.08026123 0.4418945 0.04434204 0.4331055 0.04434204 0.4331055 0.00856018 0.4331055 0.03240966 0.4160156 0.03240966 0.4160156 0.00856018 0.4331055 0.00856018 0.4160156 0.00856018 0.4160156 0.00856018 0.390625 0.03240966 0.4160156 0.08026123 0.4331055 0.04434204 0.4331055 0.08026123 0.4160156 0.03240966 0.4160156 0.00856018 0.390625 0.03240966 0.390625 0.00856018 0.390625 0.00856018 0.3500977 0.03240966 0.390625 0.03240966 0.390625 0.00856018 0.3500977 0.03240966 0.3500977 0.05575561 0.4160156 0.04434204 0.4331055 0.03240966 0.4160156 0.03240966 0.4160156 0.03240966 0.390625 0.05575561 0.4160156 0.08026123 0.4160156 0.04434204 0.4331055 0.05575561 0.4160156 0.03240966 0.390625 0.03240966 0.3500977 0.05575561 0.390625 0.05575561 0.4160156 0.03240966 0.390625 0.05575561 0.390625 0.05575561 0.4160156 0.05575561 0.390625 0.08026123 0.4160156 0.05575561 0.390625 0.03240966 0.3500977 0.05575561 0.3500977 0.05575561 0.390625 0.05575561 0.3500977 0.08026123 0.390625 0.08026123 0.4160156 0.05575561 0.390625 0.08026123 0.390625 0.08026123 0.390625 0.05575561 0.3500977 0.08026123 0.3500977 0.08026123 0.4160156 0.08026123 0.390625 0.104248 0.4160156 0.104248 0.4160156 0.08026123 0.4331055 0.08026123 0.4160156 0.08026123 0.390625 0.08026123 0.3500977 0.104248 0.390625 0.104248 0.4160156 0.08026123 0.390625 0.104248 0.390625 0.104248 0.390625 0.08026123 0.3500977 0.104248 0.3500977 0.1162719 0.4331055 0.08026123 0.4331055 0.104248 0.4160156 0.104248 0.390625 0.104248 0.3500977 0.1278076 0.390625 0.1278076 0.390625 0.104248 0.3500977 0.1278076 0.3500977 0.104248 0.4160156 0.104248 0.390625 0.1278076 0.4160156 0.1278076 0.4160156 0.1162719 0.4331055 0.104248 0.4160156 0.1278076 0.4160156 0.104248 0.390625 0.1278076 0.390625 0.1527099 0.4160156 0.1162719 0.4331055 0.1278076 0.4160156 0.1278076 0.4160156 0.1278076 0.390625 0.1527099 0.4160156 0.1520996 0.4331055 0.1162719 0.4331055 0.1527099 0.4160156 0.1278076 0.390625 0.1278076 0.3500977 0.1527099 0.390625 0.1527099 0.4160156 0.1278076 0.390625 0.1527099 0.390625 0.1527099 0.390625 0.1278076 0.3500977 0.1527099 0.3500977 0.1763916 0.4160156 0.1520996 0.4331055 0.1527099 0.4160156 0.1527099 0.4160156 0.1527099 0.390625 0.1763916 0.4160156 0.1882324 0.4331055 0.1520996 0.4331055 0.1763916 0.4160156 0.1527099 0.390625 0.1527099 0.3500977 0.1763916 0.390625 0.1763916 0.4160156 0.1527099 0.390625 0.1763916 0.390625 0.1763916 0.390625 0.1527099 0.3500977 0.1763916 0.3500977 0.1763916 0.3500977 0.2004394 0.3500977 0.1763916 0.390625 0.2004394 0.4160156 0.1882324 0.4331055 0.1763916 0.4160156 0.1763916 0.4160156 0.1763916 0.390625 0.2004394 0.4160156 0.1763916 0.390625 0.2004394 0.3500977 0.2004394 0.390625 0.2004394 0.4160156 0.1763916 0.390625 0.2004394 0.390625 0.2004394 0.3500977 0.224121 0.3500977 0.2004394 0.390625 0.224121 0.4160156 0.1882324 0.4331055 0.2004394 0.4160156 0.2004394 0.4160156 0.2004394 0.390625 0.224121 0.4160156 0.224121 0.4331055 0.1882324 0.4331055 0.224121 0.4160156 0.2004394 0.390625 0.224121 0.3500977 0.224121 0.390625 0.224121 0.4160156 0.2004394 0.390625 0.224121 0.390625 0.224121 0.3500977 0.2478027 0.3500977 0.224121 0.390625 0.2478027 0.4160156 0.224121 0.4331055 0.224121 0.4160156 0.224121 0.4160156 0.224121 0.390625 0.2478027 0.4160156 0.2597656 0.4331055 0.224121 0.4331055 0.2478027 0.4160156 0.224121 0.390625 0.2478027 0.3500977 0.2478027 0.390625 0.2478027 0.4160156 0.224121 0.390625 0.2478027 0.390625 0.2478027 0.3500977 0.2722168 0.3500977 0.2478027 0.390625 0.2722168 0.4160156 0.2597656 0.4331055 0.2478027 0.4160156 0.2478027 0.4160156 0.2478027 0.390625 0.2722168 0.4160156 0.2478027 0.390625 0.2722168 0.3500977 0.2722168 0.390625 0.2722168 0.4160156 0.2478027 0.390625 0.2722168 0.390625 0.2722168 0.3500977 0.2958984 0.3500977 0.2722168 0.390625 0.2958984 0.4160156 0.2597656 0.4331055 0.2722168 0.4160156 0.2722168 0.4160156 0.2722168 0.390625 0.2958984 0.4160156 0.2958984 0.4331055 0.2597656 0.4331055 0.2958984 0.4160156 0.2722168 0.390625 0.2958984 0.3500977 0.2958984 0.390625 0.2958984 0.4160156 0.2722168 0.390625 0.2958984 0.390625 0.2958984 0.3500977 0.3208008 0.3500977 0.2958984 0.390625 0.3208008 0.4160156 0.2958984 0.4331055 0.2958984 0.4160156 0.2958984 0.4160156 0.2958984 0.390625 0.3208008 0.4160156 0.331543 0.4331055 0.2958984 0.4331055 0.3208008 0.4160156 0.2958984 0.390625 0.3208008 0.3500977 0.3208008 0.390625 0.3208008 0.4160156 0.2958984 0.390625 0.3208008 0.390625 0.3208008 0.3500977 0.3439942 0.3500977 0.3208008 0.390625 0.3439942 0.4160156 0.331543 0.4331055 0.3208008 0.4160156 0.3208008 0.4160156 0.3208008 0.390625 0.3439942 0.4160156 0.3208008 0.390625 0.3439942 0.3500977 0.3439942 0.390625 0.3439942 0.4160156 0.3208008 0.390625 0.3439942 0.390625 0.3439942 0.3500977 0.3676758 0.3500977 0.3439942 0.390625 0.3676758 0.4160156 0.331543 0.4331055 0.3439942 0.4160156 0.3439942 0.4160156 0.3439942 0.390625 0.3676758 0.4160156 0.3676758 0.4331055 0.331543 0.4331055 0.3676758 0.4160156 0.3439942 0.390625 0.3676758 0.3500977 0.3676758 0.390625 0.3676758 0.4160156 0.3439942 0.390625 0.3676758 0.390625 0.3676758 0.3500977 0.3918457 0.3500977 0.3676758 0.390625 0.3918457 0.4160156 0.3676758 0.4331055 0.3676758 0.4160156 0.3676758 0.4160156 0.3676758 0.390625 0.3918457 0.4160156 0.4030762 0.4331055 0.3676758 0.4331055 0.3918457 0.4160156 0.3676758 0.390625 0.3918457 0.3500977 0.3918457 0.390625 0.3918457 0.4160156 0.3676758 0.390625 0.3918457 0.390625 0.3918457 0.3500977 0.4157715 0.3500977 0.3918457 0.390625 0.4157715 0.4160156 0.4030762 0.4331055 0.3918457 0.4160156 0.3918457 0.4160156 0.3918457 0.390625 0.4157715 0.4160156 0.3918457 0.390625 0.4157715 0.3500977 0.4157715 0.390625 0.4157715 0.4160156 0.3918457 0.390625 0.4157715 0.390625 0.4157715 0.3500977 0.4389649 0.3500977 0.4157715 0.390625 0.4389649 0.4160156 0.4030762 0.4331055 0.4157715 0.4160156 0.4157715 0.4160156 0.4157715 0.390625 0.4389649 0.4160156 0.4389649 0.4331055 0.4030762 0.4331055 0.4389649 0.4160156 0.4157715 0.390625 0.4389649 0.3500977 0.4389649 0.390625 0.4389649 0.4160156 0.4157715 0.390625 0.4389649 0.390625 0.4633789 0.4160156 0.4389649 0.4331055 0.4389649 0.4160156 0.4389649 0.4160156 0.4389649 0.390625 0.4633789 0.4160156 0.4748535 0.4331055 0.4389649 0.4331055 0.4633789 0.4160156 0.4389649 0.390625 0.4389649 0.3500977 0.4633789 0.390625 0.4633789 0.4160156 0.4389649 0.390625 0.4633789 0.390625 0.4633789 0.390625 0.4389649 0.3500977 0.4633789 0.3500977 0.4875488 0.4160156 0.4748535 0.4331055 0.4633789 0.4160156 0.4633789 0.4160156 0.4633789 0.390625 0.4875488 0.4160156 0.5107422 0.4160156 0.4748535 0.4331055 0.4875488 0.4160156 0.4633789 0.390625 0.4633789 0.3500977 0.4875488 0.390625 0.4875488 0.4160156 0.4633789 0.390625 0.4875488 0.390625 0.4875488 0.4160156 0.4875488 0.390625 0.5107422 0.4160156 0.4875488 0.390625 0.4633789 0.3500977 0.4875488 0.3500977 0.5107422 0.4160156 0.4875488 0.390625 0.5107422 0.390625 0.4875488 0.390625 0.4875488 0.3500977 0.5107422 0.390625 0.5107422 0.4160156 0.5107422 0.390625 0.5356445 0.4160156 0.5107422 0.390625 0.4875488 0.3500977 0.5107422 0.3500977 0.5356445 0.4160156 0.5107422 0.390625 0.5356445 0.390625 0.5107422 0.390625 0.5107422 0.3500977 0.5356445 0.390625 -0.4411621 0.3500977 -0.4172363 0.390625 -0.4172363 0.3500977 -0.4411621 0.390625 -0.4172363 0.390625 -0.4411621 0.3500977 -0.4645996 0.3500977 -0.4411621 0.390625 -0.4411621 0.3500977 -0.4411621 0.390625 -0.4172363 0.4160156 -0.4172363 0.390625 -0.4645996 0.390625 -0.4411621 0.390625 -0.4645996 0.3500977 -0.4890137 0.3500977 -0.4645996 0.390625 -0.4645996 0.3500977 -0.4411621 0.4160156 -0.4172363 0.4160156 -0.4411621 0.390625 -0.4645996 0.390625 -0.4411621 0.4160156 -0.4411621 0.390625 -0.4533692 0.4331055 -0.4172363 0.4160156 -0.4411621 0.4160156 -0.4172363 0.4331055 -0.4172363 0.4160156 -0.4533692 0.4331055 -0.4172363 0.4331055 -0.4533692 0.4331055 -0.4172363 0.4418945 -0.4645996 0.4160156 -0.4411621 0.4160156 -0.4645996 0.390625 -0.4533692 0.4331055 -0.4411621 0.4160156 -0.4645996 0.4160156 -0.4172363 0.4418945 -0.4533692 0.4331055 -0.4533692 0.4418945 -0.4172363 0.4418945 -0.4533692 0.4418945 -0.4172363 0.4594727 -0.4172363 0.4594727 -0.4533692 0.4418945 -0.4533692 0.4594727 -0.4533692 0.4331055 -0.4890137 0.4331055 -0.4533692 0.4418945 -0.4533692 0.4331055 -0.4645996 0.4160156 -0.4890137 0.4331055 -0.4533692 0.4418945 -0.4890137 0.4418945 -0.4533692 0.4594727 -0.4533692 0.4418945 -0.4890137 0.4331055 -0.4890137 0.4418945 -0.4533692 0.4594727 -0.4890137 0.4418945 -0.4890137 0.4594727 -0.4890137 0.4331055 -0.4645996 0.4160156 -0.4890137 0.4160156 -0.4890137 0.4418945 -0.5253906 0.4418945 -0.4890137 0.4594727 -0.4890137 0.4594727 -0.5253906 0.4418945 -0.5253906 0.4594727 -0.4890137 0.4331055 -0.5253906 0.4331055 -0.4890137 0.4418945 -0.4890137 0.4418945 -0.5253906 0.4331055 -0.5253906 0.4418945 -0.4890137 0.4331055 -0.4890137 0.4160156 -0.5253906 0.4331055 -0.5253906 0.4418945 -0.5610352 0.4418945 -0.5253906 0.4594727 -0.5253906 0.4594727 -0.5610352 0.4418945 -0.5610352 0.4594727 -0.5253906 0.4331055 -0.5610352 0.4331055 -0.5253906 0.4418945 -0.5253906 0.4418945 -0.5610352 0.4331055 -0.5610352 0.4418945 -0.5610352 0.4418945 -0.597168 0.4418945 -0.5610352 0.4594727 -0.5610352 0.4594727 -0.597168 0.4418945 -0.597168 0.4594727 -0.5610352 0.4331055 -0.597168 0.4331055 -0.5610352 0.4418945 -0.5610352 0.4418945 -0.597168 0.4331055 -0.597168 0.4418945 -0.597168 0.4418945 -0.6323242 0.4418945 -0.597168 0.4594727 -0.597168 0.4594727 -0.6323242 0.4418945 -0.6323242 0.4594727 -0.597168 0.4331055 -0.6323242 0.4331055 -0.597168 0.4418945 -0.597168 0.4418945 -0.6323242 0.4331055 -0.6323242 0.4418945 -0.6323242 0.4418945 -0.668457 0.4418945 -0.6323242 0.4594727 -0.6323242 0.4594727 -0.668457 0.4418945 -0.668457 0.4594727 -0.6323242 0.4331055 -0.668457 0.4331055 -0.6323242 0.4418945 -0.6323242 0.4418945 -0.668457 0.4331055 -0.668457 0.4418945 -0.668457 0.4418945 -0.7041016 0.4418945 -0.668457 0.4594727 -0.668457 0.4594727 -0.7041016 0.4418945 -0.7041016 0.4594727 -0.668457 0.4331055 -0.7041016 0.4331055 -0.668457 0.4418945 -0.668457 0.4418945 -0.7041016 0.4331055 -0.7041016 0.4418945 -0.7041016 0.4418945 -0.7402344 0.4418945 -0.7041016 0.4594727 -0.7041016 0.4594727 -0.7402344 0.4418945 -0.7402344 0.4594727 -0.7041016 0.4331055 -0.7402344 0.4331055 -0.7041016 0.4418945 -0.7041016 0.4418945 -0.7402344 0.4331055 -0.7402344 0.4418945 -0.7402344 0.4418945 -0.7758789 0.4418945 -0.7402344 0.4594727 -0.7402344 0.4594727 -0.7758789 0.4418945 -0.7758789 0.4594727 -0.7402344 0.4331055 -0.7758789 0.4331055 -0.7402344 0.4418945 -0.7402344 0.4418945 -0.7758789 0.4331055 -0.7758789 0.4418945 -0.7758789 0.4418945 -0.8120117 0.4418945 -0.7758789 0.4594727 -0.7758789 0.4594727 -0.8120117 0.4418945 -0.8120117 0.4594727 -0.7758789 0.4331055 -0.8120117 0.4331055 -0.7758789 0.4418945 -0.7758789 0.4418945 -0.8120117 0.4331055 -0.8120117 0.4418945 -0.8120117 0.4418945 -0.8481445 0.4418945 -0.8120117 0.4594727 -0.8120117 0.4594727 -0.8481445 0.4418945 -0.8481445 0.4594727 -0.8120117 0.4331055 -0.8481445 0.4331055 -0.8120117 0.4418945 -0.8120117 0.4418945 -0.8481445 0.4331055 -0.8481445 0.4418945 -0.8481445 0.4418945 -0.8837891 0.4418945 -0.8481445 0.4594727 -0.8481445 0.4594727 -0.8837891 0.4418945 -0.8837891 0.4594727 -0.8481445 0.4331055 -0.8837891 0.4331055 -0.8481445 0.4418945 -0.8481445 0.4418945 -0.8837891 0.4331055 -0.8837891 0.4418945 -0.8837891 0.4418945 -0.9199219 0.4418945 -0.8837891 0.4594727 -0.8837891 0.4594727 -0.9199219 0.4418945 -0.9199219 0.4594727 -0.8837891 0.4331055 -0.9199219 0.4331055 -0.8837891 0.4418945 -0.8837891 0.4418945 -0.9199219 0.4331055 -0.9199219 0.4418945 -0.9199219 0.4418945 -0.9555664 0.4418945 -0.9199219 0.4594727 -0.9199219 0.4594727 -0.9555664 0.4418945 -0.9555664 0.4594727 -0.9555664 0.4594727 -0.9912109 0.4418945 -0.9912109 0.4594727 -0.9555664 0.4418945 -0.9912109 0.4418945 -0.9555664 0.4594727 -0.9555664 0.4418945 -0.9912109 0.4331055 -0.9912109 0.4418945 -0.9199219 0.4418945 -0.9555664 0.4331055 -0.9555664 0.4418945 -0.9555664 0.4331055 -0.9912109 0.4331055 -0.9555664 0.4418945 -0.9199219 0.4331055 -0.9555664 0.4331055 -0.9199219 0.4418945 -0.9555664 0.4331055 -0.9677734 0.4160156 -0.9912109 0.4331055 -0.9912109 0.4331055 -0.9677734 0.4160156 -0.9912109 0.4160156 -0.9912109 0.4160156 -0.9677734 0.4160156 -0.9912109 0.390625 -0.9199219 0.4331055 -0.9199219 0.4160156 -0.9555664 0.4331055 -0.9912109 0.390625 -0.9677734 0.4160156 -0.9677734 0.390625 -0.9912109 0.390625 -0.9677734 0.390625 -0.9912109 0.3500977 -0.9555664 0.4331055 -0.9443359 0.4160156 -0.9677734 0.4160156 -0.9677734 0.4160156 -0.9443359 0.4160156 -0.9677734 0.390625 -0.9555664 0.4331055 -0.9199219 0.4160156 -0.9443359 0.4160156 -0.9912109 0.3500977 -0.9677734 0.390625 -0.9677734 0.3500977 -0.9677734 0.390625 -0.9443359 0.4160156 -0.9443359 0.390625 -0.9677734 0.390625 -0.9443359 0.390625 -0.9677734 0.3500977 -0.9443359 0.4160156 -0.9199219 0.4160156 -0.9443359 0.390625 -0.9677734 0.3500977 -0.9443359 0.390625 -0.9443359 0.3500977 -0.9443359 0.390625 -0.9199219 0.390625 -0.9443359 0.3500977 -0.9443359 0.390625 -0.9199219 0.4160156 -0.9199219 0.390625 -0.9443359 0.3500977 -0.9199219 0.390625 -0.9199219 0.3500977 -0.9199219 0.4160156 -0.8955078 0.4160156 -0.9199219 0.390625 -0.9199219 0.4331055 -0.8955078 0.4160156 -0.9199219 0.4160156 -0.9199219 0.390625 -0.8955078 0.390625 -0.9199219 0.3500977 -0.9199219 0.390625 -0.8955078 0.4160156 -0.8955078 0.390625 -0.9199219 0.3500977 -0.8955078 0.390625 -0.8955078 0.3500977 -0.8837891 0.4331055 -0.8955078 0.4160156 -0.9199219 0.4331055 -0.8955078 0.390625 -0.8720703 0.390625 -0.8955078 0.3500977 -0.8955078 0.3500977 -0.8720703 0.390625 -0.8720703 0.3500977 -0.8955078 0.4160156 -0.8720703 0.4160156 -0.8955078 0.390625 -0.8837891 0.4331055 -0.8720703 0.4160156 -0.8955078 0.4160156 -0.8955078 0.390625 -0.8720703 0.4160156 -0.8720703 0.390625 -0.8837891 0.4331055 -0.847168 0.4160156 -0.8720703 0.4160156 -0.8720703 0.4160156 -0.847168 0.4160156 -0.8720703 0.390625 -0.8481445 0.4331055 -0.847168 0.4160156 -0.8837891 0.4331055 -0.8720703 0.390625 -0.847168 0.390625 -0.8720703 0.3500977 -0.8720703 0.390625 -0.847168 0.4160156 -0.847168 0.390625 -0.8720703 0.3500977 -0.847168 0.390625 -0.847168 0.3500977 -0.8481445 0.4331055 -0.8237305 0.4160156 -0.847168 0.4160156 -0.847168 0.4160156 -0.8237305 0.4160156 -0.847168 0.390625 -0.8120117 0.4331055 -0.8237305 0.4160156 -0.8481445 0.4331055 -0.847168 0.390625 -0.8237305 0.390625 -0.847168 0.3500977 -0.847168 0.390625 -0.8237305 0.4160156 -0.8237305 0.390625 -0.847168 0.3500977 -0.8237305 0.390625 -0.8237305 0.3500977 -0.8237305 0.3500977 -0.8237305 0.390625 -0.7993164 0.3500977 -0.8120117 0.4331055 -0.7993164 0.4160156 -0.8237305 0.4160156 -0.8237305 0.4160156 -0.7993164 0.4160156 -0.8237305 0.390625 -0.7993164 0.3500977 -0.8237305 0.390625 -0.7993164 0.390625 -0.8237305 0.390625 -0.7993164 0.4160156 -0.7993164 0.390625 -0.7993164 0.3500977 -0.7993164 0.390625 -0.7758789 0.3500977 -0.8120117 0.4331055 -0.7758789 0.4160156 -0.7993164 0.4160156 -0.7993164 0.4160156 -0.7758789 0.4160156 -0.7993164 0.390625 -0.7758789 0.4331055 -0.7758789 0.4160156 -0.8120117 0.4331055 -0.7758789 0.3500977 -0.7993164 0.390625 -0.7758789 0.390625 -0.7993164 0.390625 -0.7758789 0.4160156 -0.7758789 0.390625 -0.7758789 0.3500977 -0.7758789 0.390625 -0.7519531 0.3500977 -0.7758789 0.4331055 -0.7519531 0.4160156 -0.7758789 0.4160156 -0.7758789 0.4160156 -0.7519531 0.4160156 -0.7758789 0.390625 -0.7402344 0.4331055 -0.7519531 0.4160156 -0.7758789 0.4331055 -0.7519531 0.3500977 -0.7758789 0.390625 -0.7519531 0.390625 -0.7758789 0.390625 -0.7519531 0.4160156 -0.7519531 0.390625 -0.7519531 0.3500977 -0.7519531 0.390625 -0.7275391 0.3500977 -0.7402344 0.4331055 -0.7275391 0.4160156 -0.7519531 0.4160156 -0.7519531 0.4160156 -0.7275391 0.4160156 -0.7519531 0.390625 -0.7275391 0.3500977 -0.7519531 0.390625 -0.7275391 0.390625 -0.7519531 0.390625 -0.7275391 0.4160156 -0.7275391 0.390625 -0.7275391 0.3500977 -0.7275391 0.390625 -0.7041016 0.3500977 -0.7402344 0.4331055 -0.7041016 0.4160156 -0.7275391 0.4160156 -0.7275391 0.4160156 -0.7041016 0.4160156 -0.7275391 0.390625 -0.7041016 0.4331055 -0.7041016 0.4160156 -0.7402344 0.4331055 -0.7041016 0.3500977 -0.7275391 0.390625 -0.7041016 0.390625 -0.7275391 0.390625 -0.7041016 0.4160156 -0.7041016 0.390625 -0.7041016 0.3500977 -0.7041016 0.390625 -0.6791992 0.3500977 -0.7041016 0.4331055 -0.6791992 0.4160156 -0.7041016 0.4160156 -0.7041016 0.4160156 -0.6791992 0.4160156 -0.7041016 0.390625 -0.668457 0.4331055 -0.6791992 0.4160156 -0.7041016 0.4331055 -0.6791992 0.3500977 -0.7041016 0.390625 -0.6791992 0.390625 -0.7041016 0.390625 -0.6791992 0.4160156 -0.6791992 0.390625 -0.6791992 0.3500977 -0.6791992 0.390625 -0.65625 0.3500977 -0.668457 0.4331055 -0.65625 0.4160156 -0.6791992 0.4160156 -0.6791992 0.4160156 -0.65625 0.4160156 -0.6791992 0.390625 -0.65625 0.3500977 -0.6791992 0.390625 -0.65625 0.390625 -0.6791992 0.390625 -0.65625 0.4160156 -0.65625 0.390625 -0.65625 0.3500977 -0.65625 0.390625 -0.6323242 0.3500977 -0.668457 0.4331055 -0.6323242 0.4160156 -0.65625 0.4160156 -0.65625 0.4160156 -0.6323242 0.4160156 -0.65625 0.390625 -0.6323242 0.4331055 -0.6323242 0.4160156 -0.668457 0.4331055 -0.6323242 0.3500977 -0.65625 0.390625 -0.6323242 0.390625 -0.65625 0.390625 -0.6323242 0.4160156 -0.6323242 0.390625 -0.6323242 0.3500977 -0.6323242 0.390625 -0.6079102 0.3500977 -0.6323242 0.4331055 -0.6079102 0.4160156 -0.6323242 0.4160156 -0.6323242 0.4160156 -0.6079102 0.4160156 -0.6323242 0.390625 -0.597168 0.4331055 -0.6079102 0.4160156 -0.6323242 0.4331055 -0.6079102 0.3500977 -0.6323242 0.390625 -0.6079102 0.390625 -0.6323242 0.390625 -0.6079102 0.4160156 -0.6079102 0.390625 -0.6079102 0.3500977 -0.6079102 0.390625 -0.5844727 0.3500977 -0.597168 0.4331055 -0.5844727 0.4160156 -0.6079102 0.4160156 -0.6079102 0.4160156 -0.5844727 0.4160156 -0.6079102 0.390625 -0.5844727 0.3500977 -0.6079102 0.390625 -0.5844727 0.390625 -0.6079102 0.390625 -0.5844727 0.4160156 -0.5844727 0.390625 -0.5844727 0.3500977 -0.5844727 0.390625 -0.5610352 0.3500977 -0.597168 0.4331055 -0.5610352 0.4160156 -0.5844727 0.4160156 -0.5844727 0.4160156 -0.5610352 0.4160156 -0.5844727 0.390625 -0.5610352 0.4331055 -0.5610352 0.4160156 -0.597168 0.4331055 -0.5610352 0.3500977 -0.5844727 0.390625 -0.5610352 0.390625 -0.5844727 0.390625 -0.5610352 0.4160156 -0.5610352 0.390625 -0.5610352 0.4331055 -0.5366211 0.4160156 -0.5610352 0.4160156 -0.5610352 0.4160156 -0.5366211 0.4160156 -0.5610352 0.390625 -0.5253906 0.4331055 -0.5366211 0.4160156 -0.5610352 0.4331055 -0.5610352 0.390625 -0.5366211 0.390625 -0.5610352 0.3500977 -0.5610352 0.390625 -0.5366211 0.4160156 -0.5366211 0.390625 -0.5610352 0.3500977 -0.5366211 0.390625 -0.5366211 0.3500977 -0.5253906 0.4331055 -0.5126953 0.4160156 -0.5366211 0.4160156 -0.5366211 0.4160156 -0.5126953 0.4160156 -0.5366211 0.390625 -0.5253906 0.4331055 -0.4890137 0.4160156 -0.5126953 0.4160156 -0.5366211 0.390625 -0.5126953 0.390625 -0.5366211 0.3500977 -0.5366211 0.390625 -0.5126953 0.4160156 -0.5126953 0.390625 -0.5126953 0.4160156 -0.4890137 0.4160156 -0.5126953 0.390625 -0.5366211 0.3500977 -0.5126953 0.390625 -0.5126953 0.3500977 -0.5126953 0.390625 -0.4890137 0.4160156 -0.4890137 0.390625 -0.5126953 0.390625 -0.4890137 0.390625 -0.5126953 0.3500977 -0.4890137 0.4160156 -0.4645996 0.4160156 -0.4890137 0.390625 -0.5126953 0.3500977 -0.4890137 0.390625 -0.4890137 0.3500977 -0.4890137 0.390625 -0.4645996 0.4160156 -0.4645996 0.390625 -0.4890137 0.390625 -0.4645996 0.390625 -0.4890137 0.3500977 0.9301758 0.9908142 0.9580078 0.957489 0.9570313 0.9908142 0.9296875 0.971405 0.9580078 0.957489 0.9301758 0.9908142 0.9296875 0.971405 0.9301758 0.9908142 0.9018555 0.957489 0.9018555 0.957489 0.9301758 0.9908142 0.902832 0.9908142 0.8896484 0.7104492 0.8491211 0.6862793 0.8662109 0.7106934 0.8896484 0.6870117 0.8491211 0.6862793 0.8896484 0.7104492 0.8896484 0.7104492 0.8662109 0.7106934 0.8896484 0.7338867 0.8896484 0.7338867 0.8662109 0.7106934 0.8491211 0.7351074 0.5864258 0.9588623 0.5541992 0.9816284 0.5541992 0.9588623 0.5864258 0.9816284 0.5541992 0.9816284 0.5864258 0.9588623 0.4101563 0.293457 0.4331055 0.328125 0.4101563 0.328125 0.4331055 0.293457 0.4331055 0.328125 0.4101563 0.293457 0.9023438 0.9051514 0.8745117 0.9393311 0.8754883 0.9064942 0.9023438 0.9242554 0.8745117 0.9393311 0.9023438 0.9051514 0.9023438 0.9242554 0.9023438 0.9051514 0.9301758 0.9393616 0.9301758 0.9393616 0.9023438 0.9051514 0.9291992 0.9065552 0.8129883 0.7329102 0.8408203 0.6987305 0.8129883 0.7138672 0.8398438 0.7314453 0.8408203 0.6987305 0.8129883 0.7329102 0.8129883 0.7329102 0.8129883 0.7138672 0.7861328 0.7314453 0.7861328 0.7314453 0.8129883 0.7138672 0.784668 0.6987305 0.8881836 0.9661255 0.8564453 0.9881668 0.8564453 0.9661255 0.8881836 0.9881668 0.8564453 0.9881668 0.8881836 0.9661255 0.5888672 0.9115601 0.5537109 0.9335938 0.5537109 0.9115601 0.5888672 0.9335938 0.5537109 0.9335938 0.5888672 0.9115601 0.762207 0.06054687 0.784668 0.0859375 0.762207 0.0859375 0.762207 0.0859375 0.784668 0.0859375 0.762207 0.1108398 0.762207 0.0859375 0.7412109 0.0859375 0.762207 0.06054687 0.762207 0.1108398 0.7412109 0.0859375 0.762207 0.0859375 0.784668 0.06054687 0.784668 0.0859375 0.762207 0.06054687 0.784668 0.06054687 0.9394531 0.07763671 0.784668 0.0859375 0.9394531 0.06054687 0.9394531 0.07763671 0.784668 0.06054687 0.9394531 0.09423828 0.784668 0.0859375 0.9394531 0.07763671 0.784668 0.06054687 0.9394531 0.04394531 0.9394531 0.06054687 0.9394531 0.09423828 0.784668 0.1108398 0.784668 0.0859375 0.9394531 0.1108398 0.784668 0.1108398 0.9394531 0.09423828 0.784668 0.0859375 0.784668 0.1108398 0.762207 0.1108398 0.784668 0.1108398 0.9394531 0.1108398 0.784668 0.1362304 0.784668 0.1108398 0.784668 0.1362304 0.762207 0.1108398 0.784668 0.1362304 0.9394531 0.1108398 0.9394531 0.1279296 0.9394531 0.1279296 0.9394531 0.1445312 0.784668 0.1362304 0.784668 0.1362304 0.9394531 0.1445312 0.784668 0.161621 0.784668 0.161621 0.9394531 0.1445312 0.9394531 0.161621 0.762207 0.1108398 0.784668 0.1362304 0.762207 0.1362304 0.9394531 0.161621 0.784668 0.1870117 0.784668 0.161621 0.9394531 0.1782226 0.784668 0.1870117 0.9394531 0.161621 0.9394531 0.1953125 0.784668 0.1870117 0.9394531 0.1782226 0.784668 0.1362304 0.784668 0.161621 0.762207 0.161621 0.762207 0.1362304 0.784668 0.1362304 0.762207 0.161621 0.784668 0.161621 0.784668 0.1870117 0.762207 0.161621 0.9394531 0.211914 0.784668 0.2124023 0.9394531 0.1953125 0.9394531 0.1953125 0.784668 0.2124023 0.784668 0.1870117 0.784668 0.1870117 0.784668 0.2124023 0.762207 0.1870117 0.762207 0.161621 0.784668 0.1870117 0.762207 0.1870117 0.762207 0.1870117 0.784668 0.2124023 0.762207 0.2124023 0.762207 0.2124023 0.7412109 0.2124023 0.762207 0.1870117 0.7338867 0.2124023 0.7338867 0.1953125 0.7412109 0.2124023 0.7412109 0.2124023 0.7412109 0.1870117 0.762207 0.1870117 0.7412109 0.2124023 0.7338867 0.1953125 0.7412109 0.1870117 0.7338867 0.1953125 0.7338867 0.1782226 0.7412109 0.1870117 0.762207 0.1870117 0.7412109 0.1870117 0.762207 0.161621 0.7338867 0.1782226 0.7338867 0.161621 0.7412109 0.1870117 0.7412109 0.1870117 0.7338867 0.161621 0.7412109 0.161621 0.7412109 0.1870117 0.7412109 0.161621 0.762207 0.161621 0.7338867 0.161621 0.7338867 0.1445312 0.7412109 0.161621 0.7412109 0.161621 0.7412109 0.1362304 0.762207 0.161621 0.7412109 0.161621 0.7338867 0.1445312 0.7412109 0.1362304 0.762207 0.161621 0.7412109 0.1362304 0.762207 0.1362304 0.7338867 0.1445312 0.7338867 0.1279296 0.7412109 0.1362304 0.762207 0.1362304 0.7412109 0.1362304 0.762207 0.1108398 0.7338867 0.1279296 0.7338867 0.1108398 0.7412109 0.1362304 0.7412109 0.1362304 0.7412109 0.1108398 0.762207 0.1108398 0.7412109 0.1362304 0.7338867 0.1108398 0.7412109 0.1108398 0.7338867 0.1108398 0.7338867 0.09423828 0.7412109 0.1108398 0.7412109 0.1108398 0.7412109 0.0859375 0.762207 0.1108398 0.7412109 0.1108398 0.7338867 0.09423828 0.7412109 0.0859375 0.7338867 0.09423828 0.7338867 0.07763671 0.7412109 0.0859375 0.7338867 0.07763671 0.7338867 0.06054687 0.7412109 0.0859375 0.7412109 0.0859375 0.7338867 0.06054687 0.7412109 0.06054687 0.7338867 0.06054687 0.7338867 0.04394531 0.7412109 0.06054687 0.7412109 0.0859375 0.7412109 0.06054687 0.762207 0.06054687 0.7412109 0.06054687 0.7338867 0.04394531 0.7412109 0.03564453 0.7412109 0.06054687 0.7412109 0.03564453 0.762207 0.06054687 0.7338867 0.04394531 0.7338867 0.02734375 0.7412109 0.03564453 0.7338867 0.02734375 0.7338867 0.0102539 0.7412109 0.03564453 0.7412109 0.03564453 0.7338867 0.0102539 0.7412109 0.0102539 0.7412109 0.03564453 0.7412109 0.0102539 0.762207 0.03564453 0.762207 0.06054687 0.7412109 0.03564453 0.762207 0.03564453 0.762207 0.03564453 0.7412109 0.0102539 0.762207 0.0102539 0.762207 0.0102539 0.784668 0.0102539 0.762207 0.03564453 0.762207 0.03564453 0.784668 0.03564453 0.762207 0.06054687 0.784668 0.0102539 0.784668 0.03564453 0.762207 0.03564453 0.784668 0.03564453 0.784668 0.06054687 0.762207 0.06054687 0.784668 0.0102539 0.9394531 0.0102539 0.784668 0.03564453 0.784668 0.03564453 0.9394531 0.04394531 0.784668 0.06054687 0.784668 0.03564453 0.9394531 0.0102539 0.9394531 0.02734375 0.9394531 0.02734375 0.9394531 0.04394531 0.784668 0.03564453 0.2663574 0.6911621 0.2180175 0.6911621 0.2602539 0.7131348 0.2602539 0.7131348 0.2180175 0.6911621 0.2421875 0.7287598 0.2602539 0.6691895 0.2180175 0.6911621 0.2663574 0.6911621 0.2421875 0.7287598 0.2180175 0.6911621 0.2180175 0.7351074 0.2421875 0.6533203 0.2180175 0.6911621 0.2602539 0.6691895 0.2180175 0.7351074 0.2180175 0.6911621 0.1939697 0.7287598 0.2180175 0.6472168 0.2180175 0.6911621 0.2421875 0.6533203 0.1939697 0.7287598 0.2180175 0.6911621 0.1757812 0.7131348 0.1939697 0.6533203 0.2180175 0.6911621 0.2180175 0.6472168 0.1757812 0.7131348 0.2180175 0.6911621 0.1697998 0.6911621 0.1757812 0.6691895 0.2180175 0.6911621 0.1939697 0.6533203 0.1697998 0.6911621 0.2180175 0.6911621 0.1757812 0.6691895 0.65625 0.866333 0.6806641 0.8794556 0.6630859 0.8794556 0.6757813 0.8618164 0.6806641 0.8794556 0.65625 0.866333 0.6806641 0.8794556 0.6757813 0.8971558 0.6630859 0.8794556 0.6611328 0.8491211 0.6757813 0.8618164 0.65625 0.866333 0.6611328 0.8491211 0.65625 0.866333 0.6416016 0.8441162 0.6630859 0.8794556 0.6757813 0.8971558 0.65625 0.8925781 0.6757813 0.8971558 0.6611328 0.90979 0.65625 0.8925781 0.6611328 0.90979 0.6416016 0.914856 0.65625 0.8925781 0.6416016 0.8794556 0.65625 0.866333 0.6630859 0.8794556 0.6416016 0.8794556 0.6630859 0.8794556 0.65625 0.8925781 0.6416016 0.8441162 0.65625 0.866333 0.6416016 0.8601074 0.6416016 0.8794556 0.6416016 0.8601074 0.65625 0.866333 0.6269531 0.866333 0.6416016 0.8441162 0.6416016 0.8601074 0.6416016 0.8794556 0.6269531 0.866333 0.6416016 0.8601074 0.6220703 0.8491211 0.6416016 0.8441162 0.6269531 0.866333 0.6074219 0.8618164 0.6220703 0.8491211 0.6269531 0.866333 0.6201172 0.8794556 0.6074219 0.8618164 0.6269531 0.866333 0.6416016 0.8794556 0.6201172 0.8794556 0.6269531 0.866333 0.6025391 0.8794556 0.6074219 0.8618164 0.6201172 0.8794556 0.6025391 0.8794556 0.6201172 0.8794556 0.6074219 0.8971558 0.6074219 0.8971558 0.6201172 0.8794556 0.6269531 0.8925781 0.6416016 0.8794556 0.6269531 0.8925781 0.6201172 0.8794556 0.6220703 0.90979 0.6074219 0.8971558 0.6269531 0.8925781 0.6220703 0.90979 0.6269531 0.8925781 0.6416016 0.914856 0.6416016 0.8794556 0.6416016 0.8988037 0.6269531 0.8925781 0.6416016 0.914856 0.6269531 0.8925781 0.6416016 0.8988037 0.6416016 0.8794556 0.65625 0.8925781 0.6416016 0.8988037 0.65625 0.8925781 0.6416016 0.914856 0.6416016 0.8988037 0.7158203 0.07763671 0.7338867 0.06054687 0.7338867 0.07763671 0.7338867 0.09423828 0.7158203 0.07763671 0.7338867 0.07763671 0.7158203 0.06054687 0.7338867 0.06054687 0.7158203 0.07763671 0.7158203 0.09423828 0.7158203 0.07763671 0.7338867 0.09423828 0.7158203 0.06054687 0.7158203 0.04394531 0.7338867 0.06054687 0.7158203 0.09423828 0.7338867 0.09423828 0.7158203 0.1108398 0.7338867 0.06054687 0.7158203 0.04394531 0.7338867 0.04394531 0.7158203 0.1108398 0.7338867 0.09423828 0.7338867 0.1108398 0.7158203 0.04394531 0.7338867 0.02734375 0.7338867 0.04394531 0.7338867 0.1279296 0.7158203 0.1108398 0.7338867 0.1108398 0.7158203 0.02734375 0.7338867 0.02734375 0.7158203 0.04394531 0.7158203 0.1279296 0.7158203 0.1108398 0.7338867 0.1279296 0.7338867 0.02734375 0.7158203 0.02734375 0.7338867 0.0102539 0.7338867 0.0102539 0.7158203 0.02734375 0.7158203 0.0102539 0.7158203 0.1279296 0.7338867 0.1279296 0.7158203 0.1445312 0.7158203 0.1445312 0.7338867 0.1279296 0.7338867 0.1445312 0.7338867 0.161621 0.7158203 0.1445312 0.7338867 0.1445312 0.7158203 0.161621 0.7158203 0.1445312 0.7338867 0.161621 0.7158203 0.161621 0.7338867 0.161621 0.7158203 0.1782226 0.7158203 0.1782226 0.7338867 0.161621 0.7338867 0.1782226 0.7338867 0.1953125 0.7158203 0.1782226 0.7338867 0.1782226 0.7158203 0.1953125 0.7158203 0.1782226 0.7338867 0.1953125 0.7158203 0.1953125 0.7338867 0.1953125 0.7158203 0.2124023 0.7158203 0.2124023 0.7338867 0.1953125 0.7338867 0.2124023 0.7158203 0.06054687 0.7089844 0.04394531 0.7158203 0.04394531 0.7089844 0.04394531 0.7089844 0.02734375 0.7158203 0.04394531 0.7089844 0.06054687 0.7089844 0.04394531 0.7158203 0.06054687 0.7158203 0.04394531 0.7089844 0.02734375 0.7158203 0.02734375 0.7158203 0.07763671 0.7089844 0.06054687 0.7158203 0.06054687 0.7089844 0.02734375 0.7089844 0.0102539 0.7158203 0.02734375 0.7158203 0.02734375 0.7089844 0.0102539 0.7158203 0.0102539 0.7089844 0.07763671 0.7089844 0.06054687 0.7158203 0.07763671 0.7158203 0.09423828 0.7089844 0.07763671 0.7158203 0.07763671 0.7089844 0.09423828 0.7089844 0.07763671 0.7158203 0.09423828 0.7158203 0.1108398 0.7089844 0.09423828 0.7158203 0.09423828 0.7089844 0.1108398 0.7089844 0.09423828 0.7158203 0.1108398 0.7158203 0.1279296 0.7089844 0.1108398 0.7158203 0.1108398 0.7089844 0.1279296 0.7089844 0.1108398 0.7158203 0.1279296 0.7158203 0.1445312 0.7089844 0.1279296 0.7158203 0.1279296 0.7089844 0.1445312 0.7089844 0.1279296 0.7158203 0.1445312 0.7158203 0.161621 0.7089844 0.1445312 0.7158203 0.1445312 0.7089844 0.161621 0.7089844 0.1445312 0.7158203 0.161621 0.7158203 0.1782226 0.7089844 0.161621 0.7158203 0.161621 0.7089844 0.1782226 0.7089844 0.161621 0.7158203 0.1782226 0.7158203 0.1953125 0.7089844 0.1782226 0.7158203 0.1782226 0.7089844 0.1953125 0.7089844 0.1782226 0.7158203 0.1953125 0.7158203 0.2124023 0.7089844 0.1953125 0.7158203 0.1953125 0.7089844 0.2124023 0.7089844 0.1953125 0.7158203 0.2124023 -0.9750977 0.07324218 -0.9506836 0.1123046 -0.9443359 0.07714843 -0.9770508 0.1083984 -0.9506836 0.1123046 -0.9750977 0.07324218 -0.9443359 0.07714843 -0.9853516 0.06201171 -0.9750977 0.07324218 -0.9853516 0.02832031 -0.9853516 0.06201171 -0.9443359 0.07714843 -0.9750977 0.07324218 -0.9946289 0.06298828 -0.984375 0.07470703 -0.9853516 0.06201171 -0.9946289 0.06298828 -0.9750977 0.07324218 -0.9853516 0.06201171 -0.9946289 0.009765625 -0.9946289 0.06298828 -0.9853516 0.02832031 -0.9946289 0.009765625 -0.9853516 0.06201171 -0.9946289 0.009765625 -0.9443359 0.07714843 -0.9370117 0.07763671 -0.9853516 0.02832031 -0.9443359 0.07714843 -0.9946289 0.009765625 -0.9443359 0.07714843 -0.9443359 0.1186523 -0.9370117 0.07763671 -0.9506836 0.1123046 -0.9443359 0.1186523 -0.9443359 0.07714843 -0.9853516 0.1132812 -0.9750977 0.07324218 -0.984375 0.07470703 -0.9770508 0.1083984 -0.9750977 0.07324218 -0.9853516 0.1132812 -0.9506836 0.1123046 -0.9853516 0.1132812 -0.9443359 0.1186523 -0.9770508 0.1083984 -0.9853516 0.1132812 -0.9506836 0.1123046 -0.9384766 0.02880859 -0.9306641 0.07080078 -0.9677734 0.03222656 -0.9316406 0.03564453 -0.9306641 0.07080078 -0.9384766 0.02880859 -0.9677734 0.03222656 -0.9394531 0.00390625 -0.9384766 0.02880859 -0.9648438 0.004394531 -0.9394531 0.00390625 -0.9677734 0.03222656 -0.1084594 0.4633789 -0.08221435 0.4829102 -0.1084594 0.4829102 -0.1084594 0.4829102 -0.08221435 0.5 -0.1084594 0.5002442 -0.08221435 0.4829102 -0.08221435 0.5 -0.1084594 0.4829102 -0.08221435 0.4829102 -0.0715332 0.4995117 -0.08221435 0.5 -0.0715332 0.4819336 -0.0715332 0.4995117 -0.08221435 0.4829102 -0.08221435 0.4633789 -0.0715332 0.4819336 -0.08221435 0.4829102 -0.08221435 0.4633789 -0.08221435 0.4829102 -0.1084594 0.4633789 -0.0715332 0.4628906 -0.0715332 0.4819336 -0.08221435 0.4633789 -0.08221435 0.4633789 -0.0715332 0.4458008 -0.0715332 0.4628906 -0.08221435 0.4633789 -0.1084594 0.4633789 -0.08221435 0.4462891 -0.08221435 0.4462891 -0.0715332 0.4458008 -0.08221435 0.4633789 -0.08221435 0.4462891 -0.1084594 0.4633789 -0.1084594 0.4462891 -0.08221435 0.4462891 -0.0715332 0.4291992 -0.0715332 0.4458008 -0.08221435 0.4462891 -0.1084594 0.4462891 -0.08221435 0.4296875 -0.08221435 0.4296875 -0.0715332 0.4291992 -0.08221435 0.4462891 -0.08221435 0.4296875 -0.1084594 0.4462891 -0.1084594 0.4296875 -0.1083374 0.4135742 -0.08221435 0.4296875 -0.1084594 0.4296875 -0.08221435 0.4135742 -0.0715332 0.4291992 -0.08221435 0.4296875 -0.08221435 0.4135742 -0.08221435 0.4296875 -0.1083374 0.4135742 -0.0715332 0.4130859 -0.0715332 0.4291992 -0.08221435 0.4135742 -0.1083374 0.3964844 -0.08221435 0.4135742 -0.1083374 0.4135742 -0.08221435 0.3964844 -0.0715332 0.4130859 -0.08221435 0.4135742 -0.08221435 0.3964844 -0.08221435 0.4135742 -0.1083374 0.3964844 -0.0715332 0.3964844 -0.0715332 0.4130859 -0.08221435 0.3964844 -0.08221435 0.3964844 -0.0715332 0.3803711 -0.0715332 0.3964844 -0.08221435 0.3964844 -0.1083374 0.3964844 -0.08221435 0.3803711 -0.08221435 0.3803711 -0.0715332 0.3803711 -0.08221435 0.3964844 -0.08221435 0.3803711 -0.0715332 0.3652344 -0.0715332 0.3803711 -0.08221435 0.3803711 -0.1083374 0.3964844 -0.1083374 0.3803711 -0.08221435 0.3652344 -0.0715332 0.3652344 -0.08221435 0.3803711 -0.08221435 0.3803711 -0.1083374 0.3803711 -0.08221435 0.3652344 -0.08221435 0.3652344 -0.1083374 0.3803711 -0.1083374 0.3652344 -0.1270751 0.828125 -0.1398925 0.8012695 -0.1270751 0.8012695 -0.1137695 0.8012695 -0.1270751 0.828125 -0.1270751 0.8012695 -0.1398925 0.828125 -0.1398925 0.8012695 -0.1270751 0.828125 -0.1137695 0.828125 -0.1270751 0.828125 -0.1137695 0.8012695 -0.1398925 0.828125 -0.1516113 0.828125 -0.1398925 0.8012695 -0.1016845 0.8012695 -0.1137695 0.828125 -0.1137695 0.8012695 -0.1398925 0.8012695 -0.1516113 0.828125 -0.1516113 0.8012695 -0.1016845 0.828125 -0.1137695 0.828125 -0.1016845 0.8012695 -0.1516113 0.828125 -0.1639404 0.828125 -0.1516113 0.8012695 -0.1516113 0.8012695 -0.1639404 0.828125 -0.1639404 0.8012695 -0.09075927 0.8012695 -0.1016845 0.828125 -0.1016845 0.8012695 -0.09075927 0.828125 -0.1016845 0.828125 -0.09075927 0.8012695 -0.07928466 0.8012695 -0.09075927 0.828125 -0.09075927 0.8012695 -0.07928466 0.828125 -0.09075927 0.828125 -0.07928466 0.8012695 -0.06713867 0.8012695 -0.07928466 0.828125 -0.07928466 0.8012695 -0.06713867 0.828125 -0.07928466 0.828125 -0.06713867 0.8012695 -0.5874024 0.8250733 -0.5874024 0.8389893 -0.5751953 0.8345947 -0.5874024 0.8250733 -0.5751953 0.8345947 -0.5693359 0.8250733 -0.5874024 0.8250733 -0.5996094 0.8345947 -0.5874024 0.8389893 -0.5874024 0.8250733 -0.5693359 0.8250733 -0.5751953 0.8156738 -0.5874024 0.8250733 -0.6054688 0.8250733 -0.5996094 0.8345947 -0.5874024 0.8250733 -0.5751953 0.8156738 -0.5874024 0.8111572 -0.5874024 0.8250733 -0.5996094 0.8156738 -0.6054688 0.8250733 -0.5874024 0.8250733 -0.5874024 0.8111572 -0.5996094 0.8156738 -0.2259521 0.9326172 -0.2233886 0.925354 -0.2243652 0.9178467 -0.2243652 0.9178467 -0.2353515 0.9385986 -0.2259521 0.9326172 -0.2322998 0.9104614 -0.2353515 0.9385986 -0.2243652 0.9178467 -0.2322998 0.9104614 -0.2685547 0.9018555 -0.2353515 0.9385986 -0.2353515 0.9385986 -0.2685547 0.9018555 -0.2727051 0.9413147 -0.2727051 0.9413147 -0.2685547 0.9018555 -0.2963867 0.9414978 -0.2963867 0.9414978 -0.2685547 0.9018555 -0.2917481 0.8979492 -0.2963867 0.9414978 -0.2917481 0.8979492 -0.3059082 0.9338379 -0.3059082 0.9338379 -0.2917481 0.8979492 -0.3027344 0.9039917 -0.3027344 0.9039917 -0.3095703 0.9185181 -0.3059082 0.9338379 -0.6025391 0.9036255 -0.5795899 0.911377 -0.5761719 0.9066773 -0.6000977 0.9089356 -0.5795899 0.911377 -0.6025391 0.9036255 -0.5761719 0.9066773 -0.6040039 0.8791504 -0.6025391 0.9036255 -0.6000977 0.9089356 -0.5961914 0.9132691 -0.5795899 0.911377 -0.5688477 0.8832398 -0.6040039 0.8791504 -0.5761719 0.9066773 -0.5795899 0.911377 -0.5961914 0.9132691 -0.5839844 0.9146118 -0.5961914 0.9132691 -0.590332 0.9152222 -0.5839844 0.9146118 -0.5688477 0.8832398 -0.5654297 0.8675537 -0.6040039 0.8791504 -0.6040039 0.8791504 -0.5654297 0.8675537 -0.6040039 0.8630371 -0.5654297 0.8675537 -0.6000977 0.857666 -0.6040039 0.8630371 -0.5678711 0.8614502 -0.6000977 0.857666 -0.5654297 0.8675537 -0.5678711 0.8614502 -0.5742188 0.8563233 -0.6000977 0.857666 -0.6000977 0.857666 -0.5742188 0.8563233 -0.5927734 0.854126 -0.5742188 0.8563233 -0.5830078 0.8538818 -0.5927734 0.854126 -0.342041 0.8005371 -0.3806152 0.8337402 -0.3771973 0.8005371 -0.3806152 0.8337402 -0.3842774 0.8005371 -0.3771973 0.8005371 -0.342041 0.8337402 -0.3806152 0.8337402 -0.342041 0.8005371 -0.3806152 0.8337402 -0.3916016 0.8337402 -0.3842774 0.8005371 -0.342041 0.8337402 -0.342041 0.8005371 -0.3122559 0.8337402 -0.3842774 0.8005371 -0.3916016 0.8337402 -0.3916016 0.8005371 -0.3122559 0.8337402 -0.342041 0.8005371 -0.3122559 0.8005371 -0.3974609 0.8337402 -0.3916016 0.8005371 -0.3916016 0.8337402 -0.3974609 0.8005371 -0.3916016 0.8005371 -0.3974609 0.8337402 -0.3122559 0.8337402 -0.3122559 0.8005371 -0.2995606 0.8337402 -0.2995606 0.8337402 -0.3122559 0.8005371 -0.3041992 0.8005371 -0.2995606 0.8337402 -0.3041992 0.8005371 -0.2949219 0.8005371 -0.2844238 0.8005371 -0.2995606 0.8337402 -0.2949219 0.8005371 -0.2844238 0.8337402 -0.2995606 0.8337402 -0.2844238 0.8005371 -0.2736817 0.8005371 -0.2844238 0.8337402 -0.2844238 0.8005371 -0.269043 0.8337402 -0.2844238 0.8337402 -0.2736817 0.8005371 -0.269043 0.8337402 -0.2736817 0.8005371 -0.2644043 0.8005371 -0.2563477 0.8005371 -0.269043 0.8337402 -0.2644043 0.8005371 -0.2563477 0.8337402 -0.269043 0.8337402 -0.2563477 0.8005371 -0.2291259 0.8005371 -0.2563477 0.8337402 -0.2563477 0.8005371 -0.2291259 0.8337402 -0.2563477 0.8337402 -0.2291259 0.8005371 -0.2291259 0.8005371 -0.1939697 0.8005371 -0.2291259 0.8337402 -0.2291259 0.8337402 -0.1939697 0.8005371 -0.1904296 0.8337402 -0.1904296 0.8337402 -0.1939697 0.8005371 -0.1868896 0.8005371 -0.1815185 0.8005371 -0.1904296 0.8337402 -0.1868896 0.8005371 -0.1815185 0.8337402 -0.1904296 0.8337402 -0.1815185 0.8005371 -0.173706 0.8005371 -0.1815185 0.8337402 -0.1815185 0.8005371 -0.173706 0.8337402 -0.1815185 0.8337402 -0.173706 0.8005371 -0.2293701 0.9588928 -0.2386474 0.9849548 -0.2293701 0.9849548 -0.2386474 0.9588928 -0.2386474 0.9849548 -0.2293701 0.9588928 -0.2293701 0.9499817 -0.2386474 0.9588928 -0.2293701 0.9588928 -0.2386474 0.9499817 -0.2386474 0.9588928 -0.2293701 0.9499817 -0.2386474 0.9588928 -0.2487792 0.9849548 -0.2386474 0.9849548 -0.2386474 0.9499817 -0.2487792 0.9499817 -0.2386474 0.9588928 -0.2487792 0.9588928 -0.2487792 0.9849548 -0.2386474 0.9588928 -0.2386474 0.9588928 -0.2487792 0.9499817 -0.2487792 0.9588928 -0.2487792 0.9588928 -0.2590332 0.9849625 -0.2487792 0.9849548 -0.2487792 0.9499817 -0.2590332 0.9499817 -0.2487792 0.9588928 -0.2590332 0.9588928 -0.2590332 0.9849625 -0.2487792 0.9588928 -0.2487792 0.9588928 -0.2590332 0.9499817 -0.2590332 0.9588928 -0.2590332 0.9588928 -0.2695313 0.9849625 -0.2590332 0.9849625 -0.2590332 0.9499817 -0.2695313 0.9499817 -0.2590332 0.9588928 -0.2695313 0.9588928 -0.2695313 0.9849625 -0.2590332 0.9588928 -0.2590332 0.9588928 -0.2695313 0.9499817 -0.2695313 0.9588928 -0.2695313 0.9588928 -0.279541 0.9849625 -0.2695313 0.9849625 -0.2695313 0.9499817 -0.279541 0.9499817 -0.2695313 0.9588928 -0.279541 0.9588928 -0.279541 0.9849625 -0.2695313 0.9588928 -0.2695313 0.9588928 -0.279541 0.9499817 -0.279541 0.9588928 -0.279541 0.9588928 -0.2897949 0.9849625 -0.279541 0.9849625 -0.279541 0.9499817 -0.2897949 0.9499817 -0.279541 0.9588928 -0.2897949 0.9588928 -0.2897949 0.9849625 -0.279541 0.9588928 -0.279541 0.9588928 -0.2897949 0.9499817 -0.2897949 0.9588928 -0.2897949 0.9588928 -0.3000488 0.9849625 -0.2897949 0.9849625 -0.2897949 0.9499817 -0.3000488 0.9499817 -0.2897949 0.9588928 -0.3000488 0.9588928 -0.3000488 0.9849625 -0.2897949 0.9588928 -0.2897949 0.9588928 -0.3000488 0.9499817 -0.3000488 0.9588928 -0.3000488 0.9588928 -0.3095703 0.9849625 -0.3000488 0.9849625 -0.3000488 0.9499817 -0.3095703 0.9499817 -0.3000488 0.9588928 -0.3095703 0.9588928 -0.3095703 0.9849625 -0.3000488 0.9588928 -0.3000488 0.9588928 -0.3095703 0.9499817 -0.3095703 0.9588928 -0.480957 0.4868164 -0.480957 0.5 -0.4697266 0.4956055 -0.480957 0.4868164 -0.4697266 0.4956055 -0.4645996 0.4868164 -0.480957 0.4868164 -0.4921875 0.4956055 -0.480957 0.5 -0.480957 0.4868164 -0.4645996 0.4868164 -0.4697266 0.4775391 -0.480957 0.4868164 -0.4973145 0.4868164 -0.4921875 0.4956055 -0.480957 0.4868164 -0.4697266 0.4775391 -0.480957 0.4731445 -0.480957 0.4868164 -0.4921875 0.4775391 -0.4973145 0.4868164 -0.480957 0.4868164 -0.480957 0.4731445 -0.4921875 0.4775391 -0.6953125 0.5925293 -0.6845703 0.5964356 -0.6845703 0.583252 -0.6845703 0.5964356 -0.6953125 0.5925293 -0.6845703 0.6018067 -0.6845703 0.6018067 -0.6953125 0.5925293 -0.6992188 0.5964356 -0.6694336 0.5964356 -0.6845703 0.5964356 -0.6845703 0.6018067 -0.6953125 0.5925293 -0.6992188 0.583252 -0.6992188 0.5964356 -0.6992188 0.583252 -0.6953125 0.5925293 -0.6845703 0.583252 -0.6992188 0.5964356 -0.6992188 0.583252 -0.7055664 0.583252 -0.6738281 0.5925293 -0.6845703 0.5964356 -0.6694336 0.5964356 -0.6845703 0.5964356 -0.6738281 0.5925293 -0.6845703 0.583252 -0.6635742 0.583252 -0.6738281 0.5925293 -0.6694336 0.5964356 -0.6992188 0.583252 -0.6953125 0.5739746 -0.7055664 0.583252 -0.6953125 0.5739746 -0.6992188 0.583252 -0.6845703 0.583252 -0.7055664 0.583252 -0.6953125 0.5739746 -0.6992188 0.5700684 -0.6694336 0.583252 -0.6738281 0.5925293 -0.6635742 0.583252 -0.6738281 0.5925293 -0.6694336 0.583252 -0.6845703 0.583252 -0.6694336 0.5700684 -0.6694336 0.583252 -0.6635742 0.583252 -0.6953125 0.5739746 -0.6845703 0.5700684 -0.6992188 0.5700684 -0.6845703 0.5700684 -0.6953125 0.5739746 -0.6845703 0.583252 -0.6992188 0.5700684 -0.6845703 0.5700684 -0.6845703 0.5644531 -0.6694336 0.583252 -0.6738281 0.5739746 -0.6845703 0.583252 -0.6738281 0.5739746 -0.6845703 0.5700684 -0.6845703 0.583252 -0.6845703 0.5700684 -0.6738281 0.5739746 -0.6845703 0.5644531 -0.6738281 0.5739746 -0.6694336 0.583252 -0.6694336 0.5700684 -0.6845703 0.5644531 -0.6738281 0.5739746 -0.6694336 0.5700684 -0.8408203 0.9853134 -0.8569336 0.9853134 -0.8525391 0.9805908 -0.8569336 0.9853134 -0.8637695 0.9691925 -0.8525391 0.9805908 -0.8408203 0.9919891 -0.8569336 0.9853134 -0.8408203 0.9853134 -0.8525391 0.9805908 -0.8637695 0.9691925 -0.8569336 0.9691925 -0.8637695 0.9691925 -0.8569336 0.9530945 -0.8569336 0.9691925 -0.8295899 0.9805908 -0.8408203 0.9919891 -0.8408203 0.9853134 -0.8251953 0.9853134 -0.8408203 0.9919891 -0.8295899 0.9805908 -0.8408203 0.9853134 -0.8525391 0.9805908 -0.8408203 0.9691925 -0.8295899 0.9805908 -0.8408203 0.9853134 -0.8408203 0.9691925 -0.8525391 0.9805908 -0.8569336 0.9691925 -0.8408203 0.9691925 -0.8251953 0.9691925 -0.8251953 0.9853134 -0.8295899 0.9805908 -0.8251953 0.9691925 -0.8295899 0.9805908 -0.8408203 0.9691925 -0.8183594 0.9691925 -0.8251953 0.9853134 -0.8251953 0.9691925 -0.8295899 0.9577942 -0.8183594 0.9691925 -0.8251953 0.9691925 -0.8295899 0.9577942 -0.8251953 0.9691925 -0.8408203 0.9691925 -0.8251953 0.9530945 -0.8183594 0.9691925 -0.8295899 0.9577942 -0.8569336 0.9691925 -0.8525391 0.9577942 -0.8408203 0.9691925 -0.8569336 0.9691925 -0.8569336 0.9530945 -0.8525391 0.9577942 -0.8569336 0.9530945 -0.8408203 0.9464111 -0.8525391 0.9577942 -0.8408203 0.9530945 -0.8295899 0.9577942 -0.8408203 0.9691925 -0.8525391 0.9577942 -0.8408203 0.9530945 -0.8408203 0.9691925 -0.8525391 0.9577942 -0.8408203 0.9464111 -0.8408203 0.9530945 -0.8408203 0.9530945 -0.8251953 0.9530945 -0.8295899 0.9577942 -0.8408203 0.9464111 -0.8251953 0.9530945 -0.8408203 0.9530945 -0.2736817 0.734375 -0.2585449 0.7424317 -0.2585449 0.7241211 -0.2585449 0.7424317 -0.2736817 0.734375 -0.2585449 0.7537842 -0.2585449 0.7537842 -0.2736817 0.734375 -0.2770996 0.7480469 -0.2399902 0.7480469 -0.2585449 0.7424317 -0.2585449 0.7537842 -0.2885742 0.7331543 -0.2770996 0.7480469 -0.2736817 0.734375 -0.2435302 0.734375 -0.2585449 0.7424317 -0.2399902 0.7480469 -0.2585449 0.7424317 -0.2435302 0.734375 -0.2585449 0.7241211 -0.2399902 0.7480469 -0.2283935 0.7331543 -0.2435302 0.734375 -0.2283935 0.7148438 -0.2435302 0.734375 -0.2283935 0.7331543 -0.2435302 0.7138672 -0.2435302 0.734375 -0.2283935 0.7148438 -0.2435302 0.734375 -0.2435302 0.7138672 -0.2585449 0.7241211 -0.2283935 0.7148438 -0.2399902 0.6999512 -0.2435302 0.7138672 -0.2585449 0.6943359 -0.2435302 0.7138672 -0.2399902 0.6999512 -0.2585449 0.7055664 -0.2435302 0.7138672 -0.2585449 0.6943359 -0.2435302 0.7138672 -0.2585449 0.7055664 -0.2585449 0.7241211 -0.2770996 0.6999512 -0.2585449 0.7055664 -0.2585449 0.6943359 -0.2585449 0.7055664 -0.2736817 0.7138672 -0.2585449 0.7241211 -0.2736817 0.7138672 -0.2585449 0.7055664 -0.2770996 0.6999512 -0.2736817 0.7138672 -0.2736817 0.734375 -0.2585449 0.7241211 -0.2770996 0.6999512 -0.2885742 0.7148438 -0.2736817 0.7138672 -0.2736817 0.734375 -0.2736817 0.7138672 -0.2885742 0.7331543 -0.2885742 0.7331543 -0.2736817 0.7138672 -0.2885742 0.7148438 -0.3244629 0.737793 -0.3447266 0.7443848 -0.3369141 0.7338867 -0.3447266 0.7443848 -0.3569336 0.7275391 -0.3369141 0.7338867 -0.3244629 0.7507324 -0.3447266 0.7443848 -0.3244629 0.737793 -0.3369141 0.7338867 -0.3569336 0.7275391 -0.3447266 0.7233887 -0.3569336 0.7275391 -0.3569336 0.706543 -0.3447266 0.7233887 -0.3122559 0.7338867 -0.3244629 0.7507324 -0.3244629 0.737793 -0.3044434 0.7443848 -0.3244629 0.7507324 -0.3122559 0.7338867 -0.3447266 0.7233887 -0.3569336 0.706543 -0.3447266 0.7106934 -0.3569336 0.706543 -0.3447266 0.6896973 -0.3447266 0.7106934 -0.3044434 0.7233887 -0.3044434 0.7443848 -0.3122559 0.7338867 -0.2919922 0.7275391 -0.3044434 0.7443848 -0.3044434 0.7233887 -0.3447266 0.7106934 -0.3447266 0.6896973 -0.3369141 0.7001953 -0.3447266 0.6896973 -0.3244629 0.6833496 -0.3369141 0.7001953 -0.3044434 0.7106934 -0.2919922 0.7275391 -0.3044434 0.7233887 -0.2919922 0.706543 -0.2919922 0.7275391 -0.3044434 0.7106934 -0.3369141 0.7001953 -0.3244629 0.6833496 -0.3244629 0.6960449 -0.3244629 0.6833496 -0.3044434 0.6896973 -0.3244629 0.6960449 -0.3044434 0.6896973 -0.2919922 0.706543 -0.3122559 0.7001953 -0.3244629 0.6960449 -0.3044434 0.6896973 -0.3122559 0.7001953 -0.3122559 0.7001953 -0.2919922 0.706543 -0.3044434 0.7106934 -0.3369141 0.7001953 -0.3244629 0.6960449 -0.3244629 0.717041 -0.3244629 0.6960449 -0.3122559 0.7001953 -0.3244629 0.717041 -0.3122559 0.7001953 -0.3044434 0.7106934 -0.3244629 0.717041 -0.3447266 0.7106934 -0.3369141 0.7001953 -0.3244629 0.717041 -0.3044434 0.7106934 -0.3044434 0.7233887 -0.3244629 0.717041 -0.3447266 0.7233887 -0.3447266 0.7106934 -0.3244629 0.717041 -0.3044434 0.7233887 -0.3122559 0.7338867 -0.3244629 0.717041 -0.3369141 0.7338867 -0.3447266 0.7233887 -0.3244629 0.717041 -0.3122559 0.7338867 -0.3244629 0.737793 -0.3244629 0.717041 -0.3244629 0.737793 -0.3369141 0.7338867 -0.3244629 0.717041 -0.534668 0.8869019 -0.5507813 0.899231 -0.5507813 0.8869019 -0.534668 0.8869019 -0.5507813 0.8869019 -0.534668 0.8754883 -0.534668 0.8754883 -0.5507813 0.8869019 -0.5507813 0.8754883 -0.534668 0.899231 -0.5507813 0.899231 -0.534668 0.8869019 -0.534668 0.899231 -0.534668 0.9144898 -0.5507813 0.899231 -0.5507813 0.899231 -0.534668 0.9144898 -0.5507813 0.9144898 -0.534668 0.9144898 -0.5507813 0.9299927 -0.5507813 0.9144898 -0.534668 0.9299927 -0.5507813 0.9299927 -0.534668 0.9144898 -0.534668 0.9299927 -0.5507813 0.9442139 -0.5507813 0.9299927 -0.534668 0.9442139 -0.5507813 0.9442139 -0.534668 0.9299927 -0.534668 0.9442139 -0.534668 0.9577942 -0.5507813 0.9442139 -0.5507813 0.9442139 -0.534668 0.9577942 -0.5507813 0.9577942 -0.5288086 0.8881226 -0.534668 0.899231 -0.534668 0.8869019 -0.5288086 0.8881226 -0.534668 0.8869019 -0.5288086 0.8772583 -0.5288086 0.8772583 -0.534668 0.8869019 -0.534668 0.8754883 -0.5288086 0.9073486 -0.534668 0.899231 -0.5288086 0.8881226 -0.534668 0.9144898 -0.534668 0.899231 -0.5288086 0.9073486 -0.5288086 0.9073486 -0.534668 0.9299927 -0.534668 0.9144898 -0.5288086 0.9286499 -0.534668 0.9299927 -0.5288086 0.9073486 -0.5288086 0.9286499 -0.534668 0.9442139 -0.534668 0.9299927 -0.5288086 0.9416504 -0.534668 0.9442139 -0.5288086 0.9286499 -0.5288086 0.9416504 -0.534668 0.9577942 -0.534668 0.9442139 -0.5288086 0.9546204 -0.534668 0.9577942 -0.5288086 0.9416504 -0.4655762 0.9435425 -0.4777832 0.9559631 -0.4777832 0.9425964 -0.4655762 0.9573059 -0.4777832 0.9559631 -0.4655762 0.9435425 -0.4777832 0.9559631 -0.4902344 0.9546204 -0.4777832 0.9425964 -0.4777832 0.9425964 -0.4655762 0.9298096 -0.4655762 0.9435425 -0.4777832 0.9425964 -0.4902344 0.9546204 -0.4902344 0.9416504 -0.4777832 0.9425964 -0.4902344 0.9416504 -0.4777832 0.9292603 -0.4777832 0.9292603 -0.4655762 0.9298096 -0.4777832 0.9425964 -0.4777832 0.9292603 -0.4902344 0.9416504 -0.4902344 0.9287109 -0.4902344 0.9287109 -0.4902344 0.9073486 -0.4777832 0.9292603 -0.4777832 0.9292603 -0.4777832 0.9146118 -0.4655762 0.9298096 -0.4777832 0.9292603 -0.4902344 0.9073486 -0.4777832 0.9146118 -0.4655762 0.9298096 -0.4777832 0.9146118 -0.4655762 0.9147339 -0.4777832 0.9146118 -0.4777832 0.8999024 -0.4655762 0.9147339 -0.4777832 0.9146118 -0.4902344 0.9073486 -0.4777832 0.8999024 -0.4655762 0.9147339 -0.4777832 0.8999024 -0.4655762 0.8995972 -0.4777832 0.8999024 -0.4655762 0.8867798 -0.4655762 0.8995972 -0.4777832 0.8999024 -0.4902344 0.9073486 -0.4777832 0.8874512 -0.4777832 0.8874512 -0.4655762 0.8867798 -0.4777832 0.8999024 -0.4777832 0.8874512 -0.4902344 0.9073486 -0.4902344 0.8881226 -0.4902344 0.8881226 -0.4902344 0.8772583 -0.4777832 0.8874512 -0.4777832 0.8874512 -0.4902344 0.8772583 -0.4777832 0.8762207 -0.4777832 0.8874512 -0.4777832 0.8762207 -0.4655762 0.8867798 -0.4655762 0.8867798 -0.4777832 0.8762207 -0.4655762 0.8752442 -0.5288086 0.9073486 -0.5136719 0.8881226 -0.5136719 0.9073486 -0.5288086 0.8881226 -0.5136719 0.8881226 -0.5288086 0.9073486 -0.5288086 0.9073486 -0.5136719 0.9073486 -0.5288086 0.9286499 -0.5288086 0.8881226 -0.5136719 0.8772583 -0.5136719 0.8881226 -0.5288086 0.8772583 -0.5136719 0.8772583 -0.5288086 0.8881226 -0.5136719 0.8772583 -0.5029297 0.8772583 -0.5136719 0.8881226 -0.5136719 0.8881226 -0.5029297 0.8772583 -0.5029297 0.8881226 -0.5136719 0.8881226 -0.5029297 0.8881226 -0.5136719 0.9073486 -0.5029297 0.8772583 -0.4902344 0.8772583 -0.5029297 0.8881226 -0.5029297 0.8881226 -0.4902344 0.8772583 -0.4902344 0.8881226 -0.5029297 0.8881226 -0.4902344 0.8881226 -0.5029297 0.9073486 -0.5136719 0.9073486 -0.5029297 0.8881226 -0.5029297 0.9073486 -0.5029297 0.9073486 -0.4902344 0.8881226 -0.4902344 0.9073486 -0.5136719 0.9073486 -0.5029297 0.9073486 -0.5136719 0.9286499 -0.5288086 0.9286499 -0.5136719 0.9073486 -0.5136719 0.9286499 -0.5029297 0.9073486 -0.4902344 0.9073486 -0.5029297 0.9286499 -0.5136719 0.9286499 -0.5029297 0.9073486 -0.5029297 0.9286499 -0.5029297 0.9286499 -0.4902344 0.9073486 -0.4902344 0.9287109 -0.5136719 0.9416504 -0.5288086 0.9286499 -0.5136719 0.9286499 -0.5136719 0.9286499 -0.5029297 0.9286499 -0.5136719 0.9416504 -0.5288086 0.9416504 -0.5288086 0.9286499 -0.5136719 0.9416504 -0.5288086 0.9416504 -0.5136719 0.9416504 -0.5288086 0.9546204 -0.5288086 0.9546204 -0.5136719 0.9416504 -0.5136719 0.9546204 -0.5029297 0.9286499 -0.4902344 0.9287109 -0.5029297 0.9416504 -0.5136719 0.9416504 -0.5029297 0.9286499 -0.5029297 0.9416504 -0.5136719 0.9416504 -0.5029297 0.9416504 -0.5136719 0.9546204 -0.5029297 0.9416504 -0.4902344 0.9287109 -0.4902344 0.9416504 -0.5136719 0.9546204 -0.5029297 0.9416504 -0.5029297 0.9546204 -0.5029297 0.9416504 -0.4902344 0.9416504 -0.5029297 0.9546204 -0.5029297 0.9546204 -0.4902344 0.9416504 -0.4902344 0.9546204 -0.3728027 0.3330078 -0.3937988 0.2631836 -0.3903809 0.3330078 -0.3781738 0.2631836 -0.3937988 0.2631836 -0.3728027 0.3330078 -0.3937988 0.2631836 -0.409668 0.2631836 -0.3903809 0.3330078 -0.3728027 0.3330078 -0.3483887 0.2631836 -0.3781738 0.2631836 -0.3903809 0.3330078 -0.409668 0.2631836 -0.409668 0.3330078 -0.3388672 0.3330078 -0.3483887 0.2631836 -0.3728027 0.3330078 -0.409668 0.3330078 -0.409668 0.2631836 -0.4287109 0.3330078 -0.3483887 0.2631836 -0.3388672 0.3330078 -0.3276367 0.2631836 -0.4287109 0.3330078 -0.409668 0.2631836 -0.425293 0.2631836 -0.3388672 0.3330078 -0.3134766 0.3330078 -0.3276367 0.2631836 -0.4287109 0.3330078 -0.425293 0.2631836 -0.4465332 0.3330078 -0.3276367 0.2631836 -0.3134766 0.3330078 -0.3095703 0.2631836 -0.4465332 0.3330078 -0.425293 0.2631836 -0.4411621 0.2631836 -0.3029785 0.3330078 -0.3095703 0.2631836 -0.3134766 0.3330078 -0.4411621 0.2631836 -0.4804688 0.3330078 -0.4465332 0.3330078 -0.2998047 0.2631836 -0.3095703 0.2631836 -0.3029785 0.3330078 -0.4709473 0.2631836 -0.4804688 0.3330078 -0.4411621 0.2631836 -0.3029785 0.3330078 -0.2927246 0.3330078 -0.2998047 0.2631836 -0.2998047 0.2631836 -0.2927246 0.3330078 -0.2917481 0.2631836 -0.4804688 0.3330078 -0.4709473 0.2631836 -0.4914551 0.2631836 -0.4804688 0.3330078 -0.4914551 0.2631836 -0.5058594 0.3330078 -0.5058594 0.3330078 -0.4914551 0.2631836 -0.5092774 0.2631836 -0.5092774 0.2631836 -0.5161133 0.3330078 -0.5058594 0.3330078 -0.5195313 0.2631836 -0.5161133 0.3330078 -0.5092774 0.2631836 -0.5161133 0.3330078 -0.5195313 0.2631836 -0.5263672 0.3330078 -0.5263672 0.3330078 -0.5195313 0.2631836 -0.5273438 0.2631836 -0.3574219 0.4101563 -0.3308106 0.4277344 -0.3361817 0.4101563 -0.3500977 0.4287109 -0.3308106 0.4277344 -0.3574219 0.4101563 -0.3098145 0.421875 -0.3361817 0.4101563 -0.3308106 0.4277344 -0.3574219 0.4101563 -0.3728027 0.4223633 -0.3500977 0.4287109 -0.3137207 0.40625 -0.3361817 0.4101563 -0.3098145 0.421875 -0.2956543 0.4077149 -0.3137207 0.40625 -0.3098145 0.421875 -0.373291 0.4121094 -0.3728027 0.4223633 -0.3574219 0.4101563 -0.373291 0.4121094 -0.3977051 0.4130859 -0.3728027 0.4223633 -0.3903809 0.4077149 -0.3977051 0.4130859 -0.373291 0.4121094 -0.3903809 0.4077149 -0.3952637 0.3896484 -0.3977051 0.4130859 -0.3977051 0.4130859 -0.3952637 0.3896484 -0.4038086 0.3886719 -0.4038086 0.3886719 -0.3952637 0.3896484 -0.3969727 0.3647461 -0.3969727 0.3647461 -0.3952637 0.3896484 -0.3908692 0.3710938 -0.3908692 0.3710938 -0.3740234 0.3666992 -0.3969727 0.3647461 -0.3969727 0.3647461 -0.3740234 0.3666992 -0.3735352 0.355957 -0.3740234 0.3666992 -0.3579102 0.3686524 -0.3735352 0.355957 -0.3735352 0.355957 -0.3579102 0.3686524 -0.3510742 0.3486328 -0.3510742 0.3486328 -0.3579102 0.3686524 -0.3320313 0.3486328 -0.3740234 0.3666992 -0.3591309 0.3896484 -0.3579102 0.3686524 -0.375 0.3896484 -0.3591309 0.3896484 -0.3740234 0.3666992 -0.375 0.3896484 -0.373291 0.4121094 -0.3591309 0.3896484 -0.3591309 0.3896484 -0.373291 0.4121094 -0.3574219 0.4101563 -0.3591309 0.3896484 -0.3574219 0.4101563 -0.3376465 0.3886719 -0.3591309 0.3896484 -0.3376465 0.3886719 -0.3579102 0.3686524 -0.3376465 0.3886719 -0.3574219 0.4101563 -0.3361817 0.4101563 -0.3579102 0.3686524 -0.3376465 0.3886719 -0.3366699 0.3676758 -0.3320313 0.3486328 -0.3579102 0.3686524 -0.3366699 0.3676758 -0.3366699 0.3676758 -0.310791 0.3535156 -0.3320313 0.3486328 -0.3361817 0.4101563 -0.315918 0.3881836 -0.3376465 0.3886719 -0.315918 0.3881836 -0.3366699 0.3676758 -0.3376465 0.3886719 -0.3137207 0.40625 -0.315918 0.3881836 -0.3361817 0.4101563 -0.314209 0.3701172 -0.310791 0.3535156 -0.3366699 0.3676758 -0.314209 0.3701172 -0.3366699 0.3676758 -0.315918 0.3881836 -0.314209 0.3701172 -0.2961426 0.3671875 -0.310791 0.3535156 -0.3137207 0.40625 -0.300293 0.3876953 -0.315918 0.3881836 -0.300293 0.3876953 -0.314209 0.3701172 -0.315918 0.3881836 -0.2990723 0.3764649 -0.2961426 0.3671875 -0.314209 0.3701172 -0.2990723 0.3764649 -0.314209 0.3701172 -0.300293 0.3876953 -0.2990723 0.3764649 -0.2897949 0.387207 -0.2961426 0.3671875 -0.300293 0.3876953 -0.2897949 0.387207 -0.2990723 0.3764649 -0.2988281 0.3989258 -0.300293 0.3876953 -0.3137207 0.40625 -0.2897949 0.387207 -0.300293 0.3876953 -0.2988281 0.3989258 -0.2988281 0.3989258 -0.3137207 0.40625 -0.2956543 0.4077149 -0.2897949 0.387207 -0.2988281 0.3989258 -0.2956543 0.4077149 -0.9736328 0.9838715 -0.9404297 0.9368897 -0.9741211 0.9410095 -0.9741211 0.9410095 -0.9887695 0.9494324 -0.9736328 0.9838715 -0.9736328 0.9838715 -0.9887695 0.9494324 -0.9887695 0.9755707 -0.9887695 0.9494324 -0.9956055 0.9625244 -0.9887695 0.9755707 -0.9404297 0.9877472 -0.9404297 0.9368897 -0.9736328 0.9838715 -0.9038086 0.9828034 -0.9404297 0.9368897 -0.9404297 0.9877472 -0.9042969 0.9415588 -0.9404297 0.9368897 -0.9038086 0.9828034 -0.8857422 0.9751892 -0.9042969 0.9415588 -0.9038086 0.9828034 -0.8857422 0.9490357 -0.9042969 0.9415588 -0.8857422 0.9751892 -0.8857422 0.9490357 -0.8857422 0.9751892 -0.8793945 0.9620972 -0.02278137 0.8695068 -0.01815795 0.8342285 -0.03080749 0.866333 -0.02278137 0.8695068 -0.03080749 0.866333 -0.0364685 0.8851318 -0.01512145 0.8527832 -0.01815795 0.8342285 -0.02278137 0.8695068 -0.03080749 0.866333 -0.04336547 0.8894653 -0.0364685 0.8851318 -0.008651733 0.8156738 -0.01815795 0.8342285 -0.01512145 0.8527832 -0.04226684 0.8728027 -0.04336547 0.8894653 -0.03080749 0.866333 -0.01382446 0.7801514 -0.01815795 0.8342285 -0.008651733 0.8156738 -0.04226684 0.8728027 -0.03080749 0.866333 -0.04293823 0.8551025 -0.01995849 0.7844238 -0.01815795 0.8342285 -0.01382446 0.7801514 -0.04293823 0.8551025 -0.03080749 0.866333 -0.03622436 0.8532715 -0.01815795 0.8342285 -0.03622436 0.8532715 -0.03080749 0.866333 -0.01995849 0.7844238 -0.04302978 0.8037109 -0.01815795 0.8342285 -0.01815795 0.8342285 -0.03482055 0.8261719 -0.03622436 0.8532715 -0.01815795 0.8342285 -0.04302978 0.8037109 -0.03482055 0.8261719 -0.6552734 0.77771 -0.6376953 0.7554932 -0.6552734 0.7591553 -0.6552734 0.77771 -0.6552734 0.7591553 -0.6713867 0.7684326 -0.6376953 0.7814942 -0.6376953 0.7554932 -0.6552734 0.77771 -0.6323242 0.7819824 -0.6054688 0.7495117 -0.6323242 0.7548828 -0.6054688 0.7874756 -0.6054688 0.7495117 -0.6323242 0.7819824 -0.6054688 0.7874756 -0.59375 0.7684326 -0.6054688 0.7495117 -0.59375 0.7684326 -0.5834961 0.7438965 -0.6054688 0.7495117 -0.6054688 0.7874756 -0.5834961 0.7929688 -0.59375 0.7684326 -0.6904297 0.7202149 -0.6855469 0.6850586 -0.6943359 0.685791 -0.6943359 0.685791 -0.6855469 0.6850586 -0.6948242 0.6662598 -0.6826172 0.703125 -0.6855469 0.6850586 -0.6904297 0.7202149 -0.7001953 0.6601563 -0.6943359 0.685791 -0.6948242 0.6662598 -0.6904297 0.7202149 -0.6860352 0.7407227 -0.6826172 0.703125 -0.7036133 0.6765137 -0.6943359 0.685791 -0.7001953 0.6601563 -0.6904297 0.7202149 -0.7001953 0.7734375 -0.6860352 0.7407227 -0.7036133 0.6765137 -0.7089844 0.6933594 -0.6943359 0.685791 -0.7050781 0.7677002 -0.7001953 0.7734375 -0.6904297 0.7202149 -0.6943359 0.685791 -0.7089844 0.6933594 -0.7026367 0.6970215 -0.7026367 0.6970215 -0.6904297 0.7202149 -0.6943359 0.685791 -0.7050781 0.7677002 -0.6904297 0.7202149 -0.7226563 0.7429199 -0.7084961 0.7233887 -0.6904297 0.7202149 -0.7026367 0.6970215 -0.7226563 0.7429199 -0.6904297 0.7202149 -0.7084961 0.7233887 -0.6323242 0.7819824 -0.6376953 0.7554932 -0.6376953 0.7814942 -0.6323242 0.7548828 -0.6376953 0.7554932 -0.6323242 0.7819824 -0.5712891 0.6860352 -0.5683594 0.6586914 -0.6206055 0.6599121 -0.5712891 0.6860352 -0.5678711 0.6877442 -0.5605469 0.6687012 -0.5712891 0.6860352 -0.5605469 0.6687012 -0.5683594 0.6586914 -0.5605469 0.6687012 -0.5600586 0.6484375 -0.5683594 0.6586914 -0.6206055 0.6599121 -0.5932617 0.7055664 -0.5712891 0.6860352 -0.5600586 0.6484375 -0.5668945 0.6296387 -0.5683594 0.6586914 -0.6206055 0.6599121 -0.621582 0.7143555 -0.5932617 0.7055664 -0.5683594 0.6586914 -0.5668945 0.6296387 -0.5742188 0.6337891 -0.5683594 0.6586914 -0.5742188 0.6337891 -0.6206055 0.6599121 -0.5668945 0.6296387 -0.5805664 0.614502 -0.5742188 0.6337891 -0.6499024 0.7067871 -0.621582 0.7143555 -0.6206055 0.6599121 -0.5742188 0.6337891 -0.5805664 0.614502 -0.59375 0.6164551 -0.6206055 0.6599121 -0.5742188 0.6337891 -0.59375 0.6164551 -0.5805664 0.614502 -0.5986328 0.6049805 -0.59375 0.6164551 -0.5986328 0.6049805 -0.6196289 0.6020508 -0.59375 0.6164551 -0.6708984 0.6882324 -0.6499024 0.7067871 -0.6206055 0.6599121 -0.59375 0.6164551 -0.6196289 0.6020508 -0.6201172 0.6096192 -0.6206055 0.6599121 -0.59375 0.6164551 -0.6201172 0.6096192 -0.6196289 0.6020508 -0.640625 0.605957 -0.6201172 0.6096192 -0.6811524 0.6713867 -0.6743164 0.6901856 -0.6708984 0.6882324 -0.6201172 0.6096192 -0.640625 0.605957 -0.6459961 0.6176758 -0.640625 0.605957 -0.659668 0.6164551 -0.6459961 0.6176758 -0.6201172 0.6096192 -0.6459961 0.6176758 -0.6206055 0.6599121 -0.659668 0.6164551 -0.6733399 0.6320801 -0.6459961 0.6176758 -0.6206055 0.6599121 -0.6728516 0.6611328 -0.6708984 0.6882324 -0.6728516 0.6611328 -0.6811524 0.6713867 -0.6708984 0.6882324 -0.6811524 0.6511231 -0.6811524 0.6713867 -0.6728516 0.6611328 -0.6459961 0.6176758 -0.6665039 0.6357422 -0.6206055 0.6599121 -0.6206055 0.6599121 -0.6665039 0.6357422 -0.6728516 0.6611328 -0.6459961 0.6176758 -0.6733399 0.6320801 -0.6665039 0.6357422 -0.6665039 0.6357422 -0.6811524 0.6511231 -0.6728516 0.6611328 -0.6733399 0.6320801 -0.6811524 0.6511231 -0.6665039 0.6357422 -0.4555664 0.5878906 -0.4680176 0.5917969 -0.4489746 0.6335449 -0.4421387 0.5881348 -0.4555664 0.5878906 -0.4489746 0.6335449 -0.4680176 0.5917969 -0.4819336 0.6103516 -0.4489746 0.6335449 -0.4294434 0.59375 -0.4421387 0.5881348 -0.4489746 0.6335449 -0.4819336 0.6103516 -0.4875488 0.6333008 -0.4489746 0.6335449 -0.4191895 0.6040039 -0.4294434 0.59375 -0.4489746 0.6335449 -0.4875488 0.6333008 -0.4819336 0.6564942 -0.4489746 0.6335449 -0.4125977 0.6181641 -0.4191895 0.6040039 -0.4489746 0.6335449 -0.4819336 0.6564942 -0.4682617 0.6745606 -0.4489746 0.6335449 -0.4104004 0.6340332 -0.4125977 0.6181641 -0.4489746 0.6335449 -0.4682617 0.6745606 -0.4558106 0.6789551 -0.4489746 0.6335449 -0.4128418 0.6496582 -0.4104004 0.6340332 -0.4489746 0.6335449 -0.4558106 0.6789551 -0.4423828 0.6791992 -0.4489746 0.6335449 -0.4194336 0.6635742 -0.4128418 0.6496582 -0.4489746 0.6335449 -0.4423828 0.6791992 -0.4299317 0.6738281 -0.4489746 0.6335449 -0.4299317 0.6738281 -0.4194336 0.6635742 -0.4489746 0.6335449 -0.9956055 0.8117676 -0.9262695 0.8012695 -0.9262695 0.8117676 -0.9956055 0.8012695 -0.9262695 0.8012695 -0.9956055 0.8117676 -0.9262695 0.8012695 -0.8569336 0.8117676 -0.9262695 0.8117676 -0.8569336 0.8012695 -0.8569336 0.8117676 -0.9262695 0.8012695 -0.4680176 0.5917969 -0.5004883 0.5976563 -0.4819336 0.6103516 -0.4875488 0.5925293 -0.5004883 0.5976563 -0.4680176 0.5917969 -0.5004883 0.5976563 -0.4875488 0.6333008 -0.4819336 0.6103516 -0.5004883 0.5976563 -0.5009766 0.6682129 -0.4875488 0.6333008 -0.5009766 0.6682129 -0.4819336 0.6564942 -0.4875488 0.6333008 -0.5009766 0.6682129 -0.4682617 0.6745606 -0.4819336 0.6564942 -0.487793 0.6733399 -0.4682617 0.6745606 -0.5009766 0.6682129 -0.9956055 0.9157715 -0.9262695 0.9268799 -0.9956055 0.9268799 -0.9262695 0.9157715 -0.9262695 0.9268799 -0.9956055 0.9157715 -0.9262695 0.9157715 -0.8569336 0.9157715 -0.9262695 0.9268799 -0.9262695 0.9268799 -0.8569336 0.9157715 -0.8569336 0.9268799 -0.9589844 0.8635254 -0.9130859 0.9047241 -0.9692383 0.8936768 -0.9130859 0.9047241 -0.9956055 0.9157715 -0.9692383 0.8936768 -0.9262695 0.9157715 -0.9956055 0.9157715 -0.9130859 0.9047241 -0.9130859 0.9047241 -0.9589844 0.8635254 -0.9140625 0.8227539 -0.9589844 0.8635254 -0.9707031 0.8337402 -0.9140625 0.8227539 -0.9956055 0.8117676 -0.9140625 0.8227539 -0.9707031 0.8337402 -0.9262695 0.8117676 -0.9140625 0.8227539 -0.9956055 0.8117676 -0.9130859 0.9047241 -0.8569336 0.8117676 -0.8569336 0.9157715 -0.9130859 0.9047241 -0.8569336 0.9157715 -0.9262695 0.9157715 -0.9140625 0.8227539 -0.8569336 0.8117676 -0.9130859 0.9047241 -0.9140625 0.8227539 -0.9262695 0.8117676 -0.8569336 0.8117676 -0.4875488 0.5925293 -0.5473633 0.5932617 -0.5004883 0.5976563 -0.5478516 0.6726074 -0.5004883 0.5976563 -0.5473633 0.5932617 -0.5009766 0.6682129 -0.5004883 0.5976563 -0.5478516 0.6726074 -0.5009766 0.6682129 -0.5478516 0.6726074 -0.487793 0.6733399 -0.04220581 0.957489 -0.06994628 0.9908142 -0.04293823 0.9908142 -0.07019042 0.971405 -0.06994628 0.9908142 -0.04220581 0.957489 -0.07019042 0.971405 -0.09820556 0.957489 -0.06994628 0.9908142 -0.06994628 0.9908142 -0.09820556 0.957489 -0.09698486 0.9908142 -0.1508789 0.6862793 -0.1102905 0.7104492 -0.1339111 0.7106934 -0.1102905 0.6870117 -0.1102905 0.7104492 -0.1508789 0.6862793 -0.1102905 0.7104492 -0.1102905 0.7338867 -0.1339111 0.7106934 -0.1339111 0.7106934 -0.1102905 0.7338867 -0.1508789 0.7351074 -0.4455567 0.9816284 -0.4138184 0.9588623 -0.4455567 0.9588623 -0.4138184 0.9816284 -0.4138184 0.9588623 -0.4455567 0.9816284 -0.5668945 0.328125 -0.5898438 0.293457 -0.5898438 0.328125 -0.5668945 0.293457 -0.5898438 0.293457 -0.5668945 0.328125 -0.1257324 0.9393311 -0.09777832 0.9051514 -0.1247558 0.9064942 -0.09771728 0.9242554 -0.09777832 0.9051514 -0.1257324 0.9393311 -0.09771728 0.9242554 -0.06976318 0.9393616 -0.09777832 0.9051514 -0.09777832 0.9051514 -0.06976318 0.9393616 -0.07080078 0.9065552 -0.1591796 0.6987305 -0.1871337 0.7329102 -0.1871337 0.7138672 -0.1601562 0.7314453 -0.1871337 0.7329102 -0.1591796 0.6987305 -0.1871337 0.7329102 -0.2141113 0.7314453 -0.1871337 0.7138672 -0.1871337 0.7138672 -0.2141113 0.7314453 -0.2150878 0.6987305 -0.1437988 0.9881668 -0.1119995 0.9661255 -0.1437988 0.9661255 -0.1119995 0.9881668 -0.1119995 0.9661255 -0.1437988 0.9881668 -0.4460449 0.9335938 -0.411377 0.9115601 -0.4460449 0.9115601 -0.411377 0.9335938 -0.411377 0.9115601 -0.4460449 0.9335938 0.8745117 0.9393311 0.9023438 0.9051514 0.8754883 0.9064942 0.9023438 0.9242554 0.9023438 0.9051514 0.8745117 0.9393311 0.9023438 0.9242554 0.9301758 0.9393616 0.9023438 0.9051514 0.9023438 0.9051514 0.9301758 0.9393616 0.9291992 0.9065552 0.8408203 0.6987305 0.8129883 0.7329102 0.8129883 0.7138672 0.8398438 0.7314453 0.8129883 0.7329102 0.8408203 0.6987305 0.8129883 0.7329102 0.7861328 0.7314453 0.8129883 0.7138672 0.8129883 0.7138672 0.7861328 0.7314453 0.784668 0.6987305 0.8564453 0.9881668 0.8881836 0.9661255 0.8564453 0.9661255 0.8881836 0.9881668 0.8881836 0.9661255 0.8564453 0.9881668 0.5537109 0.9335938 0.5888672 0.9115601 0.5537109 0.9115601 0.5888672 0.9335938 0.5888672 0.9115601 0.5537109 0.9335938 0.9580078 0.957489 0.9301758 0.9908142 0.9570313 0.9908142 0.9296875 0.971405 0.9301758 0.9908142 0.9580078 0.957489 0.9296875 0.971405 0.9018555 0.957489 0.9301758 0.9908142 0.9301758 0.9908142 0.9018555 0.957489 0.902832 0.9908142 0.8491211 0.6862793 0.8896484 0.7104492 0.8662109 0.7106934 0.8896484 0.6870117 0.8896484 0.7104492 0.8491211 0.6862793 0.8896484 0.7104492 0.8896484 0.7338867 0.8662109 0.7106934 0.8662109 0.7106934 0.8896484 0.7338867 0.8491211 0.7351074 0.5541992 0.9816284 0.5864258 0.9588623 0.5541992 0.9588623 0.5864258 0.9816284 0.5864258 0.9588623 0.5541992 0.9816284 0.4331055 0.328125 0.4101563 0.293457 0.4101563 0.328125 0.4331055 0.293457 0.4101563 0.293457 0.4331055 0.328125 -0.2152099 0.0859375 -0.2376708 0.06054687 -0.2376708 0.0859375 -0.2152099 0.0859375 -0.2376708 0.0859375 -0.2376708 0.1108398 -0.2585449 0.0859375 -0.2376708 0.0859375 -0.2376708 0.06054687 -0.2585449 0.0859375 -0.2376708 0.1108398 -0.2376708 0.0859375 -0.2152099 0.0859375 -0.2150878 0.06054687 -0.2376708 0.06054687 -0.06072998 0.07763671 -0.2150878 0.06054687 -0.2152099 0.0859375 -0.06072998 0.06054687 -0.2150878 0.06054687 -0.06072998 0.07763671 -0.2152099 0.0859375 -0.06072998 0.09423828 -0.06072998 0.07763671 -0.06072998 0.04394531 -0.2150878 0.06054687 -0.06072998 0.06054687 -0.2150878 0.1108398 -0.06072998 0.09423828 -0.2152099 0.0859375 -0.06072998 0.1108398 -0.06072998 0.09423828 -0.2150878 0.1108398 -0.2150878 0.1108398 -0.2152099 0.0859375 -0.2376708 0.1108398 -0.2150878 0.1108398 -0.2150878 0.1362304 -0.06072998 0.1108398 -0.2150878 0.1362304 -0.2150878 0.1108398 -0.2376708 0.1108398 -0.06072998 0.1108398 -0.2150878 0.1362304 -0.06072998 0.1279296 -0.06072998 0.1445312 -0.06072998 0.1279296 -0.2150878 0.1362304 -0.2150878 0.1362304 -0.2150878 0.161621 -0.06072998 0.1445312 -0.06072998 0.1445312 -0.2150878 0.161621 -0.06072998 0.161621 -0.2150878 0.1362304 -0.2376708 0.1108398 -0.2376708 0.1362304 -0.2150878 0.1870117 -0.06072998 0.161621 -0.2150878 0.161621 -0.06072998 0.1782226 -0.06072998 0.161621 -0.2150878 0.1870117 -0.2150878 0.1870117 -0.06072998 0.1953125 -0.06072998 0.1782226 -0.2150878 0.161621 -0.2150878 0.1362304 -0.2376708 0.161621 -0.2150878 0.1362304 -0.2376708 0.1362304 -0.2376708 0.161621 -0.2150878 0.1870117 -0.2150878 0.161621 -0.2376708 0.161621 -0.06072998 0.211914 -0.06072998 0.1953125 -0.2150878 0.2124023 -0.2150878 0.2124023 -0.06072998 0.1953125 -0.2150878 0.1870117 -0.2150878 0.2124023 -0.2150878 0.1870117 -0.2376708 0.1870117 -0.2150878 0.1870117 -0.2376708 0.161621 -0.2376708 0.1870117 -0.2150878 0.2124023 -0.2376708 0.1870117 -0.2376708 0.2124023 -0.2585449 0.2124023 -0.2376708 0.2124023 -0.2376708 0.1870117 -0.2658692 0.2124023 -0.2585449 0.2124023 -0.2658692 0.1953125 -0.2585449 0.1870117 -0.2585449 0.2124023 -0.2376708 0.1870117 -0.2658692 0.1953125 -0.2585449 0.2124023 -0.2585449 0.1870117 -0.2585449 0.1870117 -0.2376708 0.1870117 -0.2376708 0.161621 -0.2658692 0.1782226 -0.2658692 0.1953125 -0.2585449 0.1870117 -0.2658692 0.1782226 -0.2585449 0.1870117 -0.2658692 0.161621 -0.2658692 0.161621 -0.2585449 0.1870117 -0.2585449 0.161621 -0.2585449 0.161621 -0.2585449 0.1870117 -0.2376708 0.161621 -0.2658692 0.161621 -0.2585449 0.161621 -0.2658692 0.1445312 -0.2585449 0.1362304 -0.2585449 0.161621 -0.2376708 0.161621 -0.2658692 0.1445312 -0.2585449 0.161621 -0.2585449 0.1362304 -0.2585449 0.1362304 -0.2376708 0.161621 -0.2376708 0.1362304 -0.2658692 0.1279296 -0.2658692 0.1445312 -0.2585449 0.1362304 -0.2585449 0.1362304 -0.2376708 0.1362304 -0.2376708 0.1108398 -0.2658692 0.1279296 -0.2585449 0.1362304 -0.2658692 0.1108398 -0.2585449 0.1108398 -0.2585449 0.1362304 -0.2376708 0.1108398 -0.2658692 0.1108398 -0.2585449 0.1362304 -0.2585449 0.1108398 -0.2658692 0.1108398 -0.2585449 0.1108398 -0.2658692 0.09423828 -0.2585449 0.0859375 -0.2585449 0.1108398 -0.2376708 0.1108398 -0.2658692 0.09423828 -0.2585449 0.1108398 -0.2585449 0.0859375 -0.2658692 0.07763671 -0.2658692 0.09423828 -0.2585449 0.0859375 -0.2658692 0.07763671 -0.2585449 0.0859375 -0.2658692 0.06054687 -0.2658692 0.06054687 -0.2585449 0.0859375 -0.2585449 0.06054687 -0.2658692 0.06054687 -0.2585449 0.06054687 -0.2658692 0.04394531 -0.2585449 0.06054687 -0.2585449 0.0859375 -0.2376708 0.06054687 -0.2658692 0.04394531 -0.2585449 0.06054687 -0.2585449 0.03564453 -0.2585449 0.03564453 -0.2585449 0.06054687 -0.2376708 0.06054687 -0.2658692 0.02734375 -0.2658692 0.04394531 -0.2585449 0.03564453 -0.2658692 0.02734375 -0.2585449 0.03564453 -0.2658692 0.0102539 -0.2658692 0.0102539 -0.2585449 0.03564453 -0.2585449 0.0102539 -0.2585449 0.0102539 -0.2585449 0.03564453 -0.2376708 0.03564453 -0.2585449 0.03564453 -0.2376708 0.06054687 -0.2376708 0.03564453 -0.2585449 0.0102539 -0.2376708 0.03564453 -0.2376708 0.0102539 -0.2150878 0.0102539 -0.2376708 0.0102539 -0.2376708 0.03564453 -0.2150878 0.03564453 -0.2376708 0.03564453 -0.2376708 0.06054687 -0.2150878 0.03564453 -0.2150878 0.0102539 -0.2376708 0.03564453 -0.2150878 0.06054687 -0.2150878 0.03564453 -0.2376708 0.06054687 -0.2150878 0.0102539 -0.2150878 0.03564453 -0.06072998 0.0102539 -0.2150878 0.03564453 -0.2150878 0.06054687 -0.06072998 0.04394531 -0.06072998 0.0102539 -0.2150878 0.03564453 -0.06072998 0.02734375 -0.06072998 0.04394531 -0.06072998 0.02734375 -0.2150878 0.03564453 -0.7817383 0.6911621 -0.7338867 0.6911621 -0.7397461 0.7131348 -0.7817383 0.6911621 -0.7397461 0.7131348 -0.7578125 0.7287598 -0.7817383 0.6911621 -0.7397461 0.6691895 -0.7338867 0.6911621 -0.7817383 0.6911621 -0.7578125 0.7287598 -0.7817383 0.7351074 -0.7817383 0.6911621 -0.7578125 0.6533203 -0.7397461 0.6691895 -0.7817383 0.6911621 -0.7817383 0.7351074 -0.8061524 0.7287598 -0.7817383 0.6911621 -0.7817383 0.6472168 -0.7578125 0.6533203 -0.7817383 0.6911621 -0.8061524 0.7287598 -0.8242188 0.7131348 -0.7817383 0.6911621 -0.8061524 0.6533203 -0.7817383 0.6472168 -0.7817383 0.6911621 -0.8242188 0.7131348 -0.8300781 0.6911621 -0.7817383 0.6911621 -0.8242188 0.6691895 -0.8061524 0.6533203 -0.7817383 0.6911621 -0.8300781 0.6911621 -0.8242188 0.6691895 -0.3193359 0.8794556 -0.34375 0.866333 -0.3371582 0.8794556 -0.3242188 0.8618164 -0.34375 0.866333 -0.3193359 0.8794556 -0.3193359 0.8794556 -0.3371582 0.8794556 -0.3242188 0.8971558 -0.3242188 0.8618164 -0.3388672 0.8491211 -0.34375 0.866333 -0.3388672 0.8491211 -0.3583984 0.8441162 -0.34375 0.866333 -0.3242188 0.8971558 -0.3371582 0.8794556 -0.34375 0.8925781 -0.3388672 0.90979 -0.3242188 0.8971558 -0.34375 0.8925781 -0.3388672 0.90979 -0.34375 0.8925781 -0.3583984 0.914856 -0.34375 0.866333 -0.3583984 0.8794556 -0.3371582 0.8794556 -0.3371582 0.8794556 -0.3583984 0.8794556 -0.34375 0.8925781 -0.34375 0.866333 -0.3583984 0.8441162 -0.3583984 0.8601074 -0.3583984 0.8601074 -0.3583984 0.8794556 -0.34375 0.866333 -0.3583984 0.8441162 -0.3730469 0.866333 -0.3583984 0.8601074 -0.3730469 0.866333 -0.3583984 0.8794556 -0.3583984 0.8601074 -0.3779297 0.8491211 -0.3730469 0.866333 -0.3583984 0.8441162 -0.3779297 0.8491211 -0.3925781 0.8618164 -0.3730469 0.866333 -0.3925781 0.8618164 -0.3796387 0.8794556 -0.3730469 0.866333 -0.3796387 0.8794556 -0.3583984 0.8794556 -0.3730469 0.866333 -0.3974609 0.8794556 -0.3796387 0.8794556 -0.3925781 0.8618164 -0.3974609 0.8794556 -0.3925781 0.8971558 -0.3796387 0.8794556 -0.3796387 0.8794556 -0.3925781 0.8971558 -0.3730469 0.8925781 -0.3730469 0.8925781 -0.3583984 0.8794556 -0.3796387 0.8794556 -0.3925781 0.8971558 -0.3779297 0.90979 -0.3730469 0.8925781 -0.3779297 0.90979 -0.3583984 0.914856 -0.3730469 0.8925781 -0.3583984 0.8988037 -0.3583984 0.8794556 -0.3730469 0.8925781 -0.3730469 0.8925781 -0.3583984 0.914856 -0.3583984 0.8988037 -0.34375 0.8925781 -0.3583984 0.8794556 -0.3583984 0.8988037 -0.3583984 0.914856 -0.34375 0.8925781 -0.3583984 0.8988037 -0.2658692 0.06054687 -0.2841797 0.07763671 -0.2658692 0.07763671 -0.2841797 0.07763671 -0.2658692 0.09423828 -0.2658692 0.07763671 -0.2841797 0.06054687 -0.2841797 0.07763671 -0.2658692 0.06054687 -0.2841797 0.09423828 -0.2658692 0.09423828 -0.2841797 0.07763671 -0.2841797 0.06054687 -0.2658692 0.06054687 -0.2841797 0.04394531 -0.2841797 0.09423828 -0.2841797 0.1108398 -0.2658692 0.09423828 -0.2841797 0.04394531 -0.2658692 0.06054687 -0.2658692 0.04394531 -0.2658692 0.09423828 -0.2841797 0.1108398 -0.2658692 0.1108398 -0.2658692 0.02734375 -0.2841797 0.04394531 -0.2658692 0.04394531 -0.2841797 0.1108398 -0.2658692 0.1279296 -0.2658692 0.1108398 -0.2841797 0.02734375 -0.2841797 0.04394531 -0.2658692 0.02734375 -0.2841797 0.1279296 -0.2658692 0.1279296 -0.2841797 0.1108398 -0.2658692 0.02734375 -0.2658692 0.0102539 -0.2841797 0.02734375 -0.2841797 0.02734375 -0.2658692 0.0102539 -0.2841797 0.0102539 -0.2841797 0.1279296 -0.2841797 0.1445312 -0.2658692 0.1279296 -0.2658692 0.1279296 -0.2841797 0.1445312 -0.2658692 0.1445312 -0.2841797 0.1445312 -0.2658692 0.161621 -0.2658692 0.1445312 -0.2841797 0.161621 -0.2658692 0.161621 -0.2841797 0.1445312 -0.2841797 0.161621 -0.2841797 0.1782226 -0.2658692 0.161621 -0.2658692 0.161621 -0.2841797 0.1782226 -0.2658692 0.1782226 -0.2841797 0.1782226 -0.2658692 0.1953125 -0.2658692 0.1782226 -0.2841797 0.1953125 -0.2658692 0.1953125 -0.2841797 0.1782226 -0.2841797 0.1953125 -0.2841797 0.2124023 -0.2658692 0.1953125 -0.2658692 0.1953125 -0.2841797 0.2124023 -0.2658692 0.2124023 -0.2910156 0.04394531 -0.2841797 0.06054687 -0.2841797 0.04394531 -0.2910156 0.04394531 -0.2841797 0.04394531 -0.2910156 0.02734375 -0.2910156 0.06054687 -0.2841797 0.06054687 -0.2910156 0.04394531 -0.2910156 0.02734375 -0.2841797 0.04394531 -0.2841797 0.02734375 -0.2910156 0.06054687 -0.2841797 0.07763671 -0.2841797 0.06054687 -0.2910156 0.02734375 -0.2841797 0.02734375 -0.2910156 0.0102539 -0.2910156 0.0102539 -0.2841797 0.02734375 -0.2841797 0.0102539 -0.2910156 0.07763671 -0.2841797 0.07763671 -0.2910156 0.06054687 -0.2910156 0.07763671 -0.2841797 0.09423828 -0.2841797 0.07763671 -0.2910156 0.09423828 -0.2841797 0.09423828 -0.2910156 0.07763671 -0.2910156 0.09423828 -0.2841797 0.1108398 -0.2841797 0.09423828 -0.2910156 0.1108398 -0.2841797 0.1108398 -0.2910156 0.09423828 -0.2910156 0.1108398 -0.2841797 0.1279296 -0.2841797 0.1108398 -0.2910156 0.1279296 -0.2841797 0.1279296 -0.2910156 0.1108398 -0.2910156 0.1279296 -0.2841797 0.1445312 -0.2841797 0.1279296 -0.2910156 0.1445312 -0.2841797 0.1445312 -0.2910156 0.1279296 -0.2910156 0.1445312 -0.2841797 0.161621 -0.2841797 0.1445312 -0.2910156 0.161621 -0.2841797 0.161621 -0.2910156 0.1445312 -0.2910156 0.161621 -0.2841797 0.1782226 -0.2841797 0.161621 -0.2910156 0.1782226 -0.2841797 0.1782226 -0.2910156 0.161621 -0.2910156 0.1782226 -0.2841797 0.1953125 -0.2841797 0.1782226 -0.2910156 0.1953125 -0.2841797 0.1953125 -0.2910156 0.1782226 -0.2910156 0.1953125 -0.2841797 0.2124023 -0.2841797 0.1953125 -0.2910156 0.2124023 -0.2841797 0.2124023 -0.2910156 0.1953125</float_array>
          <technique_common>
            <accessor source="#Mesh-mesh-map-0-array" count="10482" stride="2">
              <param name="S" type="float"/>
              <param name="T" type="float"/>
            </accessor>
          </technique_common>
        </source>
        <source id="Mesh-mesh-colors-Color" name="Color">
          <float_array id="Mesh-mesh-colors-Color-array" count="41928">1 1 1 1 1 1 1 1 1 1 1 1 1 1 1 1 1 1 1 1 1 1 1 1 1 1 1 1 1 1 1 1 1 1 1 1 1 1 1 1 1 1 1 1 1 1 1 1 1 1 1 1 1 1 1 1 1 1 1 1 1 1 1 1 1 1 1 1 1 1 1 1 1 1 1 1 1 1 1 1 1 1 1 1 1 1 1 1 1 1 1 1 1 1 1 1 1 1 1 1 1 1 1 1 1 1 1 1 1 1 1 1 1 1 1 1 1 1 1 1 1 1 1 1 1 1 1 1 1 1 1 1 1 1 1 1 1 1 1 1 1 1 1 1 1 1 1 1 1 1 1 1 1 1 1 1 1 1 1 1 1 1 1 1 1 1 1 1 1 1 1 1 1 1 1 1 1 1 1 1 1 1 1 1 1 1 1 1 1 1 1 1 1 1 1 1 1 1 1 1 1 1 1 1 1 1 1 1 1 1 1 1 1 1 1 1 1 1 1 1 1 1 1 1 1 1 1 1 1 1 1 1 1 1 1 1 1 1 1 1 1 1 1 1 1 1 1 1 1 1 1 1 1 1 1 1 1 1 1 1 1 1 1 1 1 1 1 1 1 1 1 1 1 1 1 1 1 1 1 1 1 1 1 1 1 1 1 1 1 1 1 1 1 1 1 1 1 1 1 1 1 1 1 1 1 1 1 1 1 1 1 1 1 1 1 1 1 1 1 1 1 1 1 1 1 1 1 1 1 1 1 1 1 1 1 1 1 1 1 1 1 1 1 1 1 1 1 1 1 1 1 1 1 1 1 1 1 1 1 1 1 1 1 1 1 1 1 1 1 1 1 1 1 1 1 1 1 1 1 1 1 1 1 1 1 1 1 1 1 1 1 1 1 1 1 1 1 1 1 1 1 1 1 1 1 1 1 1 1 1 1 1 1 1 1 1 1 1 1 1 1 1 1 1 1 1 1 1 1 1 1 1 1 1 1 1 1 1 1 1 1 1 1 1 1 1 1 1 1 1 1 1 1 1 1 1 1 1 1 1 1 1 1 1 1 1 1 1 1 1 1 1 1 1 1 1 1 1 1 1 1 1 1 1 1 1 1 1 1 1 1 1 1 1 1 1 1 1 1 1 1 1 1 1 1 1 1 1 1 1 1 1 1 1 1 1 1 1 1 1 1 1 1 1 1 1 1 1 1 1 1 1 1 1 1 1 1 1 1 1 1 1 1 1 1 1 1 1 1 1 1 1 1 1 1 1 1 1 1 1 1 1 1 1 1 1 1 1 1 1 1 1 1 1 1 1 1 1 1 1 1 1 1 1 1 1 1 1 1 1 1 1 1 1 1 1 1 1 1 1 1 1 1 1 1 1 1 1 1 1 1 1 1 1 1 1 1 1 1 1 1 1 1 1 1 1 1 1 1 1 1 1 1 1 1 1 1 1 1 1 1 1 1 1 1 1 1 1 1 1 1 1 1 1 1 1 1 1 1 1 1 1 1 1 1 1 1 1 1 1 1 1 1 1 1 1 1 1 1 1 1 1 1 1 1 1 1 1 1 1 1 1 1 1 1 1 1 1 1 1 1 1 1 1 1 1 1 1 1 1 1 1 1 1 1 1 1 1 1 1 1 1 1 1 1 1 1 1 1 1 1 1 1 1 1 1 1 1 1 1 1 1 1 1 1 1 1 1 1 1 1 1 1 1 1 1 1 1 1 1 1 1 1 1 1 1 1 1 1 1 1 1 1 1 1 1 1 1 1 1 1 1 1 1 1 1 1 1 1 1 1 1 1 1 1 1 1 1 1 1 1 1 1 1 1 1 1 1 1 1 1 1 1 1 1 1 1 1 1 1 1 1 1 1 1 1 1 1 1 1 1 1 1 1 1 1 1 1 1 1 1 1 1 1 1 1 1 1 1 1 1 1 1 1 1 1 1 1 1 1 1 1 1 1 1 1 1 1 1 1 1 1 1 1 1 1 1 1 1 1 1 1 1 1 1 1 1 1 1 1 1 1 1 1 1 1 1 1 1 1 1 1 1 1 1 1 1 1 1 1 1 1 1 1 1 1 1 1 1 1 1 1 1 1 1 1 1 1 1 1 1 1 1 1 1 1 1 1 1 1 1 1 1 1 1 1 1 1 1 1 1 1 1 1 1 1 1 1 1 1 1 1 1 1 1 1 1 1 1 1 1 1 1 1 1 1 1 1 1 1 1 1 1 1 1 1 1 1 1 1 1 1 1 1 1 1 1 1 1 1 1 1 1 1 1 1 1 1 1 1 1 1 1 1 1 1 1 1 1 1 1 1 1 1 1 1 1 1 1 1 1 1 1 1 1 1 1 1 1 1 1 1 1 1 1 1 1 1 1 1 1 1 1 1 1 1 1 1 1 1 1 1 1 1 1 1 1 1 1 1 1 1 1 1 1 1 1 1 1 1 1 1 1 1 1 1 1 1 1 1 1 1 1 1 1 1 1 1 1 1 1 1 1 1 1 1 1 1 1 1 1 1 1 1 1 1 1 1 1 1 1 1 1 1 1 1 1 1 1 1 1 1 1 1 1 1 1 1 1 1 1 1 1 1 1 1 1 1 1 1 1 1 1 1 1 1 1 1 1 1 1 1 1 1 1 1 1 1 1 1 1 1 1 1 1 1 1 1 1 1 1 1 1 1 1 1 1 1 1 1 1 1 1 1 1 1 1 1 1 1 1 1 1 1 1 1 1 1 1 1 1 1 1 1 1 1 1 1 1 1 1 1 1 1 1 1 1 1 1 1 1 1 1 1 1 1 1 1 1 1 1 1 1 1 1 1 1 1 1 1 1 1 1 1 1 1 1 1 1 1 1 1 1 1 1 1 1 1 1 1 1 1 1 1 1 1 1 1 1 1 1 1 1 1 1 1 1 1 1 1 1 1 1 1 1 1 1 1 1 1 1 1 1 1 1 1 1 1 1 1 1 1 1 1 1 1 1 1 1 1 1 1 1 1 1 1 1 1 1 1 1 1 1 1 1 1 1 1 1 1 1 1 1 1 1 1 1 1 1 1 1 1 1 1 1 1 1 1 1 1 1 1 1 1 1 1 1 1 1 1 1 1 1 1 1 1 1 1 1 1 1 1 1 1 1 1 1 1 1 1 1 1 1 1 1 1 1 1 1 1 1 1 1 1 1 1 1 1 1 1 1 1 1 1 1 1 1 1 1 1 1 1 1 1 1 1 1 1 1 1 1 1 1 1 1 1 1 1 1 1 1 1 1 1 1 1 1 1 1 1 1 1 1 1 1 1 1 1 1 1 1 1 1 1 1 1 1 1 1 1 1 1 1 1 1 1 1 1 1 1 1 1 1 1 1 1 1 1 1 1 1 1 1 1 1 1 1 1 1 1 1 1 1 1 1 1 1 1 1 1 1 1 1 1 1 1 1 1 1 1 1 1 1 1 1 1 1 1 1 1 1 1 1 1 1 1 1 1 1 1 1 1 1 1 1 1 1 1 1 1 1 1 1 1 1 1 1 1 1 1 1 1 1 1 1 1 1 1 1 1 1 1 1 1 1 1 1 1 1 1 1 1 1 1 1 1 1 1 1 1 1 1 1 1 1 1 1 1 1 1 1 1 1 1 1 1 1 1 1 1 1 1 1 1 1 1 1 1 1 1 1 1 1 1 1 1 1 1 1 1 1 1 1 1 1 1 1 1 1 1 1 1 1 1 1 1 1 1 1 1 1 1 1 1 1 1 1 1 1 1 1 1 1 1 1 1 1 1 1 1 1 1 1 1 1 1 1 1 1 1 1 1 1 1 1 1 1 1 1 1 1 1 1 1 1 1 1 1 1 1 1 1 1 1 1 1 1 1 1 1 1 1 1 1 1 1 1 1 1 1 1 1 1 1 1 1 1 1 1 1 1 1 1 1 1 1 1 1 1 1 1 1 1 1 1 1 1 1 1 1 1 1 1 1 1 1 1 1 1 1 1 1 1 1 1 1 1 1 1 1 1 1 1 1 1 1 1 1 1 1 1 1 1 1 1 1 1 1 1 1 1 1 1 1 1 1 1 1 1 1 1 1 1 1 1 1 1 1 1 1 1 1 1 1 1 1 1 1 1 1 1 1 1 1 1 1 1 1 1 1 1 1 1 1 1 1 1 1 1 1 1 1 1 1 1 1 1 1 1 1 1 1 1 1 1 1 1 1 1 1 1 1 1 1 1 1 1 1 1 1 1 1 1 1 1 1 1 1 1 1 1 1 1 1 1 1 1 1 1 1 1 1 1 1 1 1 1 1 1 1 1 1 1 1 1 1 1 1 1 1 1 1 1 1 1 1 1 1 1 1 1 1 1 1 1 1 1 1 1 1 1 1 1 1 1 1 1 1 1 1 1 1 1 1 1 1 1 1 1 1 1 1 1 1 1 1 1 1 1 1 1 1 1 1 1 1 1 1 1 1 1 1 1 1 1 1 1 1 1 1 1 1 1 1 1 1 1 1 1 1 1 1 1 1 1 1 1 1 1 1 1 1 1 1 1 1 1 1 1 1 1 1 1 1 1 1 1 1 1 1 1 1 1 1 1 1 1 1 1 1 1 1 1 1 1 1 1 1 1 1 1 1 1 1 1 1 1 1 1 1 1 1 1 1 1 1 1 1 1 1 1 1 1 1 1 1 1 1 1 1 1 1 1 1 1 1 1 1 1 1 1 1 1 1 1 1 1 1 1 1 1 1 1 1 1 1 1 1 1 1 1 1 1 1 1 1 1 1 1 1 1 1 1 1 1 1 1 1 1 1 1 1 1 1 1 1 1 1 1 1 1 1 1 1 1 1 1 1 1 1 1 1 1 1 1 1 1 1 1 1 1 1 1 1 1 1 1 1 1 1 1 1 1 1 1 1 1 1 1 1 1 1 1 1 1 1 1 1 1 1 1 1 1 1 1 1 1 1 1 1 1 1 1 1 1 1 1 1 1 1 1 1 1 1 1 1 1 1 1 1 1 1 1 1 1 1 1 1 1 1 1 1 1 1 1 1 1 1 1 1 1 1 1 1 1 1 1 1 1 1 1 1 1 1 1 1 1 1 1 1 1 1 1 1 1 1 1 1 1 1 1 1 1 1 1 1 1 1 1 1 1 1 1 1 1 1 1 1 1 1 1 1 1 1 1 1 1 1 1 1 1 1 1 1 1 1 1 1 1 1 1 1 1 1 1 1 1 1 1 1 1 1 1 1 1 1 1 1 1 1 1 1 1 1 1 1 1 1 1 1 1 1 1 1 1 1 1 1 1 1 1 1 1 1 1 1 1 1 1 1 1 1 1 1 1 1 1 1 1 1 1 1 1 1 1 1 1 1 1 1 1 1 1 1 1 1 1 1 1 1 1 1 1 1 1 1 1 1 1 1 1 1 1 1 1 1 1 1 1 1 1 1 1 1 1 1 1 1 1 1 1 1 1 1 1 1 1 1 1 1 1 1 1 1 1 1 1 1 1 1 1 1 1 1 1 1 1 1 1 1 1 1 1 1 1 1 1 1 1 1 1 1 1 1 1 1 1 1 1 1 1 1 1 1 1 1 1 1 1 1 1 1 1 1 1 1 1 1 1 1 1 1 1 1 1 1 1 1 1 1 1 1 1 1 1 1 1 1 1 1 1 1 1 1 1 1 1 1 1 1 1 1 1 1 1 1 1 1 1 1 1 1 1 1 1 1 1 1 1 1 1 1 1 1 1 1 1 1 1 1 1 1 1 1 1 1 1 1 1 1 1 1 1 1 1 1 1 1 1 1 1 1 1 1 1 1 1 1 1 1 1 1 1 1 1 1 1 1 1 1 1 1 1 1 1 1 1 1 1 1 1 1 1 1 1 1 1 1 1 1 1 1 1 1 1 1 1 1 1 1 1 1 1 1 1 1 1 1 1 1 1 1 1 1 1 1 1 1 1 1 1 1 1 1 1 1 1 1 1 1 1 1 1 1 1 1 1 1 1 1 1 1 1 1 1 1 1 1 1 1 1 1 1 1 1 1 1 1 1 1 1 1 1 1 1 1 1 1 1 1 1 1 1 1 1 1 1 1 1 1 1 1 1 1 1 1 1 1 1 1 1 1 1 1 1 1 1 1 1 1 1 1 1 1 1 1 1 1 1 1 1 1 1 1 1 1 1 1 1 1 1 1 1 1 1 1 1 1 1 1 1 1 1 1 1 1 1 1 1 1 1 1 1 1 1 1 1 1 1 1 1 1 1 1 1 1 1 1 1 1 1 1 1 1 1 1 1 1 1 1 1 1 1 1 1 1 1 1 1 1 1 1 1 1 1 1 1 1 1 1 1 1 1 1 1 1 1 1 1 1 1 1 1 1 1 1 1 1 1 1 1 1 1 1 1 1 1 1 1 1 1 1 1 1 1 1 1 1 1 1 1 1 1 1 1 1 1 1 1 1 1 1 1 1 1 1 1 1 1 1 1 1 1 1 1 1 1 1 1 1 1 1 1 1 1 1 1 1 1 1 1 1 1 1 1 1 1 1 1 1 1 1 1 1 1 1 1 1 1 1 1 1 1 1 1 1 1 1 1 1 1 1 1 1 1 1 1 1 1 1 1 1 1 1 1 1 1 1 1 1 1 1 1 1 1 1 1 1 1 1 1 1 1 1 1 1 1 1 1 1 1 1 1 1 1 1 1 1 1 1 1 1 1 1 1 1 1 1 1 1 1 1 1 1 1 1 1 1 1 1 1 1 1 1 1 1 1 1 1 1 1 1 1 1 1 1 1 1 1 1 1 1 1 1 1 1 1 1 1 1 1 1 1 1 1 1 1 1 1 1 1 1 1 1 1 1 1 1 1 1 1 1 1 1 1 1 1 1 1 1 1 1 1 1 1 1 1 1 1 1 1 1 1 1 1 1 1 1 1 1 1 1 1 1 1 1 1 1 1 1 1 1 1 1 1 1 1 1 1 1 1 1 1 1 1 1 1 1 1 1 1 1 1 1 1 1 1 1 1 1 1 1 1 1 1 1 1 1 1 1 1 1 1 1 1 1 1 1 1 1 1 1 1 1 1 1 1 1 1 1 1 1 1 1 1 1 1 1 1 1 1 1 1 1 1 1 1 1 1 1 1 1 1 1 1 1 1 1 1 1 1 1 1 1 1 1 1 1 1 1 1 1 1 1 1 1 1 1 1 1 1 1 1 1 1 1 1 1 1 1 1 1 1 1 1 1 1 1 1 1 1 1 1 1 1 1 1 1 1 1 1 1 1 1 1 1 1 1 1 1 1 1 1 1 1 1 1 1 1 1 1 1 1 1 1 1 1 1 1 1 1 1 1 1 1 1 1 1 1 1 1 1 1 1 1 1 1 1 1 1 1 1 1 1 1 1 1 1 1 1 1 1 1 1 1 1 1 1 1 1 1 1 1 1 1 1 1 1 1 1 1 1 1 1 1 1 1 1 1 1 1 1 1 1 1 1 1 1 1 1 1 1 1 1 1 1 1 1 1 1 1 1 1 1 1 1 1 1 1 1 1 1 1 1 1 1 1 1 1 1 1 1 1 1 1 1 1 1 1 1 1 1 1 1 1 1 1 1 1 1 1 1 1 1 1 1 1 1 1 1 1 1 1 1 1 1 1 1 1 1 1 1 1 1 1 1 1 1 1 1 1 1 1 1 1 1 1 1 1 1 1 1 1 1 1 1 1 1 1 1 1 1 1 1 1 1 1 1 1 1 1 1 1 1 1 1 1 1 1 1 1 1 1 1 1 1 1 1 1 1 1 1 1 1 1 1 1 1 1 1 1 1 1 1 1 1 1 1 1 1 1 1 1 1 1 1 1 1 1 1 1 1 1 1 1 1 1 1 1 1 1 1 1 1 1 1 1 1 1 1 1 1 1 1 1 1 1 1 1 1 1 1 1 1 1 1 1 1 1 1 1 1 1 1 1 1 1 1 1 1 1 1 1 1 1 1 1 1 1 1 1 1 1 1 1 1 1 1 1 1 1 1 1 1 1 1 1 1 1 1 1 1 1 1 1 1 1 1 1 1 1 1 1 1 1 1 1 1 1 1 1 1 1 1 1 1 1 1 1 1 1 1 1 1 1 1 1 1 1 1 1 1 1 1 1 1 1 1 1 1 1 1 1 1 1 1 1 1 1 1 1 1 1 1 1 1 1 1 1 1 1 1 1 1 1 1 1 1 1 1 1 1 1 1 1 1 1 1 1 1 1 1 1 1 1 1 1 1 1 1 1 1 1 1 1 1 1 1 1 1 1 1 1 1 1 1 1 1 1 1 1 1 1 1 1 1 1 1 1 1 1 1 1 1 1 1 1 1 1 1 1 1 1 1 1 1 1 1 1 1 1 1 1 1 1 1 1 1 1 1 1 1 1 1 1 1 1 1 1 1 1 1 1 1 1 1 1 1 1 1 1 1 1 1 1 1 1 1 1 1 1 1 1 1 1 1 1 1 1 1 1 1 1 1 1 1 1 1 1 1 1 1 1 1 1 1 1 1 1 1 1 1 1 1 1 1 1 1 1 1 1 1 1 1 1 1 1 1 1 1 1 1 1 1 1 1 1 1 1 1 1 1 1 1 1 1 1 1 1 1 1 1 1 1 1 1 1 1 1 1 1 1 1 1 1 1 1 1 1 1 1 1 1 1 1 1 1 1 1 1 1 1 1 1 1 1 1 1 1 1 1 1 1 1 1 1 1 1 1 1 1 1 1 1 1 1 1 1 1 1 1 1 1 1 1 1 1 1 1 1 1 1 1 1 1 1 1 1 1 1 1 1 1 1 1 1 1 1 1 1 1 1 1 1 1 1 1 1 1 1 1 1 1 1 1 1 1 1 1 1 1 1 1 1 1 1 1 1 1 1 1 1 1 1 1 1 1 1 1 1 1 1 1 1 1 1 1 1 1 1 1 1 1 1 1 1 1 1 1 1 1 1 1 1 1 1 1 1 1 1 1 1 1 1 1 1 1 1 1 1 1 1 1 1 1 1 1 1 1 1 1 1 1 1 1 1 1 1 1 1 1 1 1 1 1 1 1 1 1 1 1 1 1 1 1 1 1 1 1 1 1 1 1 1 1 1 1 1 1 1 1 1 1 1 1 1 1 1 1 1 1 1 1 1 1 1 1 1 1 1 1 1 1 1 1 1 1 1 1 1 1 1 1 1 1 1 1 1 1 1 1 1 1 1 1 1 1 1 1 1 1 1 1 1 1 1 1 1 1 1 1 1 1 1 1 1 1 1 1 1 1 1 1 1 1 1 1 1 1 1 1 1 1 1 1 1 1 1 1 1 1 1 1 1 1 1 1 1 1 1 1 1 1 1 1 1 1 1 1 1 1 1 1 1 1 1 1 1 1 1 1 1 1 1 1 1 1 1 1 1 1 1 1 1 1 1 1 1 1 1 1 1 1 1 1 1 1 1 1 1 1 1 1 1 1 1 1 1 1 1 1 1 1 1 1 1 1 1 1 1 1 1 1 1 1 1 1 1 1 1 1 1 1 1 1 1 1 1 1 1 1 1 1 1 1 1 1 1 1 1 1 1 1 1 1 1 1 1 1 1 1 1 1 1 1 1 1 1 1 1 1 1 1 1 1 1 1 1 1 1 1 1 1 1 1 1 1 1 1 1 1 1 1 1 1 1 1 1 1 1 1 1 1 1 1 1 1 1 1 1 1 1 1 1 1 1 1 1 1 1 1 1 1 1 1 1 1 1 1 1 1 1 1 1 1 1 1 1 1 1 1 1 1 1 1 1 1 1 1 1 1 1 1 1 1 1 1 1 1 1 1 1 1 1 1 1 1 1 1 1 1 1 1 1 1 1 1 1 1 1 1 1 1 1 1 1 1 1 1 1 1 1 1 1 1 1 1 1 1 1 1 1 1 1 1 1 1 1 1 1 1 1 1 1 1 1 1 1 1 1 1 1 1 1 1 1 1 1 1 1 1 1 1 1 1 1 1 1 1 1 1 1 1 1 1 1 1 1 1 1 1 1 1 1 1 1 1 1 1 1 1 1 1 1 1 1 1 1 1 1 1 1 1 1 1 1 1 1 1 1 1 1 1 1 1 1 1 1 1 1 1 1 1 1 1 1 1 1 1 1 1 1 1 1 1 1 1 1 1 1 1 1 1 1 1 1 1 1 1 1 1 1 1 1 1 1 1 1 1 1 1 1 1 1 1 1 1 1 1 1 1 1 1 1 1 1 1 1 1 1 1 1 1 1 1 1 1 1 1 1 1 1 1 1 1 1 1 1 1 1 1 1 1 1 1 1 1 1 1 1 1 1 1 1 1 1 1 1 1 1 1 1 1 1 1 1 1 1 1 1 1 1 1 1 1 1 1 1 1 1 1 1 1 1 1 1 1 1 1 1 1 1 1 1 1 1 1 1 1 1 1 1 1 1 1 1 1 1 1 1 1 1 1 1 1 1 1 1 1 1 1 1 1 1 1 1 1 1 1 1 1 1 1 1 1 1 1 1 1 1 1 1 1 1 1 1 1 1 1 1 1 1 1 1 1 1 1 1 1 1 1 1 1 1 1 1 1 1 1 1 1 1 1 1 1 1 1 1 1 1 1 1 1 1 1 1 1 1 1 1 1 1 1 1 1 1 1 1 1 1 1 1 1 1 1 1 1 1 1 1 1 1 1 1 1 1 1 1 1 1 1 1 1 1 1 1 1 1 1 1 1 1 1 1 1 1 1 1 1 1 1 1 1 1 1 1 1 1 1 1 1 1 1 1 1 1 1 1 1 1 1 1 1 1 1 1 1 1 1 1 1 1 1 1 1 1 1 1 1 1 1 1 1 1 1 1 1 1 1 1 1 1 1 1 1 1 1 1 1 1 1 1 1 1 1 1 1 1 1 1 1 1 1 1 1 1 1 1 1 1 1 1 1 1 1 1 1 1 1 1 1 1 1 1 1 1 1 1 1 1 1 1 1 1 1 1 1 1 1 1 1 1 1 1 1 1 1 1 1 1 1 1 1 1 1 1 1 1 1 1 1 1 1 1 1 1 1 1 1 1 1 1 1 1 1 1 1 1 1 1 1 1 1 1 1 1 1 1 1 1 1 1 1 1 1 1 1 1 1 1 1 1 1 1 1 1 1 1 1 1 1 1 1 1 1 1 1 1 1 1 1 1 1 1 1 1 1 1 1 1 1 1 1 1 1 1 1 1 1 1 1 1 1 1 1 1 1 1 1 1 1 1 1 1 1 1 1 1 1 1 1 1 1 1 1 1 1 1 1 1 1 1 1 1 1 1 1 1 1 1 1 1 1 1 1 1 1 1 1 1 1 1 1 1 1 1 1 1 1 1 1 1 1 1 1 1 1 1 1 1 1 1 1 1 1 1 1 1 1 1 1 1 1 1 1 1 1 1 1 1 1 1 1 1 1 1 1 1 1 1 1 1 1 1 1 1 1 1 1 1 1 1 1 1 1 1 1 1 1 1 1 1 1 1 1 1 1 1 1 1 1 1 1 1 1 1 1 1 1 1 1 1 1 1 1 1 1 1 1 1 1 1 1 1 1 1 1 1 1 1 1 1 1 1 1 1 1 1 1 1 1 1 1 1 1 1 1 1 1 1 1 1 1 1 1 1 1 1 1 1 1 1 1 1 1 1 1 1 1 1 1 1 1 1 1 1 1 1 1 1 1 1 1 1 1 1 1 1 1 1 1 1 1 1 1 1 1 1 1 1 1 1 1 1 1 1 1 1 1 1 1 1 1 1 1 1 1 1 1 1 1 1 1 1 1 1 1 1 1 1 1 1 1 1 1 1 1 1 1 1 1 1 1 1 1 1 1 1 1 1 1 1 1 1 1 1 1 1 1 1 1 1 1 1 1 1 1 1 1 1 1 1 1 1 1 1 1 1 1 1 1 1 1 1 1 1 1 1 1 1 1 1 1 1 1 1 1 1 1 1 1 1 1 1 1 1 1 1 1 1 1 1 1 1 1 1 1 1 1 1 1 1 1 1 1 1 1 1 1 1 1 1 1 1 1 1 1 1 1 1 1 1 1 1 1 1 1 1 1 1 1 1 1 1 1 1 1 1 1 1 1 1 1 1 1 1 1 1 1 1 1 1 1 1 1 1 1 1 1 1 1 1 1 1 1 1 1 1 1 1 1 1 1 1 1 1 1 1 1 1 1 1 1 1 1 1 1 1 1 1 1 1 1 1 1 1 1 1 1 1 1 1 1 1 1 1 1 1 1 1 1 1 1 1 1 1 1 1 1 1 1 1 1 1 1 1 1 1 1 1 1 1 1 1 1 1 1 1 1 1 1 1 1 1 1 1 1 1 1 1 1 1 1 1 1 1 1 1 1 1 1 1 1 1 1 1 1 1 1 1 1 1 1 1 1 1 1 1 1 1 1 1 1 1 1 1 1 1 1 1 1 1 1 1 1 1 1 1 1 1 1 1 1 1 1 1 1 1 1 1 1 1 1 1 1 1 1 1 1 1 1 1 1 1 1 1 1 1 1 1 1 1 1 1 1 1 1 1 1 1 1 1 1 1 1 1 1 1 1 1 1 1 1 1 1 1 1 1 1 1 1 1 1 1 1 1 1 1 1 1 1 1 1 1 1 1 1 1 1 1 1 1 1 1 1 1 1 1 1 1 1 1 1 1 1 1 1 1 1 1 1 1 1 1 1 1 1 1 1 1 1 1 1 1 1 1 1 1 1 1 1 1 1 1 1 1 1 1 1 1 1 1 1 1 1 1 1 1 1 1 1 1 1 1 1 1 1 1 1 1 1 1 1 1 1 1 1 1 1 1 1 1 1 1 1 1 1 1 1 1 1 1 1 1 1 1 1 1 1 1 1 1 1 1 1 1 1 1 1 1 1 1 1 1 1 1 1 1 1 1 1 1 1 1 1 1 1 1 1 1 1 1 1 1 1 1 1 1 1 1 1 1 1 1 1 1 1 1 1 1 1 1 1 1 1 1 1 1 1 1 1 1 1 1 1 1 1 1 1 1 1 1 1 1 1 1 1 1 1 1 1 1 1 1 1 1 1 1 1 1 1 1 1 1 1 1 1 1 1 1 1 1 1 1 1 1 1 1 1 1 1 1 1 1 1 1 1 1 1 1 1 1 1 1 1 1 1 1 1 1 1 1 1 1 1 1 1 1 1 1 1 1 1 1 1 1 1 1 1 1 1 1 1 1 1 1 1 1 1 1 1 1 1 1 1 1 1 1 1 1 1 1 1 1 1 1 1 1 1 1 1 1 1 1 1 1 1 1 1 1 1 1 1 1 1 1 1 1 1 1 1 1 1 1 1 1 1 1 1 1 1 1 1 1 1 1 1 1 1 1 1 1 1 1 1 1 1 1 1 1 1 1 1 1 1 1 1 1 1 1 1 1 1 1 1 1 1 1 1 1 1 1 1 1 1 1 1 1 1 1 1 1 1 1 1 1 1 1 1 1 1 1 1 1 1 1 1 1 1 1 1 1 1 1 1 1 1 1 1 1 1 1 1 1 1 1 1 1 1 1 1 1 1 1 1 1 1 1 1 1 1 1 1 1 1 1 1 1 1 1 1 1 1 1 1 1 1 1 1 1 1 1 1 1 1 1 1 1 1 1 1 1 1 1 1 1 1 1 1 1 1 1 1 1 1 1 1 1 1 1 1 1 1 1 1 1 1 1 1 1 1 1 1 1 1 1 1 1 1 1 1 1 1 1 1 1 1 1 1 1 1 1 1 1 1 1 1 1 1 1 1 1 1 1 1 1 1 1 1 1 1 1 1 1 1 1 1 1 1 1 1 1 1 1 1 1 1 1 1 1 1 1 1 1 1 1 1 1 1 1 1 1 1 1 1 1 1 1 1 1 1 1 1 1 1 1 1 1 1 1 1 1 1 1 1 1 1 1 1 1 1 1 1 1 1 1 1 1 1 1 1 1 1 1 1 1 1 1 1 1 1 1 1 1 1 1 1 1 1 1 1 1 1 1 1 1 1 1 1 1 1 1 1 1 1 1 1 1 1 1 1 1 1 1 1 1 1 1 1 1 1 1 1 1 1 1 1 1 1 1 1 1 1 1 1 1 1 1 1 1 1 1 1 1 1 1 1 1 1 1 1 1 1 1 1 1 1 1 1 1 1 1 1 1 1 1 1 1 1 1 1 1 1 1 1 1 1 1 1 1 1 1 1 1 1 1 1 1 1 1 1 1 1 1 1 1 1 1 1 1 1 1 1 1 1 1 1 1 1 1 1 1 1 1 1 1 1 1 1 1 1 1 1 1 1 1 1 1 1 1 1 1 1 1 1 1 1 1 1 1 1 1 1 1 1 1 1 1 1 1 1 1 1 1 1 1 1 1 1 1 1 1 1 1 1 1 1 1 1 1 1 1 1 1 1 1 1 1 1 1 1 1 1 1 1 1 1 1 1 1 1 1 1 1 1 1 1 1 1 1 1 1 1 1 1 1 1 1 1 1 1 1 1 1 1 1 1 1 1 1 1 1 1 1 1 1 1 1 1 1 1 1 1 1 1 1 1 1 1 1 1 1 1 1 1 1 1 1 1 1 1 1 1 1 1 1 1 1 1 1 1 1 1 1 1 1 1 1 1 1 1 1 1 1 1 1 1 1 1 1 1 1 1 1 1 1 1 1 1 1 1 1 1 1 1 1 1 1 1 1 1 1 1 1 1 1 1 1 1 1 1 1 1 1 1 1 1 1 1 1 1 1 1 1 1 1 1 1 1 1 1 1 1 1 1 1 1 1 1 1 1 1 1 1 1 1 1 1 1 1 1 1 1 1 1 1 1 1 1 1 1 1 1 1 1 1 1 1 1 1 1 1 1 1 1 1 1 1 1 1 1 1 1 1 1 1 1 1 1 1 1 1 1 1 1 1 1 1 1 1 1 1 1 1 1 1 1 1 1 1 1 1 1 1 1 1 1 1 1 1 1 1 1 1 1 1 1 1 1 1 1 1 1 1 1 1 1 1 1 1 1 1 1 1 1 1 1 1 1 1 1 1 1 1 1 1 1 1 1 1 1 1 1 1 1 1 1 1 1 1 1 1 1 1 1 1 1 1 1 1 1 1 1 1 1 1 1 1 1 1 1 1 1 1 1 1 1 1 1 1 1 1 1 1 1 1 1 1 1 1 1 1 1 1 1 1 1 1 1 1 1 1 1 1 1 1 1 1 1 1 1 1 1 1 1 1 1 1 1 1 1 1 1 1 1 1 1 1 1 1 1 1 1 1 1 1 1 1 1 1 1 1 1 1 1 1 1 1 1 1 1 1 1 1 1 1 1 1 1 1 1 1 1 1 1 1 1 1 1 1 1 1 1 1 1 1 1 1 1 1 1 1 1 1 1 1 1 1 1 1 1 1 1 1 1 1 1 1 1 1 1 1 1 1 1 1 1 1 1 1 1 1 1 1 1 1 1 1 1 1 1 1 1 1 1 1 1 1 1 1 1 1 1 1 1 1 1 1 1 1 1 1 1 1 1 1 1 1 1 1 1 1 1 1 1 1 1 1 1 1 1 1 1 1 1 1 1 1 1 1 1 1 1 1 1 1 1 1 1 1 1 1 1 1 1 1 1 1 1 1 1 1 1 1 1 1 1 1 1 1 1 1 1 1 1 1 1 1 1 1 1 1 1 1 1 1 1 1 1 1 1 1 1 1 1 1 1 1 1 1 1 1 1 1 1 1 1 1 1 1 1 1 1 1 1 1 1 1 1 1 1 1 1 1 1 1 1 1 1 1 1 1 1 1 1 1 1 1 1 1 1 1 1 1 1 1 1 1 1 1 1 1 1 1 1 1 1 1 1 1 1 1 1 1 1 1 1 1 1 1 1 1 1 1 1 1 1 1 1 1 1 1 1 1 1 1 1 1 1 1 1 1 1 1 1 1 1 1 1 1 1 1 1 1 1 1 1 1 1 1 1 1 1 1 1 1 1 1 1 1 1 1 1 1 1 1 1 1 1 1 1 1 1 1 1 1 1 1 1 1 1 1 1 1 1 1 1 1 1 1 1 1 1 1 1 1 1 1 1 1 1 1 1 1 1 1 1 1 1 1 1 1 1 1 1 1 1 1 1 1 1 1 1 1 1 1 1 1 1 1 1 1 1 1 1 1 1 1 1 1 1 1 1 1 1 1 1 1 1 1 1 1 1 1 1 1 1 1 1 1 1 1 1 1 1 1 1 1 1 1 1 1 1 1 1 1 1 1 1 1 1 1 1 1 1 1 1 1 1 1 1 1 1 1 1 1 1 1 1 1 1 1 1 1 1 1 1 1 1 1 1 1 1 1 1 1 1 1 1 1 1 1 1 1 1 1 1 1 1 1 1 1 1 1 1 1 1 1 1 1 1 1 1 1 1 1 1 1 1 1 1 1 1 1 1 1 1 1 1 1 1 1 1 1 1 1 1 1 1 1 1 1 1 1 1 1 1 1 1 1 1 1 1 1 1 1 1 1 1 1 1 1 1 1 1 1 1 1 1 1 1 1 1 1 1 1 1 1 1 1 1 1 1 1 1 1 1 1 1 1 1 1 1 1 1 1 1 1 1 1 1 1 1 1 1 1 1 1 1 1 1 1 1 1 1 1 1 1 1 1 1 1 1 1 1 1 1 1 1 1 1 1 1 1 1 1 1 1 1 1 1 1 1 1 1 1 1 1 1 1 1 1 1 1 1 1 1 1 1 1 1 1 1 1 1 1 1 1 1 1 1 1 1 1 1 1 1 1 1 1 1 1 1 1 1 1 1 1 1 1 1 1 1 1 1 1 1 1 1 1 1 1 1 1 1 1 1 1 1 1 1 1 1 1 1 1 1 1 1 1 1 1 1 1 1 1 1 1 1 1 1 1 1 1 1 1 1 1 1 1 1 1 1 1 1 1 1 1 1 1 1 1 1 1 1 1 1 1 1 1 1 1 1 1 1 1 1 1 1 1 1 1 1 1 1 1 1 1 1 1 1 1 1 1 1 1 1 1 1 1 1 1 1 1 1 1 1 1 1 1 1 1 1 1 1 1 1 1 1 1 1 1 1 1 1 1 1 1 1 1 1 1 1 1 1 1 1 1 1 1 1 1 1 1 1 1 1 1 1 1 1 1 1 1 1 1 1 1 1 1 1 1 1 1 1 1 1 1 1 1 1 1 1 1 1 1 1 1 1 1 1 1 1 1 1 1 1 1 1 1 1 1 1 1 1 1 1 1 1 1 1 1 1 1 1 1 1 1 1 1 1 1 1 1 1 1 1 1 1 1 1 1 1 1 1 1 1 1 1 1 1 1 1 1 1 1 1 1 1 1 1 1 1 1 1 1 1 1 1 1 1 1 1 1 1 1 1 1 1 1 1 1 1 1 1 1 1 1 1 1 1 1 1 1 1 1 1 1 1 1 1 1 1 1 1 1 1 1 1 1 1 1 1 1 1 1 1 1 1 1 1 1 1 1 1 1 1 1 1 1 1 1 1 1 1 1 1 1 1 1 1 1 1 1 1 1 1 1 1 1 1 1 1 1 1 1 1 1 1 1 1 1 1 1 1 1 1 1 1 1 1 1 1 1 1 1 1 1 1 1 1 1 1 1 1 1 1 1 1 1 1 1 1 1 1 1 1 1 1 1 1 1 1 1 1 1 1 1 1 1 1 1 1 1 1 1 1 1 1 1 1 1 1 1 1 1 1 1 1 1 1 1 1 1 1 1 1 1 1 1 1 1 1 1 1 1 1 1 1 1 1 1 1 1 1 1 1 1 1 1 1 1 1 1 1 1 1 1 1 1 1 1 1 1 1 1 1 1 1 1 1 1 1 1 1 1 1 1 1 1 1 1 1 1 1 1 1 1 1 1 1 1 1 1 1 1 1 1 1 1 1 1 1 1 1 1 1 1 1 1 1 1 1 1 1 1 1 1 1 1 1 1 1 1 1 1 1 1 1 1 1 1 1 1 1 1 1 1 1 1 1 1 1 1 1 1 1 1 1 1 1 1 1 1 1 1 1 1 1 1 1 1 1 1 1 1 1 1 1 1 1 1 1 1 1 1 1 1 1 1 1 1 1 1 1 1 1 1 1 1 1 1 1 1 1 1 1 1 1 1 1 1 1 1 1 1 1 1 1 1 1 1 1 1 1 1 1 1 1 1 1 1 1 1 1 1 1 1 1 1 1 1 1 1 1 1 1 1 1 1 1 1 1 1 1 1 1 1 1 1 1 1 1 1 1 1 1 1 1 1 1 1 1 1 1 1 1 1 1 1 1 1 1 1 1 1 1 1 1 1 1 1 1 1 1 1 1 1 1 1 1 1 1 1 1 1 1 1 1 1 1 1 1 1 1 1 1 1 1 1 1 1 1 1 1 1 1 1 1 1 1 1 1 1 1 1 1 1 1 1 1 1 1 1 1 1 1 1 1 1 1 1 1 1 1 1 1 1 1 1 1 1 1 1 1 1 1 1 1 1 1 1 1 1 1 1 1 1 1 1 1 1 1 1 1 1 1 1 1 1 1 1 1 1 1 1 1 1 1 1 1 1 1 1 1 1 1 1 1 1 1 1 1 1 1 1 1 1 1 1 1 1 1 1 1 1 1 1 1 1 1 1 1 1 1 1 1 1 1 1 1 1 1 1 1 1 1 1 1 1 1 1 1 1 1 1 1 1 1 1 1 1 1 1 1 1 1 1 1 1 1 1 1 1 1 1 1 1 1 1 1 1 1 1 1 1 1 1 1 1 1 1 1 1 1 1 1 1 1 1 1 1 1 1 1 1 1 1 1 1 1 1 1 1 1 1 1 1 1 1 1 1 1 1 1 1 1 1 1 1 1 1 1 1 1 1 1 1 1 1 1 1 1 1 1 1 1 1 1 1 1 1 1 1 1 1 1 1 1 1 1 1 1 1 1 1 1 1 1 1 1 1 1 1 1 1 1 1 1 1 1 1 1 1 1 1 1 1 1 1 1 1 1 1 1 1 1 1 1 1 1 1 1 1 1 1 1 1 1 1 1 1 1 1 1 1 1 1 1 1 1 1 1 1 1 1 1 1 1 1 1 1 1 1 1 1 1 1 1 1 1 1 1 1 1 1 1 1 1 1 1 1 1 1 1 1 1 1 1 1 1 1 1 1 1 1 1 1 1 1 1 1 1 1 1 1 1 1 1 1 1 1 1 1 1 1 1 1 1 1 1 1 1 1 1 1 1 1 1 1 1 1 1 1 1 1 1 1 1 1 1 1 1 1 1 1 1 1 1 1 1 1 1 1 1 1 1 1 1 1 1 1 1 1 1 1 1 1 1 1 1 1 1 1 1 1 1 1 1 1 1 1 1 1 1 1 1 1 1 1 1 1 1 1 1 1 1 1 1 1 1 1 1 1 1 1 1 1 1 1 1 1 1 1 1 1 1 1 1 1 1 1 1 1 1 1 1 1 1 1 1 1 1 1 1 1 1 1 1 1 1 1 1 1 1 1 1 1 1 1 1 1 1 1 1 1 1 1 1 1 1 1 1 1 1 1 1 1 1 1 1 1 1 1 1 1 1 1 1 1 1 1 1 1 1 1 1 1 1 1 1 1 1 1 1 1 1 1 1 1 1 1 1 1 1 1 1 1 1 1 1 1 1 1 1 1 1 1 1 1 1 1 1 1 1 1 1 1 1 1 1 1 1 1 1 1 1 1 1 1 1 1 1 1 1 1 1 1 1 1 1 1 1 1 1 1 1 1 1 1 1 1 1 1 1 1 1 1 1 1 1 1 1 1 1 1 1 1 1 1 1 1 1 1 1 1 1 1 1 1 1 1 1 1 1 1 1 1 1 1 1 1 1 1 1 1 1 1 1 1 1 1 1 1 1 1 1 1 1 1 1 1 1 1 1 1 1 1 1 1 1 1 1 1 1 1 1 1 1 1 1 1 1 1 1 1 1 1 1 1 1 1 1 1 1 1 1 1 1 1 1 1 1 1 1 1 1 1 1 1 1 1 1 1 1 1 1 1 1 1 1 1 1 1 1 1 1 1 1 1 1 1 1 1 1 1 1 1 1 1 1 1 1 1 1 1 1 1 1 1 1 1 1 1 1 1 1 1 1 1 1 1 1 1 1 1 1 1 1 1 1 1 1 1 1 1 1 1 1 1 1 1 1 1 1 1 1 1 1 1 1 1 1 1 1 1 1 1 1 1 1 1 1 1 1 1 1 1 1 1 1 1 1 1 1 1 1 1 1 1 1 1 1 1 1 1 1 1 1 1 1 1 1 1 1 1 1 1 1 1 1 1 1 1 1 1 1 1 1 1 1 1 1 1 1 1 1 1 1 1 1 1 1 1 1 1 1 1 1 1 1 1 1 1 1 1 1 1 1 1 1 1 1 1 1 1 1 1 1 1 1 1 1 1 1 1 1 1 1 1 1 1 1 1 1 1 1 1 1 1 1 1 1 1 1 1 1 1 1 1 1 1 1 1 1 1 1 1 1 1 1 1 1 1 1 1 1 1 1 1 1 1 1 1 1 1 1 1 1 1 1 1 1 1 1 1 1 1 1 1 1 1 1 1 1 1 1 1 1 1 1 1 1 1 1 1 1 1 1 1 1 1 1 1 1 1 1 1 1 1 1 1 1 1 1 1 1 1 1 1 1 1 1 1 1 1 1 1 1 1 1 1 1 1 1 1 1 1 1 1 1 1 1 1 1 1 1 1 1 1 1 1 1 1 1 1 1 1 1 1 1 1 1 1 1 1 1 1 1 1 1 1 1 1 1 1 1 1 1 1 1 1 1 1 1 1 1 1 1 1 1 1 1 1 1 1 1 1 1 1 1 1 1 1 1 1 1 1 1 1 1 1 1 1 1 1 1 1 1 1 1 1 1 1 1 1 1 1 1 1 1 1 1 1 1 1 1 1 1 1 1 1 1 1 1 1 1 1 1 1 1 1 1 1 1 1 1 1 1 1 1 1 1 1 1 1 1 1 1 1 1 1 1 1 1 1 1 1 1 1 1 1 1 1 1 1 1 1 1 1 1 1 1 1 1 1 1 1 1 1 1 1 1 1 1 1 1 1 1 1 1 1 1 1 1 1 1 1 1 1 1 1 1 1 1 1 1 1 1 1 1 1 1 1 1 1 1 1 1 1 1 1 1 1 1 1 1 1 1 1 1 1 1 1 1 1 1 1 1 1 1 1 1 1 1 1 1 1 1 1 1 1 1 1 1 1 1 1 1 1 1 1 1 1 1 1 1 1 1 1 1 1 1 1 1 1 1 1 1 1 1 1 1 1 1 1 1 1 1 1 1 1 1 1 1 1 1 1 1 1 1 1 1 1 1 1 1 1 1 1 1 1 1 1 1 1 1 1 1 1 1 1 1 1 1 1 1 1 1 1 1 1 1 1 1 1 1 1 1 1 1 1 1 1 1 1 1 1 1 1 1 1 1 1 1 1 1 1 1 1 1 1 1 1 1 1 1 1 1 1 1 1 1 1 1 1 1 1 1 1 1 1 1 1 1 1 1 1 1 1 1 1 1 1 1 1 1 1 1 1 1 1 1 1 1 1 1 1 1 1 1 1 1 1 1 1 1 1 1 1 1 1 1 1 1 1 1 1 1 1 1 1 1 1 1 1 1 1 1 1 1 1 1 1 1 1 1 1 1 1 1 1 1 1 1 1 1 1 1 1 1 1 1 1 1 1 1 1 1 1 1 1 1 1 1 1 1 1 1 1 1 1 1 1 1 1 1 1 1 1 1 1 1 1 1 1 1 1 1 1 1 1 1 1 1 1 1 1 1 1 1 1 1 1 1 1 1 1 1 1 1 1 1 1 1 1 1 1 1 1 1 1 1 1 1 1 1 1 1 1 1 1 1 1 1 1 1 1 1 1 1 1 1 1 1 1 1 1 1 1 1 1 1 1 1 1 1 1 1 1 1 1 1 1 1 1 1 1 1 1 1 1 1 1 1 1 1 1 1 1 1 1 1 1 1 1 1 1 1 1 1 1 1 1 1 1 1 1 1 1 1 1 1 1 1 1 1 1 1 1 1 1 1 1 1 1 1 1 1 1 1 1 1 1 1 1 1 1 1 1 1 1 1 1 1 1 1 1 1 1 1 1 1 1 1 1 1 1 1 1 1 1 1 1 1 1 1 1 1 1 1 1 1 1 1 1 1 1 1 1 1 1 1 1 1 1 1 1 1 1 1 1 1 1 1 1 1 1 1 1 1 1 1 1 1 1 1 1 1 1 1 1 1 1 1 1 1 1 1 1 1 1 1 1 1 1 1 1 1 1 1 1 1 1 1 1 1 1 1 1 1 1 1 1 1 1 1 1 1 1 1 1 1 1 1 1 1 1 1 1 1 1 1 1 1 1 1 1 1 1 1 1 1 1 1 1 1 1 1 1 1 1 1 1 1 1 1 1 1 1 1 1 1 1 1 1 1 1 1 1 1 1 1 1 1 1 1 1 1 1 1 1 1 1 1 1 1 1 1 1 1 1 1 1 1 1 1 1 1 1 1 1 1 1 1 1 1 1 1 1 1 1 1 1 1 1 1 1 1 1 1 1 1 1 1 1 1 1 1 1 1 1 1 1 1 1 1 1 1 1 1 1 1 1 1 1 1 1 1 1 1 1 1 1 1 1 1 1 1 1 1 1 1 1 1 1 1 1 1 1 1 1 1 1 1 1 1 1 1 1 1 1 1 1 1 1 1 1 1 1 1 1 1 1 1 1 1 1 1 1 1 1 1 1 1 1 1 1 1 1 1 1 1 1 1 1 1 1 1 1 1 1 1 1 1 1 1 1 1 1 1 1 1 1 1 1 1 1 1 1 1 1 1 1 1 1 1 1 1 1 1 1 1 1 1 1 1 1 1 1 1 1 1 1 1 1 1 1 1 1 1 1 1 1 1 1 1 1 1 1 1 1 1 1 1 1 1 1 1 1 1 1 1 1 1 1 1 1 1 1 1 1 1 1 1 1 1 1 1 1 1 1 1 1 1 1 1 1 1 1 1 1 1 1 1 1 1 1 1 1 1 1 1 1 1 1 1 1 1 1 1 1 1 1 1 1 1 1 1 1 1 1 1 1 1 1 1 1 1 1 1 1 1 1 1 1 1 1 1 1 1 1 1 1 1 1 1 1 1 1 1 1 1 1 1 1 1 1 1 1 1 1 1 1 1 1 1 1 1 1 1 1 1 1 1 1 1 1 1 1 1 1 1 1 1 1 1 1 1 1 1 1 1 1 1 1 1 1 1 1 1 1 1 1 1 1 1 1 1 1 1 1 1 1 1 1 1 1 1 1 1 1 1 1 1 1 1 1 1 1 1 1 1 1 1 1 1 1 1 1 1 1 1 1 1 1 1 1 1 1 1 1 1 1 1 1 1 1 1 1 1 1 1 1 1 1 1 1 1 1 1 1 1 1 1 1 1 1 1 1 1 1 1 1 1 1 1 1 1 1 1 1 1 1 1 1 1 1 1 1 1 1 1 1 1 1 1 1 1 1 1 1 1 1 1 1 1 1 1 1 1 1 1 1 1 1 1 1 1 1 1 1 1 1 1 1 1 1 1 1 1 1 1 1 1 1 1 1 1 1 1 1 1 1 1 1 1 1 1 1 1 1 1 1 1 1 1 1 1 1 1 1 1 1 1 1 1 1 1 1 1 1 1 1 1 1 1 1 1 1 1 1 1 1 1 1 1 1 1 1 1 1 1 1 1 1 1 1 1 1 1 1 1 1 1 1 1 1 1 1 1 1 1 1 1 1 1 1 1 1 1 1 1 1 1 1 1 1 1 1 1 1 1 1 1 1 1 1 1 1 1 1 1 1 1 1 1 1 1 1 1 1 1 1 1 1 1 1 1 1 1 1 1 1 1 1 1 1 1 1 1 1 1 1 1 1 1 1 1 1 1 1 1 1 1 1 1 1 1 1 1 1 1 1 1 1 1 1 1 1 1 1 1 1 1 1 1 1 1 1 1 1 1 1 1 1 1 1 1 1 1 1 1 1 1 1 1 1 1 1 1 1 1 1 1 1 1 1 1 1 1 1 1 1 1 1 1 1 1 1 1 1 1 1 1 1 1 1 1 1 1 1 1 1 1 1 1 1 1 1 1 1 1 1 1 1 1 1 1 1 1 1 1 1 1 1 1 1 1 1 1 1 1 1 1 1 1 1 1 1 1 1 1 1 1 1 1 1 1 1 1 1 1 1 1 1 1 1 1 1 1 1 1 1 1 1 1 1 1 1 1 1 1 1 1 1 1 1 1 1 1 1 1 1 1 1 1 1 1 1 1 1 1 1 1 1 1 1 1 1 1 1 1 1 1 1 1 1 1 1 1 1 1 1 1 1 1 1 1 1 1 1 1 1 1 1 1 1 1 1 1 1 1 1 1 1 1 1 1 1 1 1 1 1 1 1 1 1 1 1 1 1 1 1 1 1 1 1 1 1 1 1 1 1 1 1 1 1 1 1 1 1 1 1 1 1 1 1 1 1 1 1 1 1 1 1 1 1 1 1 1 1 1 1 1 1 1 1 1 1 1 1 1 1 1 1 1 1 1 1 1 1 1 1 1 1 1 1 1 1 1 1 1 1 1 1 1 1 1 1 1 1 1 1 1 1 1 1 1 1 1 1 1 1 1 1 1 1 1 1 1 1 1 1 1 1 1 1 1 1 1 1 1 1 1 1 1 1 1 1 1 1 1 1 1 1 1 1 1 1 1 1 1 1 1 1 1 1 1 1 1 1 1 1 1 1 1 1 1 1 1 1 1 1 1 1 1 1 1 1 1 1 1 1 1 1 1 1 1 1 1 1 1 1 1 1 1 1 1 1 1 1 1 1 1 1 1 1 1 1 1 1 1 1 1 1 1 1 1 1 1 1 1 1 1 1 1 1 1 1 1 1 1 1 1 1 1 1 1 1 1 1 1 1 1 1 1 1 1 1 1 1 1 1 1 1 1 1 1 1 1 1 1 1 1 1 1 1 1 1 1 1 1 1 1 1 1 1 1 1 1 1 1 1 1 1 1 1 1 1 1 1 1 1 1 1 1 1 1 1 1 1 1 1 1 1 1 1 1 1 1 1 1 1 1 1 1 1 1 1 1 1 1 1 1 1 1 1 1 1 1 1 1 1 1 1 1 1 1 1 1 1 1 1 1 1 1 1 1 1 1 1 1 1 1 1 1 1 1 1 1 1 1 1 1 1 1 1 1 1 1 1 1 1 1 1 1 1 1 1 1 1 1 1 1 1 1 1 1 1 1 1 1 1 1 1 1 1 1 1 1 1 1 1 1 1 1 1 1 1 1 1 1 1 1 1 1 1 1 1 1 1 1 1 1 1 1 1 1 1 1 1 1 1 1 1 1 1 1 1 1 1 1 1 1 1 1 1 1 1 1 1 1 1 1 1 1 1 1 1 1 1 1 1 1 1 1 1 1 1 1 1 1 1 1 1 1 1 1 1 1 1 1 1 1 1 1 1 1 1 1 1 1 1 1 1 1 1 1 1 1 1 1 1 1 1 1 1 1 1 1 1 1 1 1 1 1 1 1 1 1 1 1 1 1 1 1 1 1 1 1 1 1 1 1 1 1 1 1 1 1 1 1 1 1 1 1 1 1 1 1 1 1 1 1 1 1 1 1 1 1 1 1 1 1 1 1 1 1 1 1 1 1 1 1 1 1 1 1 1 1 1 1 1 1 1 1 1 1 1 1 1 1 1 1 1 1 1 1 1 1 1 1 1 1 1 1 1 1 1 1 1 1 1 1 1 1 1 1 1 1 1 1 1 1 1 1 1 1 1 1 1 1 1 1 1 1 1 1 1 1 1 1 1 1 1 1 1 1 1 1 1 1 1 1 1 1 1 1 1 1 1 1 1 1 1 1 1 1 1 1 1 1 1 1 1 1 1 1 1 1 1 1 1 1 1 1 1 1 1 1 1 1 1 1 1 1 1 1 1 1 1 1 1 1 1 1 1 1 1 1 1 1 1 1 1 1 1 1 1 1 1 1 1 1 1 1 1 1 1 1 1 1 1 1 1 1 1 1 1 1 1 1 1 1 1 1 1 1 1 1 1 1 1 1 1 1 1 1 1 1 1 1 1 1 1 1 1 1 1 1 1 1 1 1 1 1 1 1 1 1 1 1 1 1 1 1 1 1 1 1 1 1 1 1 1 1 1 1 1 1 1 1 1 1 1 1 1 1 1 1 1 1 1 1 1 1 1 1 1 1 1 1 1 1 1 1 1 1 1 1 1 1 1 1 1 1 1 1 1 1 1 1 1 1 1 1 1 1 1 1 1 1 1 1 1 1 1 1 1 1 1 1 1 1 1 1 1 1 1 1 1 1 1 1 1 1 1 1 1 1 1 1 1 1 1 1 1 1 1 1 1 1 1 1 1 1 1 1 1 1 1 1 1 1 1 1 1 1 1 1 1 1 1 1 1 1 1 1 1 1 1 1 1 1 1 1 1 1 1 1 1 1 1 1 1 1 1 1 1 1 1 1 1 1 1 1 1 1 1 1 1 1 1 1 1 1 1 1 1 1 1 1 1 1 1 1 1 1 1 1 1 1 1 1 1 1 1 1 1 1 1 1 1 1 1 1 1 1 1 1 1 1 1 1 1 1 1 1 1 1 1 1 1 1 1 1 1 1 1 1 1 1 1 1 1 1 1 1 1 1 1 1 1 1 1 1 1 1 1 1 1 1 1 1 1 1 1 1 1 1 1 1 1 1 1 1 1 1 1 1 1 1 1 1 1 1 1 1 1 1 1 1 1 1 1 1 1 1 1 1 1 1 1 1 1 1 1 1 1 1 1 1 1 1 1 1 1 1 1 1 1 1 1 1 1 1 1 1 1 1 1 1 1 1 1 1 1 1 1 1 1 1 1 1 1 1 1 1 1 1 1 1 1 1 1 1 1 1 1 1 1 1 1 1 1 1 1 1 1 1 1 1 1 1 1 1 1 1 1 1 1 1 1 1 1 1 1 1 1 1 1 1 1 1 1 1 1 1 1 1 1 1 1 1 1 1 1 1 1 1 1 1 1 1 1 1 1 1 1 1 1 1 1 1 1 1 1 1 1 1 1 1 1 1 1 1 1 1 1 1 1 1 1 1 1 1 1 1 1 1 1 1 1 1 1 1 1 1 1 1 1 1 1 1 1 1 1 1 1 1 1 1 1 1 1 1 1 1 1 1 1 1 1 1 1 1 1 1 1 1 1 1 1 1 1 1 1 1 1 1 1 1 1 1 1 1 1 1 1 1 1 1 1 1 1 1 1 1 1 1 1 1 1 1 1 1 1 1 1 1 1 1 1 1 1 1 1 1 1 1 1 1 1 1 1 1 1 1 1 1 1 1 1 1 1 1 1 1 1 1 1 1 1 1 1 1 1 1 1 1 1 1 1 1 1 1 1 1 1 1 1 1 1 1 1 1 1 1 1 1 1 1 1 1 1 1 1 1 1 1 1 1 1 1 1 1 1 1 1 1 1 1 1 1 1 1 1 1 1 1 1 1 1 1 1 1 1 1 1 1 1 1 1 1 1 1 1 1 1 1 1 1 1 1 1 1 1 1 1 1 1 1 1 1 1 1 1 1 1 1 1 1 1 1 1 1 1 1 1 1 1 1 1 1 1 1 1 1 1 1 1 1 1 1 1 1 1 1 1 1 1 1 1 1 1 1 1 1 1 1 1 1 1 1 1 1 1 1 1 1 1 1 1 1 1 1 1 1 1 1 1 1 1 1 1 1 1 1 1 1 1 1 1 1 1 1 1 1 1 1 1 1 1 1 1 1 1 1 1 1 1 1 1 1 1 1 1 1 1 1 1 1 1 1 1 1 1 1 1 1 1 1 1 1 1 1 1 1 1 1 1 1 1 1 1 1 1 1 1 1 1 1 1 1 1 1 1 1 1 1 1 1 1 1 1 1 1 1 1 1 1 1 1 1 1 1 1 1 1 1 1 1 1 1 1 1 1 1 1 1 1 1 1 1 1 1 1 1 1 1 1 1 1 1 1 1 1 1 1 1 1 1 1 1 1 1 1 1 1 1 1 1 1 1 1 1 1 1 1 1 1 1 1 1 1 1 1 1 1 1 1 1 1 1 1 1 1 1 1 1 1 1 1 1 1 1 1 1 1 1 1 1 1 1 1 1 1 1 1 1 1 1 1 1 1 1 1 1 1 1 1 1 1 1 1 1 1 1 1 1 1 1 1 1 1 1 1 1 1 1 1 1 1 1 1 1 1 1 1 1 1 1 1 1 1 1 1 1 1 1 1 1 1 1 1 1 1 1 1 1 1 1 1 1 1 1 1 1 1 1 1 1 1 1 1 1 1 1 1 1 1 1 1 1 1 1 1 1 1 1 1 1 1 1 1 1 1 1 1 1 1 1 1 1 1 1 1 1 1 1 1 1 1 1 1 1 1 1 1 1 1 1 1 1 1 1 1 1 1 1 1 1 1 1 1 1 1 1 1 1 1 1 1 1 1 1 1 1 1 1 1 1 1 1 1 1 1 1 1 1 1 1 1 1 1 1 1 1 1 1 1 1 1 1 1 1 1 1 1 1 1 1 1 1 1 1 1 1 1 1 1 1 1 1 1 1 1 1 1 1 1 1 1 1 1 1 1 1 1 1 1 1 1 1 1 1 1 1 1 1 1 1 1 1 1 1 1 1 1 1 1 1 1 1 1 1 1 1 1 1 1 1 1 1 1 1 1 1 1 1 1 1 1 1 1 1 1 1 1 1 1 1 1 1 1 1 1 1 1 1 1 1 1 1 1 1 1 1 1 1 1 1 1 1 1 1 1 1 1 1 1 1 1 1 1 1 1 1 1 1 1 1 1 1 1 1 1 1 1 1 1 1 1 1 1 1 1 1 1 1 1 1 1 1 1 1 1 1 1 1 1 1 1 1 1 1 1 1 1 1 1 1 1 1 1 1 1 1 1 1 1 1 1 1 1 1 1 1 1 1 1 1 1 1 1 1 1 1 1 1 1 1 1 1 1 1 1 1 1 1 1 1 1 1 1 1 1 1 1 1 1 1 1 1 1 1 1 1 1 1 1 1 1 1 1 1 1 1 1 1 1 1 1 1 1 1 1 1 1 1 1 1 1 1 1 1 1 1 1 1 1 1 1 1 1 1 1 1 1 1 1 1 1 1 1 1 1 1 1 1 1 1 1 1 1 1 1 1 1 1 1 1 1 1 1 1 1 1 1 1 1 1 1 1 1 1 1 1 1 1 1 1 1 1 1 1 1 1 1 1 1 1 1 1 1 1 1 1 1 1 1 1 1 1 1 1 1 1 1 1 1 1 1 1 1 1 1 1 1 1 1 1 1 1 1 1 1 1 1 1 1 1 1 1 1 1 1 1 1 1 1 1 1 1 1 1 1 1 1 1 1 1 1 1 1 1 1 1 1 1 1 1 1 1 1 1 1 1 1 1 1 1 1 1 1 1 1 1 1 1 1 1 1 1 1 1 1 1 1 1 1 1 1 1 1 1 1 1 1 1 1 1 1 1 1 1 1 1 1 1 1 1 1 1 1 1 1 1 1 1 1 1 1 1 1 1 1 1 1 1 1 1 1 1 1 1 1 1 1 1 1 1 1 1 1 1 1 1 1 1 1 1 1 1 1 1 1 1 1 1 1 1 1 1 1 1 1 1 1 1 1 1 1 1 1 1 1 1 1 1 1 1 1 1 1 1 1 1 1 1 1 1 1 1 1 1 1 1 1 1 1 1 1 1 1 1 1 1 1 1 1 1 1 1 1 1 1 1 1 1 1 1 1 1 1 1 1 1 1 1 1 1 1 1 1 1 1 1 1 1 1 1 1 1 1 1 1 1 1 1 1 1 1 1 1 1 1 1 1 1 1 1 1 1 1 1 1 1 1 1 1 1 1 1 1 1 1 1 1 1 1 1 1 1 1 1 1 1 1 1 1 1 1 1 1 1 1 1 1 1 1 1 1 1 1 1 1 1 1 1 1 1 1 1 1 1 1 1 1 1 1 1 1 1 1 1 1 1 1 1 1 1 1 1 1 1 1 1 1 1 1 1 1 1 1 1 1 1 1 1 1 1 1 1 1 1 1 1 1 1 1 1 1 1 1 1 1 1 1 1 1 1 1 1 1 1 1 1 1 1 1 1 1 1 1 1 1 1 1 1 1 1 1 1 1 1 1 1 1 1 1 1 1 1 1 1 1 1 1 1 1 1 1 1 1 1 1 1 1 1 1 1 1 1 1 1 1 1 1 1 1 1 1 1 1 1 1 1 1 1 1 1 1 1 1 1 1 1 1 1 1 1 1 1 1 1 1 1 1 1 1 1 1 1 1 1 1 1 1 1 1 1 1 1 1 1 1 1 1 1 1 1 1 1 1 1 1 1 1 1 1 1 1 1 1 1 1 1 1 1 1 1 1 1 1 1 1 1 1 1 1 1 1 1 1 1 1 1 1 1 1 1 1 1 1 1 1 1 1 1 1 1 1 1 1 1 1 1 1 1 1 1 1 1 1 1 1 1 1 1 1 1 1 1 1 1 1 1 1 1 1 1 1 1 1 1 1 1 1 1 1 1 1 1 1 1 1 1 1 1 1 1 1 1 1 1 1 1 1 1 1 1 1 1 1 1 1 1 1 1 1 1 1 1 1 1 1 1 1 1 1 1 1 1 1 1 1 1 1 1 1 1 1 1 1 1 1 1 1 1 1 1 1 1 1 1 1 1 1 1 1 1 1 1 1 1 1 1 1 1 1 1 1 1 1 1 1 1 1 1 1 1 1 1 1 1 1 1 1 1 1 1 1 1 1 1 1 1 1 1 1 1 1 1 1 1 1 1 1 1 1 1 1 1 1 1 1 1 1 1 1 1 1 1 1 1 1 1 1 1 1 1 1 1 1 1 1 1 1 1 1 1 1 1 1 1 1 1 1 1 1 1 1 1 1 1 1 1 1 1 1 1 1 1 1 1 1 1 1 1 1 1 1 1 1 1 1 1 1 1 1 1 1 1 1 1 1 1 1 1 1 1 1 1 1 1 1 1 1 1 1 1 1 1 1 1 1 1 1 1 1 1 1 1 1 1 1 1 1 1 1 1 1 1 1 1 1 1 1 1 1 1 1 1 1 1 1 1 1 1 1 1 1 1 1 1 1 1 1 1 1 1 1 1 1 1 1 1 1 1 1 1 1 1 1 1 1 1 1 1 1 1 1 1 1 1 1 1 1 1 1 1 1 1 1 1 1 1 1 1 1 1 1 1 1 1 1 1 1 1 1 1 1 1 1 1 1 1 1 1 1 1 1 1 1 1 1 1 1 1 1 1 1 1 1 1 1 1 1 1 1 1 1 1 1 1 1 1 1 1 1 1 1 1 1 1 1 1 1 1 1 1 1 1 1 1 1 1 1 1 1 1 1 1 1 1 1 1 1 1 1 1 1 1 1 1 1 1 1 1 1 1 1 1 1 1 1 1 1 1 1 1 1 1 1 1 1 1 1 1 1 1 1 1 1 1 1 1 1 1 1 1 1 1 1 1 1 1 1 1 1 1 1 1 1 1 1 1 1 1 1 1 1 1 1 1 1 1 1 1 1 1 1 1 1 1 1 1 1 1 1 1 1 1 1 1 1 1 1 1 1 1 1 1 1 1 1 1 1 1 1 1 1 1 1 1 1 1 1 1 1 1 1 1 1 1 1 1 1 1 1 1 1 1 1 1 1 1 1 1 1 1 1 1 1 1 1 1 1 1 1 1 1 1 1 1 1 1 1 1 1 1 1 1 1 1 1 1 1 1 1 1 1 1 1 1 1 1 1 1 1 1 1 1 1 1 1 1 1 1 1 1 1 1 1 1 1 1 1 1 1 1 1 1 1 1 1 1 1 1 1 1 1 1 1 1 1 1 1 1 1 1 1 1 1 1 1 1 1 1 1 1 1 1 1 1 1 1 1 1 1 1 1 1 1 1 1 1 1 1 1 1 1 1 1 1 1 1 1 1 1 1 1 1 1 1 1 1 1 1 1 1 1 1 1 1 1 1 1 1 1 1 1 1 1 1 1 1 1 1 1 1 1 1 1 1 1 1 1 1 1 1 1 1 1 1 1 1 1 1 1 1 1 1 1 1 1 1 1 1 1 1 1 1 1 1 1 1 1 1 1 1 1 1 1 1 1 1 1 1 1 1 1 1 1 1 1 1 1 1 1 1 1 1 1 1 1 1 1 1 1 1 1 1 1 1 1 1 1 1 1 1 1 1 1 1 1 1 1 1 1 1 1 1 1 1 1 1 1 1 1 1 1 1 1 1 1 1 1 1 1 1 1 1 1 1 1 1 1 1 1 1 1 1 1 1 1 1 1 1 1 1 1 1 1 1 1 1 1 1 1 1 1 1 1 1 1 1 1 1 1 1 1 1 1 1 1 1 1 1 1 1 1 1 1 1 1 1 1 1 1 1 1 1 1 1 1 1 1 1 1 1 1 1 1 1 1 1 1 1 1 1 1 1 1 1 1 1 1 1 1 1 1 1 1 1 1 1 1 1 1 1 1 1 1 1 1 1 1 1 1 1 1 1 1 1 1 1 1 1 1 1 1 1 1 1 1 1 1 1 1 1 1 1 1 1 1 1 1 1 1 1 1 1 1 1 1 1 1 1 1 1 1 1 1 1 1 1 1 1 1 1 1 1 1 1 1 1 1 1 1 1 1 1 1 1 1 1 1 1 1 1 1 1 1 1 1 1 1 1 1 1 1 1 1 1 1 1 1 1 1 1 1 1 1 1 1 1 1 1 1 1 1 1 1 1 1 1 1 1 1 1 1 1 1 1 1 1 1 1 1 1 1 1 1 1 1 1 1 1 1 1 1 1 1 1 1 1 1 1 1 1 1 1 1 1 1 1 1 1 1 1 1 1 1 1 1 1 1 1 1 1 1 1 1 1 1 1 1 1 1 1 1 1 1 1 1 1 1 1 1 1 1 1 1 1 1 1 1 1 1 1 1 1 1 1 1 1 1 1 1 1 1 1 1 1 1 1 1 1 1 1 1 1 1 1 1 1 1 1 1 1 1 1 1 1 1 1 1 1 1 1 1 1 1 1 1 1 1 1 1 1 1 1 1 1 1 1 1 1 1 1 1 1 1 1 1 1 1 1 1 1 1 1 1 1 1 1 1 1 1 1 1 1 1 1 1 1 1 1 1 1 1 1 1 1 1 1 1 1 1 1 1 1 1 1 1 1 1 1 1 1 1 1 1 1 1 1 1 1 1 1 1 1 1 1 1 1 1 1 1 1 1 1 1 1 1 1 1 1 1 1 1 1 1 1 1 1 1 1 1 1 1 1 1 1 1 1 1 1 1 1 1 1 1 1 1 1 1 1 1 1 1 1 1 1 1 1 1 1 1 1 1 1 1 1 1 1 1 1 1 1 1 1 1 1 1 1 1 1 1 1 1 1 1 1 1 1 1 1 1 1 1 1 1 1 1 1 1 1 1 1 1 1 1 1 1 1 1 1 1 1 1 1 1 1 1 1 1 1 1 1 1 1 1 1 1 1 1 1 1 1 1 1 1 1 1 1 1 1 1 1 1 1 1 1 1 1 1 1 1 1 1 1 1 1 1 1 1 1 1 1 1 1 1 1 1 1 1 1 1 1 1 1 1 1 1 1 1 1 1 1 1 1 1 1 1 1 1 1 1 1 1 1 1 1 1 1 1 1 1 1 1 1 1 1 1 1 1 1 1 1 1 1 1 1 1 1 1 1 1 1 1 1 1 1 1 1 1 1 1 1 1 1 1 1 1 1 1 1 1 1 1 1 1 1 1 1 1 1 1 1 1 1 1 1 1 1 1 1 1 1 1 1 1 1 1 1 1 1 1 1 1 1 1 1 1 1 1 1 1 1 1 1 1 1 1 1 1 1 1 1 1 1 1 1 1 1 1 1 1 1 1 1 1 1 1 1 1 1 1 1 1 1 1 1 1 1 1 1 1 1 1 1 1 1 1 1 1 1 1 1 1 1 1 1 1 1 1 1 1 1 1 1 1 1 1 1 1 1 1 1 1 1 1 1 1 1 1 1 1 1 1 1 1 1 1 1 1 1 1 1 1 1 1 1 1 1 1 1 1 1 1 1 1 1 1 1 1 1 1 1 1 1 1 1 1 1 1 1 1 1 1 1 1 1 1 1 1 1 1 1 1 1 1 1 1 1 1 1 1 1 1 1 1 1 1 1 1 1 1 1 1 1 1 1 1 1 1 1 1 1 1 1 1 1 1 1 1 1 1 1 1 1 1 1 1 1 1 1 1 1 1 1 1 1 1 1 1 1 1 1 1 1 1 1 1 1 1 1 1 1 1 1 1 1 1 1 1 1 1 1 1 1 1 1 1 1 1 1 1 1 1 1 1 1 1 1 1 1 1 1 1 1 1 1 1 1 1 1 1 1 1 1 1 1 1 1 1 1 1 1 1 1 1 1 1 1 1 1 1 1 1 1 1 1 1 1 1 1 1 1 1 1 1 1 1 1 1 1 1 1 1 1 1 1 1 1 1 1 1 1 1 1 1 1 1 1 1 1 1 1 1 1 1 1 1 1 1 1 1 1 1 1 1 1 1 1 1 1 1 1 1 1 1 1 1 1 1 1 1 1 1 1 1 1 1 1 1 1 1 1 1 1 1 1 1 1 1 1 1 1 1 1 1 1 1 1 1 1 1 1 1 1 1 1 1 1 1 1 1 1 1 1 1 1 1 1 1 1 1 1 1 1 1 1 1 1 1 1 1 1 1 1 1 1 1 1 1 1 1 1 1 1 1 1 1 1 1 1 1 1 1 1 1 1 1 1 1 1 1 1 1 1 1 1 1 1 1 1 1 1 1 1 1 1 1 1 1 1 1 1 1 1 1 1 1 1 1 1 1 1 1 1 1 1 1 1 1 1 1 1 1 1 1 1 1 1 1 1 1 1 1 1 1 1 1 1 1 1 1 1 1 1 1 1 1 1 1 1 1 1 1 1 1 1 1 1 1 1 1 1 1 1 1 1 1 1 1 1 1 1 1 1 1 1 1 1 1 1 1 1 1 1 1 1 1 1 1 1 1 1 1 1 1 1 1 1 1 1 1 1 1 1 1 1 1 1 1 1 1 1 1 1 1 1 1 1 1 1 1 1 1 1 1 1 1 1 1 1 1 1 1 1 1 1 1 1 1 1 1 1 1 1 1 1 1 1 1 1 1 1 1 1 1 1 1 1 1 1 1 1 1 1 1 1 1 1 1 1 1 1 1 1 1 1 1 1 1 1 1 1 1 1 1 1 1 1 1 1 1 1 1 1 1 1 1 1 1 1 1 1 1 1 1 1 1 1 1 1 1 1 1 1 1 1 1 1 1 1 1 1 1 1 1 1 1 1 1 1 1 1 1 1 1 1 1 1 1 1 1 1 1 1 1 1 1 1 1 1 1 1 1 1 1 1 1 1 1 1 1 1 1 1 1 1 1 1 1 1 1 1 1 1 1 1 1 1 1 1 1 1 1 1 1 1 1 1 1 1 1 1 1 1 1 1 1 1 1 1 1 1 1 1 1 1 1 1 1 1 1 1 1 1 1 1 1 1 1 1 1 1 1 1 1 1 1 1 1 1 1 1 1 1 1 1 1 1 1 1 1 1 1 1 1 1 1 1 1 1 1 1 1 1 1 1 1 1 1 1 1 1 1 1 1 1 1 1 1 1 1 1 1 1 1 1 1 1 1 1 1 1 1 1 1 1 1 1 1 1 1 1 1 1 1 1 1 1 1 1 1 1 1 1 1 1 1 1 1 1 1 1 1 1 1 1 1 1 1 1 1 1 1 1 1 1 1 1 1 1 1 1 1 1 1 1 1 1 1 1 1 1 1 1 1 1 1 1 1 1 1 1 1 1 1 1 1 1 1 1 1 1 1 1 1 1 1 1 1 1 1 1 1 1 1 1 1 1 1 1 1 1 1 1 1 1 1 1 1 1 1 1 1 1 1 1 1 1 1 1 1 1 1 1 1 1 1 1 1 1 1 1 1 1 1 1 1 1 1 1 1 1 1 1 1 1 1 1 1 1 1 1 1 1 1 1 1 1 1 1 1 1 1 1 1 1 1 1 1 1 1 1 1 1 1 1 1 1 1 1 1 1 1 1 1 1 1 1 1 1 1 1 1 1 1 1 1 1 1 1 1 1 1 1 1 1 1 1 1 1 1 1 1 1 1 1 1 1 1 1 1 1 1 1 1 1 1 1 1 1 1 1 1 1 1 1 1 1 1 1 1 1 1 1 1 1 1 1 1 1 1 1 1 1 1 1 1 1 1 1 1 1 1 1 1 1 1 1 1 1 1 1 1 1 1 1 1 1 1 1 1 1 1 1 1 1 1 1 1 1 1 1 1 1 1 1 1 1 1 1 1 1 1 1 1 1 1 1 1 1 1 1 1 1 1 1 1 1 1 1 1 1 1 1 1 1 1 1 1 1 1 1 1 1 1 1 1 1 1 1 1 1 1 1 1 1 1 1 1 1 1 1 1 1 1 1 1 1 1 1 1 1 1 1 1 1 1 1 1 1 1 1 1 1 1 1 1 1 1 1 1 1 1 1 1 1 1 1 1 1 1 1 1 1 1 1 1 1 1 1 1 1 1 1 1 1 1 1 1 1 1 1 1 1 1 1 1 1 1 1 1 1 1 1 1 1 1 1 1 1 1 1 1 1 1 1 1 1 1 1 1 1 1 1 1 1 1 1 1 1 1 1 1 1 1 1 1 1 1 1 1 1 1 1 1 1 1 1 1 1 1 1 1 1 1 1 1 1 1 1 1 1 1 1 1 1 1 1 1 1 1 1 1 1 1 1 1 1 1 1 1 1 1 1 1 1 1 1 1 1 1 1 1 1 1 1 1 1 1 1 1 1 1 1 1 1 1 1 1 1 1 1 1 1 1 1 1 1 1 1 1 1 1 1 1 1 1 1 1 1 1 1 1 1 1 1 1 1 1 1 1 1 1 1 1 1 1 1 1 1 1 1 1 1 1 1 1 1 1 1 1 1 1 1 1 1 1 1 1 1 1 1 1 1 1 1 1 1 1 1 1 1 1 1 1 1 1 1 1 1 1 1 1 1 1 1 1 1 1 1 1 1 1 1 1 1 1 1 1 1 1 1 1 1 1 1 1 1 1 1 1 1 1 1 1 1 1 1 1 1 1 1 1 1 1 1 1 1 1 1 1 1 1 1 1 1 1 1 1 1 1 1 1 1 1 1 1 1 1 1 1 1 1 1 1 1 1 1 1 1 1 1 1 1 1 1 1 1 1 1 1 1 1 1 1 1 1 1 1 1 1 1 1 1 1 1 1 1 1 1 1 1 1 1 1 1 1 1 1 1 1 1 1 1 1 1 1 1 1 1 1 1 1 1 1 1 1 1 1 1 1 1 1 1 1 1 1 1 1 1 1 1 1 1 1 1 1 1 1 1 1 1 1 1 1 1 1 1 1 1 1 1 1 1 1 1 1 1 1 1 1 1 1 1 1 1 1 1 1 1 1 1 1 1 1 1 1 1 1 1 1 1 1 1 1 1 1 1 1 1 1 1 1 1 1 1 1 1 1 1 1 1 1 1 1 1 1 1 1 1 1 1 1 1 1 1 1 1 1 1 1 1 1 1 1 1 1 1 1 1 1 1 1 1 1 1 1 1 1 1 1 1 1 1 1 1 1 1 1 1 1 1 1 1 1 1 1 1 1 1 1 1 1 1 1 1 1 1 1 1 1 1 1 1 1 1 1 1 1 1 1 1 1 1 1 1 1 1 1 1 1 1 1 1 1 1 1 1 1 1 1 1 1 1 1 1 1 1 1 1 1 1 1 1 1 1 1 1 1 1 1 1 1 1 1 1 1 1 1 1 1 1 1 1 1 1 1 1 1 1 1 1 1 1 1 1 1 1 1 1 1 1 1 1 1 1 1 1 1 1 1 1 1 1 1 1 1 1 1 1 1 1 1 1 1 1 1 1 1 1 1 1 1 1 1 1 1 1 1 1 1 1 1 1 1 1 1 1 1 1 1 1 1 1 1 1 1 1 1 1 1 1 1 1 1 1 1 1 1 1 1 1 1 1 1 1 1 1 1 1 1 1 1 1 1 1 1 1 1 1 1 1 1 1 1 1 1 1 1 1 1 1 1 1 1 1 1 1 1 1 1 1 1 1 1 1 1 1 1 1 1 1 1 1 1 1 1 1 1 1 1 1 1 1 1 1 1 1 1 1 1 1 1 1 1 1 1 1 1 1 1 1 1 1 1 1 1 1 1 1 1 1 1 1 1 1 1 1 1 1 1 1 1 1 1 1 1 1 1 1 1 1 1 1 1 1 1 1 1 1 1 1 1 1 1 1 1 1 1 1 1 1 1 1 1 1 1 1 1 1 1 1 1 1 1 1 1 1 1 1 1 1 1 1 1 1 1 1 1 1 1 1 1 1 1 1 1 1 1 1 1 1 1 1 1 1 1 1 1 1 1 1 1 1 1 1 1 1 1 1 1 1 1 1 1 1 1 1 1 1 1 1 1 1 1 1 1 1 1 1 1 1 1 1 1 1 1 1 1 1 1 1 1 1 1 1 1 1 1 1 1 1 1 1 1 1 1 1 1 1 1 1 1 1 1 1 1 1 1 1 1 1 1 1 1 1 1 1 1 1 1 1 1 1 1 1 1 1 1 1 1 1 1 1 1 1 1 1 1 1 1 1 1 1 1 1 1 1 1 1 1 1 1 1 1 1 1 1 1 1 1 1 1 1 1 1 1 1 1 1 1 1 1 1 1 1 1 1 1 1 1 1 1 1 1 1 1 1 1 1 1 1 1 1 1 1 1 1 1 1 1 1 1 1 1 1 1 1 1 1 1 1 1 1 1 1 1 1 1 1 1 1 1 1 1 1 1 1 1 1 1 1 1 1 1 1 1 1 1 1 1 1 1 1 1 1 1 1 1 1 1 1 1 1 1 1 1 1 1 1 1 1 1 1 1 1 1 1 1 1 1 1 1 1 1 1 1 1 1 1 1 1 1 1 1 1 1 1 1 1 1 1 1 1 1 1 1 1 1 1 1 1 1 1 1 1 1 1 1 1 1 1 1 1 1 1 1 1 1 1 1 1 1 1 1 1 1 1 1 1 1 1 1 1 1 1 1 1 1 1 1 1 1 1 1 1 1 1 1 1 1 1 1 1 1 1 1 1 1 1 1 1 1 1 1 1 1 1 1 1 1 1 1 1 1 1 1 1 1 1 1 1 1 1 1 1 1 1 1 1 1 1 1 1 1 1 1 1 1 1 1 1 1 1 1 1 1 1 1 1 1 1 1 1 1 1 1 1 1 1 1 1 1 1 1 1 1 1 1 1 1 1 1 1 1 1 1 1 1 1 1 1 1 1 1 1 1 1 1 1 1 1 1 1 1 1 1 1 1 1 1 1 1 1 1 1 1 1 1 1 1 1 1 1 1 1 1 1 1 1 1 1 1 1 1 1 1 1 1 1 1 1 1 1 1 1 1 1 1 1 1 1 1 1 1 1 1 1 1 1 1 1 1 1 1 1 1 1 1 1 1 1 1 1 1 1 1 1 1 1 1 1 1 1 1 1 1 1 1 1 1 1 1 1 1 1 1 1 1 1 1 1 1 1 1 1 1 1 1 1 1 1 1 1 1 1 1 1 1 1 1 1 1 1 1 1 1 1 1 1 1 1 1 1 1 1 1 1 1 1 1 1 1 1 1 1 1 1 1 1 1 1 1 1 1 1 1 1 1 1 1 1 1 1 1 1 1 1 1 1 1 1 1 1 1 1 1 1 1 1 1 1 1 1 1 1 1 1 1 1 1 1 1 1 1 1 1 1 1 1 1 1 1 1 1 1 1 1 1 1 1 1 1 1 1 1 1 1 1 1 1 1 1 1 1 1 1 1 1 1 1 1 1 1 1 1 1 1 1 1 1 1 1 1 1 1 1 1 1 1 1 1 1 1 1 1 1 1 1 1 1 1 1 1 1 1 1 1 1 1 1 1 1 1 1 1 1 1 1 1 1 1 1 1 1 1 1 1 1 1 1 1 1 1 1 1 1 1 1 1 1 1 1 1 1 1 1 1 1 1 1 1 1 1 1 1 1 1 1 1 1 1 1 1 1 1 1 1 1 1 1 1 1 1 1 1 1 1 1 1 1 1 1 1 1 1 1 1 1 1 1 1 1 1 1 1 1 1 1 1 1 1 1 1 1 1 1 1 1 1 1 1 1 1 1 1 1 1 1 1 1 1 1 1 1 1 1 1 1 1 1 1 1 1 1 1 1 1 1 1 1 1 1 1 1 1 1 1 1 1 1 1 1 1 1 1 1 1 1 1 1 1 1 1 1 1 1 1 1 1 1 1 1 1 1 1 1 1 1 1 1 1 1 1 1 1 1 1 1 1 1 1 1 1 1 1 1 1 1 1 1 1 1 1 1 1 1 1 1 1 1 1 1 1 1 1 1 1 1 1 1 1 1 1 1 1 1 1 1 1 1 1 1 1 1 1 1 1 1 1 1 1 1 1 1 1 1 1 1 1 1 1 1 1 1 1 1 1 1 1 1 1 1 1 1 1 1 1 1 1 1 1 1 1 1 1 1 1 1 1 1 1 1 1 1 1 1 1 1 1 1 1 1 1 1 1 1 1 1 1 1 1 1 1 1 1 1 1 1 1 1 1 1 1 1 1 1 1 1 1 1 1 1 1 1 1 1 1 1 1 1 1 1 1 1 1 1 1 1 1 1 1 1 1 1 1 1 1 1 1 1 1 1 1 1 1 1 1 1 1 1 1 1 1 1 1 1 1 1 1 1 1 1 1 1 1 1 1 1 1 1 1 1 1 1 1 1 1 1 1 1 1 1 1 1 1 1 1 1 1 1 1 1 1 1 1 1 1 1 1 1 1 1 1 1 1 1 1 1 1 1 1 1 1 1 1 1 1 1 1 1 1 1 1 1 1 1 1 1 1 1 1 1 1 1 1 1 1 1 1 1 1 1 1 1 1 1 1 1 1 1 1 1 1 1 1 1 1 1 1 1 1 1 1 1 1 1 1 1 1 1 1 1 1 1 1 1 1 1 1 1 1 1 1 1 1 1 1 1 1 1 1 1 1 1 1 1 1 1 1 1 1 1 1 1 1 1 1 1 1 1 1 1 1 1 1 1 1 1 1 1 1 1 1 1 1 1 1 1 1 1 1 1 1 1 1 1 1 1 1 1 1 1 1 1 1 1 1 1 1 1 1 1 1 1 1 1 1 1 1 1 1 1 1 1 1 1 1 1 1 1 1 1 1 1 1 1 1 1 1 1 1 1 1 1 1 1 1 1 1 1 1 1 1 1 1 1 1 1 1 1 1 1 1 1 1 1 1 1 1 1 1 1 1 1 1 1 1 1 1 1 1 1 1 1 1 1 1 1 1 1 1 1 1 1 1 1 1 1 1 1 1 1 1 1 1 1 1 1 1 1 1 1 1 1 1 1 1 1 1 1 1 1 1 1 1 1 1 1 1 1 1 1 1 1 1 1 1 1 1 1 1 1 1 1 1 1 1 1 1 1 1 1 1 1 1 1 1 1 1 1 1 1 1 1 1 1 1 1 1 1 1 1 1 1 1 1 1 1 1 1 1 1 1 1 1 1 1 1 1 1 1 1 1 1 1 1 1 1 1 1 1 1 1 1 1 1 1 1 1 1 1 1 1 1 1 1 1 1 1 1 1 1 1 1 1 1 1 1 1 1 1 1 1 1 1 1 1 1 1 1 1 1 1 1 1 1 1 1 1 1 1 1 1 1 1 1 1 1 1 1 1 1 1 1 1 1 1 1 1 1 1 1 1 1 1 1 1 1 1 1 1 1 1 1 1 1 1 1 1 1 1 1 1 1 1 1 1 1 1 1 1 1 1 1 1 1 1 1 1 1 1 1 1 1 1 1 1 1 1 1 1 1 1 1 1 1 1 1 1 1 1 1 1 1 1 1 1 1 1 1 1 1 1 1 1 1 1 1 1 1 1 1 1 1 1 1 1 1 1 1 1 1 1 1 1 1 1 1 1 1 1 1 1 1 1 1 1 1 1 1 1 1 1 1 1 1 1 1 1 1 1 1 1 1 1 1 1 1 1 1 1 1 1 1 1 1 1 1 1 1 1 1 1 1 1 1 1 1 1 1 1 1 1 1 1 1 1 1 1 1 1 1 1 1 1 1 1 1 1 1 1 1 1 1 1 1 1 1 1 1 1 1 1 1 1 1 1 1 1 1 1 1 1 1 1 1 1 1 1 1 1 1 1 1 1 1 1 1 1 1 1 1 1 1 1 1 1 1 1 1 1 1 1 1 1 1 1 1 1 1 1 1 1 1 1 1 1 1 1 1 1 1 1 1 1 1 1 1 1 1 1 1 1 1 1 1 1 1 1 1 1 1 1 1 1 1 1 1 1 1 1 1 1 1 1 1 1 1 1 1 1 1 1 1 1 1 1 1 1 1 1 1 1 1 1 1 1 1 1 1 1 1 1 1 1 1 1 1 1 1 1 1 1 1 1 1 1 1 1 1 1 1 1 1 1 1 1 1 1 1 1 1 1 1 1 1 1 1 1 1 1 1 1 1 1 1 1 1 1 1 1 1 1 1 1 1 1 1 1 1 1 1 1 1 1 1 1 1 1 1 1 1 1 1 1 1 1 1 1 1 1 1 1 1 1 1 1 1 1 1 1 1 1 1 1 1 1 1 1 1 1 1 1 1 1 1 1 1 1 1 1 1 1 1 1 1 1 1 1 1 1 1 1 1 1 1 1 1 1 1 1 1 1 1 1 1 1 1 1 1 1 1 1 1 1 1 1 1 1 1 1 1 1 1 1 1 1 1 1 1 1 1 1 1 1 1 1 1 1 1 1 1 1 1 1 1 1 1 1 1 1 1 1 1 1 1 1 1 1 1 1 1 1 1 1 1 1 1 1 1 1 1 1 1 1 1 1 1 1 1 1 1 1 1 1 1 1 1 1 1 1 1 1 1 1 1 1 1 1 1 1 1 1 1 1 1 1 1 1 1 1 1 1 1 1 1 1 1 1 1 1 1 1 1 1 1 1 1 1 1 1 1 1 1 1 1 1 1 1 1 1 1 1 1 1 1 1 1 1 1 1 1 1 1 1 1 1 1 1 1 1 1 1 1 1 1 1 1 1 1 1 1 1 1 1 1 1 1 1 1 1 1 1 1 1 1 1 1 1 1 1 1 1 1 1 1 1 1 1 1 1 1 1 1 1 1 1 1 1 1 1 1 1 1 1 1 1 1 1 1 1 1 1 1 1 1 1 1 1 1 1 1 1 1 1 1 1 1 1 1 1 1 1 1 1 1 1 1 1 1 1 1 1 1 1 1 1 1 1 1 1 1 1 1 1 1 1 1 1 1 1 1 1 1 1 1 1 1 1 1 1 1 1 1 1 1 1 1 1 1 1 1 1 1 1 1 1 1 1 1 1 1 1 1 1 1 1 1 1 1 1 1 1 1 1 1 1 1 1 1 1 1 1 1 1 1 1 1 1 1 1 1 1 1 1 1 1 1 1 1 1 1 1 1 1 1 1 1 1 1 1 1 1 1 1 1 1 1 1 1 1 1 1 1 1 1 1 1 1 1 1 1 1 1 1 1 1 1 1 1 1 1 1 1 1 1 1 1 1 1 1 1 1 1 1 1 1 1 1 1 1 1 1 1 1 1 1 1 1 1 1 1 1 1 1 1 1 1 1 1 1 1 1 1 1 1 1 1 1 1 1 1 1 1 1 1 1 1 1 1 1 1 1 1 1 1 1 1 1 1 1 1 1 1 1 1 1 1 1 1 1 1 1 1 1 1 1 1 1 1 1 1 1 1 1 1 1 1 1 1 1 1 1 1 1 1 1 1 1 1 1 1 1 1 1 1 1 1 1 1 1 1 1 1 1 1 1 1 1 1 1 1 1 1 1 1 1 1 1 1 1 1 1 1 1 1 1 1 1 1 1 1 1 1 1 1 1 1 1 1 1 1 1 1 1 1 1 1 1 1 1 1 1 1 1 1 1 1 1 1 1 1 1 1 1 1 1 1 1 1 1 1 1 1 1 1 1 1 1 1 1 1 1 1 1 1 1 1 1 1 1 1 1 1 1 1 1 1 1 1 1 1 1 1 1 1 1 1 1 1 1 1 1 1 1 1 1 1 1 1 1 1 1 1 1 1 1 1 1 1 1 1 1 1 1 1 1 1 1 1 1 1 1 1 1 1 1 1 1 1 1 1 1 1 1 1 1 1 1 1 1 1 1 1 1 1 1 1 1 1 1 1 1 1 1 1 1 1 1 1 1 1 1 1 1 1 1 1 1 1 1 1 1 1 1 1 1 1 1 1 1 1 1 1 1 1 1 1 1 1 1 1 1 1 1 1 1 1 1 1 1 1 1 1 1 1 1 1 1 1 1 1 1 1 1 1 1 1 1 1 1 1 1 1 1 1 1 1 1 1 1 1 1 1 1 1 1 1 1 1 1 1 1 1 1 1 1 1 1 1 1 1 1 1 1 1 1 1 1 1 1 1 1 1 1 1 1 1 1 1 1 1 1 1 1 1 1 1 1 1 1 1 1 1 1 1 1 1 1 1 1 1 1 1 1 1 1 1 1 1 1 1 1 1 1 1 1 1 1 1 1 1 1 1 1 1 1 1 1 1 1 1 1 1 1 1 1 1 1 1 1 1 1 1 1 1 1 1 1 1 1 1 1 1 1 1 1 1 1 1 1 1 1 1 1 1 1 1 1 1 1 1 1 1 1 1 1 1 1 1 1 1 1 1 1 1 1 1 1 1 1 1 1 1 1 1 1 1 1 1 1 1 1 1 1 1 1 1 1 1 1 1 1 1 1 1 1 1 1 1 1 1 1 1 1 1 1 1 1 1 1 1 1 1 1 1 1 1 1 1 1 1 1 1 1 1 1 1 1 1 1 1 1 1 1 1 1 1 1 1 1 1 1 1 1 1 1 1 1 1 1 1 1 1 1 1 1 1 1 1 1 1 1 1 1 1 1 1 1 1 1 1 1 1 1 1 1 1 1 1 1 1 1 1 1 1 1 1 1 1 1 1 1 1 1 1 1 1 1 1 1 1 1 1 1 1 1 1 1 1 1 1 1 1 1 1 1 1 1 1 1 1 1 1 1 1 1 1 1 1 1 1 1 1 1 1 1 1 1 1 1 1 1 1 1 1 1 1 1 1 1 1 1 1 1 1 1 1 1 1 1 1 1 1 1 1 1 1 1 1 1 1 1 1 1 1 1 1 1 1 1 1 1 1 1 1 1 1 1 1 1 1 1 1 1 1 1 1 1 1 1 1 1 1 1 1 1 1 1 1 1 1 1 1 1 1 1 1 1 1 1 1 1 1 1 1 1 1 1 1 1 1 1 1 1 1 1 1 1 1 1 1 1 1 1 1 1 1 1 1 1 1 1 1 1 1 1 1 1 1 1 1 1 1 1 1 1 1 1 1 1 1 1 1 1 1 1 1 1 1 1 1 1 1 1 1 1 1 1 1 1 1 1 1 1 1 1 1 1 1 1 1 1 1 1 1 1 1 1 1 1 1 1 1 1 1 1 1 1 1 1 1 1 1 1 1 1 1 1 1 1 1 1 1 1 1 1 1 1 1 1 1 1 1 1 1 1 1 1 1 1 1 1 1 1 1 1 1 1 1 1 1 1 1 1 1 1 1 1 1 1 1 1 1 1 1 1 1 1 1 1 1 1 1 1 1 1 1 1 1 1 1 1 1 1 1 1 1 1 1 1 1 1 1 1 1 1 1 1 1 1 1 1 1 1 1 1 1 1 1 1 1 1 1 1 1 1 1 1 1 1 1 1 1 1 1 1 1 1 1 1 1 1 1 1 1 1 1 1 1 1 1 1 1 1 1 1 1 1 1 1 1 1 1 1 1 1 1 1 1 1 1 1 1 1 1 1 1 1 1 1 1 1 1 1 1 1 1 1 1 1 1 1 1 1 1 1 1 1 1 1 1 1 1 1 1 1 1 1 1 1 1 1 1 1 1 1 1 1 1 1 1 1 1 1 1 1 1 1 1 1 1 1 1 1 1 1 1 1 1 1 1 1 1 1 1 1 1 1 1 1 1 1 1 1 1 1 1 1 1 1 1 1 1 1 1 1 1 1 1 1 1 1 1 1 1 1 1 1 1 1 1 1 1 1 1 1 1 1 1 1 1 1 1 1 1 1 1 1 1 1 1 1 1 1 1 1 1 1 1 1 1 1 1 1 1 1 1 1 1 1 1 1 1 1 1 1 1 1 1 1 1 1 1 1 1 1 1 1 1 1 1 1 1 1 1 1 1 1 1 1 1 1 1 1 1 1 1 1 1 1 1 1 1 1 1 1 1 1 1 1 1 1 1 1 1 1 1 1 1 1 1 1 1 1 1 1 1 1 1 1 1 1 1 1 1 1 1 1 1 1 1 1 1 1 1 1 1 1 1 1 1 1 1 1 1 1 1 1 1 1 1 1 1 1 1 1 1 1 1 1 1 1 1 1 1 1 1 1 1 1 1 1 1 1 1 1 1 1 1 1 1 1 1 1 1 1 1 1 1 1 1 1 1 1 1 1 1 1 1 1 1 1 1 1 1 1 1 1 1 1 1 1 1 1 1 1 1 1 1 1 1 1 1 1 1 1 1 1 1 1 1 1 1 1 1 1 1 1 1 1 1 1 1 1 1 1 1 1 1 1 1 1 1 1 1 1 1 1 1 1 1 1 1 1 1 1 1 1 1 1 1 1 1 1 1 1 1 1 1 1 1 1 1 1 1 1 1 1 1 1 1 1 1 1 1 1 1 1 1 1 1 1 1 1 1 1 1 1 1 1 1 1 1 1 1 1 1 1 1 1 1 1 1 1 1 1 1 1 1 1 1 1 1 1 1 1 1 1 1 1 1 1 1 1 1 1 1 1 1 1 1 1 1 1 1 1 1 1 1 1 1 1 1 1 1 1 1 1 1 1 1 1 1 1 1 1 1 1 1 1 1 1 1 1 1 1 1 1 1 1 1 1 1 1 1 1 1 1 1 1 1 1 1 1 1 1 1 1 1 1 1 1 1 1 1 1 1 1 1 1 1 1 1 1 1 1 1 1 1 1 1 1 1 1 1 1 1 1 1 1 1 1 1 1 1 1 1 1 1 1 1 1 1 1 1 1 1 1 1 1 1 1 1 1 1 1 1 1 1 1 1 1 1 1 1 1 1 1 1 1 1 1 1 1 1 1 1 1 1 1 1 1 1 1 1 1 1 1 1 1 1 1 1 1 1 1 1 1 1 1 1 1 1 1 1 1 1 1 1 1 1 1 1 1 1 1 1 1 1 1 1 1 1 1 1 1 1 1 1 1 1 1 1 1 1 1 1 1 1 1 1 1 1 1 1 1 1 1 1 1 1 1 1 1 1 1 1 1 1 1 1 1 1 1 1 1 1 1 1 1 1 1 1 1 1 1 1 1 1 1 1 1 1 1 1 1 1 1 1 1 1 1 1 1 1 1 1 1 1 1 1 1 1 1 1 1 1 1 1 1 1 1 1 1 1 1 1 1 1 1 1 1 1 1 1 1 1 1 1 1 1 1 1 1 1 1 1 1 1 1 1 1 1 1 1 1 1 1 1 1 1 1 1 1 1 1 1 1 1 1 1 1 1 1 1 1 1 1 1 1 1 1 1 1 1 1 1 1 1 1 1 1 1 1 1 1 1 1 1 1 1 1 1 1 1 1 1 1 1 1 1 1 1 1 1 1 1 1 1 1 1 1 1 1 1 1 1 1 1 1 1 1 1 1 1 1 1 1 1 1 1 1 1 1 1 1 1 1 1 1 1 1 1 1 1 1 1 1 1 1 1 1 1 1 1 1 1 1 1 1 1 1 1 1 1 1 1 1 1 1 1 1 1 1 1 1 1 1 1 1 1 1 1 1 1 1 1 1 1 1 1 1 1 1 1 1 1 1 1 1 1 1 1 1 1 1 1 1 1 1 1 1 1 1 1 1 1 1 1 1 1 1 1 1 1 1 1 1 1 1 1 1 1 1 1 1 1 1 1 1 1 1 1 1 1 1 1 1 1 1 1 1 1 1 1 1 1 1 1 1 1 1 1 1 1 1 1 1 1 1 1 1 1 1 1 1 1 1 1 1 1 1 1 1 1 1 1 1 1 1 1 1 1 1 1 1 1 1 1 1 1 1 1 1 1 1 1 1 1 1 1 1 1 1 1 1 1 1 1 1 1 1 1 1 1 1 1 1 1 1 1 1 1 1 1 1 1 1 1 1 1 1 1 1 1 1 1 1 1 1 1 1 1 1 1 1 1 1 1 1 1 1 1 1 1 1 1 1 1 1 1 1 1 1 1 1 1 1 1 1 1 1 1 1 1 1 1 1 1 1 1 1 1 1 1 1 1 1 1 1 1 1 1 1 1 1 1 1 1 1 1 1 1 1 1 1 1 1 1 1 1 1 1 1 1 1 1 1 1 1 1 1 1 1 1 1 1 1 1 1 1 1 1 1 1 1 1 1 1 1 1 1 1 1 1 1 1 1 1 1 1 1 1 1 1 1 1 1 1 1 1 1 1 1 1 1 1 1 1 1 1 1 1 1 1 1 1 1 1 1 1 1 1 1 1 1 1 1 1 1 1 1 1 1 1 1 1 1 1 1 1 1 1 1 1 1 1 1 1 1 1 1 1 1 1 1 1 1 1 1 1 1 1 1 1 1 1 1 1 1 1 1 1 1 1 1 1 1 1 1 1 1 1 1 1 1 1 1 1 1 1 1 1 1 1 1 1 1 1 1 1 1 1 1 1 1 1 1 1 1 1 1 1 1 1 1 1 1 1 1 1 1 1 1 1 1 1 1 1 1 1 1 1 1 1 1 1 1 1 1 1 1 1 1 1 1 1 1 1 1 1 1 1 1 1 1 1 1 1 1 1 1 1 1 1 1 1 1 1 1 1 1 1 1 1 1 1 1 1 1 1 1 1 1 1 1 1 1 1 1 1 1 1 1 1 1 1 1 1 1 1 1 1 1 1 1 1 1 1 1 1 1 1 1 1 1 1 1 1 1 1 1 1 1 1 1 1 1 1 1 1 1 1 1 1 1 1 1 1 1 1 1 1 1 1 1 1 1 1 1 1 1 1 1 1 1 1 1 1 1 1 1 1 1 1 1 1 1 1 1 1 1 1 1 1 1 1 1 1 1 1 1 1 1 1 1 1 1 1 1 1 1 1 1 1 1 1 1 1 1 1 1 1 1 1 1 1 1 1 1 1 1 1 1 1 1 1 1 1 1 1 1 1 1 1 1 1 1 1 1 1 1 1 1 1 1 1 1 1 1 1 1 1 1 1 1 1 1 1 1 1 1 1 1 1 1 1 1 1 1 1 1 1 1 1 1 1 1 1 1 1 1 1 1 1 1 1 1 1 1 1 1 1 1 1 1 1 1 1 1 1 1 1 1 1 1 1 1 1 1 1 1 1 1 1 1 1 1 1 1 1 1 1 1 1 1 1 1 1 1 1 1 1 1 1 1 1 1 1 1 1 1 1 1 1 1 1 1 1 1 1 1 1 1 1 1 1 1 1 1 1 1 1 1 1 1 1 1 1 1 1 1 1 1 1 1 1 1 1 1 1 1 1 1 1 1 1 1 1 1 1 1 1 1 1 1 1 1 1 1 1 1 1 1 1 1 1 1 1 1 1 1 1 1 1 1 1 1 1 1 1 1 1 1 1 1 1 1 1 1 1 1 1 1 1 1 1 1 1 1 1 1 1 1 1 1 1 1 1 1 1 1 1 1 1 1 1 1 1 1 1 1 1 1 1 1 1 1 1 1 1 1 1 1 1 1 1 1 1 1 1 1 1 1 1 1 1 1 1 1 1 1 1 1 1 1 1 1 1 1 1 1 1 1 1 1 1 1 1 1 1 1 1 1 1 1 1 1 1 1 1 1 1 1 1 1 1 1 1 1 1 1 1 1 1 1 1 1 1 1 1 1 1 1 1 1 1 1 1 1 1 1 1 1 1 1 1 1 1 1 1 1 1 1 1 1 1 1 1 1 1 1 1 1 1 1 1 1 1 1 1 1 1 1 1 1 1 1 1 1 1 1 1 1 1 1 1 1 1 1 1 1 1 1 1 1 1 1 1 1 1 1 1 1 1 1 1 1 1 1 1 1 1 1 1 1 1 1 1 1 1 1 1 1 1 1 1 1 1 1 1 1 1 1 1 1 1 1 1 1 1 1 1 1 1 1 1 1 1 1 1 1 1 1 1 1 1 1 1 1 1 1 1 1 1 1 1 1 1 1 1 1 1 1 1 1 1 1 1 1 1 1 1 1 1 1 1 1 1 1 1 1 1 1 1 1 1 1 1 1 1 1 1 1 1 1 1 1 1 1 1 1 1 1 1 1 1 1 1 1 1 1 1 1 1 1 1 1 1 1 1 1 1 1 1 1 1 1 1 1 1 1 1 1 1 1 1 1 1 1 1 1 1 1 1 1 1 1 1 1 1 1 1 1 1 1 1 1 1 1 1 1 1 1 1 1 1 1 1 1 1 1 1 1 1 1 1 1 1 1 1 1 1 1 1 1 1 1 1 1 1 1 1 1 1 1 1 1 1 1 1 1 1 1 1 1 1 1 1 1 1 1 1 1 1 1 1 1 1 1 1 1 1 1 1 1 1 1 1 1 1 1 1 1 1 1 1 1 1 1 1 1 1 1 1 1 1 1 1 1 1 1 1 1 1 1 1 1 1 1 1 1 1 1 1 1 1 1 1 1 1 1 1 1 1 1 1 1 1 1 1 1 1 1 1 1 1 1 1 1 1 1 1 1 1 1 1 1 1 1 1 1 1 1 1 1 1 1 1 1 1 1 1 1 1 1 1 1 1 1 1 1 1 1 1 1 1 1 1 1 1 1 1 1 1 1 1 1 1 1 1 1 1 1 1 1 1 1 1 1 1 1 1 1 1 1 1 1 1 1 1 1 1 1 1 1 1 1 1 1 1 1 1 1 1 1 1 1 1 1 1 1 1 1 1 1 1 1 1 1 1 1 1 1 1 1 1 1 1 1 1 1 1 1 1 1 1 1 1 1 1 1 1 1 1 1 1 1 1 1 1 1 1 1 1 1 1 1 1 1 1 1 1 1 1 1 1 1 1 1 1 1 1 1 1 1 1 1 1 1 1 1 1 1 1 1 1 1 1 1 1 1 1 1 1 1 1 1 1 1 1 1 1 1 1 1 1 1 1 1 1 1 1 1 1 1 1 1 1 1 1 1 1 1 1 1 1 1 1 1 1 1 1 1 1 1 1 1 1 1 1 1 1 1 1 1 1 1 1 1 1 1 1 1 1 1 1 1 1 1 1 1 1 1 1 1 1 1 1 1 1 1 1 1 1 1 1 1 1 1 1 1 1 1 1 1 1 1 1 1 1 1 1 1 1 1 1 1 1 1 1 1 1 1 1 1 1 1 1 1 1 1 1 1 1 1 1 1 1 1 1 1 1 1 1 1 1 1 1 1 1 1 1 1 1 1 1 1 1 1 1 1 1 1 1 1 1 1 1 1 1 1 1 1 1 1 1 1 1 1 1 1 1 1 1 1 1 1 1 1 1 1 1 1 1 1 1 1 1 1 1 1 1 1 1 1 1 1 1 1 1 1 1 1 1 1 1 1 1 1 1 1 1 1 1 1 1 1 1 1 1 1 1 1 1 1 1 1 1 1 1 1 1 1 1 1 1 1 1 1 1 1 1 1 1 1 1 1 1 1 1 1 1 1 1 1 1 1 1 1 1 1 1 1 1 1 1 1 1 1 1 1 1 1 1 1 1 1 1 1 1 1 1 1 1 1 1 1 1 1 1 1 1 1 1 1 1 1 1 1 1 1 1 1 1 1 1 1 1 1 1 1 1 1 1 1 1 1 1 1 1 1 1 1 1 1 1 1 1 1 1 1 1 1 1 1 1 1 1 1 1 1 1 1 1 1 1 1 1 1 1 1 1 1 1 1 1 1 1 1 1 1 1 1 1 1 1 1 1 1 1 1 1 1 1 1 1 1 1 1 1 1 1 1 1 1 1 1 1 1 1 1 1 1 1 1 1 1 1 1 1 1 1 1 1 1 1 1 1 1 1 1 1 1 1 1 1 1 1 1 1 1 1 1 1 1 1 1 1 1 1 1 1 1 1 1 1 1 1 1 1 1 1 1 1 1 1 1 1 1 1 1 1 1 1 1 1 1 1 1 1 1 1 1 1 1 1 1 1 1 1 1 1 1 1 1 1 1 1 1 1 1 1 1 1 1 1 1 1 1 1 1 1 1 1 1 1 1 1 1 1 1 1 1 1 1 1 1 1 1 1 1 1 1 1 1 1 1 1 1 1 1 1 1 1 1 1 1 1 1 1 1 1 1 1 1 1 1 1 1 1 1 1 1 1 1 1 1 1 1 1 1 1 1 1 1 1 1 1 1 1 1 1 1 1 1 1 1 1 1 1 1 1 1 1 1 1 1 1 1 1 1 1 1 1 1 1 1 1 1 1 1 1 1 1 1 1 1 1 1 1 1 1 1 1 1 1 1 1 1 1 1 1 1 1 1 1 1 1 1 1 1 1 1 1 1 1 1 1 1 1 1 1 1 1 1 1 1 1 1 1 1 1 1 1 1 1 1 1 1 1 1 1 1 1 1 1 1 1 1 1 1 1 1 1 1 1 1 1 1 1 1 1 1 1 1 1 1 1 1 1 1 1 1 1 1 1 1 1 1 1 1 1 1 1 1 1 1 1 1 1 1 1 1 1 1 1 1 1 1 1 1 1 1 1 1 1 1 1 1 1 1 1 1 1 1 1 1 1 1 1 1 1 1 1 1 1 1 1 1 1 1 1 1 1 1 1 1 1 1 1 1 1 1 1 1 1 1 1 1 1 1 1 1 1 1 1 1 1 1 1 1 1 1 1 1 1 1 1 1 1 1 1 1 1 1 1 1 1 1 1 1 1 1 1 1 1 1 1 1 1 1 1 1 1 1 1 1 1 1 1 1 1 1 1 1 1 1 1 1 1 1 1 1 1 1 1 1 1 1 1 1 1 1 1 1 1 1 1 1 1 1 1 1 1 1 1 1 1 1 1 1 1 1 1 1 1 1 1 1 1 1 1 1 1 1 1 1 1 1 1 1 1 1 1 1 1 1 1 1 1 1 1 1 1 1 1 1 1 1 1 1 1 1 1 1 1 1 1 1 1 1 1 1 1 1 1 1 1 1 1 1 1 1 1 1 1 1 1 1 1 1 1 1 1 1 1 1 1 1 1 1 1 1 1 1 1 1 1 1 1 1 1 1 1 1 1 1 1 1 1 1 1 1 1 1 1 1 1 1 1 1 1 1 1 1 1 1 1 1 1 1 1 1 1 1 1 1 1 1 1 1 1 1 1 1 1 1 1 1 1 1 1 1 1 1 1 1 1 1 1 1 1 1 1 1 1 1 1 1 1 1 1 1 1 1 1 1 1 1 1 1 1 1 1 1 1 1 1 1 1 1 1 1 1 1 1 1 1 1 1 1 1 1 1 1 1 1 1 1 1 1 1 1 1 1 1 1 1 1 1 1 1 1 1 1 1 1 1 1 1 1 1 1 1 1 1 1 1 1 1 1 1 1 1 1 1 1 1 1 1 1 1 1 1 1 1 1 1 1 1 1 1 1 1 1 1 1 1 1 1 1 1 1 1 1 1 1 1 1 1 1 1 1 1 1 1 1 1 1 1 1 1 1 1 1 1 1 1 1 1 1 1 1 1 1 1 1 1 1 1 1 1 1 1 1 1 1 1 1 1 1 1 1 1 1 1 1 1 1 1 1 1 1 1 1 1 1 1 1 1 1 1 1 1 1 1 1 1 1 1 1 1 1 1 1 1 1 1 1 1 1 1 1 1 1 1 1 1 1 1 1 1 1 1 1 1 1 1 1 1 1 1 1 1 1 1 1 1 1 1 1 1 1 1 1 1 1 1 1 1 1 1 1 1 1 1 1 1 1 1 1 1 1 1 1 1 1 1 1 1 1 1 1 1 1 1 1 1 1 1 1 1 1 1 1 1 1 1 1 1 1 1 1 1 1 1 1 1 1 1 1 1 1 1 1 1 1 1 1 1 1 1 1 1 1 1 1 1 1 1 1 1 1 1 1 1 1 1 1 1 1 1 1 1 1 1 1 1 1 1 1 1 1 1 1 1 1 1 1 1 1 1 1 1 1 1 1 1 1 1 1 1 1 1 1 1 1 1 1 1 1 1 1 1 1 1 1 1 1 1 1 1 1 1 1 1 1 1 1 1 1 1 1 1 1 1 1 1 1 1 1 1 1 1 1 1 1 1 1 1 1 1 1 1 1 1 1 1 1 1 1 1 1 1 1 1 1 1 1 1 1 1 1 1 1 1 1 1 1 1 1 1 1 1 1 1 1 1 1 1 1 1 1 1 1 1 1 1 1 1 1 1 1 1 1 1 1 1 1 1 1 1 1 1 1 1 1 1 1 1 1 1 1 1 1 1 1 1 1 1 1 1 1 1 1 1 1 1 1 1 1 1 1 1 1 1 1 1 1 1 1 1 1 1 1 1 1 1 1 1 1 1 1 1 1 1 1 1 1 1 1 1 1 1 1 1 1 1 1 1 1 1 1 1 1 1 1 1 1 1 1 1 1 1 1 1 1 1 1 1 1 1 1 1 1 1 1 1 1 1 1 1 1 1 1 1 1 1 1 1 1 1 1 1 1 1 1 1 1 1 1 1 1 1 1 1 1 1 1 1 1 1 1 1 1 1 1 1 1 1 1 1 1 1 1 1 1 1 1 1 1 1 1 1 1 1 1 1 1 1 1 1 1 1 1 1 1 1 1 1 1 1 1 1 1 1 1 1 1 1 1 1 1 1 1 1 1 1 1 1 1 1 1 1 1 1 1 1 1 1 1 1 1 1 1 1 1 1 1 1 1 1 1 1 1 1 1 1 1 1 1 1 1 1 1 1 1 1 1 1 1 1 1 1 1 1 1 1 1 1 1 1 1 1 1 1 1 1 1 1 1 1 1 1 1 1 1 1 1 1 1 1 1 1 1 1 1 1 1 1 1 1 1 1 1 1 1 1 1 1 1 1 1 1 1 1 1 1 1 1 1 1 1 1 1 1 1 1 1 1 1 1 1 1 1 1 1 1 1 1 1 1 1 1 1 1 1 1 1 1 1 1 1 1 1 1 1 1 1 1 1 1 1 1 1 1 1 1 1 1 1 1 1 1 1 1 1 1 1 1 1 1 1 1 1 1 1 1 1 1 1 1 1 1 1 1 1 1 1 1 1 1 1 1 1 1 1 1 1 1 1 1 1 1 1 1 1 1 1 1 1 1 1 1 1 1 1 1 1 1 1 1 1 1 1 1 1 1 1 1 1 1 1 1 1 1 1 1 1 1 1 1 1 1 1 1 1 1 1 1 1 1 1 1 1 1 1 1 1 1 1 1 1 1 1 1 1 1 1 1 1 1 1 1 1 1 1 1 1 1 1 1 1 1 1 1 1 1 1 1 1 1 1 1 1 1 1 1 1 1 1 1 1 1 1 1 1 1 1 1 1 1 1 1 1 1 1 1 1 1 1 1 1 1 1 1 1 1 1 1 1 1 1 1 1 1 1 1 1 1 1 1 1 1 1 1 1 1 1 1 1 1 1 1 1 1 1 1 1 1 1 1 1 1 1 1 1 1 1 1 1 1 1 1 1 1 1 1 1 1 1 1 1 1 1 1 1 1 1 1 1 1 1 1 1 1 1 1 1 1 1 1 1 1 1 1 1 1 1 1 1 1 1 1 1 1 1 1 1 1 1 1 1 1 1 1 1 1 1 1 1 1 1 1 1 1 1 1 1 1 1 1 1 1 1 1 1 1 1 1 1 1 1 1 1 1 1 1 1 1 1 1 1 1 1 1 1 1 1 1 1 1 1 1 1 1 1 1 1 1 1 1 1 1 1 1 1 1 1 1 1 1 1 1 1 1 1 1 1 1 1 1 1 1 1 1 1 1 1 1 1 1 1 1 1 1 1 1 1 1 1 1 1 1 1 1 1 1 1 1 1 1 1 1 1 1 1 1 1 1 1 1 1 1 1 1 1 1 1 1 1 1 1 1 1 1 1 1 1 1 1 1 1 1 1 1 1 1 1 1 1 1 1 1 1 1 1 1 1 1 1 1 1 1 1 1 1 1 1 1 1 1 1 1 1 1 1 1 1 1 1 1 1 1 1 1 1 1 1 1 1 1 1 1 1 1 1 1 1 1 1 1 1 1 1 1 1 1 1 1 1 1 1 1 1 1 1 1 1 1 1 1 1 1 1 1 1 1 1 1 1 1 1 1 1 1 1 1 1 1 1 1 1 1 1 1 1 1 1 1 1 1 1 1 1 1 1 1 1 1 1 1 1 1 1 1 1 1 1 1 1 1 1 1 1 1 1 1 1 1 1 1 1 1 1 1 1 1 1 1 1 1 1 1 1 1 1 1 1 1 1 1 1 1 1 1 1 1 1 1 1 1 1 1 1 1 1 1 1 1 1 1 1 1 1 1 1 1 1 1 1 1 1 1 1 1 1 1 1 1 1 1 1 1 1 1 1 1 1 1 1 1 1 1 1 1 1 1 1 1 1 1 1 1 1 1 1 1 1 1 1 1 1 1 1 1 1 1 1 1 1 1 1 1 1 1 1 1 1 1 1 1 1 1 1 1 1 1 1 1 1 1 1 1 1 1 1 1 1 1 1 1 1 1 1 1 1 1 1 1 1 1 1 1 1 1 1 1 1 1 1 1 1 1 1 1 1 1 1 1 1 1 1 1 1 1 1 1 1 1 1 1 1 1 1 1 1 1 1 1 1 1 1 1 1 1 1 1 1 1 1 1 1 1 1 1 1 1 1 1 1 1 1 1 1 1 1 1 1 1 1 1 1 1 1 1 1 1 1 1 1 1 1 1 1 1 1 1 1 1 1 1 1 1 1 1 1 1 1 1 1 1 1 1 1 1 1 1 1 1 1 1 1 1 1 1 1 1 1 1 1 1 1 1 1 1 1 1 1 1 1 1 1 1 1 1 1 1 1 1 1 1 1 1 1 1 1 1 1 1 1 1 1 1 1 1 1 1 1 1 1 1 1 1 1 1 1 1 1 1 1 1 1 1 1 1 1 1 1 1 1 1 1 1 1 1 1 1 1 1 1 1 1 1 1 1 1 1 1 1 1 1 1 1 1 1 1 1 1 1 1 1 1 1 1 1 1 1 1 1 1 1 1 1 1 1 1 1 1 1 1 1 1 1 1 1 1 1 1 1 1 1 1 1 1 1 1 1 1 1 1 1 1 1 1 1 1 1 1 1 1 1 1 1 1 1 1 1 1 1 1 1 1 1 1 1 1 1 1 1 1 1 1 1 1 1 1 1 1 1 1 1 1 1 1 1 1 1 1 1 1 1 1 1 1 1 1 1 1 1 1 1 1 1 1 1 1 1 1 1 1 1 1 1 1 1 1 1 1 1 1 1 1 1 1 1 1 1 1 1 1 1 1 1 1 1 1 1 1 1 1 1 1 1 1 1 1 1 1 1 1 1 1 1 1 1 1 1 1 1 1 1 1 1 1 1 1 1 1 1 1 1 1 1 1 1 1 1 1 1 1 1 1 1 1 1 1 1 1 1 1 1 1 1 1 1 1 1 1 1 1 1 1 1 1 1 1 1 1 1 1 1 1 1 1 1 1 1 1 1 1 1 1 1 1 1 1 1 1 1 1 1 1 1 1 1 1 1 1 1 1 1 1 1 1 1 1 1 1 1 1 1 1 1 1 1 1 1 1 1 1 1 1 1 1 1 1 1 1 1 1 1 1 1 1 1 1 1 1 1 1 1 1 1 1 1 1 1 1 1 1 1 1 1 1 1 1 1 1 1 1 1 1 1 1 1 1 1 1 1 1 1 1 1 1 1 1 1 1 1 1 1 1 1 1 1 1 1 1 1 1 1 1 1 1 1 1 1 1 1 1 1 1 1 1 1 1 1 1 1 1 1 1 1 1 1 1 1 1 1 1 1 1 1 1 1 1 1 1 1 1 1 1 1 1 1 1 1 1 1 1 1 1 1 1 1 1 1 1 1 1 1 1 1 1 1 1 1 1 1 1 1 1 1 1 1 1 1 1 1 1 1 1 1 1 1 1 1 1 1 1 1 1 1 1 1 1 1 1 1 1 1 1 1 1 1 1 1 1 1 1 1 1 1 1 1 1 1 1 1 1 1 1 1 1 1 1 1 1 1 1 1 1 1 1 1 1 1 1 1 1 1 1 1 1 1 1 1 1 1 1 1 1 1 1 1 1 1 1 1 1 1 1 1 1 1 1 1 1 1 1 1 1 1 1 1 1 1 1 1 1 1 1 1 1 1 1 1 1 1 1 1 1 1 1 1 1 1 1 1 1 1 1 1 1 1 1 1 1 1 1 1 1 1 1 1 1 1 1 1 1 1 1 1 1 1 1 1 1 1 1 1 1 1 1 1 1 1 1 1 1 1 1 1 1 1 1 1 1 1 1 1 1 1 1 1 1 1 1 1 1 1 1 1 1 1 1 1 1 1 1 1 1 1 1 1 1 1 1 1 1 1 1 1 1 1 1 1 1 1 1 1 1 1 1 1 1 1 1 1 1 1 1 1 1 1 1 1 1 1 1 1 1 1 1 1 1 1 1 1 1 1 1 1 1 1 1 1 1 1 1 1 1 1 1 1 1 1 1 1 1 1 1 1 1 1 1 1 1 1 1 1 1 1 1 1 1 1 1 1 1 1 1 1 1 1 1 1 1 1 1 1 1 1 1 1 1 1 1 1 1 1 1 1 1 1 1 1 1 1 1 1 1 1 1 1 1 1 1 1 1 1 1 1 1 1 1 1 1 1 1 1 1 1 1 1 1 1 1 1 1 1 1 1 1 1 1 1 1 1 1 1 1 1 1 1 1 1 1 1 1 1 1 1 1 1 1 1 1 1 1 1 1 1 1 1 1 1 1 1 1 1 1 1 1 1 1 1 1 1 1 1 1 1 1 1 1 1 1 1 1 1 1 1 1 1 1 1 1 1 1 1 1 1 1 1 1 1 1 1 1 1 1 1 1 1 1 1 1 1 1 1 1 1 1 1 1 1 1 1 1 1 1 1 1 1 1 1 1 1 1 1 1 1 1 1 1 1 1 1 1 1 1 1 1 1 1 1 1 1 1 1 1 1 1 1 1 1 1 1 1 1 1 1 1 1 1 1 1 1 1 1 1 1 1 1 1 1 1 1 1 1 1 1 1 1 1 1 1 1 1 1 1 1 1 1 1 1 1 1 1 1 1 1 1 1 1 1 1 1 1 1 1 1 1 1 1 1 1 1 1 1 1 1 1 1 1 1 1 1 1 1 1 1 1 1 1 1 1 1 1 1 1 1 1 1 1 1 1 1 1 1 1 1 1 1 1 1 1 1 1 1 1 1 1 1 1 1 1 1 1 1 1 1 1 1 1 1 1 1 1 1 1 1 1 1 1 1 1 1 1 1 1 1 1 1 1 1 1 1 1 1 1 1 1 1 1 1 1 1 1 1 1 1 1 1 1 1 1 1 1 1 1 1 1 1 1 1 1 1 1 1 1 1 1 1 1 1 1 1 1 1 1 1 1 1 1 1 1 1 1 1 1 1 1 1 1 1 1 1 1 1 1 1 1 1 1 1 1 1 1 1 1 1 1 1 1 1 1 1 1 1 1 1 1 1 1 1 1 1 1 1 1 1 1 1 1 1 1 1 1 1 1 1 1 1 1 1 1 1 1 1 1 1 1 1 1 1 1 1 1 1 1 1 1 1 1 1 1 1 1 1 1 1 1 1 1 1 1 1 1 1 1 1 1 1 1 1 1 1 1 1 1 1 1 1 1 1 1 1 1 1 1 1 1 1 1 1 1 1 1 1 1 1 1 1 1 1 1 1 1 1 1 1 1 1 1 1 1 1 1 1 1 1 1 1 1 1 1 1 1 1 1 1 1 1 1 1 1 1 1 1 1 1 1 1 1 1 1 1 1 1 1 1 1 1 1 1 1 1 1 1 1 1 1 1 1 1 1 1 1 1 1 1 1 1 1 1 1 1 1 1 1 1 1 1 1 1 1 1 1 1 1 1 1 1 1 1 1 1 1 1 1 1 1 1 1 1 1 1 1 1 1 1 1 1 1 1 1 1 1 1 1 1 1 1 1 1 1 1 1 1 1 1 1 1 1 1 1 1 1 1 1 1 1 1 1 1 1 1 1 1 1 1 1 1 1 1 1 1 1 1 1 1 1 1 1 1 1 1 1 1 1 1 1 1 1 1 1 1 1 1 1 1 1 1 1 1 1 1 1 1 1 1 1 1 1 1 1 1 1 1 1 1 1 1 1 1 1 1 1 1 1 1 1 1 1 1 1 1 1 1 1 1 1 1 1 1 1 1 1 1 1 1 1 1 1 1 1 1 1 1 1 1 1 1 1 1 1 1 1 1 1 1 1 1 1 1 1 1 1 1 1 1 1 1 1 1 1 1 1 1 1 1 1 1 1 1 1 1 1 1 1 1 1 1 1 1 1 1 1 1 1 1 1 1 1 1 1 1 1 1 1 1 1 1 1 1 1 1 1 1 1 1 1 1 1 1 1 1 1 1 1 1 1 1 1 1 1 1 1 1 1 1 1 1 1 1 1 1 1 1 1 1 1 1 1 1 1 1 1 1 1 1 1 1 1 1 1 1 1 1 1 1 1 1 1 1 1 1 1 1 1 1 1 1 1 1 1 1 1 1 1 1 1 1 1 1 1 1 1 1 1 1 1 1 1 1 1 1 1 1 1 1 1 1 1 1 1 1 1 1 1 1 1 1 1 1 1 1 1 1 1 1 1 1 1 1 1 1 1 1 1 1 1 1 1 1 1 1 1 1 1 1 1 1 1 1 1 1 1 1 1 1 1 1 1 1 1 1 1 1 1 1 1 1 1 1 1 1 1 1 1 1 1 1 1 1 1 1 1 1 1 1 1 1 1 1 1 1 1 1 1 1 1 1 1 1 1 1 1 1 1 1 1 1 1 1 1 1 1 1 1 1 1 1 1 1 1 1 1 1 1 1 1 1 1 1 1 1 1 1 1 1 1 1 1 1 1 1 1 1 1 1 1 1 1 1 1 1 1 1 1 1 1 1 1 1 1 1 1 1 1 1 1 1 1 1 1 1 1 1 1 1 1 1 1 1 1 1 1 1 1 1 1 1 1 1 1 1 1 1 1 1 1 1 1 1 1 1 1 1 1 1 1 1 1 1 1 1 1 1 1 1 1 1 1 1 1 1 1 1 1 1 1 1 1 1 1 1 1 1 1 1 1 1 1 1 1 1 1 1 1 1 1 1 1 1 1 1 1 1 1 1 1 1 1 1 1 1 1 1 1 1 1 1 1 1 1 1 1 1 1 1 1 1 1 1 1 1 1 1 1 1 1 1 1 1 1 1 1 1 1 1 1 1 1 1 1 1 1 1 1 1 1 1 1 1 1 1 1 1 1 1 1 1 1 1 1 1 1 1 1 1 1 1 1 1 1 1 1 1 1 1 1 1 1 1 1 1 1 1 1 1 1 1 1 1 1 1 1 1 1 1 1 1 1 1 1 1 1 1 1 1 1 1 1 1 1 1 1 1 1 1 1 1 1 1 1 1 1 1 1 1 1 1 1 1 1 1 1 1 1 1 1 1 1 1 1 1 1 1 1 1 1 1 1 1 1 1 1 1 1 1 1 1 1 1 1 1 1 1 1 1 1 1 1 1 1 1 1 1 1 1 1 1 1 1 1 1 1 1 1 1 1 1 1 1 1 1 1 1 1 1 1 1 1 1 1 1 1 1 1 1 1 1 1 1 1 1 1 1 1 1 1 1 1 1 1 1 1 1 1 1 1 1 1 1 1 1 1 1 1 1 1 1 1 1 1 1 1 1 1 1 1 1 1 1 1 1 1 1 1 1 1 1 1 1 1 1 1 1 1 1 1 1 1 1 1 1 1 1 1 1 1 1 1 1 1 1 1 1 1 1 1 1 1 1 1 1 1 1 1 1 1 1 1 1 1 1 1 1 1 1 1 1 1 1 1 1 1 1 1 1 1 1 1 1 1 1 1 1 1 1 1 1 1 1 1 1 1 1 1 1 1 1 1 1 1 1 1 1 1 1 1 1 1 1 1 1 1 1 1 1 1 1 1 1 1 1 1 1 1 1 1 1 1 1 1 1 1 1 1 1 1 1 1 1 1 1 1 1 1 1 1 1 1 1 1 1 1 1 1 1 1 1 1 1 1 1 1 1 1 1 1 1 1 1 1 1 1 1 1 1 1 1 1 1 1 1 1 1 1 1 1 1 1 1 1 1 1 1 1 1 1 1 1 1 1 1 1 1 1 1 1 1 1 1 1 1 1 1 1 1 1 1 1 1 1 1 1 1 1 1 1 1 1 1 1 1 1 1 1 1 1 1 1 1 1 1 1 1 1 1 1 1 1 1 1 1 1 1 1 1 1 1 1 1 1 1 1 1 1 1 1 1 1 1 1 1 1 1 1 1 1 1 1 1 1 1 1 1 1 1 1 1 1 1 1 1 1 1 1 1 1 1 1 1 1 1 1 1 1 1 1 1 1 1 1 1 1 1 1 1 1 1 1 1 1 1 1 1 1 1 1 1 1 1 1 1 1 1 1 1 1 1 1 1 1 1 1 1 1 1 1 1 1 1 1 1 1 1 1 1 1 1 1 1 1 1 1 1 1 1 1 1 1 1 1 1 1 1 1 1 1 1 1 1 1 1 1 1 1 1 1 1 1 1 1 1 1 1 1 1 1 1 1 1 1 1 1 1 1 1 1 1 1 1 1 1 1 1 1 1 1 1 1 1 1 1 1 1 1 1 1 1 1 1 1 1 1 1 1 1 1 1 1 1 1 1 1 1 1 1 1 1 1 1 1 1 1 1 1 1 1 1 1 1 1 1 1 1 1 1 1 1 1 1 1 1 1 1 1 1 1 1 1 1 1 1 1 1 1 1 1 1 1 1 1 1 1 1 1 1 1 1 1 1 1 1 1 1 1 1 1 1 1 1 1 1 1 1 1 1 1 1 1 1 1 1 1 1 1 1 1 1 1 1 1 1 1 1 1 1 1 1 1 1 1 1 1 1 1 1 1 1 1 1 1 1 1 1 1 1 1 1 1 1 1 1 1 1 1 1 1 1 1 1 1 1 1 1 1 1 1 1 1 1 1 1 1 1 1 1 1 1 1 1 1 1 1 1 1 1 1 1 1 1 1 1 1 1 1 1 1 1 1 1 1 1 1 1 1 1 1 1 1 1 1 1 1 1 1 1 1 1 1 1 1 1 1 1 1 1 1 1 1 1 1 1 1 1 1 1 1 1 1 1 1 1 1 1 1 1 1 1 1 1 1 1 1 1 1 1 1 1 1 1 1 1 1 1 1 1 1 1 1 1 1 1 1 1 1 1 1 1 1 1 1 1 1 1 1 1 1 1 1 1 1 1 1 1 1 1 1 1 1 1 1 1 1 1 1 1 1 1 1 1 1 1 1 1 1 1 1 1 1 1 1 1 1 1 1 1 1 1 1 1 1 1 1 1 1 1 1 1 1 1 1 1 1 1 1 1 1 1 1 1 1 1 1 1 1 1 1 1 1 1 1 1 1 1 1 1 1 1 1 1 1 1 1 1 1 1 1 1 1 1 1 1 1 1 1 1 1 1 1 1 1 1 1 1 1 1 1 1 1 1 1 1 1 1 1 1 1 1 1 1 1 1 1 1 1 1 1 1 1 1 1 1 1 1 1 1 1 1 1 1 1 1 1 1 1 1 1 1 1 1 1 1 1 1 1 1 1 1 1 1 1 1 1 1 1 1 1 1 1 1 1 1 1 1 1 1 1 1 1 1 1 1 1 1 1 1 1 1 1 1 1 1 1 1 1 1 1 1 1 1 1 1 1 1 1 1 1 1 1 1 1 1 1 1 1 1 1 1 1 1 1 1 1 1 1 1 1 1 1 1 1 1 1 1 1 1 1 1 1 1 1 1 1 1 1 1 1 1 1 1 1 1 1 1 1 1 1 1 1 1 1 1 1 1 1 1 1 1 1 1 1 1 1 1 1 1 1 1 1 1 1 1 1 1 1 1 1 1 1 1 1 1 1 1 1 1 1 1 1 1 1 1 1 1 1 1 1 1 1 1 1 1 1 1 1 1 1 1 1 1 1 1 1 1 1 1 1 1 1 1 1 1 1 1 1 1 1 1 1 1 1 1 1 1 1 1 1 1 1 1 1 1 1 1 1 1 1 1 1 1 1 1 1 1 1 1 1 1 1 1 1 1 1 1 1 1 1 1 1 1 1 1 1 1 1 1 1 1 1 1 1 1 1 1 1 1 1 1 1 1 1 1 1 1 1 1 1 1 1 1 1 1 1 1 1 1 1 1 1 1 1 1 1 1 1 1 1 1 1 1 1 1 1 1 1 1 1 1 1 1 1 1 1 1 1 1 1 1 1 1 1 1 1 1 1 1 1 1 1 1 1 1 1 1 1 1 1 1 1 1 1 1 1 1 1 1 1 1 1 1 1 1 1 1 1 1 1 1 1 1 1 1 1 1 1 1 1 1 1 1 1 1 1 1 1 1 1 1 1 1 1 1 1 1 1 1 1 1 1 1 1 1 1 1 1 1 1 1 1 1 1 1 1 1 1 1 1 1 1 1 1 1 1 1 1 1 1 1 1 1 1 1 1 1 1 1 1 1 1 1 1 1 1 1 1 1 1 1 1 1 1 1 1 1 1 1 1 1 1 1 1 1 1 1 1 1 1 1 1 1 1 1 1 1 1 1 1 1 1 1 1 1 1 1 1 1 1 1 1 1 1 1 1 1 1 1 1 1 1 1 1 1 1 1 1 1 1 1 1 1 1 1 1 1 1 1 1 1 1 1 1 1 1 1 1 1 1 1 1 1 1 1 1 1 1 1 1 1 1 1 1 1 1 1 1 1 1 1 1 1 1 1 1 1 1 1 1 1 1 1 1 1 1 1 1 1 1 1 1 1 1 1 1 1 1 1 1 1 1 1 1 1 1 1 1 1 1 1 1 1 1 1 1 1 1 1 1 1 1 1 1 1 1 1 1 1 1 1 1 1 1 1 1 1 1 1 1 1 1 1 1 1 1 1 1 1 1 1 1 1 1 1 1 1 1 1 1 1 1 1 1 1 1 1 1 1 1 1 1 1 1 1 1 1 1 1 1 1 1 1 1 1 1 1 1 1 1 1 1 1 1 1 1 1 1 1 1 1 1 1 1 1 1 1 1 1 1 1 1 1 1 1 1 1 1 1 1 1 1 1 1 1 1 1 1 1 1 1 1 1 1 1 1 1 1 1 1 1 1 1 1 1 1 1 1 1 1 1 1 1 1 1 1 1 1 1 1 1 1 1 1 1 1 1 1 1 1 1 1 1 1 1 1 1 1 1 1 1 1 1 1 1 1 1 1 1 1 1 1 1 1 1 1 1 1 1 1 1 1 1 1 1 1 1 1 1 1 1 1 1 1 1 1 1 1 1 1 1 1 1 1 1 1 1 1 1 1 1 1 1 1 1 1 1 1 1 1 1 1 1 1 1 1 1 1 1 1 1 1 1 1 1 1 1 1 1 1 1 1 1 1 1 1 1 1 1 1 1 1 1 1 1 1 1 1 1 1 1 1 1 1 1 1 1 1 1 1 1 1 1 1 1 1 1 1 1 1 1 1 1 1 1 1 1 1 1 1 1 1 1 1 1 1 1 1 1 1 1 1 1 1 1 1 1 1 1 1 1 1 1 1 1 1 1 1 1 1 1 1 1 1 1 1 1 1 1 1 1 1 1 1 1 1 1 1 1 1 1 1 1 1 1 1 1 1 1 1 1 1 1 1 1 1 1 1 1 1 1 1 1 1 1 1 1 1 1 1 1 1 1 1 1 1 1 1 1 1 1 1 1 1 1 1 1 1 1 1 1 1 1 1 1 1 1 1 1 1 1 1 1 1 1 1 1 1 1 1 1 1 1 1 1 1 1 1 1 1 1 1 1 1 1 1 1 1 1 1 1 1 1 1 1 1 1 1 1 1 1 1 1 1 1 1 1 1 1 1 1 1 1 1 1 1 1 1 1 1 1 1 1 1 1 1 1 1 1 1 1 1 1 1 1 1 1 1 1 1 1 1 1 1 1 1 1 1 1 1 1 1 1 1 1 1 1 1 1 1 1 1 1 1 1 1 1 1 1 1 1 1 1 1 1 1 1 1 1 1 1 1 1 1 1 1 1 1 1 1 1 1 1 1 1 1 1 1 1 1 1 1 1 1 1 1 1 1 1 1 1 1 1 1 1 1 1 1 1 1 1 1 1 1 1 1 1 1 1 1 1 1 1 1 1 1 1 1 1 1 1 1 1 1 1 1 1 1 1 1 1 1 1 1 1 1 1 1 1 1 1 1 1 1 1 1 1 1 1 1 1 1 1 1 1 1 1 1 1 1 1 1 1 1 1 1 1 1 1 1 1 1 1 1 1 1 1 1 1 1 1 1 1 1 1 1 1 1 1 1 1 1 1 1 1 1 1 1 1 1 1 1 1 1 1 1 1 1 1 1 1 1 1 1 1 1 1 1 1 1 1 1 1 1 1 1 1 1 1 1 1 1 1 1 1 1 1 1 1 1 1 1 1 1 1 1 1 1 1 1 1 1 1 1 1 1 1 1 1 1 1 1 1 1 1 1 1 1 1 1 1 1 1 1 1 1 1 1 1 1 1 1 1 1 1 1 1 1 1 1 1 1 1 1 1 1 1 1 1 1 1 1 1 1 1 1 1 1 1 1 1 1 1 1 1 1 1 1 1 1 1 1 1 1 1 1 1 1 1 1 1 1 1 1 1 1 1 1 1 1 1 1 1 1 1 1 1 1 1 1 1 1 1 1 1 1 1 1 1 1 1 1 1 1 1 1 1 1 1 1 1 1 1 1 1 1 1 1 1 1 1 1 1 1 1 1 1 1 1 1 1 1 1 1 1 1 1 1 1 1 1 1 1 1 1 1 1 1 1 1 1 1 1 1 1 1 1 1 1 1 1 1 1 1 1 1 1 1 1 1 1 1 1 1 1 1 1 1 1 1 1 1 1 1 1 1 1 1 1 1 1 1 1 1 1 1 1 1 1 1 1 1 1 1 1 1 1 1 1 1 1 1 1 1 1 1 1 1 1 1 1 1 1 1 1 1 1 1 1 1 1 1 1 1 1 1 1 1 1 1 1 1 1 1 1 1 1 1 1 1 1 1 1 1 1 1 1 1 1 1 1 1 1 1 1 1 1 1 1 1 1 1 1 1 1 1 1 1 1 1 1 1 1 1 1 1 1 1 1 1 1 1 1 1 1 1 1 1 1 1 1 1 1 1 1 1 1 1 1 1 1 1 1 1 1 1 1 1 1 1 1 1 1 1 1 1 1 1 1 1 1 1 1 1 1 1 1 1 1 1 1 1 1 1 1 1 1 1 1 1 1 1 1 1 1 1 1 1 1 1 1 1 1 1 1 1 1 1 1 1 1 1 1 1 1 1 1 1 1 1 1 1 1 1 1 1 1 1 1 1 1 1 1 1 1 1 1 1 1 1 1 1 1 1 1 1 1 1 1 1 1 1 1 1 1 1 1 1 1 1 1 1 1 1 1 1 1 1 1 1 1 1 1 1 1 1 1 1 1 1 1 1 1 1 1 1 1 1 1 1 1 1 1 1 1 1 1 1 1 1 1 1 1 1 1 1 1 1 1 1 1 1 1 1 1 1 1 1 1 1 1 1 1 1 1 1 1 1 1 1 1 1 1 1 1 1 1 1 1 1 1 1 1 1 1 1 1 1 1 1 1 1 1 1 1 1 1 1 1 1 1 1 1 1 1 1 1 1 1 1 1 1 1 1 1 1 1 1 1 1 1 1 1 1 1 1 1 1 1 1 1 1 1 1 1 1 1 1 1 1 1 1 1 1 1 1 1 1 1 1 1 1 1 1 1 1 1 1 1 1 1 1 1 1 1 1 1 1 1 1 1 1 1 1 1 1 1 1 1 1 1 1 1 1 1 1 1 1 1 1 1 1 1 1 1 1 1 1 1 1 1 1 1 1 1 1 1 1 1 1 1 1 1 1 1 1 1 1 1 1 1 1 1 1 1 1 1 1 1 1 1 1 1 1 1 1 1 1 1 1 1 1 1 1 1 1 1 1 1 1 1 1 1 1 1 1 1 1 1 1 1 1 1 1 1 1 1 1 1 1 1 1 1 1 1 1 1 1 1 1 1 1 1 1 1 1 1 1 1 1 1 1 1 1 1 1 1 1 1 1 1 1 1 1 1 1 1 1 1 1 1 1 1 1 1 1 1 1 1 1 1 1 1 1 1 1 1 1 1 1 1 1 1 1 1 1 1 1 1 1 1 1 1 1 1 1 1 1 1 1 1 1 1 1 1 1 1 1 1 1 1 1 1 1 1 1 1 1 1 1 1 1 1 1 1 1 1 1 1 1 1 1 1 1 1 1 1 1 1 1 1 1 1 1 1 1 1 1 1 1 1 1 1 1 1 1 1 1 1 1 1 1 1 1 1 1 1 1 1 1 1 1 1 1 1 1 1 1 1 1 1 1 1 1 1 1 1 1 1 1 1 1 1 1 1 1 1 1 1 1 1 1 1 1 1 1 1 1 1 1 1 1 1 1 1 1 1 1 1 1 1 1 1 1 1 1 1 1 1 1 1 1 1 1 1 1 1 1 1 1 1 1 1 1 1 1 1 1 1 1 1 1 1 1 1 1 1 1 1 1 1 1 1 1 1 1 1 1 1 1 1 1 1 1 1 1 1 1 1 1 1 1 1 1 1 1 1 1 1 1 1 1 1 1 1 1 1 1 1 1 1 1 1 1 1 1 1 1 1 1 1 1 1 1 1 1 1 1 1 1 1 1 1 1 1 1 1 1 1 1 1 1 1 1 1 1 1 1 1 1 1 1 1 1 1 1 1 1 1 1 1 1 1 1 1 1 1 1 1 1 1 1 1 1 1 1 1 1 1 1 1 1 1 1 1 1 1 1 1 1 1 1 1 1 1 1 1 1 1 1 1 1 1 1 1 1 1 1 1 1 1 1 1 1 1 1 1 1 1 1 1 1 1 1 1 1 1 1 1 1 1 1 1 1 1 1 1 1 1 1 1 1 1 1 1 1 1 1 1 1 1 1 1 1 1 1 1 1 1 1 1 1 1 1 1 1 1 1 1 1 1 1 1 1 1 1 1 1 1 1 1 1 1 1 1 1 1 1 1 1 1 1 1 1 1 1 1 1 1 1 1 1 1 1 1 1 1 1 1 1 1 1 1 1 1 1 1 1 1 1 1 1 1 1 1 1 1 1 1 1 1 1 1 1 1 1 1 1 1 1 1 1 1 1 1 1 1 1 1 1 1 1 1 1 1 1 1 1 1 1 1 1 1 1 1 1 1 1 1 1 1 1 1 1 1 1 1 1 1 1 1 1 1 1 1 1 1 1 1 1 1 1 1 1 1 1 1 1 1 1 1 1 1 1 1 1 1 1 1 1 1 1 1 1 1 1 1 1 1 1 1 1 1 1 1 1 1 1 1 1 1 1 1 1 1 1 1 1 1 1 1 1 1 1 1 1 1 1 1 1 1 1 1 1 1 1 1 1 1 1 1 1 1 1 1 1 1 1 1 1 1 1 1 1 1 1 1 1 1 1 1 1 1 1 1 1 1 1 1 1 1 1 1 1 1 1 1 1 1 1 1 1 1 1 1 1 1 1 1 1 1 1 1 1 1 1 1 1 1 1 1 1 1 1 1 1 1 1 1 1 1 1 1 1 1 1 1 1 1 1 1 1 1 1 1 1 1 1 1 1 1 1 1 1 1 1 1 1 1 1 1 1 1 1 1 1 1 1 1 1 1 1 1 1 1 1 1 1 1 1 1 1 1 1 1 1 1 1 1 1 1 1 1 1 1 1 1 1 1 1 1 1 1 1 1 1 1 1 1 1 1 1 1 1 1 1 1 1 1 1 1 1 1 1 1 1 1 1 1 1 1 1 1 1 1 1 1 1 1 1 1 1 1 1 1 1 1 1 1 1 1 1 1 1 1 1 1 1 1 1 1 1 1 1 1 1 1 1 1 1 1 1 1 1 1 1 1 1 1 1 1 1 1 1 1 1 1 1 1 1 1 1 1 1 1 1 1 1 1 1 1 1 1 1 1 1 1 1 1 1 1 1 1 1 1 1 1 1 1 1 1 1 1 1 1 1 1 1 1 1 1 1 1 1 1 1 1 1 1 1 1 1 1 1 1 1 1 1 1 1 1 1 1 1 1 1 1 1 1 1 1 1 1 1 1 1 1 1 1 1 1 1 1 1 1 1 1 1 1 1 1 1 1 1 1 1 1 1 1 1 1 1 1 1 1 1 1 1 1 1 1 1 1 1 1 1 1 1 1 1 1 1 1 1 1 1 1 1 1 1 1 1 1 1 1 1 1 1 1 1 1 1 1 1 1 1 1 1 1 1 1 1 1 1 1 1 1 1 1 1 1 1 1 1 1 1 1 1 1 1 1 1 1 1 1 1 1 1 1 1 1 1 1 1 1 1 1 1 1 1 1 1 1 1 1 1 1 1 1 1 1 1 1 1 1 1 1 1 1 1 1 1 1 1 1 1 1 1 1 1 1 1 1 1 1 1 1 1 1 1 1 1 1 1 1 1 1 1 1 1 1 1 1 1 1 1 1 1 1 1 1 1 1 1 1 1 1 1 1 1 1 1 1 1 1 1 1 1 1 1 1 1 1 1 1 1 1 1 1 1 1 1 1 1 1 1 1 1 1 1 1 1 1 1 1 1 1 1 1 1 1 1 1 1 1 1 1 1 1 1 1 1 1 1 1 1 1 1 1 1 1 1 1 1 1 1 1 1 1 1 1 1 1 1 1 1 1 1 1 1 1 1 1 1 1 1 1 1 1 1 1 1 1 1 1 1 1 1 1 1 1 1 1 1 1 1 1 1 1 1 1 1 1 1 1 1 1 1 1 1 1 1 1 1 1 1 1 1 1 1 1 1 1 1 1 1 1 1 1 1 1 1 1 1 1 1 1 1 1 1 1 1 1 1 1 1 1 1 1 1 1 1 1 1 1 1 1 1 1 1 1 1 1 1 1 1 1 1 1 1 1 1 1 1 1 1 1 1 1 1 1 1 1 1 1 1 1 1 1 1 1 1 1 1 1 1 1 1 1 1 1 1 1 1 1 1 1 1 1 1 1 1 1 1 1 1 1 1 1 1 1 1 1 1 1 1 1 1 1 1 1 1 1 1 1 1 1 1 1 1 1 1 1 1 1 1 1 1 1 1 1 1 1 1 1 1 1 1 1 1 1 1 1 1 1 1 1 1 1 1 1 1 1 1 1 1 1 1 1 1 1 1 1 1 1 1 1 1 1 1 1 1 1 1 1 1 1 1 1 1 1 1 1 1 1 1 1 1 1 1 1 1 1 1 1 1 1 1 1 1 1 1 1 1 1 1 1 1 1 1 1 1 1 1 1 1 1 1 1 1 1 1 1 1 1 1 1 1 1 1 1 1 1 1 1 1 1 1 1 1 1 1 1 1 1 1 1 1 1 1 1 1 1 1 1 1 1 1 1 1 1 1 1 1 1 1 1 1 1 1 1 1 1 1 1 1 1 1 1 1 1 1 1 1 1 1 1 1 1 1 1 1 1 1 1 1 1 1 1 1 1 1 1 1 1 1 1 1 1 1 1 1 1 1 1 1 1 1 1 1 1 1 1 1 1 1 1 1 1 1 1 1 1 1 1 1 1 1 1 1 1 1 1 1 1 1 1 1 1 1 1 1 1 1 1 1 1 1 1 1 1 1 1 1 1 1 1 1 1 1 1 1 1 1 1 1 1 1 1 1 1 1 1 1 1 1 1 1 1 1 1 1 1 1 1 1 1 1 1 1 1 1 1 1 1 1 1 1 1 1 1 1 1 1 1 1 1 1 1 1 1 1 1 1 1 1 1 1 1 1 1 1 1 1 1 1 1 1 1 1 1 1 1 1 1 1 1 1 1 1 1 1 1 1 1 1 1 1 1 1 1 1 1 1 1 1 1 1 1 1 1 1 1 1 1 1 1 1 1 1 1 1 1 1 1 1 1 1 1 1 1 1 1 1 1 1 1 1 1 1 1 1 1 1 1 1 1 1 1 1 1 1 1 1 1 1 1 1 1 1 1 1 1 1 1 1 1 1 1 1 1 1 1 1 1 1 1 1 1 1 1 1 1 1 1 1 1 1 1 1 1 1 1 1 1 1 1 1 1 1 1 1 1 1 1 1 1 1 1 1 1 1 1 1 1 1 1 1 1 1 1 1 1 1 1 1 1 1 1 1 1 1 1 1 1 1 1 1 1 1 1 1 1 1 1 1 1 1 1 1 1 1 1 1 1 1 1 1 1 1 1 1 1 1 1 1 1 1 1 1 1 1 1 1 1 1 1 1 1 1 1 1 1 1 1 1 1 1 1 1 1 1 1 1 1 1 1 1 1 1 1 1 1 1 1 1 1 1 1 1 1 1 1 1 1 1 1 1 1 1 1 1 1 1 1 1 1 1 1 1 1 1 1 1 1 1 1 1 1 1 1 1 1 1 1 1 1 1 1 1 1 1 1 1 1 1 1 1 1 1 1 1 1 1 1 1 1 1 1 1 1 1 1 1 1 1 1 1 1 1 1 1 1 1 1 1 1 1 1 1 1 1 1 1 1 1 1 1 1 1 1 1 1 1 1 1 1 1 1 1 1 1 1 1 1 1 1 1 1 1 1 1 1 1 1 1 1 1 1 1 1 1 1 1 1 1 1 1 1 1 1 1 1 1 1 1 1 1 1 1 1 1 1 1 1 1 1 1 1 1 1 1 1 1 1 1 1 1 1 1 1 1 1 1 1 1 1 1 1 1 1 1 1 1 1 1 1 1 1 1 1 1 1 1 1 1 1 1 1 1 1 1 1 1 1 1 1 1 1 1 1 1 1 1 1 1 1 1 1 1 1 1 1 1 1 1 1 1 1 1 1 1 1 1 1 1 1 1 1 1 1 1 1 1 1 1 1 1 1 1 1 1 1 1 1 1 1 1 1 1 1 1 1 1 1 1 1 1 1 1 1 1 1 1 1 1 1 1 1 1 1 1 1 1 1 1 1 1 1 1 1 1 1 1 1 1 1 1 1 1 1 1 1 1 1 1 1 1 1 1 1 1 1 1 1 1 1 1 1 1 1 1 1 1 1 1 1 1 1 1 1 1 1 1 1 1 1 1 1 1 1 1 1 1 1 1 1 1 1 1 1 1 1 1 1 1 1 1 1 1 1 1 1 1 1 1 1 1 1 1 1 1 1 1 1 1 1 1 1 1 1 1 1 1 1 1 1 1 1 1 1 1 1 1 1 1 1 1 1 1 1 1 1 1 1 1 1 1 1 1 1 1 1 1 1 1 1 1 1 1 1 1 1 1 1 1 1 1 1 1 1 1 1 1 1 1 1 1 1 1 1 1 1 1 1 1 1 1 1 1 1 1 1 1 1 1 1 1 1 1 1 1 1 1 1 1 1 1 1 1 1 1 1 1 1 1 1 1 1 1 1 1 1 1 1 1 1 1 1 1 1 1 1 1 1 1 1 1 1 1 1 1 1 1 1 1 1 1 1 1 1 1 1 1 1 1 1 1 1 1 1 1 1 1 1 1 1 1 1 1 1 1 1 1 1 1 1 1 1 1 1 1 1 1 1 1 1 1 1 1 1 1 1 1 1 1 1 1 1 1 1 1 1 1 1 1 1 1 1 1 1 1 1 1 1 1 1 1 1 1 1 1 1 1 1 1 1 1 1 1 1 1 1 1 1 1 1 1 1 1 1 1 1 1 1 1 1 1 1 1 1 1 1 1 1 1 1 1 1 1 1 1 1 1 1 1 1 1 1 1 1 1 1 1 1 1 1 1 1 1 1 1 1 1 1 1 1 1 1 1 1 1 1 1 1 1 1 1 1 1 1 1 1 1 1 1 1 1 1 1 1 1 1 1 1 1 1 1 1 1 1 1 1 1 1 1 1 1 1 1 1 1 1 1 1 1 1 1 1 1 1 1 1 1 1 1 1 1 1 1 1 1 1 1 1 1 1 1 1 1 1 1 1 1 1 1 1 1 1 1 1 1 1 1 1 1 1 1 1 1 1 1 1 1 1 1 1 1 1 1 1 1 1 1 1 1 1 1 1 1 1 1 1 1 1 1 1 1 1 1 1 1 1 1 1 1 1 1 1 1 1 1 1 1 1 1 1 1 1 1 1 1 1 1 1 1 1 1 1 1 1 1 1 1 1 1 1 1 1 1 1 1 1 1 1 1 1 1 1 1 1 1 1 1 1 1 1 1 1 1 1 1 1 1 1 1 1 1 1 1 1 1 1 1 1 1 1 1 1 1 1 1 1 1 1 1 1 1 1 1 1 1 1 1 1 1 1 1 1 1 1 1 1 1 1 1 1 1 1 1 1 1 1 1 1 1 1 1 1 1 1 1 1 1 1 1 1 1 1 1 1 1 1 1 1 1 1 1 1 1 1 1 1 1 1 1 1 1 1 1 1 1 1 1 1 1 1 1 1 1 1 1 1 1 1 1 1 1 1 1 1 1 1 1 1 1 1 1 1 1 1 1 1 1 1 1 1 1 1 1 1 1 1 1 1 1 1 1 1 1 1 1 1 1 1 1 1 1 1 1 1 1 1 1 1 1 1 1 1 1 1 1 1 1 1 1 1 1 1 1 1 1 1 1 1 1 1 1 1 1 1 1 1 1 1 1 1 1 1 1 1 1 1 1 1 1 1 1 1 1 1 1 1 1 1 1 1 1 1 1 1 1 1 1 1 1 1 1 1 1 1 1 1 1 1 1 1 1 1 1 1 1 1 1 1 1 1 1 1 1 1 1 1 1 1 1 1 1 1 1 1 1 1 1 1 1 1 1 1 1 1 1 1 1 1 1 1 1 1 1 1 1 1 1 1 1 1 1 1 1 1 1 1 1 1 1 1 1 1 1 1 1 1 1 1 1 1 1 1 1 1 1 1 1 1 1 1 1 1 1 1 1 1 1 1 1 1 1 1 1 1 1 1 1 1 1 1 1 1 1 1 1 1 1 1 1 1 1 1 1 1 1 1 1 1 1 1 1 1 1 1 1 1 1 1 1 1 1 1 1 1 1 1 1 1 1 1 1 1 1 1 1 1 1 1 1 1 1 1 1 1 1 1 1 1 1 1 1 1 1 1 1 1 1 1 1 1 1 1 1 1 1 1 1 1 1 1 1 1 1 1 1 1 1 1 1 1 1 1 1 1 1 1 1 1 1 1 1 1 1 1 1 1 1 1 1 1 1 1 1 1 1 1 1 1 1 1 1 1 1 1 1 1 1 1 1 1 1 1 1 1 1 1 1 1 1 1 1 1 1 1 1 1 1 1 1 1 1 1 1 1 1 1 1 1 1 1 1 1 1 1 1 1 1 1 1 1 1 1 1 1 1 1 1 1 1 1 1 1 1 1 1 1 1 1 1 1 1 1 1 1 1 1 1 1 1 1 1 1 1 1 1 1 1 1 1 1 1 1 1 1 1 1 1 1 1 1 1 1 1 1 1 1 1 1 1 1 1 1 1 1 1 1 1 1 1 1 1 1 1 1 1 1 1 1 1 1 1 1 1 1 1 1 1 1 1 1 1 1 1 1 1 1 1 1 1 1 1 1 1 1 1 1 1 1 1 1 1 1 1 1 1 1 1 1 1 1 1 1 1 1 1 1 1 1 1 1 1 1 1 1 1 1 1 1 1 1 1 1 1 1 1 1 1 1 1 1 1 1 1 1 1 1 1 1 1 1 1 1 1 1 1 1 1 1 1 1 1 1 1 1 1 1 1 1 1 1 1 1 1 1 1 1 1 1 1 1 1 1 1 1 1 1 1 1 1 1 1 1 1 1 1 1 1 1 1 1 1 1 1 1 1 1 1 1 1 1 1 1 1 1 1 1 1 1 1 1 1 1 1 1 1 1 1 1 1 1 1 1 1 1 1 1 1 1 1 1 1 1 1 1 1 1 1 1 1 1 1 1 1 1 1 1 1 1 1 1 1 1 1 1 1 1 1 1 1 1 1 1 1 1 1 1 1 1 1 1 1 1 1 1 1 1 1 1 1 1 1 1 1 1 1 1 1 1 1 1 1 1 1 1 1 1 1 1 1 1 1 1 1 1 1 1 1 1 1 1 1 1 1 1 1 1 1 1 1 1 1 1 1 1 1 1 1 1 1 1 1 1 1 1 1 1 1 1 1 1 1 1 1 1 1 1 1 1 1 1 1 1 1 1 1 1 1 1 1 1 1 1 1 1 1 1 1 1 1 1 1 1 1 1 1 1 1 1 1 1 1 1 1 1 1 1 1 1 1 1 1 1 1 1 1 1 1 1 1 1 1 1 1 1 1 1 1 1 1 1 1 1 1 1 1 1 1 1 1 1 1 1 1 1 1 1 1 1 1 1 1 1 1 1 1 1 1 1 1 1 1 1 1 1 1 1 1 1 1 1 1 1 1 1 1 1 1 1 1 1 1 1 1 1 1 1 1 1 1 1 1 1 1 1 1 1 1 1 1 1 1 1 1 1 1 1 1 1 1 1 1 1 1 1 1 1 1 1 1 1 1 1 1 1 1 1 1 1 1 1 1 1 1 1 1 1 1 1 1 1 1 1 1 1 1 1 1 1 1 1 1 1 1 1 1 1 1 1 1 1 1 1 1 1 1 1 1 1 1 1 1 1 1 1 1 1 1 1 1 1 1 1 1 1 1 1 1 1 1 1 1 1 1 1 1 1 1 1 1 1 1 1 1 1 1 1 1 1 1 1 1 1 1 1 1 1 1 1 1 1 1 1 1 1 1 1 1 1 1 1 1 1 1 1 1 1 1 1 1 1 1 1 1 1 1 1 1 1 1 1 1 1 1 1 1 1 1 1 1 1 1 1 1 1 1 1 1 1 1 1 1 1 1 1 1 1 1 1 1 1 1 1 1 1 1 1 1 1 1 1 1 1 1 1 1 1 1 1 1 1 1 1 1 1 1 1 1 1 1 1 1 1 1 1 1 1 1 1 1 1 1 1 1 1 1 1 1 1 1 1 1 1 1 1 1 1 1 1 1 1 1 1 1 1 1 1 1 1 1 1 1 1 1 1 1 1 1 1 1 1 1 1 1 1 1 1 1 1 1 1 1 1 1 1 1 1 1 1 1 1 1 1 1 1 1 1 1 1 1 1 1 1 1 1 1 1 1 1 1 1 1 1 1 1 1 1 1 1 1 1 1 1 1 1 1 1 1 1 1 1 1 1 1 1 1 1 1 1 1 1 1 1 1 1 1 1 1 1 1 1 1 1 1 1 1 1 1 1 1 1 1 1 1 1 1 1 1 1 1 1 1 1 1 1 1 1 1 1 1 1 1 1 1 1 1 1 1 1 1 1 1 1 1 1 1 1 1 1 1 1 1 1 1 1 1 1 1 1 1 1 1 1 1 1 1 1 1 1 1 1 1 1 1 1 1 1 1 1 1 1 1 1 1 1 1 1 1 1 1 1 1 1 1 1 1 1 1 1 1 1 1 1 1 1 1 1 1 1 1 1 1 1 1 1 1 1 1 1 1 1 1 1 1 1 1 1 1 1 1 1 1 1 1 1 1 1 1 1 1 1 1 1 1 1 1 1 1 1 1 1 1 1 1 1 1 1 1 1 1 1 1 1 1 1 1 1 1 1 1 1 1 1 1 1 1 1 1 1 1 1 1 1 1 1 1 1 1 1 1 1 1 1 1 1 1 1 1 1 1 1 1 1 1 1 1 1 1 1 1 1 1 1 1 1 1 1 1 1 1 1 1 1 1 1 1 1 1 1 1 1 1 1 1 1 1 1 1 1 1 1 1 1 1 1 1 1 1 1 1 1 1 1 1 1 1 1 1 1 1 1 1 1 1 1 1 1 1 1 1 1 1 1 1 1 1 1 1 1 1 1 1 1 1 1 1 1 1 1 1 1 1 1 1 1 1 1 1 1 1 1 1 1 1 1 1 1 1 1 1 1 1 1 1 1 1 1 1 1 1 1 1 1 1 1 1 1 1 1 1 1 1 1 1 1 1 1 1 1 1 1 1 1 1 1 1 1 1 1 1 1 1 1 1 1 1 1 1 1 1 1 1 1 1 1 1 1 1 1 1 1 1 1 1 1 1 1 1 1 1 1 1 1 1 1 1 1 1 1 1 1 1 1 1 1 1 1 1 1 1 1 1 1 1 1 1 1 1 1 1 1 1 1 1 1 1 1 1 1 1 1 1 1 1 1 1 1 1 1 1 1 1 1 1 1 1 1 1 1 1 1 1 1 1 1 1 1 1 1 1 1 1 1 1 1 1 1 1 1 1 1 1 1 1 1 1 1 1 1 1 1 1 1 1 1 1 1 1 1 1 1 1 1 1 1 1 1 1 1 1 1 1 1 1 1 1 1 1 1 1 1 1 1 1 1 1 1 1 1 1 1 1 1 1 1 1 1 1 1 1 1 1 1 1 1 1 1 1 1 1 1 1 1 1 1 1 1 1 1 1 1 1 1 1 1 1 1 1 1 1 1 1 1 1 1 1 1 1 1 1 1 1 1 1 1 1 1 1 1 1 1 1 1 1 1 1 1 1 1 1 1 1 1 1 1 1 1 1 1 1 1 1 1 1 1 1 1 1 1 1 1 1 1 1 1 1 1 1 1 1 1 1 1 1 1 1 1 1 1 1 1 1 1 1 1 1 1 1 1 1 1 1 1 1 1 1 1 1 1 1 1 1 1 1 1 1 1 1 1 1 1 1 1 1 1 1 1 1 1 1 1 1 1 1 1 1 1 1 1 1 1 1 1 1 1 1 1 1 1 1 1 1 1 1 1 1 1 1 1 1 1 1 1 1 1 1 1 1 1 1 1 1 1 1 1 1 1 1 1 1 1 1 1 1 1 1 1 1 1 1 1 1 1 1 1 1 1 1 1 1 1 1 1 1 1 1 1 1 1 1 1 1 1 1 1 1 1 1 1 1 1 1 1 1 1 1 1 1 1 1 1 1 1 1 1 1 1 1 1 1 1 1 1 1 1 1 1 1 1 1 1 1 1 1 1 1 1 1 1 1 1 1 1 1 1 1 1 1 1 1 1 1 1 1 1 1 1 1 1 1 1 1 1 1 1 1 1 1 1 1 1 1 1 1 1 1 1 1 1 1 1 1 1 1 1 1 1 1 1 1 1 1 1 1 1 1 1 1 1 1 1 1 1 1 1 1 1 1 1 1 1 1 1 1 1 1 1 1 1 1 1 1 1 1 1 1 1 1 1 1 1 1 1 1 1 1 1 1 1 1 1 1 1 1 1 1 1 1 1 1 1 1 1 1 1 1 1 1 1 1 1 1 1 1 1 1 1 1 1 1 1 1 1 1 1 1 1 1 1 1 1 1 1 1 1 1 1 1 1 1 1 1 1 1 1 1 1 1 1 1 1 1 1 1 1 1 1 1 1 1 1 1 1 1 1 1 1 1 1 1 1 1 1 1 1 1 1 1 1 1 1 1 1 1 1 1 1 1 1 1 1 1 1 1 1 1 1 1 1 1 1 1 1 1 1 1 1 1 1 1 1 1 1 1 1 1 1 1 1 1 1 1 1 1 1 1 1 1 1 1 1 1 1 1 1 1 1 1 1 1 1 1 1 1 1 1 1 1 1 1 1 1 1 1 1 1 1 1 1 1 1 1 1 1 1 1 1 1 1 1 1 1 1 1 1 1 1 1 1 1 1 1 1 1 1 1 1 1 1 1 1 1 1 1 1 1 1 1 1 1 1 1 1 1 1 1 1 1 1 1 1 1 1 1 1 1 1 1 1 1 1 1 1 1 1 1 1 1 1 1 1 1 1 1 1 1 1 1 1 1 1 1 1 1 1 1 1 1 1 1 1 1 1 1 1 1 1 1 1 1 1 1 1 1 1 1 1 1 1 1 1 1 1 1 1 1 1 1 1 1 1 1 1 1 1 1 1 1 1 1 1 1 1 1 1 1 1 1 1 1 1 1 1 1 1 1 1 1 1 1 1 1 1 1 1 1 1 1 1 1 1 1 1 1 1 1 1 1 1 1 1 1 1 1 1 1 1 1 1 1 1 1 1 1 1 1 1 1 1 1 1 1 1 1 1 1 1 1 1 1 1 1 1 1 1 1 1 1 1 1 1 1 1 1 1 1 1 1 1 1 1 1 1 1 1 1 1 1 1 1 1 1 1 1 1 1 1 1 1 1 1 1 1 1 1 1 1 1 1 1 1 1 1 1 1 1 1 1 1 1 1 1 1 1 1 1 1 1 1 1 1 1 1 1 1 1 1 1 1 1 1 1 1 1 1 1 1 1 1 1 1 1 1 1 1 1 1 1 1 1 1 1 1 1 1 1 1 1 1 1 1 1 1 1 1 1 1 1 1 1 1 1 1 1 1 1 1 1 1 1 1 1 1 1 1 1 1 1 1 1 1 1 1 1 1 1 1 1 1 1 1 1 1 1 1 1 1 1 1 1 1 1 1 1 1 1 1 1 1 1 1 1 1 1 1 1 1 1 1 1 1 1 1 1 1 1 1 1 1 1 1 1 1 1 1 1 1 1 1 1 1 1 1 1 1 1 1 1 1 1 1 1 1 1 1 1 1 1 1 1 1 1 1 1 1 1 1 1 1 1 1 1 1 1 1 1 1 1 1 1 1 1 1 1 1 1 1 1 1 1 1 1 1 1 1 1 1 1 1 1 1 1 1 1 1 1 1 1 1 1 1 1 1 1 1 1 1 1 1 1 1 1 1 1 1 1 1 1 1 1 1 1 1 1 1 1 1 1 1 1 1 1 1 1 1 1 1 1 1 1 1 1 1 1 1 1 1 1 1 1 1 1 1 1 1 1 1 1 1 1 1 1 1 1 1 1 1 1 1 1 1 1 1 1 1 1 1 1 1 1 1 1 1 1 1 1 1 1 1 1 1 1 1 1 1 1 1 1 1 1 1 1 1 1 1 1 1 1 1 1 1 1 1 1 1 1 1 1 1 1 1 1 1 1 1 1 1 1 1 1 1 1 1 1 1 1 1 1 1 1 1 1 1 1 1 1 1 1 1 1 1 1 1 1 1 1 1 1 1 1 1 1 1 1 1 1 1 1 1 1 1 1 1 1 1 1 1 1 1 1 1 1 1 1 1 1 1 1 1 1 1 1 1 1 1 1 1 1 1 1 1 1 1 1 1 1 1 1 1 1 1 1 1 1 1 1 1 1 1 1 1 1 1 1 1 1 1 1 1 1 1 1 1 1 1 1 1 1 1 1 1 1 1 1 1 1 1 1 1 1 1 1 1 1 1 1 1 1 1 1 1 1 1 1 1 1 1 1 1 1 1 1 1 1 1 1 1 1 1 1 1 1 1 1 1 1 1 1 1 1 1 1 1 1 1 1 1 1 1 1 1 1 1 1 1 1 1 1 1 1 1 1 1 1 1 1 1 1 1 1 1 1 1 1 1 1 1 1 1 1 1 1 1 1 1 1 1 1 1 1 1 1 1 1 1 1 1 1 1 1 1 1 1 1 1 1 1 1 1 1 1 1 1 1 1 1 1 1 1 1 1 1 1 1 1 1 1 1 1 1 1 1 1 1 1 1 1 1 1 1 1 1 1 1 1 1 1 1 1 1 1 1 1 1 1 1 1 1 1 1 1 1 1 1 1 1 1 1 1 1 1 1 1 1 1 1 1 1 1 1 1 1 1 1 1 1 1 1 1 1 1 1 1 1 1 1 1 1 1 1 1 1 1 1 1 1 1 1 1 1 1 1 1 1 1 1 1 1 1 1 1 1 1 1 1 1 1 1 1 1 1 1 1 1 1 1 1 1 1 1 1 1 1 1 1 1 1 1 1 1 1 1 1 1 1 1 1 1 1 1 1 1 1 1 1 1 1 1 1 1 1 1 1 1 1 1 1 1 1 1 1 1 1 1 1 1 1 1 1 1 1 1 1 1 1 1 1 1 1 1 1 1 1 1 1 1 1 1 1 1 1 1 1 1 1 1 1 1 1 1 1 1 1 1 1 1 1 1 1 1 1 1 1 1 1 1 1 1 1 1 1 1 1 1 1 1 1 1 1 1 1 1 1 1 1 1 1 1 1 1 1 1 1 1 1 1 1 1 1 1 1 1 1 1 1 1 1 1 1 1 1 1 1 1 1 1 1 1 1 1 1 1 1 1 1 1 1 1 1 1 1 1 1 1 1 1 1 1 1 1 1 1 1 1 1 1 1 1 1 1 1 1 1 1 1 1 1 1 1 1 1 1 1 1 1 1 1 1 1 1 1 1 1 1 1 1 1 1 1 1 1 1 1 1 1 1 1 1 1 1 1 1 1 1 1 1 1 1 1 1 1 1 1 1 1 1 1 1 1 1 1 1 1 1 1 1 1 1 1 1 1 1 1 1 1 1 1 1 1 1 1 1 1 1 1 1 1 1 1 1 1 1 1 1 1 1 1 1 1 1 1 1 1 1 1 1 1 1 1 1 1 1 1 1 1 1 1 1 1 1 1 1 1 1 1 1 1 1 1 1 1 1 1 1 1 1 1 1 1 1 1 1 1 1 1 1 1 1 1 1 1 1 1 1 1 1 1 1 1 1 1 1 1 1 1 1 1 1 1 1 1 1 1 1 1 1 1 1 1 1 1 1 1 1 1 1 1 1 1 1 1 1 1 1 1 1 1 1 1 1 1 1 1 1 1 1 1 1 1 1 1 1 1 1 1 1 1 1 1 1 1 1 1 1 1 1 1 1 1 1 1 1 1 1 1 1 1 1 1 1 1 1 1 1 1 1 1 1 1 1 1 1 1 1 1 1 1 1 1 1 1 1 1 1 1 1 1 1 1 1 1 1 1 1 1 1 1 1 1 1 1 1 1 1 1 1 1 1 1 1 1 1 1 1 1 1 1 1 1 1 1 1 1 1 1 1 1 1 1 1 1 1 1 1 1 1 1 1 1 1 1 1 1 1 1 1 1 1 1 1 1 1 1 1 1 1 1 1 1 1 1 1 1 1 1 1 1 1 1 1 1 1 1 1 1 1 1 1 1 1 1 1 1 1 1 1 1 1 1 1 1 1 1 1 1 1 1 1 1 1 1 1 1 1 1 1 1 1 1 1 1 1 1 1 1 1 1 1 1 1 1 1 1 1 1 1 1 1 1 1 1 1 1 1 1 1 1 1 1 1 1 1 1 1 1 1 1 1 1 1 1 1 1 1 1 1 1 1 1 1 1 1 1 1 1 1 1 1 1 1 1 1 1 1 1 1 1 1 1 1 1 1 1 1 1 1 1 1 1 1 1 1 1 1 1 1 1 1 1 1 1 1 1 1 1 1 1 1 1 1 1 1 1 1 1 1 1 1 1 1 1 1 1 1 1 1 1 1 1 1 1 1 1 1 1 1 1 1 1 1 1 1 1 1 1 1 1 1 1 1 1 1 1 1 1 1 1 1 1 1 1 1 1 1 1 1 1 1 1 1 1 1 1 1 1 1 1 1 1 1 1 1 1 1 1 1 1 1 1 1 1 1 1 1 1 1 1 1 1 1 1 1 1 1 1 1 1 1 1 1 1 1 1 1 1 1 1 1 1 1 1 1 1 1 1 1 1 1 1 1 1 1 1 1 1 1 1 1 1 1 1 1 1 1 1 1 1 1 1 1 1 1 1 1 1 1 1 1 1 1 1 1 1 1 1 1 1 1 1 1 1 1 1 1 1 1 1 1 1 1 1 1 1 1 1 1 1 1 1 1 1 1 1 1 1 1 1 1 1 1 1 1 1 1 1 1 1 1 1 1 1 1 1 1 1 1 1 1 1 1 1 1 1 1 1 1 1 1 1 1 1 1 1 1 1 1 1 1 1 1 1 1 1 1 1 1 1 1 1 1 1 1 1 1 1 1 1 1 1 1 1 1 1 1 1 1 1 1 1 1 1 1 1 1 1 1 1 1 1 1 1 1 1 1 1 1 1 1 1 1 1 1 1 1 1 1 1 1 1 1 1 1 1 1 1 1 1 1 1 1 1 1 1 1 1 1 1 1 1 1 1 1 1 1 1 1 1 1 1 1 1 1 1 1 1 1 1 1 1 1 1 1 1 1 1 1 1 1 1 1 1 1 1 1 1 1 1 1 1 1 1 1 1 1 1 1 1 1 1 1 1 1 1 1 1 1 1 1 1 1 1 1 1 1 1 1 1 1 1 1 1 1 1 1 1 1 1 1 1 1 1 1 1 1 1 1 1 1 1 1 1 1 1 1 1 1 1 1 1 1 1 1 1 1 1 1 1 1 1 1 1 1 1 1 1 1 1 1 1 1 1 1 1 1 1 1 1 1 1 1 1 1 1 1 1 1 1 1 1 1 1 1 1 1 1 1 1 1 1 1 1 1 1 1 1 1 1 1 1 1 1 1 1 1 1 1 1 1 1 1 1 1 1 1 1 1 1 1 1 1 1 1 1 1 1 1 1 1 1 1 1 1 1 1 1 1 1 1 1 1 1 1 1 1 1 1 1 1 1 1 1 1 1 1 1 1 1 1 1 1 1 1 1 1 1 1 1 1 1 1 1 1 1 1 1 1 1 1 1 1 1 1 1 1 1 1 1 1 1 1 1 1 1 1 1 1 1 1 1 1 1 1 1 1 1 1 1 1 1 1 1 1 1 1 1 1 1 1 1 1 1 1 1 1 1 1 1 1 1 1 1 1 1 1 1 1 1 1 1 1 1 1 1 1 1 1 1 1 1 1 1 1 1 1 1 1 1 1 1 1 1 1 1 1 1 1 1 1 1 1 1 1 1 1 1 1 1 1 1 1 1 1 1 1 1 1 1 1 1 1 1 1 1 1 1 1 1 1 1 1 1 1 1 1 1 1 1 1 1 1 1 1 1 1 1 1 1 1 1 1 1 1 1 1 1 1 1 1 1 1 1 1 1 1 1 1 1 1 1 1 1 1 1 1 1 1 1 1 1 1 1 1 1 1 1 1 1 1 1 1 1 1 1 1 1 1 1 1 1 1 1 1 1 1 1 1 1 1 1 1 1 1 1 1 1 1 1 1 1 1 1 1 1 1 1 1 1 1 1 1 1 1 1 1 1 1 1 1 1 1 1 1 1 1 1 1 1 1 1 1 1 1 1 1 1 1 1 1 1 1 1 1 1 1 1 1 1 1 1 1 1 1 1 1 1 1 1 1 1 1 1 1 1 1 1 1 1 1 1 1 1 1 1 1 1 1 1 1 1 1 1 1 1 1 1 1 1 1 1 1 1 1 1 1 1 1 1 1 1 1 1 1 1 1 1 1 1 1 1 1 1 1 1 1 1 1 1 1 1 1 1 1 1 1 1 1 1 1 1 1 1 1 1 1 1 1 1 1 1 1 1 1 1 1 1 1 1 1 1 1 1 1 1 1 1 1 1 1 1 1 1 1 1 1 1 1 1 1 1 1 1 1 1 1 1 1 1 1 1 1 1 1 1 1 1 1 1 1 1 1 1 1 1 1 1 1 1 1 1 1 1 1 1 1 1 1 1 1 1 1 1 1 1 1 1 1 1 1 1 1 1 1 1 1 1 1 1 1 1 1 1 1 1 1 1 1 1 1 1 1 1 1 1 1 1 1 1 1 1 1 1 1 1 1 1 1 1 1 1 1 1 1 1 1 1 1 1 1 1 1 1 1 1 1 1 1 1 1 1 1 1 1 1 1 1 1 1 1 1 1 1 1 1 1 1 1 1 1 1 1 1 1 1 1 1 1 1 1 1 1 1 1 1 1 1 1 1 1 1 1 1 1 1 1 1 1 1 1 1 1 1 1 1 1 1 1 1 1 1 1 1 1 1 1 1 1 1 1 1 1 1 1 1 1 1 1 1 1 1 1 1 1 1 1 1 1 1 1 1 1 1 1 1 1 1 1 1 1 1 1 1 1 1 1 1 1 1 1 1 1 1 1 1 1 1 1 1 1 1 1 1 1 1 1 1 1 1 1 1 1 1 1 1 1 1 1 1 1 1 1 1 1 1 1 1 1 1 1 1 1 1 1 1 1 1 1 1 1 1 1 1 1 1 1 1 1 1 1 1 1 1 1 1 1 1 1 1 1 1 1 1 1 1 1 1 1 1 1 1 1 1 1 1 1 1 1 1 1 1 1 1 1 1 1 1 1 1 1 1 1 1 1 1 1 1 1 1 1 1 1 1 1 1 1 1 1 1 1 1 1 1 1 1 1 1 1 1 1 1 1 1 1 1 1 1 1 1 1 1 1 1 1 1 1 1 1 1 1 1 1 1 1 1 1 1 1 1 1 1 1 1 1 1 1 1 1 1 1 1 1 1 1 1 1 1 1 1 1 1 1 1 1 1 1 1 1 1 1 1 1 1 1 1 1 1 1 1 1 1 1 1 1 1 1 1 1 1 1 1 1 1 1 1 1 1 1 1 1 1 1 1 1 1 1 1 1 1 1 1 1 1 1 1 1 1 1 1 1 1 1 1 1 1 1 1 1 1 1 1 1 1 1 1 1 1 1 1 1 1 1 1 1 1 1 1 1 1 1 1 1 1 1 1 1 1 1 1 1 1 1 1 1 1 1 1 1 1 1 1 1 1 1 1 1 1 1 1 1 1 1 1 1 1 1 1 1 1 1 1 1 1 1 1 1 1 1 1 1 1 1 1 1 1 1 1 1 1 1 1 1 1 1 1 1 1 1 1 1 1 1 1 1 1 1 1 1 1 1 1 1 1 1 1 1 1 1 1 1 1 1 1 1 1 1 1 1 1 1 1 1 1 1 1 1 1 1 1 1 1 1 1 1 1 1 1 1 1 1 1 1 1 1 1 1 1 1 1 1 1 1 1 1 1 1 1 1 1 1 1 1 1 1 1 1 1 1 1 1 1 1 1 1 1 1 1 1 1 1 1 1 1 1 1 1 1 1 1 1 1 1 1 1 1 1 1 1 1 1 1 1 1 1 1 1 1 1 1 1 1 1 1 1 1 1 1 1 1 1 1 1 1 1 1 1 1 1 1 1 1 1 1 1 1 1 1 1 1 1 1 1 1 1 1 1 1 1 1 1 1 1 1 1 1 1 1 1 1 1 1 1 1 1 1 1 1 1 1 1 1 1 1 1 1 1 1 1 1 1 1 1 1 1 1 1 1 1 1 1 1 1 1 1 1 1 1 1 1 1 1 1 1 1 1 1 1 1 1 1 1 1 1 1 1 1 1 1 1 1 1 1 1 1 1 1 1 1 1 1 1 1 1 1 1 1 1 1 1 1 1 1 1 1 1 1 1 1 1 1 1 1 1 1 1 1 1 1 1 1 1 1 1 1 1 1 1 1 1 1 1 1 1 1 1 1 1 1 1 1 1 1 1 1 1 1 1 1 1 1 1 1 1 1 1 1 1 1 1 1 1 1 1 1 1 1 1 1 1 1 1 1 1 1 1 1 1 1 1 1 1 1 1 1 1 1 1 1 1 1 1 1 1 1 1 1 1 1 1 1 1 1 1 1 1 1 1 1 1 1 1 1 1 1 1 1 1 1 1 1 1 1 1 1 1 1 1 1 1 1 1 1 1 1 1 1 1 1 1 1 1 1 1 1 1 1 1 1 1 1 1 1 1 1 1 1 1 1 1 1 1 1 1 1 1 1 1 1 1 1 1 1 1 1 1 1 1 1 1 1 1 1 1 1 1 1 1 1 1 1 1 1 1 1 1 1 1 1 1 1 1 1 1 1 1 1 1 1 1 1 1 1 1 1 1 1 1 1 1 1 1 1 1 1 1 1 1 1 1 1 1 1 1 1 1 1 1 1 1 1 1 1 1 1 1 1 1 1 1 1 1 1 1 1 1 1 1 1 1 1 1 1 1 1 1 1 1 1 1 1 1 1 1 1 1 1 1 1 1 1 1 1 1 1 1 1 1 1 1 1 1 1 1 1 1 1 1 1 1 1 1 1 1 1 1 1 1 1 1 1 1 1 1 1 1 1 1 1 1 1 1 1 1 1 1 1 1 1 1 1 1 1 1 1 1 1 1 1 1 1 1 1 1 1 1 1 1 1 1 1 1 1 1 1 1 1 1 1 1 1 1 1 1 1 1 1 1 1 1 1 1 1 1 1 1 1 1 1 1 1 1 1 1 1 1 1 1 1 1 1 1 1 1 1 1 1 1 1 1 1 1 1 1 1 1 1 1 1 1 1 1 1 1 1 1 1 1 1 1 1 1 1 1 1 1 1 1 1 1 1 1 1 1 1 1 1 1 1 1 1 1 1 1 1 1 1 1 1 1 1 1 1 1 1 1 1 1 1 1 1 1 1 1 1 1 1 1 1 1 1 1 1 1 1 1 1 1 1 1 1 1 1 1 1 1 1 1 1 1 1 1 1 1 1 1 1 1 1 1 1 1 1 1 1 1 1 1 1 1 1 1 1 1 1 1 1 1 1 1 1 1 1 1 1 1 1 1 1 1 1 1 1 1 1 1 1 1 1 1 1 1 1 1 1 1 1 1 1 1 1 1 1 1 1 1 1 1 1 1 1 1 1 1 1 1 1 1 1 1 1 1 1 1 1 1 1 1 1 1 1 1 1 1 1 1 1 1 1 1 1 1 1 1 1 1 1 1 1 1 1 1 1 1 1 1 1 1 1 1 1 1 1 1 1 1 1 1 1 1 1 1 1 1 1 1 1 1 1 1 1 1 1 1 1 1 1 1 1 1 1 1 1 1 1 1 1 1 1 1 1 1 1 1 1 1 1 1 1 1 1 1 1 1 1 1 1 1 1 1 1 1 1 1 1 1 1 1 1 1 1 1 1 1 1 1 1 1 1 1 1 1 1 1 1 1 1 1 1 1 1 1 1 1 1 1 1 1 1 1 1 1 1 1 1 1 1 1 1 1 1 1 1 1 1 1 1 1 1 1 1 1 1 1 1 1 1 1 1 1 1 1 1 1 1 1 1 1 1 1 1 1 1 1 1 1 1 1 1 1 1 1 1 1 1 1 1 1 1 1 1 1 1 1 1 1 1 1 1 1 1 1 1 1 1 1 1 1 1 1 1 1 1 1 1 1 1 1 1 1 1 1 1 1 1 1 1 1 1 1 1 1 1 1 1 1 1 1 1 1 1 1 1 1 1 1 1 1 1 1 1 1 1 1 1 1 1 1 1 1 1 1 1 1 1 1 1 1 1 1 1 1 1 1 1 1 1 1 1 1 1 1 1 1 1 1 1 1 1 1 1 1 1 1 1 1 1 1 1 1 1 1 1 1 1 1 1 1 1 1 1 1 1 1 1 1 1 1 1 1 1 1 1 1 1 1 1 1 1 1 1 1 1 1 1 1 1 1 1 1 1 1 1 1 1 1 1 1 1 1 1 1 1 1 1 1 1 1 1 1 1 1 1 1 1 1 1 1 1 1 1 1 1 1 1 1 1 1 1 1 1 1 1 1 1 1 1 1 1 1 1 1 1 1 1 1 1 1 1 1 1 1 1 1 1 1 1 1 1 1 1 1 1 1 1 1 1 1 1 1 1 1 1 1 1 1 1 1 1 1 1 1 1 1 1 1 1 1 1 1 1 1 1 1 1 1 1 1 1 1 1 1 1 1 1 1 1 1 1 1 1 1 1 1 1 1 1 1 1 1 1 1 1 1 1 1 1 1 1 1 1 1 1 1 1 1 1 1 1 1 1 1 1 1 1 1 1 1 1 1 1 1 1 1 1 1 1 1 1 1 1 1 1 1 1 1 1 1 1 1 1 1 1 1 1 1 1 1 1 1 1 1 1 1 1 1 1 1 1 1 1 1 1 1 1 1 1 1 1 1 1 1 1 1 1 1 1 1 1 1 1 1 1 1 1 1 1 1 1 1 1 1 1 1 1 1 1 1 1 1 1 1 1 1 1 1 1 1 1 1 1 1 1 1 1 1 1 1 1 1 1 1 1 1 1 1 1 1 1 1 1 1 1 1 1 1 1 1 1 1 1 1 1 1 1 1 1 1 1 1 1 1 1 1 1 1 1 1 1 1 1 1 1 1 1 1 1 1 1 1 1 1 1 1 1 1 1 1 1 1 1 1 1 1 1 1 1 1 1 1 1 1 1 1 1 1 1 1 1 1 1 1 1 1 1 1 1 1 1 1 1 1 1 1 1 1 1 1 1 1 1 1 1 1 1 1 1 1 1 1 1 1 1 1 1 1 1 1 1 1 1 1 1 1 1 1 1 1 1 1 1 1 1 1 1 1 1 1 1 1 1 1 1 1 1 1 1 1 1 1 1 1 1 1 1 1 1 1 1 1 1 1 1 1 1 1 1 1 1 1 1 1 1 1 1 1 1 1 1 1 1 1 1 1 1 1 1 1 1 1 1 1 1 1 1 1 1 1 1 1 1 1 1 1 1 1 1 1 1 1 1 1 1 1 1 1 1 1 1 1 1 1 1 1 1 1 1 1 1 1 1 1 1 1 1 1 1 1 1 1 1 1 1 1 1 1 1 1 1 1 1 1 1 1 1 1 1 1 1 1 1 1 1 1 1 1 1 1 1 1 1 1 1 1 1 1 1 1 1 1 1 1 1 1 1 1 1 1 1 1 1 1 1 1 1 1 1 1 1 1 1 1 1 1 1 1 1 1 1 1 1 1 1 1 1 1 1 1 1 1 1 1 1 1 1 1 1 1 1 1 1 1 1 1 1 1 1 1 1 1 1 1 1 1 1 1 1 1 1 1 1 1 1 1 1 1 1 1 1 1 1 1 1 1 1 1 1 1 1 1 1 1 1 1 1 1 1 1 1 1 1 1 1 1 1 1 1 1 1 1 1 1 1 1 1 1 1 1 1 1 1 1 1 1 1 1 1 1 1 1 1 1 1 1 1 1 1 1 1 1 1 1 1 1 1 1 1 1 1 1 1 1 1 1 1 1 1 1 1 1 1 1 1 1 1 1 1 1 1 1 1 1 1 1 1 1 1 1 1 1 1 1 1 1 1 1 1 1 1 1 1 1 1 1 1 1 1 1 1 1 1 1 1 1 1 1 1 1 1 1 1 1 1 1 1 1 1 1 1 1 1 1 1 1 1 1 1 1 1 1 1 1 1 1 1 1 1 1 1 1 1 1 1 1 1 1 1 1 1 1 1 1 1 1 1 1 1 1 1 1 1 1 1 1 1 1 1 1 1 1 1 1 1 1 1 1 1 1 1 1 1 1 1 1 1 1 1 1 1 1 1 1 1 1 1 1 1 1 1 1 1 1 1 1 1 1 1 1 1 1 1 1 1 1 1 1 1 1 1 1 1 1 1 1 1 1 1 1 1 1 1 1 1 1 1 1 1 1 1 1 1 1 1 1 1 1 1 1 1 1 1 1 1 1 1 1 1 1 1 1 1 1 1 1 1 1 1 1 1 1 1 1 1 1 1 1 1 1 1 1 1 1 1 1 1 1 1 1 1 1 1 1 1 1 1 1 1 1 1 1 1 1 1 1 1 1 1 1 1 1 1 1 1 1 1 1 1 1 1 1 1 1 1 1 1 1 1 1 1 1 1 1 1 1 1 1 1 1 1 1 1 1 1 1 1 1 1 1 1 1 1 1 1 1 1 1 1 1 1 1 1 1 1 1 1 1 1 1 1 1 1 1 1 1 1 1 1 1 1 1 1 1 1 1 1 1 1 1 1 1 1 1 1 1 1 1 1 1 1 1 1 1 1 1 1 1 1 1 1 1 1 1 1 1 1 1 1 1 1 1 1 1 1 1 1 1 1 1 1 1 1 1 1 1 1 1 1 1 1 1 1 1 1 1 1 1 1 1 1 1 1 1 1 1 1 1 1 1 1 1 1 1 1 1 1 1 1 1 1 1 1 1 1 1 1 1 1 1 1 1 1 1 1 1 1 1 1 1 1 1 1 1 1 1 1 1 1 1 1 1 1 1 1 1 1 1 1 1 1 1 1 1 1 1 1 1 1 1 1 1 1 1 1 1 1 1 1 1 1 1 1 1 1 1 1 1 1 1 1 1 1 1 1 1 1 1 1 1 1 1 1 1 1 1 1 1 1 1 1 1 1 1 1 1 1 1 1 1 1 1 1 1 1 1 1 1 1 1 1 1 1 1 1 1 1 1 1 1 1 1 1 1 1 1 1 1 1 1 1 1 1 1 1 1 1 1 1 1 1 1 1 1 1 1 1 1 1 1 1 1 1 1 1 1 1 1 1 1 1 1 1 1 1 1 1 1 1 1 1 1 1 1 1 1 1 1 1 1 1 1 1 1 1 1 1 1 1 1 1 1 1 1 1 1 1 1 1 1 1 1 1 1 1 1 1 1 1 1 1 1 1 1 1 1 1 1 1 1 1 1 1 1 1 1 1 1 1 1 1 1 1 1 1 1 1 1 1 1 1 1 1 1 1 1 1 1 1 1 1 1 1 1 1 1 1 1 1 1 1 1 1 1 1 1 1 1 1 1 1 1 1 1 1 1 1 1 1 1 1 1 1 1 1 1 1 1 1 1 1 1 1 1 1 1 1 1 1 1 1 1 1 1 1 1 1 1 1 1 1 1 1 1 1 1 1 1 1 1 1 1 1 1 1 1 1 1 1 1 1 1 1 1 1 1 1 1 1 1 1 1 1 1 1 1 1 1 1 1 1 1 1 1 1 1 1 1 1 1 1 1 1 1 1 1 1 1 1 1 1 1 1 1 1 1 1 1 1 1 1 1 1 1 1 1 1 1 1 1 1 1 1 1 1 1 1 1 1 1 1 1 1 1 1 1 1 1 1 1 1 1 1 1 1 1 1 1 1 1 1 1 1 1 1 1 1 1 1 1 1 1 1 1 1 1 1 1 1 1 1 1 1 1 1 1 1 1 1 1 1 1 1 1 1 1 1 1 1 1 1 1 1 1 1 1 1 1 1 1 1 1 1 1 1 1 1 1 1 1 1 1 1 1 1 1 1 1 1 1 1 1 1 1 1 1 1 1 1 1 1 1 1 1 1 1 1 1 1 1 1 1 1 1 1 1 1 1 1 1 1 1 1 1 1 1 1 1 1 1 1 1 1 1 1 1 1 1 1 1 1 1 1 1 1 1 1 1 1 1 1 1 1 1 1 1 1 1 1 1 1 1 1 1 1 1 1 1 1 1 1 1 1 1 1 1 1 1 1 1 1 1 1 1 1 1 1 1 1 1 1 1 1 1 1 1 1 1 1 1 1 1 1 1 1 1 1 1 1 1 1 1 1 1 1 1 1 1 1 1 1 1 1 1 1 1 1 1 1 1 1 1 1 1 1 1 1 1 1 1 1 1 1 1 1 1 1 1 1 1 1 1 1 1 1 1 1 1 1 1 1 1 1 1 1 1 1 1 1 1 1 1 1 1 1 1 1 1 1 1 1 1 1 1 1 1 1 1 1 1 1 1 1 1 1 1 1 1 1 1 1 1 1 1 1 1 1 1 1 1 1 1 1 1 1 1 1 1 1 1 1 1 1 1 1 1 1 1 1 1 1 1 1 1 1 1 1 1 1 1 1 1 1 1 1 1 1 1 1 1 1 1 1 1 1 1 1 1 1 1 1 1 1 1 1 1 1 1 1 1 1 1 1 1 1 1 1 1 1 1 1 1 1 1 1 1 1 1 1 1 1 1 1 1 1 1 1 1 1 1 1 1 1 1 1 1 1 1 1 1 1 1 1 1 1 1 1 1 1 1 1 1 1 1 1 1 1 1 1 1 1 1 1 1 1 1 1 1 1 1 1 1 1 1 1 1 1 1 1 1 1 1 1 1 1 1 1 1 1 1 1 1 1 1 1 1 1 1 1 1 1 1 1 1 1 1 1 1 1 1 1 1 1 1 1 1 1 1 1 1 1 1 1 1 1 1 1 1 1 1 1 1 1 1 1 1 1 1 1 1 1 1 1 1 1 1 1 1 1 1 1 1 1 1 1 1 1 1 1 1 1 1 1 1 1 1 1 1 1 1 1 1 1 1 1 1 1 1 1 1 1 1 1 1 1 1 1 1 1 1 1 1 1 1 1 1 1 1 1 1 1 1 1 1 1 1 1 1 1 1 1 1 1 1 1 1 1 1 1 1 1 1 1 1 1 1 1 1 1 1 1 1 1 1 1 1 1 1 1 1 1 1 1 1 1 1 1 1 1 1 1 1 1 1 1 1 1 1 1 1 1 1 1 1 1 1 1 1</float_array>
          <technique_common>
            <accessor source="#Mesh-mesh-colors-Color-array" count="10482" stride="4">
              <param name="R" type="float"/>
              <param name="G" type="float"/>
              <param name="B" type="float"/>
              <param name="A" type="float"/>
            </accessor>
          </technique_common>
        </source>
        <vertices id="Mesh-mesh-vertices">
          <input semantic="POSITION" source="#Mesh-mesh-positions"/>
        </vertices>
        <triangles material="enm_motora_body-material" count="3494">
          <input semantic="VERTEX" source="#Mesh-mesh-vertices" offset="0"/>
          <input semantic="NORMAL" source="#Mesh-mesh-normals" offset="1"/>
          <input semantic="TEXCOORD" source="#Mesh-mesh-map-0" offset="2" set="0"/>
          <input semantic="COLOR" source="#Mesh-mesh-colors-Color" offset="3" set="0"/>
          <p>327 0 0 0 326 1 1 1 325 2 2 2 2 3 3 3 1 4 4 4 0 5 5 5 25 6 6 6 0 5 7 7 1 4 8 8 27 7 9 9 0 5 10 10 25 6 11 11 27 7 12 12 25 6 13 13 26 8 14 14 26 8 15 15 25 6 16 16 24 9 17 17 24 9 18 18 7 10 19 19 26 8 20 20 26 8 21 21 7 10 22 22 6 11 23 23 7 10 24 24 3 12 25 25 6 11 26 26 6 11 27 27 3 12 28 28 4 13 29 29 5 14 30 30 4 13 31 31 3 12 32 32 10 15 33 33 9 16 34 34 8 17 35 35 11 18 36 36 9 16 37 37 10 15 38 38 28 19 39 39 8 17 40 40 9 16 41 41 11 18 42 42 10 15 43 43 13 20 44 44 29 21 45 45 8 17 46 46 28 19 47 47 13 20 48 48 10 15 49 49 12 22 50 50 55 23 51 51 13 20 52 52 12 22 53 53 29 21 54 54 28 19 55 55 15 24 56 56 15 24 57 57 28 19 58 58 14 25 59 59 16 26 60 60 15 24 61 61 14 25 62 62 17 27 63 63 15 24 64 64 16 26 65 65 17 27 66 66 16 26 67 67 19 28 68 68 19 28 69 69 16 26 70 70 18 29 71 71 54 30 72 72 19 28 73 73 18 29 74 74 22 31 75 75 21 32 76 76 20 33 77 77 42 34 78 78 22 31 79 79 20 33 80 80 23 35 81 81 21 32 82 82 22 31 83 83 22 31 84 84 42 34 85 85 43 36 86 86 23 35 87 87 47 37 88 88 21 32 89 89 43 36 90 90 42 34 91 91 41 38 92 92 21 32 93 93 47 37 94 94 46 39 95 95 41 38 96 96 56 40 97 97 43 36 98 98 57 41 99 99 56 40 100 100 41 38 101 101 47 37 102 102 45 42 103 103 46 39 104 104 46 39 105 105 45 42 106 106 44 43 107 107 44 43 108 108 45 42 109 109 48 44 110 110 45 42 111 111 49 45 112 112 48 44 113 113 50 46 114 114 49 45 115 115 45 42 116 116 50 46 117 117 51 47 118 118 49 45 119 119 52 48 120 120 51 47 121 121 50 46 122 122 51 47 123 123 52 48 124 124 53 49 125 125 52 48 126 126 30 50 127 127 53 49 128 128 32 51 129 129 30 50 130 130 52 48 131 131 32 51 132 132 31 52 133 133 30 50 134 134 33 53 135 135 31 52 136 136 32 51 137 137 31 52 138 138 33 53 139 139 36 54 140 140 36 54 141 141 33 53 142 142 35 55 143 143 36 54 144 144 35 55 145 145 34 56 146 146 35 55 147 147 37 57 148 148 34 56 149 149 38 58 150 150 37 57 151 151 35 55 152 152 38 58 153 153 39 59 154 154 37 57 155 155 40 60 156 156 39 59 157 157 38 58 158 158 60 61 159 159 59 62 160 160 58 63 161 161 61 64 162 162 59 62 163 163 60 61 164 164 61 64 165 165 82 65 166 166 59 62 167 167 83 66 168 168 82 65 169 169 61 64 170 170 62 67 171 171 61 64 172 172 60 61 173 173 83 66 174 174 61 64 175 175 77 68 176 176 63 69 177 177 61 64 178 178 62 67 179 179 77 68 180 180 61 64 181 181 63 69 182 182 64 70 183 183 63 69 184 184 62 67 185 185 77 68 186 186 63 69 187 187 76 71 188 188 65 72 189 189 63 69 190 190 64 70 191 191 76 71 192 192 63 69 193 193 65 72 194 194 66 73 195 195 65 72 196 196 64 70 197 197 76 71 198 198 65 72 199 199 78 74 200 200 67 75 201 201 65 72 202 202 66 73 203 203 78 74 204 204 65 72 205 205 67 75 206 206 68 76 207 207 67 75 208 208 66 73 209 209 78 74 210 210 67 75 211 211 84 77 212 212 69 78 213 213 67 75 214 214 68 76 215 215 84 77 216 216 67 75 217 217 69 78 218 218 70 79 219 219 69 78 220 220 68 76 221 221 84 77 222 222 69 78 223 223 80 80 224 224 71 81 225 225 69 78 226 226 70 79 227 227 80 80 228 228 69 78 229 229 71 81 230 230 72 82 231 231 71 81 232 232 70 79 233 233 80 80 234 234 71 81 235 235 79 83 236 236 73 84 237 237 71 81 238 238 72 82 239 239 79 83 240 240 71 81 241 241 73 84 242 242 74 85 243 243 73 84 244 244 72 82 245 245 79 83 246 246 73 84 247 247 81 86 248 248 75 87 249 249 73 84 250 250 74 85 251 251 81 86 252 252 73 84 253 253 75 87 254 254 87 88 255 255 86 89 256 256 85 90 257 257 85 90 258 258 86 89 259 259 93 91 260 260 88 92 261 261 86 89 262 262 87 88 263 263 93 91 264 264 86 89 265 265 92 93 266 266 89 94 267 267 86 89 268 268 88 92 269 269 92 93 270 270 86 89 271 271 91 95 272 272 90 96 273 273 86 89 274 274 89 94 275 275 91 95 276 276 86 89 277 277 90 96 278 278 96 97 279 279 95 98 280 280 94 99 281 281 95 98 282 282 96 97 283 283 129 100 284 284 129 100 285 285 96 97 286 286 128 101 287 287 96 97 288 288 102 102 289 289 128 101 290 290 128 101 291 291 102 102 292 292 127 103 293 293 102 102 294 294 96 97 295 295 94 99 296 296 102 102 297 297 108 104 298 298 109 105 299 299 101 106 300 300 108 104 301 301 102 102 302 302 101 106 303 303 102 102 304 304 94 99 305 305 101 106 306 306 107 107 307 307 108 104 308 308 100 108 309 309 107 107 310 310 101 106 311 311 100 108 312 312 101 106 313 313 94 99 314 314 100 108 315 315 106 109 316 316 107 107 317 317 99 110 318 318 106 109 319 319 100 108 320 320 99 110 321 321 100 108 322 322 94 99 323 323 99 110 324 324 105 111 325 325 106 109 326 326 98 112 327 327 105 111 328 328 99 110 329 329 98 112 330 330 99 110 331 331 94 99 332 332 98 112 333 333 103 113 334 334 105 111 335 335 97 114 336 336 98 112 337 337 94 99 338 338 97 114 339 339 103 113 340 340 98 112 341 341 95 98 342 342 97 114 343 343 94 99 344 344 97 114 345 345 104 115 346 346 103 113 347 347 95 98 348 348 104 115 349 349 97 114 350 350 112 116 351 351 111 117 352 352 110 118 353 353 112 116 354 354 110 118 355 355 115 119 356 356 113 120 357 357 111 117 358 358 112 116 359 359 115 119 360 360 110 118 361 361 114 121 362 362 115 119 363 363 114 121 364 364 117 122 365 365 113 120 366 366 124 123 367 367 111 117 368 368 125 124 369 369 124 123 370 370 113 120 371 371 110 118 372 372 111 117 373 373 126 125 374 374 111 117 375 375 124 123 376 376 126 125 377 377 114 121 378 378 110 118 379 379 126 125 380 380 125 124 381 381 122 126 382 382 124 123 383 383 124 123 384 384 122 126 385 385 126 125 386 386 123 127 387 387 122 126 388 388 125 124 389 389 123 127 390 390 120 128 391 391 122 126 392 392 122 126 393 393 120 128 394 394 126 125 395 395 121 129 396 396 120 128 397 397 123 127 398 398 121 129 399 399 118 130 400 400 120 128 401 401 120 128 402 402 118 130 403 403 126 125 404 404 119 131 405 405 118 130 406 406 121 129 407 407 118 130 408 408 116 132 409 409 126 125 410 410 119 131 411 411 116 132 412 412 118 130 413 413 116 132 414 414 114 121 415 415 126 125 416 416 117 122 417 417 116 132 418 418 119 131 419 419 117 122 420 420 114 121 421 421 116 132 422 422 132 133 423 423 131 134 424 424 130 135 425 425 134 136 426 426 132 133 427 427 130 135 428 428 132 133 429 429 144 137 430 430 131 134 431 431 144 137 432 432 143 138 433 433 131 134 434 434 132 133 435 435 134 136 436 436 135 139 437 437 135 139 438 438 144 137 439 439 132 133 440 440 135 139 441 441 134 136 442 442 133 140 443 443 133 140 444 444 136 141 445 445 135 139 446 446 144 137 447 447 198 142 448 448 143 138 449 449 143 138 450 450 198 142 451 451 162 143 452 452 142 144 453 453 144 137 454 454 135 139 455 455 142 144 456 456 198 142 457 457 144 137 458 458 135 139 459 459 136 141 460 460 137 145 461 461 138 146 462 462 137 145 463 463 136 141 464 464 198 142 465 465 148 147 466 466 162 143 467 467 148 147 468 468 155 148 469 469 162 143 470 470 137 145 471 471 140 149 472 472 135 139 473 473 135 139 474 474 140 149 475 475 142 144 476 476 139 150 477 477 140 149 478 478 137 145 479 479 139 150 480 480 137 145 481 481 138 146 482 482 196 151 483 483 142 144 484 484 140 149 485 485 139 150 486 486 138 146 487 487 177 152 488 488 177 152 489 489 138 146 490 490 176 153 491 491 176 153 492 492 181 154 493 493 177 152 494 494 141 155 495 495 140 149 496 496 139 150 497 497 177 152 498 498 141 155 499 499 139 150 500 500 199 156 501 501 140 149 502 502 141 155 503 503 196 151 504 504 140 149 505 505 199 156 506 506 184 157 507 507 141 155 508 508 177 152 509 509 184 157 510 510 199 156 511 511 141 155 512 512 177 152 513 513 181 154 514 514 180 158 515 515 181 154 516 516 179 159 517 517 180 158 518 518 180 158 519 519 179 159 520 520 178 160 521 521 180 158 522 522 183 161 523 523 177 152 524 524 180 158 525 525 178 160 526 526 183 161 527 527 183 161 528 528 178 160 529 529 182 162 530 530 177 152 531 531 183 161 532 532 184 157 533 533 202 163 534 534 183 161 535 535 182 162 536 536 200 164 537 537 184 157 538 538 183 161 539 539 200 164 540 540 183 161 541 541 202 163 542 542 201 165 543 543 184 157 544 544 200 164 545 545 201 165 546 546 199 156 547 547 184 157 548 548 200 164 549 549 202 163 550 550 187 166 551 551 200 164 552 552 187 166 553 553 201 165 554 554 187 166 555 555 202 163 556 556 190 167 557 557 199 156 558 558 201 165 559 559 159 168 560 560 187 166 561 561 190 167 562 562 188 169 563 563 188 169 564 564 190 167 565 565 189 170 566 566 201 165 567 567 187 166 568 568 186 171 569 569 159 168 570 570 201 165 571 571 186 171 572 572 188 169 573 573 185 172 574 574 187 166 575 575 187 166 576 576 185 172 577 577 186 171 578 578 188 169 579 579 189 170 580 580 163 173 581 581 188 169 582 582 163 173 583 583 185 172 584 584 163 173 585 585 189 170 586 586 175 174 587 587 171 175 588 588 163 173 589 589 175 174 590 590 152 176 591 591 186 171 592 592 185 172 593 593 159 168 594 594 186 171 595 595 152 176 596 596 185 172 597 597 163 173 598 598 164 177 599 599 185 172 600 600 153 178 601 601 152 176 602 602 164 177 603 603 153 178 604 604 185 172 605 605 152 176 606 606 150 179 607 607 159 168 608 608 165 180 609 609 164 177 610 610 163 173 611 611 165 180 612 612 163 173 613 613 171 175 614 614 169 181 615 615 171 175 616 616 170 182 617 617 165 180 618 618 171 175 619 619 169 181 620 620 165 180 621 621 169 181 622 622 166 183 623 623 166 183 624 624 164 177 625 625 165 180 626 626 166 183 627 627 169 181 628 628 168 184 629 629 173 185 630 630 166 183 631 631 168 184 632 632 166 183 633 633 167 186 634 634 164 177 635 635 167 186 636 636 166 183 637 637 173 185 638 638 164 177 639 639 167 186 640 640 153 178 641 641 167 186 642 642 173 185 643 643 174 187 644 644 174 187 645 645 173 185 646 646 172 188 647 647 153 178 648 648 167 186 649 649 151 189 650 650 151 189 651 651 167 186 652 652 174 187 653 653 153 178 654 654 151 189 655 655 152 176 656 656 174 187 657 657 172 188 658 658 191 190 659 659 174 187 660 660 191 190 661 661 151 189 662 662 191 190 663 663 172 188 664 664 193 191 665 665 152 176 666 666 151 189 667 667 150 179 668 668 191 190 669 669 193 191 670 670 192 192 671 671 192 192 672 672 193 191 673 673 194 193 674 674 195 194 675 675 194 193 676 676 193 191 677 677 307 195 678 678 194 193 679 679 195 194 680 680 192 192 681 681 154 196 682 682 191 190 683 683 151 189 684 684 191 190 685 685 154 196 686 686 160 197 687 687 154 196 688 688 192 192 689 689 145 198 690 690 151 189 691 691 154 196 692 692 160 197 693 693 145 198 694 694 154 196 695 695 150 179 696 696 151 189 697 697 145 198 698 698 161 199 699 699 145 198 700 700 160 197 701 701 150 179 702 702 145 198 703 703 149 200 704 704 159 168 705 705 150 179 706 706 149 200 707 707 149 200 708 708 199 156 709 709 159 168 710 710 196 151 711 711 199 156 712 712 149 200 713 713 147 201 714 714 145 198 715 715 161 199 716 716 161 199 717 717 157 202 718 718 147 201 719 719 149 200 720 720 145 198 721 721 146 203 722 722 147 201 723 723 146 203 724 724 145 198 725 725 158 204 726 726 156 205 727 727 157 202 728 728 157 202 729 729 156 205 730 730 155 148 731 731 147 201 732 732 157 202 733 733 155 148 734 734 147 201 735 735 155 148 736 736 148 147 737 737 148 147 738 738 146 203 739 739 147 201 740 740 148 147 741 741 197 206 742 742 146 203 743 743 197 206 744 744 149 200 745 745 146 203 746 746 198 142 747 747 197 206 748 748 148 147 749 749 196 151 750 750 149 200 751 751 197 206 752 752 197 206 753 753 198 142 754 754 142 144 755 755 197 206 756 756 142 144 757 757 196 151 758 758 205 207 759 759 204 208 760 760 203 209 761 761 206 210 762 762 204 208 763 763 205 207 764 764 207 211 765 765 206 210 766 766 205 207 767 767 208 212 768 768 206 210 769 769 207 211 770 770 209 213 771 771 208 212 772 772 207 211 773 773 210 214 774 774 208 212 775 775 209 213 776 776 211 215 777 777 210 214 778 778 209 213 779 779 212 216 780 780 210 214 781 781 211 215 782 782 213 217 783 783 212 216 784 784 211 215 785 785 214 218 786 786 212 216 787 787 213 217 788 788 215 219 789 789 214 218 790 790 213 217 791 791 216 220 792 792 214 218 793 793 215 219 794 794 217 221 795 795 216 220 796 796 215 219 797 797 218 222 798 798 216 220 799 799 217 221 800 800 221 223 801 801 220 224 802 802 219 225 803 803 222 226 804 804 220 224 805 805 221 223 806 806 223 227 807 807 222 226 808 808 221 223 809 809 224 228 810 810 222 226 811 811 223 227 812 812 225 229 813 813 224 228 814 814 223 227 815 815 226 230 816 816 224 228 817 817 225 229 818 818 227 231 819 819 226 230 820 820 225 229 821 821 228 232 822 822 226 230 823 823 227 231 824 824 229 233 825 825 228 232 826 826 227 231 827 827 230 234 828 828 228 232 829 829 229 233 830 830 231 235 831 831 230 234 832 832 229 233 833 833 232 236 834 834 230 234 835 835 231 235 836 836 233 237 837 837 232 236 838 838 231 235 839 839 234 238 840 840 232 236 841 841 233 237 842 842 235 239 843 843 234 238 844 844 233 237 845 845 236 240 846 846 234 238 847 847 235 239 848 848 239 241 849 849 238 242 850 850 237 243 851 851 240 244 852 852 238 242 853 853 239 241 854 854 237 243 855 855 330 245 856 856 324 246 857 857 239 241 858 858 237 243 859 859 324 246 860 860 241 247 861 861 240 244 862 862 239 241 863 863 242 248 864 864 241 247 865 865 239 241 866 866 243 249 867 867 241 247 868 868 242 248 869 869 244 250 870 870 241 247 871 871 243 249 872 872 245 251 873 873 244 250 874 874 243 249 875 875 329 252 876 876 245 251 877 877 243 249 878 878 245 251 879 879 329 252 880 880 328 253 881 881 247 254 882 882 245 251 883 883 328 253 884 884 246 255 885 885 247 254 886 886 328 253 887 887 248 256 888 888 247 254 889 889 246 255 890 890 249 257 891 891 248 256 892 892 246 255 893 893 250 258 894 894 248 256 895 895 249 257 896 896 249 257 897 897 359 259 898 898 250 258 899 899 253 260 900 900 252 261 901 901 251 262 902 902 254 263 903 903 252 261 904 904 253 260 905 905 255 264 906 906 254 263 907 907 253 260 908 908 256 265 909 909 254 263 910 910 255 264 911 911 257 266 912 912 256 265 913 913 255 264 914 914 258 267 915 915 256 265 916 916 257 266 917 917 259 268 918 918 258 267 919 919 257 266 920 920 260 269 921 921 258 267 922 922 259 268 923 923 261 270 924 924 260 269 925 925 259 268 926 926 262 271 927 927 260 269 928 928 261 270 929 929 265 272 930 930 264 273 931 931 263 274 932 932 266 275 933 933 264 273 934 934 265 272 935 935 269 276 936 936 268 277 937 937 267 278 938 938 269 276 939 939 267 278 940 940 270 279 941 941 268 277 942 942 269 276 943 943 286 280 944 944 360 281 945 945 269 276 946 946 270 279 947 947 286 280 948 948 269 276 949 949 275 282 950 950 360 281 951 951 278 283 952 952 269 276 953 953 276 284 954 954 275 282 955 955 269 276 956 956 269 276 957 957 278 283 958 958 277 285 959 959 277 285 960 960 276 284 961 961 269 276 962 962 273 286 963 963 272 287 964 964 271 288 965 965 274 289 966 966 272 287 967 967 273 286 968 968 279 290 969 969 273 286 970 970 271 288 971 971 273 286 972 972 279 290 973 973 281 291 974 974 281 291 975 975 279 290 976 976 280 292 977 977 531 293 978 978 281 291 979 979 280 292 980 980 531 293 981 981 280 292 982 982 285 294 983 983 280 292 984 984 283 295 985 985 285 294 986 986 283 295 987 987 284 296 988 988 285 294 989 989 284 296 990 990 283 295 991 991 282 297 992 992 282 297 993 993 288 298 994 994 284 296 995 995 284 296 996 996 288 298 997 997 287 299 998 998 291 300 999 999 290 301 1000 1000 289 302 1001 1001 289 302 1002 1002 290 301 1003 1003 296 303 1004 1004 292 304 1005 1005 290 301 1006 1006 291 300 1007 1007 290 301 1008 1008 298 305 1009 1009 296 303 1010 1010 298 305 1011 1011 297 306 1012 1012 296 303 1013 1013 290 301 1014 1014 292 304 1015 1015 299 307 1016 1016 290 301 1017 1017 299 307 1018 1018 298 305 1019 1019 299 307 1020 1020 292 304 1021 1021 301 308 1022 1022 297 306 1023 1023 298 305 1024 1024 295 309 1025 1025 301 308 1026 1026 300 310 1027 1027 299 307 1028 1028 294 311 1029 1029 295 309 1030 1030 298 305 1031 1031 295 309 1032 1032 294 311 1033 1033 293 312 1034 1034 298 305 1035 1035 299 307 1036 1036 302 313 1037 1037 300 310 1038 1038 302 313 1039 1039 299 307 1040 1040 294 311 1041 1041 305 314 1042 1042 293 312 1043 1043 293 312 1044 1044 305 314 1045 1045 306 315 1046 1046 294 311 1047 1047 298 305 1048 1048 303 316 1049 1049 294 311 1050 1050 303 316 1051 1051 305 314 1052 1052 303 316 1053 1053 298 305 1054 1054 302 313 1055 1055 305 314 1056 1056 303 316 1057 1057 304 317 1058 1058 302 313 1059 1059 300 310 1060 1060 303 316 1061 1061 303 316 1062 1062 300 310 1063 1063 304 317 1064 1064 310 318 1065 1065 309 319 1066 1066 308 320 1067 1067 311 321 1068 1068 309 319 1069 1069 310 318 1070 1070 312 322 1071 1071 311 321 1072 1072 310 318 1073 1073 313 323 1074 1074 311 321 1075 1075 312 322 1076 1076 318 324 1077 1077 313 323 1078 1078 312 322 1079 1079 319 325 1080 1080 313 323 1081 1081 318 324 1082 1082 320 326 1083 1083 319 325 1084 1084 318 324 1085 1085 321 327 1086 1086 319 325 1087 1087 320 326 1088 1088 322 328 1089 1089 321 327 1090 1090 320 326 1091 1091 323 329 1092 1092 321 327 1093 1093 322 328 1094 1094 314 330 1095 1095 323 329 1096 1096 322 328 1097 1097 315 331 1098 1098 323 329 1099 1099 314 330 1100 1100 316 332 1101 1101 315 331 1102 1102 314 330 1103 1103 317 333 1104 1104 315 331 1105 1105 316 332 1106 1106 316 332 1107 1107 358 334 1108 1108 317 333 1109 1109 317 333 1110 1110 358 334 1111 1111 357 335 1112 1112 333 336 1113 1113 332 337 1114 1114 331 338 1115 1115 334 339 1116 1116 332 337 1117 1117 333 336 1118 1118 333 336 1119 1119 331 338 1120 1120 533 340 1121 1121 533 340 1122 1122 331 338 1123 1123 532 341 1124 1124 337 342 1125 1125 336 343 1126 1126 335 344 1127 1127 338 345 1128 1128 336 343 1129 1129 337 342 1130 1130 335 344 1131 1131 336 343 1132 1132 343 346 1133 1133 336 343 1134 1134 342 347 1135 1135 343 346 1136 1136 343 346 1137 1137 342 347 1138 1138 341 348 1139 1139 342 347 1140 1140 340 349 1141 1141 341 348 1142 1142 341 348 1143 1143 340 349 1144 1144 339 350 1145 1145 339 350 1146 1146 340 349 1147 1147 344 351 1148 1148 340 349 1149 1149 346 352 1150 1150 344 351 1151 1151 344 351 1152 1152 346 352 1153 1153 347 353 1154 1154 347 353 1155 1155 346 352 1156 1156 345 354 1157 1157 350 355 1158 1158 349 356 1159 1159 348 357 1160 1160 348 357 1161 1161 349 356 1162 1162 352 358 1163 1163 352 358 1164 1164 349 356 1165 1165 351 359 1166 1166 353 360 1167 1167 351 359 1168 1168 349 356 1169 1169 354 361 1170 1170 351 359 1171 1171 353 360 1172 1172 354 361 1173 1173 355 362 1174 1174 351 359 1175 1175 356 363 1176 1176 355 362 1177 1177 354 361 1178 1178 363 364 1179 1179 362 365 1180 1180 361 366 1181 1181 366 367 1182 1182 365 368 1183 1183 364 369 1184 1184 367 370 1185 1185 365 368 1186 1186 366 367 1187 1187 376 371 1188 1188 367 370 1189 1189 366 367 1190 1190 377 372 1191 1191 367 370 1192 1192 376 371 1193 1193 374 373 1194 1194 377 372 1195 1195 376 371 1196 1196 375 374 1197 1197 377 372 1198 1198 374 373 1199 1199 372 375 1200 1200 375 374 1201 1201 374 373 1202 1202 373 376 1203 1203 375 374 1204 1204 372 375 1205 1205 371 377 1206 1206 373 376 1207 1207 372 375 1208 1208 369 378 1209 1209 373 376 1210 1210 371 377 1211 1211 368 379 1212 1212 369 378 1213 1213 371 377 1214 1214 370 380 1215 1215 369 378 1216 1216 368 379 1217 1217 380 381 1218 1218 379 382 1219 1219 378 383 1220 1220 381 384 1221 1221 379 382 1222 1222 380 381 1223 1223 384 385 1224 1224 383 386 1225 1225 382 387 1226 1226 385 388 1227 1227 383 386 1228 1228 384 385 1229 1229 386 389 1230 1230 385 388 1231 1231 384 385 1232 1232 385 388 1233 1233 391 390 1234 1234 383 386 1235 1235 387 391 1236 1236 385 388 1237 1237 386 389 1238 1238 392 392 1239 1239 391 390 1240 1240 385 388 1241 1241 387 391 1242 1242 392 392 1243 1243 385 388 1244 1244 393 393 1245 1245 392 392 1246 1246 387 391 1247 1247 390 394 1248 1248 389 395 1249 1249 388 396 1250 1250 396 397 1251 1251 395 398 1252 1252 394 399 1253 1253 397 400 1254 1254 395 398 1255 1255 396 397 1256 1256 398 401 1257 1257 397 400 1258 1258 396 397 1259 1259 395 398 1260 1260 397 400 1261 1261 401 402 1262 1262 399 403 1263 1263 397 400 1264 1264 398 401 1265 1265 401 402 1266 1266 397 400 1267 1267 400 404 1268 1268 397 400 1269 1269 399 403 1270 1270 400 404 1271 1271 400 404 1272 1272 403 405 1273 1273 401 402 1274 1274 400 404 1275 1275 399 403 1276 1276 402 406 1277 1277 404 407 1278 1278 403 405 1279 1279 400 404 1280 1280 402 406 1281 1281 404 407 1282 1282 400 404 1283 1283 404 407 1284 1284 405 408 1285 1285 403 405 1286 1286 406 409 1287 1287 405 408 1288 1288 404 407 1289 1289 402 406 1290 1290 519 410 1291 1291 404 407 1292 1292 530 411 1293 1293 519 410 1294 1294 402 406 1295 1295 534 412 1296 1296 530 411 1297 1297 402 406 1298 1298 409 413 1299 1299 408 414 1300 1300 407 415 1301 1301 410 416 1302 1302 408 414 1303 1303 409 413 1304 1304 408 414 1305 1305 412 417 1306 1306 407 415 1307 1307 407 415 1308 1308 412 417 1309 1309 411 418 1310 1310 412 417 1311 1311 414 419 1312 1312 411 418 1313 1313 411 418 1314 1314 414 419 1315 1315 413 420 1316 1316 414 419 1317 1317 416 421 1318 1318 413 420 1319 1319 413 420 1320 1320 416 421 1321 1321 415 422 1322 1322 419 423 1323 1323 418 424 1324 1324 417 425 1325 1325 417 425 1326 1326 418 424 1327 1327 421 426 1328 1328 418 424 1329 1329 422 427 1330 1330 421 426 1331 1331 423 428 1332 1332 422 427 1333 1333 418 424 1334 1334 418 424 1335 1335 954 429 1336 1336 423 428 1337 1337 430 430 1338 1338 954 429 1339 1339 418 424 1340 1340 420 431 1341 1341 418 424 1342 1342 419 423 1343 1343 430 430 1344 1344 418 424 1345 1345 429 432 1346 1346 418 424 1347 1347 420 431 1348 1348 428 433 1349 1349 429 432 1350 1350 418 424 1351 1351 428 433 1352 1352 436 434 1353 1353 429 432 1354 1354 428 433 1355 1355 436 434 1356 1356 428 433 1357 1357 952 435 1358 1358 428 433 1359 1359 420 431 1360 1360 427 436 1361 1361 952 435 1362 1362 428 433 1363 1363 435 437 1364 1364 428 433 1365 1365 427 436 1366 1366 435 437 1367 1367 435 437 1368 1368 427 436 1369 1369 434 438 1370 1370 426 439 1371 1371 425 440 1372 1372 424 441 1373 1373 425 440 1374 1374 433 442 1375 1375 424 441 1376 1376 426 439 1377 1377 424 441 1378 1378 946 443 1379 1379 426 439 1380 1380 946 443 1381 1381 942 444 1382 1382 943 445 1383 1383 426 439 1384 1384 942 444 1385 1385 433 442 1386 1386 945 446 1387 1387 424 441 1388 1388 433 442 1389 1389 431 447 1390 1390 945 446 1391 1391 433 442 1392 1392 432 448 1393 1393 431 447 1394 1394 432 448 1395 1395 439 449 1396 1396 431 447 1397 1397 439 449 1398 1398 944 450 1399 1399 431 447 1400 1400 439 449 1401 1401 437 451 1402 1402 944 450 1403 1403 439 449 1404 1404 438 452 1405 1405 437 451 1406 1406 442 453 1407 1407 441 454 1408 1408 440 455 1409 1409 441 454 1410 1410 443 456 1411 1411 440 455 1412 1412 440 455 1413 1413 443 456 1414 1414 444 457 1415 1415 447 458 1416 1416 446 459 1417 1417 445 460 1418 1418 448 461 1419 1419 446 459 1420 1420 447 458 1421 1421 451 462 1422 1422 450 463 1423 1423 449 464 1424 1424 452 465 1425 1425 450 463 1426 1426 451 462 1427 1427 455 466 1428 1428 454 467 1429 1429 453 468 1430 1430 454 467 1431 1431 460 469 1432 1432 453 468 1433 1433 456 470 1434 1434 454 467 1435 1435 455 466 1436 1436 453 468 1437 1437 460 469 1438 1438 459 471 1439 1439 457 472 1440 1440 456 470 1441 1441 455 466 1442 1442 460 469 1443 1443 458 473 1444 1444 459 471 1445 1445 458 473 1446 1446 456 470 1447 1447 457 472 1448 1448 459 471 1449 1449 458 473 1450 1450 457 472 1451 1451 463 474 1452 1452 462 475 1453 1453 461 476 1454 1454 464 477 1455 1455 462 475 1456 1456 463 474 1457 1457 467 478 1458 1458 466 479 1459 1459 465 480 1460 1460 468 481 1461 1461 466 479 1462 1462 467 478 1463 1463 471 482 1464 1464 470 483 1465 1465 469 484 1466 1466 472 485 1467 1467 470 483 1468 1468 471 482 1469 1469 475 486 1470 1470 474 487 1471 1471 473 488 1472 1472 476 489 1473 1473 474 487 1474 1474 475 486 1475 1475 479 490 1476 1476 478 491 1477 1477 477 492 1478 1478 477 492 1479 1479 478 491 1480 1480 480 492 1481 1481 478 491 1482 1482 481 492 1483 1483 480 492 1484 1484 478 491 1485 1485 484 492 1486 1486 481 492 1487 1487 485 492 1488 1488 484 492 1489 1489 478 491 1490 1490 479 490 1491 1491 483 493 1492 1492 478 491 1493 1493 485 492 1494 1494 478 491 1495 1495 482 494 1496 1496 478 491 1497 1497 483 493 1498 1498 482 494 1499 1499 951 495 1500 1500 485 492 1501 1501 482 494 1502 1502 488 496 1503 1503 951 495 1504 1504 482 494 1505 1505 483 493 1506 1506 486 497 1507 1507 482 494 1508 1508 488 496 1509 1509 482 494 1510 1510 486 497 1511 1511 483 493 1512 1512 487 498 1513 1513 486 497 1514 1514 487 498 1515 1515 488 496 1516 1516 486 497 1517 1517 489 499 1518 1518 488 496 1519 1519 487 498 1520 1520 492 500 1521 1521 491 501 1522 1522 490 502 1523 1523 495 503 1524 1524 494 504 1525 1525 493 505 1526 1526 496 506 1527 1527 494 504 1528 1528 495 503 1529 1529 497 507 1530 1530 493 505 1531 1531 494 504 1532 1532 498 508 1533 1533 493 505 1534 1534 497 507 1535 1535 499 509 1536 1536 498 508 1537 1537 497 507 1538 1538 500 510 1539 1539 498 508 1540 1540 499 509 1541 1541 503 511 1542 1542 502 512 1543 1543 501 513 1544 1544 506 514 1545 1545 505 515 1546 1546 504 516 1547 1547 509 517 1548 1548 508 518 1549 1549 507 519 1550 1550 507 519 1551 1551 508 518 1552 1552 510 520 1553 1553 514 521 1554 1554 508 518 1555 1555 509 517 1556 1556 509 517 1557 1557 518 522 1558 1558 514 521 1559 1559 508 518 1560 1560 511 523 1561 1561 510 520 1562 1562 510 520 1563 1563 511 523 1564 1564 512 524 1565 1565 511 523 1566 1566 513 525 1567 1567 512 524 1568 1568 517 526 1569 1569 516 527 1570 1570 515 528 1571 1571 522 529 1572 1572 521 530 1573 1573 520 531 1574 1574 525 532 1575 1575 524 533 1576 1576 523 534 1577 1577 526 535 1578 1578 524 533 1579 1579 525 532 1580 1580 529 536 1581 1581 528 537 1582 1582 527 538 1583 1583 537 539 1584 1584 536 540 1585 1585 535 541 1586 1586 536 540 1587 1587 540 542 1588 1588 535 541 1589 1589 548 543 1590 1590 536 540 1591 1591 537 539 1592 1592 549 544 1593 1593 548 543 1594 1594 537 539 1595 1595 536 540 1596 1596 539 545 1597 1597 540 542 1598 1598 548 543 1599 1599 539 545 1600 1600 536 540 1601 1601 540 542 1602 1602 539 545 1603 1603 538 546 1604 1604 538 546 1605 1605 539 545 1606 1606 541 547 1607 1607 603 548 1608 1608 548 543 1609 1609 549 544 1610 1610 603 548 1611 1611 549 544 1612 1612 567 549 1613 1613 541 547 1614 1614 539 545 1615 1615 543 550 1616 1616 543 550 1617 1617 542 551 1618 1618 541 547 1619 1619 547 552 1620 1620 539 545 1621 1621 548 543 1622 1622 603 548 1623 1623 547 552 1624 1624 548 543 1625 1625 543 550 1626 1626 539 545 1627 1627 545 553 1628 1628 545 553 1629 1629 539 545 1630 1630 547 552 1631 1631 544 554 1632 1632 542 551 1633 1633 543 550 1634 1634 545 553 1635 1635 544 554 1636 1636 543 550 1637 1637 544 554 1638 1638 582 555 1639 1639 542 551 1640 1640 542 551 1641 1641 582 555 1642 1642 581 556 1643 1643 581 556 1644 1644 582 555 1645 1645 586 557 1646 1646 546 558 1647 1647 544 554 1648 1648 545 553 1649 1649 546 558 1650 1650 582 555 1651 1651 544 554 1652 1652 586 557 1653 1653 582 555 1654 1654 584 559 1655 1655 586 557 1656 1656 584 559 1657 1657 585 560 1658 1658 585 560 1659 1659 584 559 1660 1660 583 561 1661 1661 584 559 1662 1662 588 562 1663 1663 583 561 1664 1664 584 559 1665 1665 582 555 1666 1666 588 562 1667 1667 583 561 1668 1668 588 562 1669 1669 587 563 1670 1670 588 562 1671 1671 607 564 1672 1672 587 563 1673 1673 588 562 1674 1674 582 555 1675 1675 589 565 1676 1676 589 565 1677 1677 582 555 1678 1678 546 558 1679 1679 605 566 1680 1680 607 564 1681 1681 588 562 1682 1682 589 565 1683 1683 605 566 1684 1684 588 562 1685 1685 605 566 1686 1686 592 567 1687 1687 607 564 1688 1688 607 564 1689 1689 592 567 1690 1690 595 568 1691 1691 606 569 1692 1692 605 566 1693 1693 589 565 1694 1694 605 566 1695 1695 606 569 1696 1696 592 567 1697 1697 604 570 1698 1698 589 565 1699 1699 546 558 1700 1700 606 569 1701 1701 589 565 1702 1702 604 570 1703 1703 545 553 1704 1704 604 570 1705 1705 546 558 1706 1706 592 567 1707 1707 593 571 1708 1708 595 568 1709 1709 595 568 1710 1710 593 571 1711 1711 594 572 1712 1712 601 573 1713 1713 604 570 1714 1714 545 553 1715 1715 547 552 1716 1716 601 573 1717 1717 545 553 1718 1718 593 571 1719 1719 568 574 1720 1720 594 572 1721 1721 594 572 1722 1722 568 574 1723 1723 580 575 1724 1724 568 574 1725 1725 576 576 1726 1726 580 575 1727 1727 602 577 1728 1728 601 573 1729 1729 547 552 1730 1730 602 577 1731 1731 547 552 1732 1732 603 548 1733 1733 576 576 1734 1734 574 578 1735 1735 575 579 1736 1736 603 548 1737 1737 553 580 1738 1738 602 577 1739 1739 553 580 1740 1740 603 548 1741 1741 567 549 1742 1742 560 581 1743 1743 553 580 1744 1744 567 549 1745 1745 569 582 1746 1746 574 578 1747 1747 576 576 1748 1748 569 582 1749 1749 576 576 1750 1750 568 574 1751 1751 569 582 1752 1752 571 583 1753 1753 574 578 1754 1754 574 578 1755 1755 571 583 1756 1756 573 584 1757 1757 571 583 1758 1758 579 585 1759 1759 573 584 1760 1760 570 586 1761 1761 569 582 1762 1762 568 574 1763 1763 571 583 1764 1764 569 582 1765 1765 570 586 1766 1766 572 587 1767 1767 579 585 1768 1768 571 583 1769 1769 571 583 1770 1770 570 586 1771 1771 572 587 1772 1772 572 587 1773 1773 578 588 1774 1774 579 585 1775 1775 579 585 1776 1776 578 588 1777 1777 577 589 1778 1778 572 587 1779 1779 570 586 1780 1780 558 590 1781 1781 578 588 1782 1782 596 591 1783 1783 577 589 1784 1784 577 589 1785 1785 596 591 1786 1786 598 592 1787 1787 572 587 1788 1788 557 593 1789 1789 578 588 1790 1790 578 588 1791 1791 557 593 1792 1792 596 591 1793 1793 558 590 1794 1794 557 593 1795 1795 572 587 1796 1796 596 591 1797 1797 597 594 1798 1798 598 592 1799 1799 598 592 1800 1800 597 594 1801 1801 600 595 1802 1802 600 595 1803 1803 599 596 1804 1804 598 592 1805 1805 600 595 1806 1806 712 597 1807 1807 599 596 1808 1808 559 598 1809 1809 597 594 1810 1810 596 591 1811 1811 565 599 1812 1812 597 594 1813 1813 559 598 1814 1814 596 591 1815 1815 557 593 1816 1816 559 598 1817 1817 550 600 1818 1818 565 599 1819 1819 559 598 1820 1820 557 593 1821 1821 550 600 1822 1822 559 598 1823 1823 566 601 1824 1824 565 599 1825 1825 550 600 1826 1826 555 602 1827 1827 550 600 1828 1828 557 593 1829 1829 550 600 1830 1830 551 603 1831 1831 566 601 1832 1832 561 604 1833 1833 566 601 1834 1834 551 603 1835 1835 563 605 1836 1836 561 604 1837 1837 562 606 1838 1838 562 606 1839 1839 561 604 1840 1840 560 581 1841 1841 561 604 1842 1842 551 603 1843 1843 560 581 1844 1844 551 603 1845 1845 553 580 1846 1846 560 581 1847 1847 553 580 1848 1848 551 603 1849 1849 552 607 1850 1850 552 607 1851 1851 551 603 1852 1852 550 600 1853 1853 602 577 1854 1854 553 580 1855 1855 552 607 1856 1856 550 600 1857 1857 554 608 1858 1858 552 607 1859 1859 554 608 1860 1860 602 577 1861 1861 552 607 1862 1862 601 573 1863 1863 602 577 1864 1864 554 608 1865 1865 555 602 1866 1866 554 608 1867 1867 550 600 1868 1868 601 573 1869 1869 554 608 1870 1870 604 570 1871 1871 604 570 1872 1872 554 608 1873 1873 564 609 1874 1874 555 602 1875 1875 564 609 1876 1876 554 608 1877 1877 604 570 1878 1878 564 609 1879 1879 606 569 1880 1880 556 610 1881 1881 564 609 1882 1882 555 602 1883 1883 557 593 1884 1884 556 610 1885 1885 555 602 1886 1886 606 569 1887 1887 564 609 1888 1888 591 611 1889 1889 564 609 1890 1890 556 610 1891 1891 591 611 1892 1892 592 567 1893 1893 606 569 1894 1894 591 611 1895 1895 558 590 1896 1896 556 610 1897 1897 557 593 1898 1898 590 612 1899 1899 592 567 1900 1900 591 611 1901 1901 591 611 1902 1902 556 610 1903 1903 590 612 1904 1904 558 590 1905 1905 590 612 1906 1906 556 610 1907 1907 593 571 1908 1908 592 567 1909 1909 590 612 1910 1910 570 586 1911 1911 590 612 1912 1912 558 590 1913 1913 593 571 1914 1914 590 612 1915 1915 568 574 1916 1916 568 574 1917 1917 590 612 1918 1918 570 586 1919 1919 610 613 1920 1920 609 614 1921 1921 608 615 1922 1922 611 616 1923 1923 609 614 1924 1924 610 613 1925 1925 611 616 1926 1926 612 617 1927 1927 609 614 1928 1928 613 618 1929 1929 612 617 1930 1930 611 616 1931 1931 613 618 1932 1932 614 619 1933 1933 612 617 1934 1934 615 620 1935 1935 614 619 1936 1936 613 618 1937 1937 615 620 1938 1938 616 621 1939 1939 614 619 1940 1940 617 622 1941 1941 616 621 1942 1942 615 620 1943 1943 617 622 1944 1944 618 623 1945 1945 616 621 1946 1946 619 624 1947 1947 618 623 1948 1948 617 622 1949 1949 619 624 1950 1950 620 625 1951 1951 618 623 1952 1952 621 626 1953 1953 620 625 1954 1954 619 624 1955 1955 621 626 1956 1956 622 627 1957 1957 620 625 1958 1958 623 628 1959 1959 622 627 1960 1960 621 626 1961 1961 626 629 1962 1962 625 630 1963 1963 624 631 1964 1964 627 632 1965 1965 625 630 1966 1966 626 629 1967 1967 627 632 1968 1968 628 633 1969 1969 625 630 1970 1970 629 634 1971 1971 628 633 1972 1972 627 632 1973 1973 629 634 1974 1974 630 635 1975 1975 628 633 1976 1976 631 636 1977 1977 630 635 1978 1978 629 634 1979 1979 631 636 1980 1980 632 637 1981 1981 630 635 1982 1982 633 638 1983 1983 632 637 1984 1984 631 636 1985 1985 633 638 1986 1986 634 639 1987 1987 632 637 1988 1988 635 640 1989 1989 634 639 1990 1990 633 638 1991 1991 635 640 1992 1992 636 641 1993 1993 634 639 1994 1994 637 642 1995 1995 636 641 1996 1996 635 640 1997 1997 637 642 1998 1998 638 643 1999 1999 636 641 2000 2000 639 644 2001 2001 638 643 2002 2002 637 642 2003 2003 639 644 2004 2004 640 645 2005 2005 638 643 2006 2006 641 646 2007 2007 640 645 2008 2008 639 644 2009 2009 644 647 2010 2010 643 648 2011 2011 642 649 2012 2012 645 650 2013 2013 643 648 2014 2014 644 647 2015 2015 735 651 2016 2016 642 649 2017 2017 729 652 2018 2018 642 649 2019 2019 643 648 2020 2020 729 652 2021 2021 645 650 2022 2022 647 653 2023 2023 643 648 2024 2024 647 653 2025 2025 646 654 2026 2026 643 648 2027 2027 647 653 2028 2028 648 655 2029 2029 646 654 2030 2030 647 653 2031 2031 650 656 2032 2032 648 655 2033 2033 650 656 2034 2034 649 657 2035 2035 648 655 2036 2036 649 657 2037 2037 734 658 2038 2038 648 655 2039 2039 734 658 2040 2040 649 657 2041 2041 733 659 2042 2042 649 657 2043 2043 653 660 2044 2044 733 659 2045 2045 653 660 2046 2046 651 661 2047 2047 733 659 2048 2048 653 660 2049 2049 652 662 2050 2050 651 661 2051 2051 652 662 2052 2052 654 663 2053 2053 651 661 2054 2054 652 662 2055 2055 655 664 2056 2056 654 663 2057 2057 764 665 2058 2058 654 663 2059 2059 655 664 2060 2060 658 666 2061 2061 657 667 2062 2062 656 668 2063 2063 659 669 2064 2064 657 667 2065 2065 658 666 2066 2066 659 669 2067 2067 660 670 2068 2068 657 667 2069 2069 661 671 2070 2070 660 670 2071 2071 659 669 2072 2072 661 671 2073 2073 662 672 2074 2074 660 670 2075 2075 663 673 2076 2076 662 672 2077 2077 661 671 2078 2078 663 673 2079 2079 664 674 2080 2080 662 672 2081 2081 665 675 2082 2082 664 674 2083 2083 663 673 2084 2084 665 675 2085 2085 666 676 2086 2086 664 674 2087 2087 667 677 2088 2088 666 676 2089 2089 665 675 2090 2090 670 678 2091 2091 669 679 2092 2092 668 680 2093 2093 671 681 2094 2094 669 679 2095 2095 670 678 2096 2096 674 682 2097 2097 673 683 2098 2098 672 684 2099 2099 672 684 2100 2100 673 683 2101 2101 675 685 2102 2102 673 683 2103 2103 674 682 2104 2104 691 686 2105 2105 673 683 2106 2106 765 687 2107 2107 675 685 2108 2108 673 683 2109 2109 691 686 2110 2110 681 688 2111 2111 683 689 2112 2112 765 687 2113 2113 673 683 2114 2114 681 688 2115 2115 680 690 2116 2116 673 683 2117 2117 683 689 2118 2118 673 683 2119 2119 682 691 2120 2120 680 690 2121 2121 682 691 2122 2122 673 683 2123 2123 678 692 2124 2124 677 693 2125 2125 676 694 2126 2126 679 695 2127 2127 677 693 2128 2128 678 692 2129 2129 677 693 2130 2130 684 696 2131 2131 676 694 2132 2132 684 696 2133 2133 677 693 2134 2134 686 697 2135 2135 684 696 2136 2136 686 697 2137 2137 685 698 2138 2138 686 697 2139 2139 936 699 2140 2140 685 698 2141 2141 685 698 2142 2142 936 699 2143 2143 690 700 2144 2144 689 701 2145 2145 685 698 2146 2146 690 700 2147 2147 688 702 2148 2148 689 701 2149 2149 690 700 2150 2150 689 701 2151 2151 688 702 2152 2152 687 703 2153 2153 687 703 2154 2154 688 702 2155 2155 693 704 2156 2156 693 704 2157 2157 688 702 2158 2158 692 705 2159 2159 696 706 2160 2160 695 707 2161 2161 694 708 2162 2162 696 706 2163 2163 694 708 2164 2164 701 709 2165 2165 697 710 2166 2166 695 707 2167 2167 696 706 2168 2168 702 711 2169 2169 696 706 2170 2170 701 709 2171 2171 703 712 2172 2172 702 711 2173 2173 701 709 2174 2174 696 706 2175 2175 704 713 2176 2176 697 710 2177 2177 696 706 2178 2178 702 711 2179 2179 704 713 2180 2180 697 710 2181 2181 704 713 2182 2182 705 714 2183 2183 702 711 2184 2184 703 712 2185 2185 699 715 2186 2186 706 716 2187 2187 705 714 2188 2188 704 713 2189 2189 699 715 2190 2190 700 717 2191 2191 702 711 2192 2192 700 717 2193 2193 699 715 2194 2194 698 718 2195 2195 704 713 2196 2196 702 711 2197 2197 707 719 2198 2198 707 719 2199 2199 706 716 2200 2200 704 713 2201 2201 702 711 2202 2202 708 720 2203 2203 707 719 2204 2204 706 716 2205 2205 707 719 2206 2206 708 720 2207 2207 700 717 2208 2208 708 720 2209 2209 702 711 2210 2210 706 716 2211 2211 708 720 2212 2212 709 721 2213 2213 708 720 2214 2214 710 722 2215 2215 709 721 2216 2216 700 717 2217 2217 710 722 2218 2218 708 720 2219 2219 700 717 2220 2220 698 718 2221 2221 710 722 2222 2222 710 722 2223 2223 698 718 2224 2224 711 723 2225 2225 715 724 2226 2226 714 725 2227 2227 713 726 2228 2228 716 727 2229 2229 714 725 2230 2230 715 724 2231 2231 716 727 2232 2232 717 728 2233 2233 714 725 2234 2234 718 729 2235 2235 717 728 2236 2236 716 727 2237 2237 718 729 2238 2238 723 730 2239 2239 717 728 2240 2240 724 731 2241 2241 723 730 2242 2242 718 729 2243 2243 724 731 2244 2244 725 732 2245 2245 723 730 2246 2246 726 733 2247 2247 725 732 2248 2248 724 731 2249 2249 726 733 2250 2250 727 734 2251 2251 725 732 2252 2252 728 735 2253 2253 727 734 2254 2254 726 733 2255 2255 728 735 2256 2256 719 736 2257 2257 727 734 2258 2258 721 737 2259 2259 719 736 2260 2260 728 735 2261 2261 721 737 2262 2262 720 738 2263 2263 719 736 2264 2264 722 739 2265 2265 720 738 2266 2266 721 737 2267 2267 720 738 2268 2268 722 739 2269 2269 763 740 2270 2270 763 740 2271 2271 722 739 2272 2272 762 741 2273 2273 732 742 2274 2274 731 743 2275 2275 730 744 2276 2276 738 745 2277 2277 737 746 2278 2278 736 747 2279 2279 739 748 2280 2280 737 746 2281 2281 738 745 2282 2282 737 746 2283 2283 938 749 2284 2284 736 747 2285 2285 736 747 2286 2286 938 749 2287 2287 937 750 2288 2288 742 751 2289 2289 741 752 2290 2290 740 753 2291 2291 743 754 2292 2292 741 752 2293 2293 742 751 2294 2294 742 751 2295 2295 740 753 2296 2296 748 755 2297 2297 747 756 2298 2298 742 751 2299 2299 748 755 2300 2300 747 756 2301 2301 748 755 2302 2302 745 757 2303 2303 747 756 2304 2304 745 757 2305 2305 746 758 2306 2306 746 758 2307 2307 745 757 2308 2308 744 759 2309 2309 746 758 2310 2310 744 759 2311 2311 749 760 2312 2312 746 758 2313 2313 749 760 2314 2314 752 761 2315 2315 752 761 2316 2316 749 760 2317 2317 751 762 2318 2318 752 761 2319 2319 751 762 2320 2320 750 763 2321 2321 755 764 2322 2322 754 765 2323 2323 753 766 2324 2324 755 764 2325 2325 753 766 2326 2326 757 767 2327 2327 755 764 2328 2328 757 767 2329 2329 756 768 2330 2330 756 768 2331 2331 758 769 2332 2332 755 764 2333 2333 759 770 2334 2334 758 769 2335 2335 756 768 2336 2336 760 771 2337 2337 759 770 2338 2338 756 768 2339 2339 761 772 2340 2340 759 770 2341 2341 760 771 2342 2342 768 773 2343 2343 767 774 2344 2344 766 775 2345 2345 771 776 2346 2346 770 777 2347 2347 769 778 2348 2348 772 779 2349 2349 770 777 2350 2350 771 776 2351 2351 772 779 2352 2352 781 780 2353 2353 770 777 2354 2354 782 781 2355 2355 781 780 2356 2356 772 779 2357 2357 782 781 2358 2358 779 782 2359 2359 781 780 2360 2360 780 783 2361 2361 779 782 2362 2362 782 781 2363 2363 780 783 2364 2364 777 784 2365 2365 779 782 2366 2366 780 783 2367 2367 778 785 2368 2368 777 784 2369 2369 778 785 2370 2370 776 786 2371 2371 777 784 2372 2372 778 785 2373 2373 775 787 2374 2374 776 786 2375 2375 775 787 2376 2376 773 788 2377 2377 776 786 2378 2378 775 787 2379 2379 774 789 2380 2380 773 788 2381 2381 785 790 2382 2382 784 791 2383 2383 783 792 2384 2384 786 793 2385 2385 784 791 2386 2386 785 790 2387 2387 789 794 2388 2388 788 795 2389 2389 787 796 2390 2390 790 797 2391 2391 788 795 2392 2392 789 794 2393 2393 796 798 2394 2394 790 797 2395 2395 789 794 2396 2396 790 797 2397 2397 791 799 2398 2398 788 795 2399 2399 797 800 2400 2400 790 797 2401 2401 796 798 2402 2402 792 801 2403 2403 791 799 2404 2404 790 797 2405 2405 797 800 2406 2406 792 801 2407 2407 790 797 2408 2408 798 802 2409 2409 792 801 2410 2410 797 800 2411 2411 795 803 2412 2412 794 804 2413 2413 793 805 2414 2414 801 806 2415 2415 800 807 2416 2416 799 808 2417 2417 802 809 2418 2418 800 807 2419 2419 801 806 2420 2420 802 809 2421 2421 803 810 2422 2422 800 807 2423 2423 804 811 2424 2424 803 810 2425 2425 802 809 2426 2426 804 811 2427 2427 802 809 2428 2428 807 812 2429 2429 802 809 2430 2430 801 806 2431 2431 806 813 2432 2432 807 812 2433 2433 802 809 2434 2434 806 813 2435 2435 806 813 2436 2436 801 806 2437 2437 805 814 2438 2438 808 815 2439 2439 806 813 2440 2440 805 814 2441 2441 935 816 2442 2442 939 817 2443 2443 807 812 2444 2444 924 818 2445 2445 935 816 2446 2446 807 812 2447 2447 924 818 2448 2448 807 812 2449 2449 809 819 2450 2450 809 819 2451 2451 807 812 2452 2452 806 813 2453 2453 809 819 2454 2454 806 813 2455 2455 808 815 2456 2456 810 820 2457 2457 809 819 2458 2458 808 815 2459 2459 811 821 2460 2460 809 819 2461 2461 810 820 2462 2462 814 822 2463 2463 813 823 2464 2464 812 824 2465 2465 815 825 2466 2466 813 823 2467 2467 814 822 2468 2468 814 822 2469 2469 812 824 2470 2470 817 826 2471 2471 817 826 2472 2472 812 824 2473 2473 816 827 2474 2474 817 826 2475 2475 816 827 2476 2476 819 828 2477 2477 819 828 2478 2478 816 827 2479 2479 818 829 2480 2480 819 828 2481 2481 818 829 2482 2482 821 830 2483 2483 821 830 2484 2484 818 829 2485 2485 820 831 2486 2486 824 832 2487 2487 823 833 2488 2488 822 834 2489 2489 825 835 2490 2490 823 833 2491 2491 824 832 2492 2492 824 832 2493 2493 822 834 2494 2494 826 836 2495 2495 825 835 2496 2496 824 832 2497 2497 833 837 2498 2498 955 838 2499 2499 828 839 2500 2500 826 836 2501 2501 826 836 2502 2502 828 839 2503 2503 824 832 2504 2504 828 839 2505 2505 827 840 2506 2506 824 832 2507 2507 824 832 2508 2508 827 840 2509 2509 834 841 2510 2510 953 842 2511 2511 824 832 2512 2512 834 841 2513 2513 833 837 2514 2514 824 832 2515 2515 832 843 2516 2516 832 843 2517 2517 824 832 2518 2518 953 842 2519 2519 832 843 2520 2520 838 844 2521 2521 833 837 2522 2522 953 842 2523 2523 840 845 2524 2524 832 843 2525 2525 839 846 2526 2526 838 844 2527 2527 832 843 2528 2528 840 845 2529 2529 839 846 2530 2530 832 843 2531 2531 841 847 2532 2532 839 846 2533 2533 840 845 2534 2534 831 848 2535 2535 830 849 2536 2536 829 850 2537 2537 830 849 2538 2538 950 851 2539 2539 829 850 2540 2540 941 852 2541 2541 830 849 2542 2542 831 848 2543 2543 941 852 2544 2544 949 853 2545 2545 830 849 2546 2546 836 854 2547 2547 949 853 2548 2548 941 852 2549 2549 835 855 2550 2550 836 854 2551 2551 941 852 2552 2552 837 856 2553 2553 836 854 2554 2554 835 855 2555 2555 837 856 2556 2556 948 857 2557 2557 836 854 2558 2558 842 858 2559 2559 948 857 2560 2560 837 856 2561 2561 843 859 2562 2562 842 858 2563 2563 837 856 2564 2564 940 860 2565 2565 842 858 2566 2566 843 859 2567 2567 940 860 2568 2568 947 861 2569 2569 842 858 2570 2570 846 862 2571 2571 845 863 2572 2572 844 864 2573 2573 847 865 2574 2574 846 862 2575 2575 844 864 2576 2576 847 865 2577 2577 844 864 2578 2578 848 866 2579 2579 851 867 2580 2580 850 868 2581 2581 849 869 2582 2582 852 870 2583 2583 850 868 2584 2584 851 867 2585 2585 855 871 2586 2586 854 872 2587 2587 853 873 2588 2588 856 874 2589 2589 854 872 2590 2590 855 871 2591 2591 859 875 2592 2592 858 876 2593 2593 857 877 2594 2594 859 875 2595 2595 857 877 2596 2596 864 878 2597 2597 860 879 2598 2598 858 876 2599 2599 859 875 2600 2600 864 878 2601 2601 857 877 2602 2602 863 880 2603 2603 860 879 2604 2604 861 881 2605 2605 858 876 2606 2606 864 878 2607 2607 863 880 2608 2608 862 882 2609 2609 862 882 2610 2610 861 881 2611 2611 860 879 2612 2612 862 882 2613 2613 863 880 2614 2614 861 881 2615 2615 867 883 2616 2616 866 884 2617 2617 865 885 2618 2618 868 886 2619 2619 866 884 2620 2620 867 883 2621 2621 871 887 2622 2622 870 888 2623 2623 869 889 2624 2624 872 890 2625 2625 870 888 2626 2626 871 887 2627 2627 875 891 2628 2628 874 892 2629 2629 873 893 2630 2630 876 894 2631 2631 874 892 2632 2632 875 891 2633 2633 879 895 2634 2634 878 896 2635 2635 877 897 2636 2636 880 898 2637 2637 878 896 2638 2638 879 895 2639 2639 883 899 2640 2640 882 900 2641 2641 881 901 2642 2642 883 899 2643 2643 881 901 2644 2644 884 902 2645 2645 885 903 2646 2646 883 899 2647 2647 884 902 2648 2648 889 904 2649 2649 883 899 2650 2650 885 903 2651 2651 890 905 2652 2652 883 899 2653 2653 889 904 2654 2654 883 899 2655 2655 886 906 2656 2656 882 900 2657 2657 883 899 2658 2658 890 905 2659 2659 888 907 2660 2660 888 907 2661 2661 886 906 2662 2662 883 899 2663 2663 890 905 2664 2664 894 908 2665 2665 888 907 2666 2666 888 907 2667 2667 894 908 2668 2668 892 909 2669 2669 888 907 2670 2670 887 910 2671 2671 886 906 2672 2672 888 907 2673 2673 892 909 2674 2674 887 910 2675 2675 891 911 2676 2676 886 906 2677 2677 887 910 2678 2678 892 909 2679 2679 891 911 2680 2680 887 910 2681 2681 893 912 2682 2682 891 911 2683 2683 892 909 2684 2684 897 913 2685 2685 896 913 2686 2686 895 914 2687 2687 900 915 2688 2688 899 916 2689 2689 898 917 2690 2690 901 918 2691 2691 899 916 2692 2692 900 915 2693 2693 900 915 2694 2694 898 917 2695 2695 903 919 2696 2696 903 919 2697 2697 898 917 2698 2698 902 920 2699 2699 902 920 2700 2700 905 921 2701 2701 903 919 2702 2702 903 919 2703 2703 905 921 2704 2704 904 922 2705 2705 908 923 2706 2706 907 924 2707 2707 906 925 2708 2708 911 926 2709 2709 910 927 2710 2710 909 928 2711 2711 914 929 2712 2712 913 930 2713 2713 912 931 2714 2714 914 929 2715 2715 912 931 2716 2716 915 932 2717 2717 914 929 2718 2718 919 933 2719 2719 913 930 2720 2720 923 934 2721 2721 913 930 2722 2722 919 933 2723 2723 916 935 2724 2724 914 929 2725 2725 915 932 2726 2726 916 935 2727 2727 915 932 2728 2728 917 936 2729 2729 918 937 2730 2730 916 935 2731 2731 917 936 2732 2732 922 938 2733 2733 921 939 2734 2734 920 940 2735 2735 927 941 2736 2736 926 942 2737 2737 925 943 2738 2738 930 944 2739 2739 929 945 2740 2740 928 946 2741 2741 931 947 2742 2742 929 945 2743 2743 930 944 2744 2744 934 948 2745 2745 933 949 2746 2746 932 950 2747 2747 958 951 2748 2748 957 952 2749 2749 956 953 2750 2750 1002 954 2751 2751 956 953 2752 2752 1001 955 2753 2753 958 951 2754 2754 956 953 2755 2755 1002 954 2756 2756 1002 954 2757 2757 981 956 2758 2758 958 951 2759 2759 959 957 2760 2760 957 952 2761 2761 958 951 2762 2762 959 957 2763 2763 978 958 2764 2764 957 952 2765 2765 982 959 2766 2766 958 951 2767 2767 981 956 2768 2768 979 960 2769 2769 978 958 2770 2770 959 957 2771 2771 979 960 2772 2772 973 961 2773 2773 978 958 2774 2774 959 957 2775 2775 958 951 2776 2776 995 962 2777 2777 995 962 2778 2778 958 951 2779 2779 982 959 2780 2780 959 957 2781 2781 995 962 2782 2782 979 960 2783 2783 980 963 2784 2784 995 962 2785 2785 982 959 2786 2786 996 964 2787 2787 995 962 2788 2788 980 963 2789 2789 979 960 2790 2790 995 962 2791 2791 1097 965 2792 2792 982 959 2793 2793 981 956 2794 2794 980 963 2795 2795 979 960 2796 2796 1097 965 2797 2797 1000 966 2798 2798 1017 967 2799 2799 980 963 2800 2800 981 956 2801 2801 1098 968 2802 2802 980 963 2803 2803 1017 967 2804 2804 1004 969 2805 2805 1003 970 2806 2806 981 956 2807 2807 1003 970 2808 2808 1017 967 2809 2809 981 956 2810 2810 1003 970 2811 2811 1019 971 2812 2812 1017 967 2813 2813 1019 971 2814 2814 1018 972 2815 2815 1017 967 2816 2816 1013 973 2817 2817 1018 972 2818 2818 1019 971 2819 2819 1013 973 2820 2820 1019 971 2821 2821 1012 974 2822 2822 1015 975 2823 2823 1013 973 2824 2824 1014 976 2825 2825 1014 976 2826 2826 1013 973 2827 2827 1012 974 2828 2828 1014 976 2829 2829 1012 974 2830 2830 1082 977 2831 2831 1082 977 2832 2832 1012 974 2833 2833 975 978 2834 2834 974 979 2835 2835 1082 977 2836 2836 975 978 2837 2837 977 980 2838 2838 974 979 2839 2839 976 981 2840 2840 975 978 2841 2841 967 982 2842 2842 974 979 2843 2843 976 981 2844 2844 974 979 2845 2845 967 982 2846 2846 968 983 2847 2847 967 982 2848 2848 975 978 2849 2849 969 984 2850 2850 967 982 2851 2851 968 983 2852 2852 965 985 2853 2853 967 982 2854 2854 969 984 2855 2855 966 986 2856 2856 976 981 2857 2857 967 982 2858 2858 967 982 2859 2859 965 985 2860 2860 966 986 2861 2861 1016 987 2862 2862 976 981 2863 2863 966 986 2864 2864 966 986 2865 2865 965 985 2866 2866 964 988 2867 2867 966 986 2868 2868 964 988 2869 2869 1184 989 2870 2870 962 990 2871 2871 961 991 2872 2872 960 992 2873 2873 963 993 2874 2874 961 991 2875 2875 962 990 2876 2876 997 994 2877 2877 960 992 2878 2878 961 991 2879 2879 998 995 2880 2880 960 992 2881 2881 997 994 2882 2882 1190 996 2883 2883 960 992 2884 2884 998 995 2885 2885 970 997 2886 2886 998 995 2887 2887 997 994 2888 2888 971 998 2889 2889 998 995 2890 2890 970 997 2891 2891 972 999 2892 2892 971 998 2893 2893 970 997 2894 2894 999 1000 2895 2895 998 995 2896 2896 971 998 2897 2897 973 961 2898 2898 971 998 2899 2899 972 999 2900 2900 971 998 2901 2901 1000 966 2902 2902 999 1000 2903 2903 971 998 2904 2904 973 961 2905 2905 979 960 2906 2906 979 960 2907 2907 1000 966 2908 2908 971 998 2909 2909 985 1001 2910 2910 984 1002 2911 2911 983 1003 2912 2912 986 1004 2913 2913 984 1002 2914 2914 985 1001 2915 2915 991 1005 2916 2916 986 1004 2917 2917 985 1001 2918 2918 992 1006 2919 2919 986 1004 2920 2920 991 1005 2921 2921 984 1002 2922 2922 994 1007 2923 2923 983 1003 2924 2924 983 1003 2925 2925 994 1007 2926 2926 993 1008 2927 2927 993 1008 2928 2928 994 1007 2929 2929 1008 1009 2930 2930 1008 1009 2931 2931 994 1007 2932 2932 1006 1010 2933 2933 1008 1009 2934 2934 1006 1010 2935 2935 1007 1011 2936 2936 1007 1011 2937 2937 1006 1010 2938 2938 1005 1012 2939 2939 989 1013 2940 2940 988 1014 2941 2941 987 1015 2942 2942 990 1016 2943 2943 988 1014 2944 2944 989 1013 2945 2945 1011 1017 2946 2946 1010 1018 2947 2947 1009 1019 2948 2948 1030 1020 2949 2949 1010 1018 2950 2950 1011 1017 2951 2951 1022 1021 2952 2952 1021 1022 2953 2953 1020 1023 2954 2954 1023 1024 2955 2955 1021 1022 2956 2956 1022 1021 2957 2957 1021 1022 2958 2958 1025 1025 2959 2959 1020 1023 2960 2960 1020 1023 2961 2961 1025 1025 2962 2962 1024 1026 2963 2963 1028 1027 2964 2964 1027 1028 2965 2965 1026 1029 2966 2966 1029 1030 2967 2967 1027 1028 2968 2968 1028 1027 2969 2969 1033 1031 2970 2970 1032 1032 2971 2971 1031 1033 2972 2972 1034 1034 2973 2973 1032 1032 2974 2974 1033 1031 2975 2975 1037 1035 2976 2976 1036 1036 2977 2977 1035 1037 2978 2978 1038 1038 2979 2979 1036 1036 2980 2980 1037 1035 2981 2981 1041 1039 2982 2982 1040 1040 2983 2983 1039 1041 2984 2984 1040 1040 2985 2985 1041 1039 2986 2986 1048 1042 2987 2987 1048 1042 2988 2988 1041 1039 2989 2989 1047 1043 2990 2990 1044 1044 2991 2991 1039 1041 2992 2992 1040 1040 2993 2993 1039 1041 2994 2994 1044 1044 2995 2995 1092 1045 2996 2996 1092 1045 2997 2997 1044 1044 2998 2998 1185 1046 2999 2999 1185 1046 3000 3000 1044 1044 3001 3001 1049 1047 3002 3002 1049 1047 3003 3003 1044 1044 3004 3004 1046 1048 3005 3005 1046 1048 3006 3006 1044 1044 3007 3007 1045 1049 3008 3008 1042 1050 3009 3009 1045 1049 3010 3010 1044 1044 3011 3011 1044 1044 3012 3012 1043 1051 3013 3013 1042 1050 3014 3014 1052 1052 3015 3015 1051 1053 3016 3016 1050 1054 3017 3017 1056 1055 3018 3018 1052 1052 3019 3019 1050 1054 3020 3020 1053 1056 3021 3021 1051 1053 3022 3022 1052 1052 3023 3023 1053 1056 3024 3024 1054 1057 3025 3025 1051 1053 3026 3026 1055 1058 3027 3027 1054 1057 3028 3028 1053 1056 3029 3029 1060 1059 3030 3030 1052 1052 3031 3031 1056 1055 3032 3032 1088 1060 3033 3033 1052 1052 3034 3034 1060 1059 3035 3035 1088 1060 3036 3036 1087 1061 3037 3037 1052 1052 3038 3038 1089 1062 3039 3039 1087 1061 3040 3040 1088 1060 3041 3041 1089 1062 3042 3042 1090 1063 3043 3043 1087 1061 3044 3044 1091 1064 3045 3045 1090 1063 3046 3046 1089 1062 3047 3047 1060 1059 3048 3048 1056 1055 3049 3049 1059 1065 3050 3050 1099 1066 3051 3051 1060 1059 3052 3052 1059 1065 3053 3053 1059 1065 3054 3054 1056 1055 3055 3055 1058 1067 3056 3056 1059 1065 3057 3057 1058 1067 3058 3058 1057 1068 3059 3059 1061 1069 3060 3060 1059 1065 3061 3061 1057 1068 3062 3062 1064 1070 3063 3063 1063 1071 3064 3064 1062 1072 3065 3065 1065 1073 3066 3066 1063 1071 3067 3067 1064 1070 3068 3068 1068 1074 3069 3069 1067 1075 3070 3070 1066 1076 3071 3071 1067 1075 3072 3072 1071 1077 3073 3073 1066 1076 3074 3074 1066 1076 3075 3075 1071 1077 3076 3076 1069 1078 3077 3077 1071 1077 3078 3078 1070 1079 3079 3079 1069 1078 3080 3080 1067 1075 3081 3081 1072 1080 3082 3082 1071 1077 3083 3083 1072 1080 3084 3084 1070 1079 3085 3085 1071 1077 3086 3086 1078 1081 3087 3087 1072 1080 3088 3088 1067 1075 3089 3089 1072 1080 3090 3090 1077 1082 3091 3091 1070 1079 3092 3092 1078 1081 3093 3093 1077 1082 3094 3094 1072 1080 3095 3095 1070 1079 3096 3096 1077 1082 3097 3097 1076 1083 3098 3098 1079 1084 3099 3099 1077 1082 3100 3100 1078 1081 3101 3101 1075 1085 3102 3102 1074 1086 3103 3103 1073 1087 3104 3104 1080 1088 3105 3105 1075 1085 3106 3106 1073 1087 3107 3107 1081 1089 3108 3108 1074 1086 3109 3109 1075 1085 3110 3110 1085 1090 3111 3111 1084 1091 3112 3112 1083 1092 3113 3113 1086 1093 3114 3114 1084 1091 3115 3115 1085 1090 3116 3116 1093 1094 3117 3117 1083 1092 3118 3118 1084 1091 3119 3119 1094 1095 3120 3120 1083 1092 3121 3121 1093 1094 3122 3122 1095 1096 3123 3123 1083 1092 3124 3124 1094 1095 3125 3125 1096 1097 3126 3126 1095 1096 3127 3127 1094 1095 3128 3128 1102 1098 3129 3129 1101 1099 3130 3130 1100 1100 3131 3131 1101 1099 3132 3132 1427 1101 3133 3133 1100 1100 3134 3134 1100 1100 3135 3135 1427 1101 3136 3136 1426 1102 3137 3137 1103 1103 3138 3138 1101 1099 3139 3139 1102 1098 3140 3140 1104 1104 3141 3141 1103 1103 3142 3142 1102 1098 3143 3143 1105 1105 3144 3144 1103 1103 3145 3145 1104 1104 3146 3146 1106 1106 3147 3147 1105 1105 3148 3148 1104 1104 3149 3149 1107 1107 3150 3150 1105 1105 3151 3151 1106 1106 3152 3152 1108 1108 3153 3153 1107 1107 3154 3154 1106 1106 3155 3155 1109 1109 3156 3156 1107 1107 3157 3157 1108 1108 3158 3158 1110 1110 3159 3159 1109 1109 3160 3160 1108 1108 3161 3161 1111 1111 3162 3162 1109 1109 3163 3163 1110 1110 3164 3164 1112 1112 3165 3165 1111 1111 3166 3166 1110 1110 3167 3167 1113 1113 3168 3168 1111 1111 3169 3169 1112 1112 3170 3170 1114 1114 3171 3171 1113 1113 3172 3172 1112 1112 3173 3173 1115 1115 3174 3174 1113 1113 3175 3175 1114 1114 3176 3176 1116 1116 3177 3177 1115 1115 3178 3178 1114 1114 3179 3179 1117 1117 3180 3180 1115 1115 3181 3181 1116 1116 3182 3182 1118 1118 3183 3183 1117 1117 3184 3184 1116 1116 3185 3185 1119 1119 3186 3186 1117 1117 3187 3187 1118 1118 3188 3188 1120 1120 3189 3189 1119 1119 3190 3190 1118 1118 3191 3191 1121 1121 3192 3192 1119 1119 3193 3193 1120 1120 3194 3194 1122 1122 3195 3195 1121 1121 3196 3196 1120 1120 3197 3197 1123 1123 3198 3198 1121 1121 3199 3199 1122 1122 3200 3200 1124 1124 3201 3201 1123 1123 3202 3202 1122 1122 3203 3203 1125 1125 3204 3204 1123 1123 3205 3205 1124 1124 3206 3206 1126 1126 3207 3207 1125 1125 3208 3208 1124 1124 3209 3209 1127 1127 3210 3210 1125 1125 3211 3211 1126 1126 3212 3212 1128 1128 3213 3213 1127 1127 3214 3214 1126 1126 3215 3215 1129 1129 3216 3216 1127 1127 3217 3217 1128 1128 3218 3218 1130 1130 3219 3219 1129 1129 3220 3220 1128 1128 3221 3221 1131 1131 3222 3222 1129 1129 3223 3223 1130 1130 3224 3224 1132 1132 3225 3225 1131 1131 3226 3226 1130 1130 3227 3227 1133 1133 3228 3228 1131 1131 3229 3229 1132 1132 3230 3230 1134 1134 3231 3231 1133 1133 3232 3232 1132 1132 3233 3233 1135 1135 3234 3234 1133 1133 3235 3235 1134 1134 3236 3236 1136 1136 3237 3237 1135 1135 3238 3238 1134 1134 3239 3239 1137 1137 3240 3240 1135 1135 3241 3241 1136 1136 3242 3242 1138 1138 3243 3243 1137 1137 3244 3244 1136 1136 3245 3245 1139 1139 3246 3246 1137 1137 3247 3247 1138 1138 3248 3248 1140 1140 3249 3249 1139 1139 3250 3250 1138 1138 3251 3251 1141 1141 3252 3252 1139 1139 3253 3253 1140 1140 3254 3254 1142 1142 3255 3255 1141 1141 3256 3256 1140 1140 3257 3257 1143 1143 3258 3258 1141 1141 3259 3259 1142 1142 3260 3260 1143 1143 3261 3261 1142 1142 3262 3262 1145 1144 3263 3263 1145 1144 3264 3264 1142 1142 3265 3265 1144 1145 3266 3266 1148 1146 3267 3267 1147 1147 3268 3268 1146 1148 3269 3269 1146 1148 3270 3270 1170 1149 3271 3271 1425 1150 3272 3272 1147 1147 3273 3273 1170 1149 3274 3274 1146 1148 3275 3275 1147 1147 3276 3276 1171 1151 3277 3277 1170 1149 3278 3278 1149 1152 3279 3279 1147 1147 3280 3280 1148 1146 3281 3281 1149 1152 3282 3282 1171 1151 3283 3283 1147 1147 3284 3284 1150 1153 3285 3285 1149 1152 3286 3286 1148 1146 3287 3287 1151 1154 3288 3288 1149 1152 3289 3289 1150 1153 3290 3290 1151 1154 3291 3291 1171 1151 3292 3292 1149 1152 3293 3293 1152 1155 3294 3294 1151 1154 3295 3295 1150 1153 3296 3296 1153 1156 3297 3297 1151 1154 3298 3298 1152 1155 3299 3299 1153 1156 3300 3300 1171 1151 3301 3301 1151 1154 3302 3302 1154 1157 3303 3303 1153 1156 3304 3304 1152 1155 3305 3305 1155 1158 3306 3306 1153 1156 3307 3307 1154 1157 3308 3308 1155 1158 3309 3309 1171 1151 3310 3310 1153 1156 3311 3311 1156 1159 3312 3312 1155 1158 3313 3313 1154 1157 3314 3314 1157 1160 3315 3315 1155 1158 3316 3316 1156 1159 3317 3317 1157 1160 3318 3318 1171 1151 3319 3319 1155 1158 3320 3320 1158 1161 3321 3321 1157 1160 3322 3322 1156 1159 3323 3323 1159 1162 3324 3324 1157 1160 3325 3325 1158 1161 3326 3326 1159 1162 3327 3327 1171 1151 3328 3328 1157 1160 3329 3329 1160 1163 3330 3330 1159 1162 3331 3331 1158 1161 3332 3332 1161 1164 3333 3333 1159 1162 3334 3334 1160 1163 3335 3335 1161 1164 3336 3336 1171 1151 3337 3337 1159 1162 3338 3338 1162 1165 3339 3339 1161 1164 3340 3340 1160 1163 3341 3341 1163 1166 3342 3342 1161 1164 3343 3343 1162 1165 3344 3344 1163 1166 3345 3345 1171 1151 3346 3346 1161 1164 3347 3347 1164 1167 3348 3348 1163 1166 3349 3349 1162 1165 3350 3350 1165 1168 3351 3351 1163 1166 3352 3352 1164 1167 3353 3353 1165 1168 3354 3354 1171 1151 3355 3355 1163 1166 3356 3356 1166 1169 3357 3357 1165 1168 3358 3358 1164 1167 3359 3359 1167 1170 3360 3360 1171 1151 3361 3361 1165 1168 3362 3362 1167 1170 3363 3363 1165 1168 3364 3364 1166 1169 3365 3365 1169 1171 3366 3366 1171 1151 3367 3367 1167 1170 3368 3368 1168 1172 3369 3369 1167 1170 3370 3370 1166 1169 3371 3371 1169 1171 3372 3372 1167 1170 3373 3373 1168 1172 3374 3374 1174 1173 3375 3375 1173 1174 3376 3376 1172 1175 3377 3377 1175 1176 3378 3378 1173 1174 3379 3379 1174 1173 3380 3380 1176 1177 3381 3381 1173 1174 3382 3382 1175 1176 3383 3383 1177 1178 3384 3384 1176 1177 3385 3385 1175 1176 3386 3386 1178 1179 3387 3387 1176 1177 3388 3388 1177 1178 3389 3389 1179 1180 3390 3390 1178 1179 3391 3391 1177 1178 3392 3392 1182 1181 3393 3393 1181 1182 3394 3394 1180 1183 3395 3395 1183 1184 3396 3396 1181 1182 3397 3397 1182 1181 3398 3398 1188 1185 3399 3399 1187 1186 3400 3400 1186 1187 3401 3401 1189 1188 3402 3402 1187 1186 3403 3403 1188 1185 3404 3404 1193 1189 3405 3405 1192 1190 3406 3406 1191 1191 3407 3407 1191 1191 3408 3408 1237 1192 3409 3409 1236 1193 3410 3410 1192 1190 3411 3411 1237 1192 3412 3412 1191 1191 3413 3413 1217 1194 3414 3414 1237 1192 3415 3415 1192 1190 3416 3416 1194 1195 3417 3417 1192 1190 3418 3418 1193 1189 3419 3419 1239 1196 3420 3420 1238 1197 3421 3421 1217 1194 3422 3422 1193 1189 3423 3423 1213 1198 3424 3424 1194 1195 3425 3425 1214 1199 3426 3426 1213 1198 3427 3427 1193 1189 3428 3428 1230 1200 3429 3429 1192 1190 3430 3430 1194 1195 3431 3431 1194 1195 3432 3432 1213 1198 3433 3433 1230 1200 3434 3434 1192 1190 3435 3435 1216 1201 3436 3436 1217 1194 3437 3437 1216 1201 3438 3438 1192 1190 3439 3439 1230 1200 3440 3440 1230 1200 3441 3441 1213 1198 3442 3442 1332 1202 3443 3443 1332 1202 3444 3444 1213 1198 3445 3445 1235 1203 3446 3446 1230 1200 3447 3447 1215 1204 3448 3448 1216 1201 3449 3449 1231 1205 3450 3450 1215 1204 3451 3451 1230 1200 3452 3452 1217 1194 3453 3453 1216 1201 3454 3454 1215 1204 3455 3455 1213 1198 3456 3456 1207 1206 3457 3457 1235 1203 3458 3458 1235 1203 3459 3459 1207 1206 3460 3460 1234 1207 3461 3461 1214 1199 3462 3462 1207 1206 3463 3463 1213 1198 3464 3464 1208 1208 3465 3465 1207 1206 3466 3466 1214 1199 3467 3467 1208 1208 3468 3468 1206 1209 3469 3469 1207 1206 3470 3470 1207 1206 3471 3471 1206 1209 3472 3472 1205 1210 3473 3473 1207 1206 3474 3474 1233 1211 3475 3475 1234 1207 3476 3476 1207 1206 3477 3477 1205 1210 3478 3478 1233 1211 3479 3479 1233 1211 3480 3480 1205 1210 3481 3481 1232 1212 3482 3482 1195 1213 3483 3483 1233 1211 3484 3484 1232 1212 3485 3485 1424 1214 3486 3486 1233 1211 3487 3487 1195 1213 3488 3488 1195 1213 3489 3489 1232 1212 3490 3490 1197 1215 3491 3491 1197 1215 3492 3492 1196 1216 3493 3493 1195 1213 3494 3494 1198 1217 3495 3495 1196 1216 3496 3496 1197 1215 3497 3497 1201 1218 3498 3498 1200 1219 3499 3499 1199 1220 3500 3500 1199 1220 3501 3501 1200 1219 3502 3502 1418 1221 3503 3503 1202 1222 3504 3504 1200 1219 3505 3505 1201 1218 3506 3506 1201 1218 3507 3507 1204 1223 3508 3508 1202 1222 3509 3509 1202 1222 3510 3510 1204 1223 3511 3511 1203 1224 3512 3512 1203 1224 3513 3513 1210 1225 3514 3514 1202 1222 3515 3515 1251 1226 3516 3516 1200 1219 3517 3517 1211 1227 3518 3518 1211 1227 3519 3519 1200 1219 3520 3520 1202 1222 3521 3521 1209 1228 3522 3522 1211 1227 3523 3523 1202 1222 3524 3524 1212 1229 3525 3525 1211 1227 3526 3526 1209 1228 3527 3527 1202 1222 3528 3528 1210 1225 3529 3529 1209 1228 3530 3530 1317 1230 3531 3531 1209 1228 3532 3532 1210 1225 3533 3533 1317 1230 3534 3534 1210 1225 3535 3535 1248 1231 3536 3536 1248 1231 3537 3537 1210 1225 3538 3538 1247 1232 3539 3539 1249 1233 3540 3540 1248 1231 3541 3541 1247 1232 3542 3542 1250 1234 3543 3543 1248 1231 3544 3544 1249 1233 3545 3545 1253 1235 3546 3546 1249 1233 3547 3547 1247 1232 3548 3548 1249 1233 3549 3549 1253 1235 3550 3550 1254 1236 3551 3551 1254 1236 3552 3552 1253 1235 3553 3553 1252 1237 3554 3554 1253 1235 3555 3555 1239 1196 3556 3556 1252 1237 3557 3557 1252 1237 3558 3558 1239 1196 3559 3559 1217 1194 3560 3560 1215 1204 3561 3561 1252 1237 3562 3562 1217 1194 3563 3563 1333 1238 3564 3564 1252 1237 3565 3565 1215 1204 3566 3566 1220 1239 3567 3567 1219 1240 3568 3568 1218 1241 3569 3569 1219 1240 3570 3570 1226 1242 3571 3571 1218 1241 3572 3572 1227 1243 3573 3573 1226 1242 3574 3574 1219 1240 3575 3575 1221 1244 3576 3576 1219 1240 3577 3577 1220 1239 3578 3578 1221 1244 3579 3579 1220 1239 3580 3580 1229 1245 3581 3581 1229 1245 3582 3582 1220 1239 3583 3583 1228 1246 3584 3584 1228 1246 3585 3585 1243 1247 3586 3586 1229 1245 3587 3587 1229 1245 3588 3588 1243 1247 3589 3589 1242 1248 3590 3590 1243 1247 3591 3591 1241 1249 3592 3592 1242 1248 3593 3593 1242 1248 3594 3594 1241 1249 3595 3595 1240 1250 3596 3596 1224 1251 3597 3597 1223 1252 3598 3598 1222 1253 3599 3599 1225 1254 3600 3600 1223 1252 3601 3601 1224 1251 3602 3602 1246 1255 3603 3603 1245 1256 3604 3604 1244 1257 3605 3605 1246 1255 3606 3606 1265 1258 3607 3607 1245 1256 3608 3608 1257 1259 3609 3609 1256 1260 3610 3610 1255 1261 3611 3611 1258 1262 3612 3612 1256 1260 3613 3613 1257 1259 3614 3614 1257 1259 3615 3615 1255 1261 3616 3616 1260 1263 3617 3617 1260 1263 3618 3618 1255 1261 3619 3619 1259 1264 3620 3620 1263 1265 3621 3621 1262 1266 3622 3622 1261 1267 3623 3623 1264 1268 3624 3624 1262 1266 3625 3625 1263 1265 3626 3626 1268 1269 3627 3627 1267 1270 3628 3628 1266 1271 3629 3629 1269 1272 3630 3630 1267 1270 3631 3631 1268 1269 3632 3632 1272 1273 3633 3633 1271 1274 3634 3634 1270 1275 3635 3635 1273 1276 3636 3636 1271 1274 3637 3637 1272 1273 3638 3638 1276 1277 3639 3639 1275 1278 3640 3640 1274 1279 3641 3641 1276 1277 3642 3642 1283 1280 3643 3643 1275 1278 3644 3644 1275 1278 3645 3645 1283 1280 3646 3646 1282 1281 3647 3647 1274 1279 3648 3648 1278 1282 3649 3649 1276 1277 3650 3650 1278 1282 3651 3651 1274 1279 3652 3652 1327 1283 3653 3653 1278 1282 3654 3654 1327 1283 3655 3655 1419 1284 3656 3656 1278 1282 3657 3657 1419 1284 3658 3658 1284 1285 3659 3659 1278 1282 3660 3660 1284 1285 3661 3661 1281 1286 3662 3662 1278 1282 3663 3663 1281 1286 3664 3664 1280 1287 3665 3665 1280 1287 3666 3666 1277 1288 3667 3667 1278 1282 3668 3668 1279 1289 3669 3669 1278 1282 3670 3670 1277 1288 3671 3671 1287 1290 3672 3672 1286 1291 3673 3673 1285 1292 3674 3674 1286 1291 3675 3675 1291 1293 3676 3676 1285 1292 3677 3677 1288 1294 3678 3678 1286 1291 3679 3679 1287 1290 3680 3680 1289 1295 3681 3681 1288 1294 3682 3682 1287 1290 3683 3683 1290 1296 3684 3684 1288 1294 3685 3685 1289 1295 3686 3686 1286 1291 3687 3687 1295 1297 3688 3688 1291 1293 3689 3689 1286 1291 3690 3690 1322 1298 3691 3691 1295 1297 3692 3692 1323 1299 3693 3693 1322 1298 3694 3694 1286 1291 3695 3695 1324 1300 3696 3696 1322 1298 3697 3697 1323 1299 3698 3698 1325 1301 3699 3699 1324 1300 3700 3700 1323 1299 3701 3701 1326 1302 3702 3702 1324 1300 3703 3703 1325 1301 3704 3704 1295 1297 3705 3705 1293 1303 3706 3706 1291 1293 3707 3707 1295 1297 3708 3708 1334 1304 3709 3709 1293 1303 3710 3710 1291 1293 3711 3711 1293 1303 3712 3712 1294 1305 3713 3713 1294 1305 3714 3714 1293 1303 3715 3715 1292 1306 3716 3716 1293 1303 3717 3717 1296 1307 3718 3718 1292 1306 3719 3719 1299 1308 3720 3720 1298 1309 3721 3721 1297 1310 3722 3722 1300 1311 3723 3723 1298 1309 3724 3724 1299 1308 3725 3725 1303 1312 3726 3726 1302 1313 3727 3727 1301 1314 3728 3728 1305 1315 3729 3729 1303 1312 3730 3730 1301 1314 3731 3731 1305 1315 3732 3732 1301 1314 3733 3733 1304 1316 3734 3734 1306 1317 3735 3735 1305 1315 3736 3736 1304 1316 3737 3737 1307 1318 3738 3738 1303 1312 3739 3739 1305 1315 3740 3740 1307 1318 3741 3741 1305 1315 3742 3742 1306 1317 3743 3743 1313 1319 3744 3744 1303 1312 3745 3745 1307 1318 3746 3746 1312 1320 3747 3747 1307 1318 3748 3748 1306 1317 3749 3749 1312 1320 3750 3750 1313 1319 3751 3751 1307 1318 3752 3752 1312 1320 3753 3753 1306 1317 3754 3754 1311 1321 3755 3755 1314 1322 3756 3756 1313 1319 3757 3757 1312 1320 3758 3758 1310 1323 3759 3759 1309 1324 3760 3760 1308 1325 3761 3761 1309 1324 3762 3762 1315 1326 3763 3763 1308 1325 3764 3764 1310 1323 3765 3765 1316 1327 3766 3766 1309 1324 3767 3767 1320 1328 3768 3768 1319 1329 3769 3769 1318 1330 3770 3770 1321 1331 3771 3771 1319 1329 3772 3772 1320 1328 3773 3773 1318 1330 3774 3774 1328 1332 3775 3775 1320 1328 3776 3776 1318 1330 3777 3777 1329 1333 3778 3778 1328 1332 3779 3779 1330 1334 3780 3780 1329 1333 3781 3781 1318 1330 3782 3782 1330 1334 3783 3783 1331 1335 3784 3784 1329 1333 3785 3785 1337 1336 3786 3786 1336 1337 3787 3787 1335 1338 3788 3788 1338 1339 3789 3789 1336 1337 3790 3790 1337 1336 3791 3791 1338 1339 3792 3792 1428 1340 3793 3793 1336 1337 3794 3794 1429 1341 3795 3795 1428 1340 3796 3796 1338 1339 3797 3797 1429 1341 3798 3798 1339 1342 3799 3799 1428 1340 3800 3800 1341 1343 3801 3801 1339 1342 3802 3802 1429 1341 3803 3803 1341 1343 3804 3804 1340 1344 3805 3805 1339 1342 3806 3806 1342 1345 3807 3807 1340 1344 3808 3808 1341 1343 3809 3809 1342 1345 3810 3810 1343 1346 3811 3811 1340 1344 3812 3812 1345 1347 3813 3813 1343 1346 3814 3814 1342 1345 3815 3815 1345 1347 3816 3816 1344 1348 3817 3817 1343 1346 3818 3818 1346 1349 3819 3819 1344 1348 3820 3820 1345 1347 3821 3821 1346 1349 3822 3822 1347 1350 3823 3823 1344 1348 3824 3824 1349 1351 3825 3825 1347 1350 3826 3826 1346 1349 3827 3827 1349 1351 3828 3828 1348 1352 3829 3829 1347 1350 3830 3830 1350 1353 3831 3831 1348 1352 3832 3832 1349 1351 3833 3833 1350 1353 3834 3834 1351 1354 3835 3835 1348 1352 3836 3836 1352 1355 3837 3837 1351 1354 3838 3838 1350 1353 3839 3839 1352 1355 3840 3840 1353 1356 3841 3841 1351 1354 3842 3842 1355 1357 3843 3843 1353 1356 3844 3844 1352 1355 3845 3845 1355 1357 3846 3846 1354 1358 3847 3847 1353 1356 3848 3848 1356 1359 3849 3849 1354 1358 3850 3850 1355 1357 3851 3851 1356 1359 3852 3852 1357 1360 3853 3853 1354 1358 3854 3854 1359 1361 3855 3855 1357 1360 3856 3856 1356 1359 3857 3857 1359 1361 3858 3858 1358 1362 3859 3859 1357 1360 3860 3860 1360 1363 3861 3861 1358 1362 3862 3862 1359 1361 3863 3863 1360 1363 3864 3864 1361 1364 3865 3865 1358 1362 3866 3866 1363 1365 3867 3867 1361 1364 3868 3868 1360 1363 3869 3869 1363 1365 3870 3870 1362 1366 3871 3871 1361 1364 3872 3872 1364 1367 3873 3873 1362 1366 3874 3874 1363 1365 3875 3875 1364 1367 3876 3876 1365 1368 3877 3877 1362 1366 3878 3878 1367 1369 3879 3879 1365 1368 3880 3880 1364 1367 3881 3881 1367 1369 3882 3882 1366 1370 3883 3883 1365 1368 3884 3884 1368 1371 3885 3885 1366 1370 3886 3886 1367 1369 3887 3887 1368 1371 3888 3888 1369 1372 3889 3889 1366 1370 3890 3890 1371 1373 3891 3891 1369 1372 3892 3892 1368 1371 3893 3893 1371 1373 3894 3894 1370 1374 3895 3895 1369 1372 3896 3896 1372 1375 3897 3897 1370 1374 3898 3898 1371 1373 3899 3899 1372 1375 3900 3900 1373 1376 3901 3901 1370 1374 3902 3902 1375 1377 3903 3903 1373 1376 3904 3904 1372 1375 3905 3905 1375 1377 3906 3906 1374 1378 3907 3907 1373 1376 3908 3908 1376 1379 3909 3909 1374 1378 3910 3910 1375 1377 3911 3911 1376 1379 3912 3912 1378 1380 3913 3913 1374 1378 3914 3914 1377 1381 3915 3915 1378 1380 3916 3916 1376 1379 3917 3917 1379 1382 3918 3918 1378 1380 3919 3919 1377 1381 3920 3920 1380 1383 3921 3921 1378 1380 3922 3922 1379 1382 3923 3923 1383 1384 3924 3924 1382 1385 3925 3925 1381 1386 3926 3926 1384 1387 3927 3927 1382 1385 3928 3928 1383 1384 3929 3929 1384 1387 3930 3930 1430 1388 3931 3931 1382 1385 3932 3932 1403 1389 3933 3933 1384 1387 3934 3934 1383 1384 3935 3935 1404 1390 3936 3936 1430 1388 3937 3937 1384 1387 3938 3938 1404 1390 3939 3939 1384 1387 3940 3940 1403 1389 3941 3941 1404 1390 3942 3942 1385 1391 3943 3943 1430 1388 3944 3944 1387 1392 3945 3945 1385 1391 3946 3946 1404 1390 3947 3947 1403 1389 3948 3948 1387 1392 3949 3949 1404 1390 3950 3950 1387 1392 3951 3951 1386 1393 3952 3952 1385 1391 3953 3953 1388 1394 3954 3954 1386 1393 3955 3955 1387 1392 3956 3956 1388 1394 3957 3957 1387 1392 3958 3958 1403 1389 3959 3959 1388 1394 3960 3960 1389 1395 3961 3961 1386 1393 3962 3962 1391 1396 3963 3963 1389 1395 3964 3964 1388 1394 3965 3965 1403 1389 3966 3966 1391 1396 3967 3967 1388 1394 3968 3968 1391 1396 3969 3969 1390 1397 3970 3970 1389 1395 3971 3971 1392 1398 3972 3972 1390 1397 3973 3973 1391 1396 3974 3974 1392 1398 3975 3975 1391 1396 3976 3976 1403 1389 3977 3977 1392 1398 3978 3978 1393 1399 3979 3979 1390 1397 3980 3980 1395 1400 3981 3981 1393 1399 3982 3982 1392 1398 3983 3983 1403 1389 3984 3984 1395 1400 3985 3985 1392 1398 3986 3986 1395 1400 3987 3987 1394 1401 3988 3988 1393 1399 3989 3989 1396 1402 3990 3990 1394 1401 3991 3991 1395 1400 3992 3992 1396 1402 3993 3993 1395 1400 3994 3994 1403 1389 3995 3995 1396 1402 3996 3996 1397 1403 3997 3997 1394 1401 3998 3998 1398 1404 3999 3999 1397 1403 4000 4000 1396 1402 4001 4001 1403 1389 4002 4002 1398 1404 4003 4003 1396 1402 4004 4004 1398 1404 4005 4005 1399 1405 4006 4006 1397 1403 4007 4007 1401 1406 4008 4008 1399 1405 4009 4009 1398 1404 4010 4010 1401 1406 4011 4011 1398 1404 4012 4012 1403 1389 4013 4013 1401 1406 4014 4014 1400 1407 4015 4015 1399 1405 4016 4016 1403 1389 4017 4017 1402 1408 4018 4018 1401 1406 4019 4019 1402 1408 4020 4020 1400 1407 4021 4021 1401 1406 4022 4022 1405 1409 4023 4023 1402 1408 4024 4024 1403 1389 4025 4025 1402 1408 4026 4026 1431 1410 4027 4027 1400 1407 4028 4028 1405 1409 4029 4029 1431 1410 4030 4030 1402 1408 4031 4031 1408 1411 4032 4032 1407 1412 4033 4033 1406 1413 4034 4034 1408 1411 4035 4035 1409 1414 4036 4036 1407 1412 4037 4037 1410 1415 4038 4038 1409 1414 4039 4039 1408 1411 4040 4040 1410 1415 4041 4041 1411 1416 4042 4042 1409 1414 4043 4043 1412 1417 4044 4044 1411 1416 4045 4045 1410 1415 4046 4046 1412 1417 4047 4047 1413 1418 4048 4048 1411 1416 4049 4049 1416 1419 4050 4050 1415 1420 4051 4051 1414 1421 4052 4052 1417 1422 4053 4053 1415 1420 4054 4054 1416 1419 4055 4055 1422 1423 4056 4056 1421 1424 4057 4057 1420 1425 4058 4058 1423 1426 4059 4059 1421 1424 4060 4060 1422 1423 4061 4061 1434 1427 4062 4062 1433 1428 4063 4063 1432 1429 4064 4064 1432 1429 4065 4065 1439 1430 4066 4066 1434 1427 4067 4067 1435 1431 4068 4068 1433 1428 4069 4069 1434 1427 4070 4070 1437 1432 4071 4071 1439 1430 4072 4072 1432 1429 4073 4073 1433 1428 4074 4074 1435 1431 4075 4075 1561 1433 4076 4076 1561 1433 4077 4077 1435 1431 4078 4078 1560 1434 4079 4079 1439 1430 4080 4080 1437 1432 4081 4081 1438 1435 4082 4082 1438 1435 4083 4083 1437 1432 4084 4084 1436 1436 4085 4085 1436 1436 4086 4086 1440 1437 4087 4087 1438 1435 4088 4088 1441 1438 4089 4089 1440 1437 4090 4090 1436 1436 4091 4091 1444 1439 4092 4092 1443 1440 4093 4093 1442 1441 4094 4094 1445 1442 4095 4095 1443 1440 4096 4096 1444 1439 4097 4097 1448 1443 4098 4098 1447 1444 4099 4099 1446 1445 4100 4100 1449 1446 4101 4101 1447 1444 4102 4102 1448 1443 4103 4103 1452 1447 4104 4104 1451 1448 4105 4105 1450 1449 4106 4106 1453 1450 4107 4107 1451 1448 4108 4108 1452 1447 4109 4109 1456 1451 4110 4110 1455 1452 4111 4111 1454 1453 4112 4112 1457 1454 4113 4113 1455 1452 4114 4114 1456 1451 4115 4115 1460 1455 4116 4116 1459 1456 4117 4117 1458 1457 4118 4118 1461 1458 4119 4119 1459 1456 4120 4120 1460 1455 4121 4121 1464 1459 4122 4122 1463 1460 4123 4123 1462 1461 4124 4124 1465 1462 4125 4125 1463 1460 4126 4126 1464 1459 4127 4127 1468 1463 4128 4128 1467 1464 4129 4129 1466 1465 4130 4130 1469 1466 4131 4131 1467 1464 4132 4132 1468 1463 4133 4133 1470 1467 4134 4134 1469 1466 4135 4135 1468 1463 4136 4136 1471 1468 4137 4137 1469 1466 4138 4138 1470 1467 4139 4139 1472 1469 4140 4140 1471 1468 4141 4141 1470 1467 4142 4142 1473 1470 4143 4143 1471 1468 4144 4144 1472 1469 4145 4145 1474 1471 4146 4146 1473 1470 4147 4147 1472 1469 4148 4148 1475 1472 4149 4149 1473 1470 4150 4150 1474 1471 4151 4151 1476 1473 4152 4152 1475 1472 4153 4153 1474 1471 4154 4154 1477 1474 4155 4155 1475 1472 4156 4156 1476 1473 4157 4157 1480 1475 4158 4158 1479 1476 4159 4159 1478 1477 4160 4160 1481 1478 4161 4161 1479 1476 4162 4162 1480 1475 4163 4163 1484 1479 4164 4164 1483 1480 4165 4165 1482 1481 4166 4166 1487 1482 4167 4167 1486 1483 4168 4168 1485 1484 4169 4169 1488 1485 4170 4170 1486 1483 4171 4171 1487 1482 4172 4172 1491 1486 4173 4173 1490 1487 4174 4174 1489 1488 4175 4175 1494 1489 4176 4176 1493 1490 4177 4177 1492 1491 4178 4178 1495 1492 4179 4179 1493 1490 4180 4180 1494 1489 4181 4181 1498 1493 4182 4182 1497 1494 4183 4183 1496 1495 4184 4184 1503 1496 4185 4185 1496 1495 4186 4186 1497 1494 4187 4187 1499 1497 4188 4188 1497 1494 4189 4189 1498 1493 4190 4190 1502 1498 4191 4191 1496 1495 4192 4192 1503 1496 4193 4193 1498 1493 4194 4194 1563 1499 4195 4195 1499 1497 4196 4196 1499 1497 4197 4197 1563 1499 4198 4198 1562 1500 4199 4199 1503 1496 4200 4200 1501 1501 4201 4201 1502 1498 4202 4202 1502 1498 4203 4203 1501 1501 4204 4204 1500 1502 4205 4205 1504 1503 4206 4206 1500 1502 4207 4207 1501 1501 4208 4208 1505 1504 4209 4209 1500 1502 4210 4210 1504 1503 4211 4211 1508 1505 4212 4212 1507 1506 4213 4213 1506 1507 4214 4214 1509 1508 4215 4215 1507 1506 4216 4216 1508 1505 4217 4217 1512 1509 4218 4218 1511 1510 4219 4219 1510 1511 4220 4220 1513 1512 4221 4221 1511 1510 4222 4222 1512 1509 4223 4223 1516 1513 4224 4224 1515 1514 4225 4225 1514 1515 4226 4226 1517 1516 4227 4227 1515 1514 4228 4228 1516 1513 4229 4229 1520 1517 4230 4230 1519 1518 4231 4231 1518 1519 4232 4232 1521 1520 4233 4233 1519 1518 4234 4234 1520 1517 4235 4235 1524 1521 4236 4236 1523 1522 4237 4237 1522 1523 4238 4238 1525 1524 4239 4239 1523 1522 4240 4240 1524 1521 4241 4241 1528 1525 4242 4242 1527 1526 4243 4243 1526 1527 4244 4244 1529 1528 4245 4245 1527 1526 4246 4246 1528 1525 4247 4247 1532 1529 4248 4248 1531 1530 4249 4249 1530 1531 4250 4250 1533 1532 4251 4251 1531 1530 4252 4252 1532 1529 4253 4253 1533 1532 4254 4254 1534 1533 4255 4255 1531 1530 4256 4256 1535 1534 4257 4257 1534 1533 4258 4258 1533 1532 4259 4259 1535 1534 4260 4260 1536 1535 4261 4261 1534 1533 4262 4262 1537 1536 4263 4263 1536 1535 4264 4264 1535 1534 4265 4265 1537 1536 4266 4266 1538 1537 4267 4267 1536 1535 4268 4268 1539 1538 4269 4269 1538 1537 4270 4270 1537 1536 4271 4271 1539 1538 4272 4272 1540 1539 4273 4273 1538 1537 4274 4274 1541 1540 4275 4275 1540 1539 4276 4276 1539 1538 4277 4277 1544 1541 4278 4278 1543 1542 4279 4279 1542 1543 4280 4280 1545 1544 4281 4281 1543 1542 4282 4282 1544 1541 4283 4283 1548 1545 4284 4284 1547 1546 4285 4285 1546 1547 4286 4286 1551 1548 4287 4287 1550 1549 4288 4288 1549 1550 4289 4289 1552 1551 4290 4290 1550 1549 4291 4291 1551 1548 4292 4292 1555 1552 4293 4293 1554 1553 4294 4294 1553 1554 4295 4295 1558 1555 4296 4296 1557 1556 4297 4297 1556 1557 4298 4298 1559 1558 4299 4299 1557 1556 4300 4300 1558 1555 4301 4301 1566 1559 4302 4302 1565 1560 4303 4303 1564 1561 4304 4304 1567 1562 4305 4305 1565 1560 4306 4306 1566 1559 4307 4307 1568 1563 4308 4308 1564 1561 4309 4309 1565 1560 4310 4310 1569 1564 4311 4311 1564 1561 4312 4312 1568 1563 4313 4313 1572 1565 4314 4314 1571 1566 4315 4315 1570 1567 4316 4316 1573 1568 4317 4317 1571 1566 4318 4318 1572 1565 4319 4319 1576 1569 4320 4320 1575 1570 4321 4321 1574 1571 4322 4322 1577 1572 4323 4323 1575 1570 4324 4324 1576 1569 4325 4325 1580 1573 4326 4326 1579 1574 4327 4327 1578 1575 4328 4328 1581 1576 4329 4329 1579 1574 4330 4330 1580 1573 4331 4331 1584 1577 4332 4332 1583 1578 4333 4333 1582 1579 4334 4334 1585 1580 4335 4335 1583 1578 4336 4336 1584 1577 4337 4337 1588 1581 4338 4338 1587 1582 4339 4339 1586 1583 4340 4340 1589 1584 4341 4341 1587 1582 4342 4342 1588 1581 4343 4343 1592 1585 4344 4344 1591 1586 4345 4345 1590 1587 4346 4346 1593 1588 4347 4347 1591 1586 4348 4348 1592 1585 4349 4349 1596 1589 4350 4350 1595 1590 4351 4351 1594 1591 4352 4352 1597 1592 4353 4353 1595 1590 4354 4354 1596 1589 4355 4355 1598 1593 4356 4356 1594 1591 4357 4357 1595 1590 4358 4358 1599 1594 4359 4359 1594 1591 4360 4360 1598 1593 4361 4361 1602 1595 4362 4362 1601 1596 4363 4363 1600 1597 4364 4364 1605 1598 4365 4365 1600 1597 4366 4366 1604 1599 4367 4367 1602 1595 4368 4368 1600 1597 4369 4369 1605 1598 4370 4370 1647 1600 4371 4371 1602 1595 4372 4372 1605 1598 4373 4373 1645 1601 4374 4374 1602 1595 4375 4375 1647 1600 4376 4376 1645 1601 4377 4377 1603 1602 4378 4378 1602 1595 4379 4379 1603 1602 4380 4380 1601 1596 4381 4381 1602 1595 4382 4382 1646 1603 4383 4383 1603 1602 4384 4384 1645 1601 4385 4385 1653 1604 4386 4386 1603 1602 4387 4387 1646 1603 4388 4388 1603 1602 4389 4389 1617 1605 4390 4390 1601 1596 4391 4391 1617 1605 4392 4392 1603 1602 4393 4393 1653 1604 4394 4394 1601 1596 4395 4395 1617 1605 4396 4396 1616 1606 4397 4397 1652 1607 4398 4398 1617 1605 4399 4399 1653 1604 4400 4400 1617 1605 4401 4401 1615 1608 4402 4402 1616 1606 4403 4403 1615 1608 4404 4404 1617 1605 4405 4405 1652 1607 4406 4406 1616 1606 4407 4407 1615 1608 4408 4408 1614 1609 4409 4409 1615 1608 4410 4410 1612 1610 4411 4411 1614 1609 4412 4412 1652 1607 4413 4413 1613 1611 4414 4414 1615 1608 4415 4415 1613 1611 4416 4416 1612 1610 4417 4417 1615 1608 4418 4418 1651 1612 4419 4419 1613 1611 4420 4420 1652 1607 4421 4421 1613 1611 4422 4422 1610 1613 4423 4423 1612 1610 4424 4424 1651 1612 4425 4425 1611 1614 4426 4426 1613 1611 4427 4427 1611 1614 4428 4428 1610 1613 4429 4429 1613 1611 4430 4430 1650 1615 4431 4431 1611 1614 4432 4432 1651 1612 4433 4433 1648 1616 4434 4434 1611 1614 4435 4435 1650 1615 4436 4436 1611 1614 4437 4437 1609 1617 4438 4438 1610 1613 4439 4439 1609 1617 4440 4440 1611 1614 4441 4441 1648 1616 4442 4442 1649 1618 4443 4443 1609 1617 4444 4444 1648 1616 4445 4445 1610 1613 4446 4446 1609 1617 4447 4447 1608 1619 4448 4448 1607 1620 4449 4449 1609 1617 4450 4450 1649 1618 4451 4451 1609 1617 4452 4452 1607 1620 4453 4453 1608 1619 4454 4454 1608 1619 4455 4455 1607 1620 4456 4456 1606 1621 4457 4457 1620 1622 4458 4458 1619 1623 4459 4459 1618 1624 4460 4460 1619 1623 4461 4461 1634 1625 4462 4462 1618 1624 4463 4463 1621 1626 4464 4464 1619 1623 4465 4465 1620 1622 4466 4466 1635 1627 4467 4467 1634 1625 4468 4468 1619 1623 4469 4469 1621 1626 4470 4470 1620 1622 4471 4471 1623 1628 4472 4472 1635 1627 4473 4473 1632 1629 4474 4474 1634 1625 4475 4475 1623 1628 4476 4476 1620 1622 4477 4477 1622 1630 4478 4478 1633 1631 4479 4479 1632 1629 4480 4480 1635 1627 4481 4481 1623 1628 4482 4482 1622 1630 4483 4483 1625 1632 4484 4484 1625 1632 4485 4485 1622 1630 4486 4486 1624 1633 4487 4487 1633 1631 4488 4488 1630 1634 4489 4489 1632 1629 4490 4490 1631 1635 4491 4491 1630 1634 4492 4492 1633 1631 4493 4493 1631 1635 4494 4494 1626 1636 4495 4495 1630 1634 4496 4496 1628 1637 4497 4497 1626 1636 4498 4498 1631 1635 4499 4499 1628 1637 4500 4500 1627 1638 4501 4501 1626 1636 4502 4502 1629 1639 4503 4503 1627 1638 4504 4504 1628 1637 4505 4505 1638 1640 4506 4506 1637 1641 4507 4507 1636 1642 4508 4508 1636 1642 4509 4509 1637 1641 4510 4510 1644 1643 4511 4511 1639 1644 4512 4512 1637 1641 4513 4513 1638 1640 4514 4514 1644 1643 4515 4515 1637 1641 4516 4516 1643 1645 4517 4517 1640 1646 4518 4518 1637 1641 4519 4519 1639 1644 4520 4520 1643 1645 4521 4521 1637 1641 4522 4522 1642 1647 4523 4523 1641 1648 4524 4524 1637 1641 4525 4525 1640 1646 4526 4526 1642 1647 4527 4527 1637 1641 4528 4528 1641 1648 4529 4529 1656 1649 4530 4530 1655 1650 4531 4531 1654 1651 4532 4532 1656 1649 4533 4533 1662 1652 4534 4534 1655 1650 4535 4535 1655 1650 4536 4536 1662 1652 4537 4537 1661 1653 4538 4538 1656 1649 4539 4539 1670 1654 4540 4540 1662 1652 4541 4541 1661 1653 4542 4542 1663 1655 4543 4543 1655 1650 4544 4544 1660 1656 4545 4545 1670 1654 4546 4546 1656 1649 4547 4547 1660 1656 4548 4548 1656 1649 4549 4549 1654 1651 4550 4550 1669 1657 4551 4551 1670 1654 4552 4552 1660 1656 4553 4553 1660 1656 4554 4554 1668 1658 4555 4555 1669 1657 4556 4556 1655 1650 4557 4557 1663 1655 4558 4558 1657 1659 4559 4559 1655 1650 4560 4560 1657 1659 4561 4561 1654 1651 4562 4562 1657 1659 4563 4563 1663 1655 4564 4564 1664 1660 4565 4565 1664 1660 4566 4566 1665 1661 4567 4567 1657 1659 4568 4568 1657 1659 4569 4569 1665 1661 4570 4570 1658 1662 4571 4571 1657 1659 4572 4572 1658 1662 4573 4573 1654 1651 4574 4574 1658 1662 4575 4575 1665 1661 4576 4576 1666 1663 4577 4577 1658 1662 4578 4578 1659 1664 4579 4579 1654 1651 4580 4580 1658 1662 4581 4581 1666 1663 4582 4582 1659 1664 4583 4583 1659 1664 4584 4584 1660 1656 4585 4585 1654 1651 4586 4586 1659 1664 4587 4587 1666 1663 4588 4588 1667 1665 4589 4589 1659 1664 4590 4590 1668 1658 4591 4591 1660 1656 4592 4592 1667 1665 4593 4593 1668 1658 4594 4594 1659 1664 4595 4595 1673 1666 4596 4596 1672 1667 4597 4597 1671 1668 4598 4598 1673 1666 4599 4599 1671 1668 4600 4600 1676 1669 4601 4601 1674 1670 4602 4602 1672 1667 4603 4603 1673 1666 4604 4604 1676 1669 4605 4605 1671 1668 4606 4606 1675 1671 4607 4607 1676 1669 4608 4608 1675 1671 4609 4609 1678 1672 4610 4610 1674 1670 4611 4611 1689 1673 4612 4612 1672 1667 4613 4613 1690 1674 4614 4614 1689 1673 4615 4615 1674 1670 4616 4616 1678 1672 4617 4617 1675 1671 4618 4618 1677 1675 4619 4619 1678 1672 4620 4620 1677 1675 4621 4621 1680 1676 4622 4622 1690 1674 4623 4623 1687 1677 4624 4624 1689 1673 4625 4625 1688 1678 4626 4626 1687 1677 4627 4627 1690 1674 4628 4628 1680 1676 4629 4629 1677 1675 4630 4630 1679 1679 4631 4631 1680 1676 4632 4632 1679 1679 4633 4633 1682 1680 4634 4634 1688 1678 4635 4635 1685 1681 4636 4636 1687 1677 4637 4637 1686 1682 4638 4638 1685 1681 4639 4639 1688 1678 4640 4640 1682 1680 4641 4641 1679 1679 4642 4642 1681 1683 4643 4643 1682 1680 4644 4644 1681 1683 4645 4645 1684 1684 4646 4646 1684 1684 4647 4647 1683 1685 4648 4648 1686 1682 4649 4649 1684 1684 4650 4650 1681 1683 4651 4651 1683 1685 4652 4652 1686 1682 4653 4653 1683 1685 4654 4654 1685 1681 4655 4655 1681 1683 4656 4656 1679 1679 4657 4657 1691 1686 4658 4658 1683 1685 4659 4659 1681 1683 4660 4660 1691 1686 4661 4661 1685 1681 4662 4662 1683 1685 4663 4663 1691 1686 4664 4664 1679 1679 4665 4665 1677 1675 4666 4666 1691 1686 4667 4667 1687 1677 4668 4668 1685 1681 4669 4669 1691 1686 4670 4670 1677 1675 4671 4671 1675 1671 4672 4672 1691 1686 4673 4673 1689 1673 4674 4674 1687 1677 4675 4675 1691 1686 4676 4676 1675 1671 4677 4677 1671 1668 4678 4678 1691 1686 4679 4679 1672 1667 4680 4680 1689 1673 4681 4681 1691 1686 4682 4682 1671 1668 4683 4683 1672 1667 4684 4684 1691 1686 4685 4685 1694 1687 4686 4686 1693 1688 4687 4687 1692 1689 4688 4688 1693 1688 4689 4689 1705 1690 4690 4690 1692 1689 4691 4691 1692 1689 4692 4692 1705 1690 4693 4693 1704 1691 4694 4694 1695 1692 4695 4695 1693 1688 4696 4696 1694 1687 4697 4697 1695 1692 4698 4698 1694 1687 4699 4699 1697 1693 4700 4700 1697 1693 4701 4701 1694 1687 4702 4702 1696 1694 4703 4703 1698 1695 4704 4704 1697 1693 4705 4705 1696 1694 4706 4706 1699 1696 4707 4707 1697 1693 4708 4708 1698 1695 4709 4709 1700 1697 4710 4710 1699 1696 4711 4711 1698 1695 4712 4712 1701 1698 4713 4713 1699 1696 4714 4714 1700 1697 4715 4715 1701 1698 4716 4716 1700 1697 4717 4717 1703 1699 4718 4718 1703 1699 4719 4719 1700 1697 4720 4720 1702 1700 4721 4721 1708 1701 4722 4722 1707 1702 4723 4723 1706 1703 4724 4724 1707 1702 4725 4725 1718 1704 4726 4726 1706 1703 4727 4727 1706 1703 4728 4728 1718 1704 4729 4729 1717 1705 4730 4730 1709 1706 4731 4731 1707 1702 4732 4732 1708 1701 4733 4733 1708 1701 4734 4734 1710 1707 4735 4735 1709 1706 4736 4736 1711 1708 4737 4737 1709 1706 4738 4738 1710 1707 4739 4739 1712 1709 4740 4740 1709 1706 4741 4741 1711 1708 4742 4742 1713 1710 4743 4743 1712 1709 4744 4744 1711 1708 4745 4745 1714 1711 4746 4746 1712 1709 4747 4747 1713 1710 4748 4748 1715 1712 4749 4749 1714 1711 4750 4750 1713 1710 4751 4751 1716 1713 4752 4752 1714 1711 4753 4753 1715 1712 4754 4754 1721 1714 4755 4755 1720 1715 4756 4756 1719 1716 4757 4757 1722 1717 4758 4758 1720 1715 4759 4759 1721 1714 4760 4760 1721 1714 4761 4761 1719 1716 4762 4762 1758 1718 4763 4763 1723 1719 4764 4764 1719 1716 4765 4765 1720 1715 4766 4766 1758 1718 4767 4767 1719 1716 4768 4768 1757 1720 4769 4769 1719 1716 4770 4770 1724 1721 4771 4771 1757 1720 4772 4772 1724 1721 4773 4773 1719 1716 4774 4774 1723 1719 4775 4775 1757 1720 4776 4776 1724 1721 4777 4777 1759 1722 4778 4778 1759 1722 4779 4779 1724 1721 4780 4780 1760 1723 4781 4781 1724 1721 4782 4782 1723 1719 4783 4783 1726 1724 4784 4784 1760 1723 4785 4785 1724 1721 4786 4786 1726 1724 4787 4787 1726 1724 4788 4788 1723 1719 4789 4789 1725 1725 4790 4790 1726 1724 4791 4791 1725 1725 4792 4792 1728 1726 4793 4793 1760 1723 4794 4794 1726 1724 4795 4795 1728 1726 4796 4796 1728 1726 4797 4797 1725 1725 4798 4798 1727 1727 4799 4799 1729 1728 4800 4800 1728 1726 4801 4801 1727 1727 4802 4802 1728 1726 4803 4803 1730 1729 4804 4804 1760 1723 4805 4805 1730 1729 4806 4806 1728 1726 4807 4807 1729 1728 4808 4808 1760 1723 4809 4809 1730 1729 4810 4810 1761 1730 4811 4811 1761 1730 4812 4812 1730 1729 4813 4813 1762 1731 4814 4814 1762 1731 4815 4815 1730 1729 4816 4816 1732 1732 4817 4817 1730 1729 4818 4818 1729 1728 4819 4819 1732 1732 4820 4820 1732 1732 4821 4821 1729 1728 4822 4822 1731 1733 4823 4823 1735 1734 4824 4824 1734 1735 4825 4825 1733 1736 4826 4826 1736 1737 4827 4827 1734 1735 4828 4828 1735 1734 4829 4829 1734 1735 4830 4830 1738 1738 4831 4831 1733 1736 4832 4832 1743 1739 4833 4833 1736 1737 4834 4834 1735 1734 4835 4835 1744 1740 4836 4836 1736 1737 4837 4837 1743 1739 4838 4838 1743 1739 4839 4839 1735 1734 4840 4840 1756 1741 4841 4841 1756 1741 4842 4842 1735 1734 4843 4843 1748 1742 4844 4844 1735 1734 4845 4845 1733 1736 4846 4846 1748 1742 4847 4847 1756 1741 4848 4848 1748 1742 4849 4849 1755 1743 4850 4850 1755 1743 4851 4851 1748 1742 4852 4852 1747 1744 4853 4853 1748 1742 4854 4854 1746 1745 4855 4855 1747 1744 4856 4856 1748 1742 4857 4857 1733 1736 4858 4858 1746 1745 4859 4859 1747 1744 4860 4860 1746 1745 4861 4861 1745 1746 4862 4862 1733 1736 4863 4863 1737 1747 4864 4864 1746 1745 4865 4865 1733 1736 4866 4866 1738 1738 4867 4867 1737 1747 4868 4868 1746 1745 4869 4869 1750 1748 4870 4870 1745 1746 4871 4871 1746 1745 4872 4872 1737 1747 4873 4873 1750 1748 4874 4874 1745 1746 4875 4875 1750 1748 4876 4876 1749 1749 4877 4877 1738 1738 4878 4878 1739 1750 4879 4879 1737 1747 4880 4880 1737 1747 4881 4881 1739 1750 4882 4882 1750 1748 4883 4883 1740 1751 4884 4884 1739 1750 4885 4885 1738 1738 4886 4886 1740 1751 4887 4887 1742 1752 4888 4888 1739 1750 4889 4889 1739 1750 4890 4890 1742 1752 4891 4891 1741 1753 4892 4892 1750 1748 4893 4893 1752 1754 4894 4894 1749 1749 4895 4895 1750 1748 4896 4896 1739 1750 4897 4897 1752 1754 4898 4898 1739 1750 4899 4899 1741 1753 4900 4900 1752 1754 4901 4901 1749 1749 4902 4902 1752 1754 4903 4903 1751 1755 4904 4904 1752 1754 4905 4905 1741 1753 4906 4906 1754 1756 4907 4907 1752 1754 4908 4908 1754 1756 4909 4909 1751 1755 4910 4910 1751 1755 4911 4911 1754 1756 4912 4912 1753 1757 4913 4913 1765 1758 4914 4914 1764 1759 4915 4915 1763 1760 4916 4916 1766 1761 4917 4917 1764 1759 4918 4918 1765 1758 4919 4919 1765 1758 4920 4920 1763 1760 4921 4921 1768 1762 4922 4922 1778 1763 4923 4923 1764 1759 4924 4924 1766 1761 4925 4925 1768 1762 4926 4926 1763 1760 4927 4927 1767 1764 4928 4928 1779 1765 4929 4929 1764 1759 4930 4930 1778 1763 4931 4931 1767 1764 4932 4932 1822 1766 4933 4933 1768 1762 4934 4934 1779 1765 4935 4935 1778 1763 4936 4936 1777 1767 4937 4937 1768 1762 4938 4938 1822 1766 4939 4939 1821 1768 4940 4940 1779 1765 4941 4941 1777 1767 4942 4942 1773 1769 4943 4943 1822 1766 4944 4944 1820 1770 4945 4945 1821 1768 4946 4946 1773 1769 4947 4947 1777 1767 4948 4948 1775 1771 4949 4949 1821 1768 4950 4950 1820 1770 4951 4951 1819 1772 4952 4952 1775 1771 4953 4953 1774 1773 4954 4954 1773 1769 4955 4955 1834 1774 4956 4956 1819 1772 4957 4957 1820 1770 4958 4958 1776 1775 4959 4959 1774 1773 4960 4960 1775 1771 4961 4961 1835 1776 4962 4962 1819 1772 4963 4963 1834 1774 4964 4964 1774 1773 4965 4965 1776 1775 4966 4966 1781 1777 4967 4967 1781 1777 4968 4968 1776 1775 4969 4969 1780 1778 4970 4970 1835 1776 4971 4971 1834 1774 4972 4972 1833 1779 4973 4973 1834 1774 4974 4974 1829 1780 4975 4975 1833 1779 4976 4976 1833 1779 4977 4977 1829 1780 4978 4978 1830 1781 4979 4979 1831 1782 4980 4980 1830 1781 4981 4981 1829 1780 4982 4982 1832 1783 4983 4983 1830 1781 4984 4984 1831 1782 4985 4985 1831 1782 4986 4986 1837 1784 4987 4987 1832 1783 4988 4988 1832 1783 4989 4989 1837 1784 4990 4990 1836 1785 4991 4991 1771 1786 4992 4992 1770 1787 4993 4993 1769 1788 4994 4994 1772 1789 4995 4995 1770 1787 4996 4996 1771 1786 4997 4997 1769 1788 4998 4998 1786 1790 4999 4999 1771 1786 5000 5000 1797 1791 5001 5001 1770 1787 5002 5002 1772 1789 5003 5003 1787 1792 5004 5004 1786 1790 5005 5005 1769 1788 5006 5006 1787 1792 5007 5007 1788 1793 5008 5008 1786 1790 5009 5009 1795 1794 5010 5010 1770 1787 5011 5011 1797 1791 5012 5012 1798 1795 5013 5013 1795 1794 5014 5014 1797 1791 5015 5015 1799 1796 5016 5016 1795 1794 5017 5017 1798 1795 5018 5018 1799 1796 5019 5019 1798 1795 5020 5020 1801 1797 5021 5021 1801 1797 5022 5022 1798 1795 5023 5023 1800 1798 5024 5024 1800 1798 5025 5025 1847 1799 5026 5026 1801 1797 5027 5027 1801 1797 5028 5028 1847 1799 5029 5029 1848 1800 5030 5030 1848 1800 5031 5031 1847 1799 5032 5032 1845 1801 5033 5033 1845 1801 5034 5034 1847 1799 5035 5035 1846 1802 5036 5036 1845 1801 5037 5037 1846 1802 5038 5038 1827 1803 5039 5039 1827 1803 5040 5040 1846 1802 5041 5041 1828 1804 5042 5042 1828 1804 5043 5043 1826 1805 5044 5044 1827 1803 5045 5045 1794 1806 5046 5046 1845 1801 5047 5047 1827 1803 5048 5048 1796 1807 5049 5049 1845 1801 5050 5050 1794 1806 5051 5051 1796 1807 5052 5052 1794 1806 5053 5053 1795 1794 5054 5054 1795 1794 5055 5055 1794 1806 5056 5056 1770 1787 5057 5057 1794 1806 5058 5058 1802 1808 5059 5059 1770 1787 5060 5060 1794 1806 5061 5061 1827 1803 5062 5062 1802 1808 5063 5063 1770 1787 5064 5064 1802 1808 5065 5065 1769 1788 5066 5066 1802 1808 5067 5067 1827 1803 5068 5068 1825 1809 5069 5069 1827 1803 5070 5070 1826 1805 5071 5071 1825 1809 5072 5072 1838 1810 5073 5073 1825 1809 5074 5074 1826 1805 5075 5075 1803 1811 5076 5076 1769 1788 5077 5077 1802 1808 5078 5078 1825 1809 5079 5079 1803 1811 5080 5080 1802 1808 5081 5081 1787 1792 5082 5082 1769 1788 5083 5083 1803 1811 5084 5084 1839 1812 5085 5085 1825 1809 5086 5086 1838 1810 5087 5087 1839 1812 5088 5088 1803 1811 5089 5089 1825 1809 5090 5090 1840 1813 5091 5091 1839 1812 5092 5092 1838 1810 5093 5093 1804 1814 5094 5094 1787 1792 5095 5095 1803 1811 5096 5096 1839 1812 5097 5097 1804 1814 5098 5098 1803 1811 5099 5099 1841 1815 5100 5100 1839 1812 5101 5101 1840 1813 5102 5102 1841 1815 5103 5103 1804 1814 5104 5104 1839 1812 5105 5105 1790 1816 5106 5106 1841 1815 5107 5107 1840 1813 5108 5108 1790 1816 5109 5109 1804 1814 5110 5110 1841 1815 5111 5111 1789 1817 5112 5112 1787 1792 5113 5113 1804 1814 5114 5114 1804 1814 5115 5115 1790 1816 5116 5116 1789 1817 5117 5117 1789 1817 5118 5118 1788 1793 5119 5119 1787 1792 5120 5120 1789 1817 5121 5121 1790 1816 5122 5122 1788 1793 5123 5123 1784 1818 5124 5124 1783 1819 5125 5125 1782 1820 5126 5126 1782 1820 5127 5127 1783 1819 5128 5128 1792 1821 5129 5129 1792 1821 5130 5130 1783 1819 5131 5131 1791 1822 5132 5132 1793 1823 5133 5133 1792 1821 5134 5134 1791 1822 5135 5135 1785 1824 5136 5136 1783 1819 5137 5137 1784 1818 5138 5138 1784 1818 5139 5139 1823 1825 5140 5140 1785 1824 5141 5141 1824 1826 5142 5142 1823 1825 5143 5143 1784 1818 5144 5144 1824 1826 5145 5145 1842 1827 5146 5146 1823 1825 5147 5147 1843 1828 5148 5148 1842 1827 5149 5149 1824 1826 5150 5150 1842 1827 5151 5151 1843 1828 5152 5152 1844 1829 5153 5153 1807 1830 5154 5154 1806 1831 5155 5155 1805 1832 5156 5156 1805 1832 5157 5157 1806 1831 5158 5158 1812 1833 5159 5159 1808 1834 5160 5160 1806 1831 5161 5161 1807 1830 5162 5162 1818 1835 5163 5163 1805 1832 5164 5164 1812 1833 5165 5165 1807 1830 5166 5166 1809 1836 5167 5167 1808 1834 5168 5168 1817 1837 5169 5169 1805 1832 5170 5170 1818 1835 5171 5171 1807 1830 5172 5172 1810 1838 5173 5173 1809 1836 5174 5174 1817 1837 5175 5175 1816 1839 5176 5176 1805 1832 5177 5177 1811 1840 5178 5178 1810 1838 5179 5179 1807 1830 5180 5180 1805 1832 5181 5181 1816 1839 5182 5182 1813 1841 5183 5183 1813 1841 5184 5184 1807 1830 5185 5185 1805 1832 5186 5186 1811 1840 5187 5187 1807 1830 5188 5188 1815 1842 5189 5189 1814 1843 5190 5190 1807 1830 5191 5191 1813 1841 5192 5192 1815 1842 5193 5193 1807 1830 5194 5194 1814 1843 5195 5195 1851 1844 5196 5196 1850 1845 5197 5197 1849 1846 5198 5198 1849 1846 5199 5199 1850 1845 5200 5200 1876 1847 5201 5201 1852 1848 5202 5202 1850 1845 5203 5203 1851 1844 5204 5204 1855 1849 5205 5205 1854 1850 5206 5206 1853 1851 5207 5207 1856 1852 5208 5208 1854 1850 5209 5209 1855 1849 5210 5210 1857 1853 5211 5211 1856 1852 5212 5212 1855 1849 5213 5213 1878 1854 5214 5214 1857 1853 5215 5215 1855 1849 5216 5216 1877 1855 5217 5217 1856 1852 5218 5218 1857 1853 5219 5219 1860 1856 5220 5220 1859 1857 5221 5221 1858 1858 5222 5222 1860 1856 5223 5223 1858 1858 5224 5224 1865 1859 5225 5225 1861 1860 5226 5226 1859 1857 5227 5227 1860 1856 5228 5228 1858 1858 5229 5229 1875 1861 5230 5230 1865 1859 5231 5231 1862 1862 5232 5232 1859 1857 5233 5233 1861 1860 5234 5234 1874 1863 5235 5235 1875 1861 5236 5236 1858 1858 5237 5237 1863 1864 5238 5238 1859 1857 5239 5239 1862 1862 5240 5240 1874 1863 5241 5241 1858 1858 5242 5242 1873 1865 5243 5243 1864 1866 5244 5244 1859 1857 5245 5245 1863 1864 5246 5246 1873 1865 5247 5247 1858 1858 5248 5248 1866 1867 5249 5249 1859 1857 5250 5250 1866 1867 5251 5251 1858 1858 5252 5252 1864 1866 5253 5253 1868 1868 5254 5254 1859 1857 5255 5255 1859 1857 5256 5256 1867 1869 5257 5257 1866 1867 5258 5258 1859 1857 5259 5259 1868 1868 5260 5260 1867 1869 5261 5261 1871 1870 5262 5262 1870 1871 5263 5263 1869 1872 5264 5264 1872 1873 5265 5265 1870 1871 5266 5266 1871 1870 5267 5267 1881 1874 5268 5268 1880 1875 5269 5269 1879 1876 5270 5270 1946 1877 5271 5271 1880 1875 5272 5272 1901 1878 5273 5273 1901 1878 5274 5274 1880 1875 5275 5275 1881 1874 5276 5276 1900 1879 5277 5277 1901 1878 5278 5278 1881 1874 5279 5279 1948 1880 5280 5280 1879 1876 5281 5281 1880 1875 5282 5282 1900 1879 5283 5283 1881 1874 5284 5284 1899 1881 5285 5285 1883 1882 5286 5286 1879 1876 5287 5287 1948 1880 5288 5288 1899 1881 5289 5289 1881 1874 5290 5290 1888 1883 5291 5291 1888 1883 5292 5292 1881 1874 5293 5293 1879 1876 5294 5294 1899 1881 5295 5295 1888 1883 5296 5296 1898 1884 5297 5297 1883 1882 5298 5298 1882 1885 5299 5299 1879 1876 5300 5300 1898 1884 5301 5301 1888 1883 5302 5302 1896 1886 5303 5303 1888 1883 5304 5304 1879 1876 5305 5305 1896 1886 5306 5306 1897 1887 5307 5307 1898 1884 5308 5308 1896 1886 5309 5309 1897 1887 5310 5310 1896 1886 5311 5311 1895 1888 5312 5312 1882 1885 5313 5313 1884 1889 5314 5314 1879 1876 5315 5315 1895 1888 5316 5316 1896 1886 5317 5317 1887 1890 5318 5318 1896 1886 5319 5319 1879 1876 5320 5320 1887 1890 5321 5321 1895 1888 5322 5322 1887 1890 5323 5323 1894 1891 5324 5324 1947 1892 5325 5325 1891 1893 5326 5326 1884 1889 5327 5327 1894 1891 5328 5328 1887 1890 5329 5329 1885 1894 5330 5330 1885 1894 5331 5331 1887 1890 5332 5332 1879 1876 5333 5333 1893 1895 5334 5334 1894 1891 5335 5335 1885 1894 5336 5336 1893 1895 5337 5337 1885 1894 5338 5338 1892 1896 5339 5339 1891 1893 5340 5340 1889 1897 5341 5341 1884 1889 5342 5342 1889 1897 5343 5343 1879 1876 5344 5344 1884 1889 5345 5345 1891 1893 5346 5346 1890 1898 5347 5347 1889 1897 5348 5348 1886 1899 5349 5349 1885 1894 5350 5350 1879 1876 5351 5351 1886 1899 5352 5352 1879 1876 5353 5353 1889 1897 5354 5354 1892 1896 5355 5355 1885 1894 5356 5356 1886 1899 5357 5357 1890 1898 5358 5358 1886 1899 5359 5359 1889 1897 5360 5360 1892 1896 5361 5361 1886 1899 5362 5362 1890 1898 5363 5363 1904 1900 5364 5364 1903 1901 5365 5365 1902 1902 5366 5366 1903 1901 5367 5367 1918 1903 5368 5368 1902 1902 5369 5369 1905 1904 5370 5370 1904 1900 5371 5371 1902 1902 5372 5372 1918 1903 5373 5373 1917 1905 5374 5374 1902 1902 5375 5375 1906 1906 5376 5376 1905 1904 5377 5377 1902 1902 5378 5378 1917 1905 5379 5379 1916 1907 5380 5380 1902 1902 5381 5381 1907 1908 5382 5382 1906 1906 5383 5383 1902 1902 5384 5384 1916 1907 5385 5385 1915 1909 5386 5386 1902 1902 5387 5387 1908 1910 5388 5388 1907 1908 5389 5389 1902 1902 5390 5390 1915 1909 5391 5391 1914 1911 5392 5392 1902 1902 5393 5393 1909 1912 5394 5394 1908 1910 5395 5395 1902 1902 5396 5396 1914 1911 5397 5397 1913 1913 5398 5398 1902 1902 5399 5399 1910 1914 5400 5400 1909 1912 5401 5401 1902 1902 5402 5402 1913 1913 5403 5403 1912 1915 5404 5404 1902 1902 5405 5405 1911 1916 5406 5406 1910 1914 5407 5407 1902 1902 5408 5408 1912 1915 5409 5409 1911 1916 5410 5410 1902 1902 5411 5411 1921 1917 5412 5412 1920 1918 5413 5413 1919 1919 5414 5414 1922 1920 5415 5415 1920 1918 5416 5416 1921 1917 5417 5417 1949 1921 5418 5418 1921 1917 5419 5419 1919 1919 5420 5420 1950 1922 5421 5421 1921 1917 5422 5422 1949 1921 5423 5423 1925 1923 5424 5424 1924 1924 5425 5425 1923 1925 5426 5426 1926 1926 5427 5427 1924 1924 5428 5428 1925 1923 5429 5429 1941 1927 5430 5430 1925 1923 5431 5431 1923 1925 5432 5432 1942 1928 5433 5433 1925 1923 5434 5434 1941 1927 5435 5435 1943 1929 5436 5436 1942 1928 5437 5437 1941 1927 5438 5438 1944 1930 5439 5439 1942 1928 5440 5440 1943 1929 5441 5441 1945 1931 5442 5442 1942 1928 5443 5443 1944 1930 5444 5444 1929 1932 5445 5445 1928 1933 5446 5446 1927 1934 5447 5447 1930 1935 5448 5448 1928 1933 5449 5449 1929 1932 5450 5450 1930 1935 5451 5451 1929 1932 5452 5452 1955 1936 5453 5453 1955 1936 5454 5454 1929 1932 5455 5455 1954 1937 5456 5456 1933 1938 5457 5457 1932 1939 5458 5458 1931 1940 5459 5459 1938 1941 5460 5460 1933 1938 5461 5461 1931 1940 5462 5462 1939 1942 5463 5463 1933 1938 5464 5464 1938 1941 5465 5465 1932 1939 5466 5466 1933 1938 5467 5467 1956 1943 5468 5468 1957 1944 5469 5469 1932 1939 5470 5470 1956 1943 5471 5471 1956 1943 5472 5472 1959 1945 5473 5473 1957 1944 5474 5474 1960 1946 5475 5475 1959 1945 5476 5476 1956 1943 5477 5477 1936 1947 5478 5478 1935 1948 5479 5479 1934 1949 5480 5480 1934 1949 5481 5481 1935 1948 5482 5482 1958 1950 5483 5483 1937 1951 5484 5484 1935 1948 5485 5485 1936 1947 5486 5486 1940 1952 5487 5487 1937 1951 5488 5488 1936 1947 5489 5489 1953 1953 5490 5490 1952 1954 5491 5491 1951 1955 5492 5492 1951 1955 5493 5493 1961 1956 5494 5494 1953 1953 5495 5495 1962 1957 5496 5496 1961 1956 5497 5497 1951 1955 5498 5498 1961 1956 5499 5499 1962 1957 5500 5500 1963 1958 5501 5501 1966 1959 5502 5502 1965 1960 5503 5503 1964 1961 5504 5504 1966 1959 5505 5505 1964 1961 5506 5506 1969 1962 5507 5507 1967 1963 5508 5508 1965 1960 5509 5509 1966 1959 5510 5510 1969 1962 5511 5511 1964 1961 5512 5512 1968 1964 5513 5513 1967 1963 5514 5514 1988 1965 5515 5515 1965 1960 5516 5516 1969 1962 5517 5517 1968 1964 5518 5518 1971 1966 5519 5519 1971 1966 5520 5520 1968 1964 5521 5521 1970 1967 5522 5522 1989 1968 5523 5523 1988 1965 5524 5524 1967 1963 5525 5525 1989 1968 5526 5526 1986 1969 5527 5527 1988 1965 5528 5528 1987 1970 5529 5529 1986 1969 5530 5530 1989 1968 5531 5531 1987 1970 5532 5532 1984 1971 5533 5533 1986 1969 5534 5534 1985 1972 5535 5535 1984 1971 5536 5536 1987 1970 5537 5537 1985 1972 5538 5538 1982 1973 5539 5539 1984 1971 5540 5540 1983 1974 5541 5541 1982 1973 5542 5542 1985 1972 5543 5543 1983 1974 5544 5544 1980 1975 5545 5545 1982 1973 5546 5546 1981 1976 5547 5547 1980 1975 5548 5548 1983 1974 5549 5549 1981 1976 5550 5550 1978 1977 5551 5551 1980 1975 5552 5552 1979 1978 5553 5553 1978 1977 5554 5554 1981 1976 5555 5555 1979 1978 5556 5556 1976 1979 5557 5557 1978 1977 5558 5558 1977 1980 5559 5559 1976 1979 5560 5560 1979 1978 5561 5561 1977 1980 5562 5562 1972 1981 5563 5563 1976 1979 5564 5564 1974 1982 5565 5565 1972 1981 5566 5566 1977 1980 5567 5567 1974 1982 5568 5568 1973 1983 5569 5569 1972 1981 5570 5570 1975 1984 5571 5571 1973 1983 5572 5572 1974 1982 5573 5573 1992 1985 5574 5574 1991 1986 5575 5575 1990 1987 5576 5576 1991 1986 5577 5577 2005 1988 5578 5578 1990 1987 5579 5579 1993 1989 5580 5580 1991 1986 5581 5581 1992 1985 5582 5582 1990 1987 5583 5583 2005 1988 5584 5584 2004 1990 5585 5585 1994 1991 5586 5586 1993 1989 5587 5587 1992 1985 5588 5588 2005 1988 5589 5589 2003 1992 5590 5590 2004 1990 5591 5591 1995 1993 5592 5592 1993 1989 5593 5593 1994 1991 5594 5594 2004 1990 5595 5595 2003 1992 5596 5596 2002 1994 5597 5597 1996 1995 5598 5598 1995 1993 5599 5599 1994 1991 5600 5600 2003 1992 5601 5601 2001 1996 5602 5602 2002 1994 5603 5603 1997 1997 5604 5604 1995 1993 5605 5605 1996 1995 5606 5606 2002 1994 5607 5607 2001 1996 5608 5608 2000 1998 5609 5609 1998 1999 5610 5610 1997 1997 5611 5611 1996 1995 5612 5612 2001 1996 5613 5613 1999 2000 5614 5614 2000 1998 5615 5615 1999 2000 5616 5616 1997 1997 5617 5617 1998 1999 5618 5618 2000 1998 5619 5619 1999 2000 5620 5620 1998 1999 5621 5621 2008 2001 5622 5622 2007 2002 5623 5623 2006 2003 5624 5624 2009 2004 5625 5625 2007 2002 5626 5626 2008 2001 5627 5627 2012 2005 5628 5628 2011 2006 5629 5629 2010 2007 5630 5630 2013 2008 5631 5631 2011 2006 5632 5632 2012 2005 5633 5633 2016 2009 5634 5634 2015 2010 5635 5635 2014 2011 5636 5636 2017 2012 5637 5637 2015 2010 5638 5638 2016 2009 5639 5639 2020 2013 5640 5640 2019 2014 5641 5641 2018 2015 5642 5642 2021 2016 5643 5643 2019 2014 5644 5644 2020 2013 5645 5645 2024 2017 5646 5646 2023 2018 5647 5647 2022 2019 5648 5648 2025 2020 5649 5649 2023 2018 5650 5650 2024 2017 5651 5651 2028 2021 5652 5652 2027 2022 5653 5653 2026 2023 5654 5654 2029 2024 5655 5655 2027 2022 5656 5656 2028 2021 5657 5657 2032 2025 5658 5658 2031 2026 5659 5659 2030 2027 5660 5660 2033 2028 5661 5661 2031 2026 5662 5662 2032 2025 5663 5663 2036 2029 5664 5664 2035 2030 5665 5665 2034 2031 5666 5666 2037 2032 5667 5667 2035 2030 5668 5668 2036 2029 5669 5669 2040 2033 5670 5670 2039 2034 5671 5671 2038 2035 5672 5672 2039 2034 5673 5673 2055 2036 5674 5674 2038 2035 5675 5675 2041 2037 5676 5676 2039 2034 5677 5677 2040 2033 5678 5678 2038 2035 5679 5679 2055 2036 5680 5680 2054 2038 5681 5681 2042 2039 5682 5682 2041 2037 5683 5683 2040 2033 5684 5684 2055 2036 5685 5685 2053 2040 5686 5686 2054 2038 5687 5687 2043 2041 5688 5688 2041 2037 5689 5689 2042 2039 5690 5690 2054 2038 5691 5691 2053 2040 5692 5692 2052 2042 5693 5693 2044 2043 5694 5694 2043 2041 5695 5695 2042 2039 5696 5696 2045 2044 5697 5697 2043 2041 5698 5698 2044 2043 5699 5699 2053 2040 5700 5700 2051 2045 5701 5701 2052 2042 5702 5702 2052 2042 5703 5703 2051 2045 5704 5704 2050 2046 5705 5705 2051 2045 5706 5706 2049 2047 5707 5707 2050 2046 5708 5708 2050 2046 5709 5709 2049 2047 5710 5710 2048 2048 5711 5711 2049 2047 5712 5712 2047 2049 5713 5713 2048 2048 5714 5714 2048 2048 5715 5715 2047 2049 5716 5716 2046 2050 5717 5717 2058 2051 5718 5718 2057 2052 5719 5719 2056 2053 5720 5720 2057 2052 5721 5721 2061 2054 5722 5722 2056 2053 5723 5723 2056 2053 5724 5724 2061 2054 5725 5725 2060 2055 5726 5726 2059 2056 5727 5727 2057 2052 5728 5728 2058 2051 5729 5729 2072 2057 5730 5730 2059 2056 5731 5731 2058 2051 5732 5732 2073 2058 5733 5733 2059 2056 5734 5734 2072 2057 5735 5735 2070 2059 5736 5736 2073 2058 5737 5737 2072 2057 5738 5738 2071 2060 5739 5739 2073 2058 5740 5740 2070 2059 5741 5741 2068 2061 5742 5742 2071 2060 5743 5743 2070 2059 5744 5744 2069 2062 5745 5745 2071 2060 5746 5746 2068 2061 5747 5747 2066 2063 5748 5748 2069 2062 5749 5749 2068 2061 5750 5750 2067 2064 5751 5751 2069 2062 5752 5752 2066 2063 5753 5753 2062 2065 5754 5754 2067 2064 5755 5755 2066 2063 5756 5756 2063 2066 5757 5757 2067 2064 5758 5758 2062 2065 5759 5759 2064 2067 5760 5760 2063 2066 5761 5761 2062 2065 5762 5762 2065 2068 5763 5763 2063 2066 5764 5764 2064 2067 5765 5765 2076 2069 5766 5766 2075 2070 5767 5767 2074 2071 5768 5768 2075 2070 5769 5769 2093 2072 5770 5770 2074 2071 5771 5771 2077 2073 5772 5772 2075 2070 5773 5773 2076 2069 5774 5774 2074 2071 5775 5775 2093 2072 5776 5776 2091 2074 5777 5777 2078 2075 5778 5778 2077 2073 5779 5779 2076 2069 5780 5780 2093 2072 5781 5781 2092 2076 5782 5782 2091 2074 5783 5783 2079 2077 5784 5784 2078 2075 5785 5785 2076 2069 5786 5786 2092 2076 5787 5787 2090 2078 5788 5788 2091 2074 5789 5789 2080 2079 5790 5790 2078 2075 5791 5791 2079 2077 5792 5792 2091 2074 5793 5793 2090 2078 5794 5794 2089 2080 5795 5795 2081 2081 5796 5796 2080 2079 5797 5797 2079 2077 5798 5798 2090 2078 5799 5799 2088 2082 5800 5800 2089 2080 5801 5801 2082 2083 5802 5802 2080 2079 5803 5803 2081 2081 5804 5804 2089 2080 5805 5805 2088 2082 5806 5806 2086 2084 5807 5807 2083 2085 5808 5808 2082 2083 5809 5809 2081 2081 5810 5810 2088 2082 5811 5811 2087 2086 5812 5812 2086 2084 5813 5813 2084 2087 5814 5814 2083 2085 5815 5815 2081 2081 5816 5816 2087 2086 5817 5817 2085 2088 5818 5818 2086 2084 5819 5819 2085 2088 5820 5820 2083 2085 5821 5821 2084 2087 5822 5822 2086 2084 5823 5823 2085 2088 5824 5824 2084 2087 5825 5825 2096 2089 5826 5826 2095 2090 5827 5827 2094 2091 5828 5828 2095 2090 5829 5829 2127 2092 5830 5830 2094 2091 5831 5831 2097 2093 5832 5832 2095 2090 5833 5833 2096 2089 5834 5834 2100 2094 5835 5835 2099 2095 5836 5836 2098 2096 5837 5837 2101 2097 5838 5838 2099 2095 5839 5839 2100 2094 5840 5840 2102 2098 5841 5841 2101 2097 5842 5842 2100 2094 5843 5843 2105 2099 5844 5844 2104 2100 5845 5845 2103 2101 5846 5846 2106 2102 5847 5847 2104 2100 5848 5848 2105 2099 5849 5849 2109 2103 5850 5850 2108 2104 5851 5851 2107 2105 5852 5852 2110 2106 5853 5853 2108 2104 5854 5854 2109 2103 5855 5855 2111 2107 5856 5856 2110 2106 5857 5857 2109 2103 5858 5858 2114 2108 5859 5859 2113 2109 5860 5860 2112 2110 5861 5861 2115 2111 5862 5862 2113 2109 5863 5863 2114 2108 5864 5864 2116 2112 5865 5865 2115 2111 5866 5866 2114 2108 5867 5867 2117 2113 5868 5868 2115 2111 5869 5869 2116 2112 5870 5870 2120 2114 5871 5871 2119 2115 5872 5872 2118 2116 5873 5873 2121 2117 5874 5874 2120 2114 5875 5875 2118 2116 5876 5876 2122 2118 5877 5877 2120 2114 5878 5878 2121 2117 5879 5879 2125 2119 5880 5880 2124 2120 5881 5881 2123 2121 5882 5882 2126 2122 5883 5883 2124 2120 5884 5884 2125 2119 5885 5885 2130 2123 5886 5886 2129 2124 5887 5887 2128 2125 5888 5888 2129 2124 5889 5889 2133 2126 5890 5890 2128 2125 5891 5891 2131 2127 5892 5892 2129 2124 5893 5893 2130 2123 5894 5894 2128 2125 5895 5895 2133 2126 5896 5896 2132 2128 5897 5897 2152 2129 5898 5898 2131 2127 5899 5899 2130 2123 5900 5900 2133 2126 5901 5901 2135 2130 5902 5902 2132 2128 5903 5903 2132 2128 5904 5904 2135 2130 5905 5905 2134 2131 5906 5906 2153 2132 5907 5907 2131 2127 5908 5908 2152 2129 5909 5909 2150 2133 5910 5910 2153 2132 5911 5911 2152 2129 5912 5912 2151 2134 5913 5913 2153 2132 5914 5914 2150 2133 5915 5915 2148 2135 5916 5916 2151 2134 5917 5917 2150 2133 5918 5918 2149 2136 5919 5919 2151 2134 5920 5920 2148 2135 5921 5921 2146 2137 5922 5922 2149 2136 5923 5923 2148 2135 5924 5924 2147 2138 5925 5925 2149 2136 5926 5926 2146 2137 5927 5927 2144 2139 5928 5928 2147 2138 5929 5929 2146 2137 5930 5930 2145 2140 5931 5931 2147 2138 5932 5932 2144 2139 5933 5933 2142 2141 5934 5934 2145 2140 5935 5935 2144 2139 5936 5936 2143 2142 5937 5937 2145 2140 5938 5938 2142 2141 5939 5939 2140 2143 5940 5940 2143 2142 5941 5941 2142 2141 5942 5942 2141 2144 5943 5943 2143 2142 5944 5944 2140 2143 5945 5945 2136 2145 5946 5946 2141 2144 5947 5947 2140 2143 5948 5948 2137 2146 5949 5949 2141 2144 5950 5950 2136 2145 5951 5951 2138 2147 5952 5952 2137 2146 5953 5953 2136 2145 5954 5954 2139 2148 5955 5955 2137 2146 5956 5956 2138 2147 5957 5957 2156 2149 5958 5958 2155 2150 5959 5959 2154 2151 5960 5960 2156 2149 5961 5961 2154 2151 5962 5962 2169 2152 5963 5963 2157 2153 5964 5964 2155 2150 5965 5965 2156 2149 5966 5966 2169 2152 5967 5967 2154 2151 5968 5968 2168 2154 5969 5969 2157 2153 5970 5970 2158 2155 5971 5971 2155 2150 5972 5972 2169 2152 5973 5973 2168 2154 5974 5974 2167 2156 5975 5975 2159 2157 5976 5976 2158 2155 5977 5977 2157 2153 5978 5978 2167 2156 5979 5979 2168 2154 5980 5980 2166 2158 5981 5981 2159 2157 5982 5982 2160 2159 5983 5983 2158 2155 5984 5984 2167 2156 5985 5985 2166 2158 5986 5986 2165 2160 5987 5987 2161 2161 5988 5988 2160 2159 5989 5989 2159 2157 5990 5990 2165 2160 5991 5991 2166 2158 5992 5992 2164 2162 5993 5993 2161 2161 5994 5994 2162 2163 5995 5995 2160 2159 5996 5996 2165 2160 5997 5997 2164 2162 5998 5998 2163 2164 5999 5999 2163 2164 6000 6000 2162 2163 6001 6001 2161 2161 6002 6002 2163 2164 6003 6003 2164 2162 6004 6004 2162 2163 6005 6005 2172 2165 6006 6006 2171 2166 6007 6007 2170 2167 6008 6008 2173 2168 6009 6009 2171 2166 6010 6010 2172 2165 6011 6011 2176 2169 6012 6012 2175 2170 6013 6013 2174 2171 6014 6014 2177 2172 6015 6015 2175 2170 6016 6016 2176 2169 6017 6017 2180 2173 6018 6018 2179 2174 6019 6019 2178 2175 6020 6020 2181 2176 6021 6021 2179 2174 6022 6022 2180 2173 6023 6023 2184 2177 6024 6024 2183 2178 6025 6025 2182 2179 6026 6026 2185 2180 6027 6027 2183 2178 6028 6028 2184 2177 6029 6029 2188 2181 6030 6030 2187 2182 6031 6031 2186 2183 6032 6032 2189 2184 6033 6033 2187 2182 6034 6034 2188 2181 6035 6035 2192 2185 6036 6036 2191 2186 6037 6037 2190 2187 6038 6038 2193 2188 6039 6039 2191 2186 6040 6040 2192 2185 6041 6041 2196 2189 6042 6042 2195 2190 6043 6043 2194 2191 6044 6044 2197 2192 6045 6045 2195 2190 6046 6046 2196 2189 6047 6047 2200 2193 6048 6048 2199 2194 6049 6049 2198 2195 6050 6050 2201 2196 6051 6051 2199 2194 6052 6052 2200 2193 6053 6053 2204 2197 6054 6054 2203 2198 6055 6055 2202 2199 6056 6056 2204 2197 6057 6057 2202 2199 6058 6058 2219 2200 6059 6059 2205 2201 6060 6060 2203 2198 6061 6061 2204 2197 6062 6062 2219 2200 6063 6063 2202 2199 6064 6064 2218 2202 6065 6065 2205 2201 6066 6066 2206 2203 6067 6067 2203 2198 6068 6068 2219 2200 6069 6069 2218 2202 6070 6070 2217 2204 6071 6071 2207 2205 6072 6072 2206 2203 6073 6073 2205 2201 6074 6074 2217 2204 6075 6075 2218 2202 6076 6076 2216 2206 6077 6077 2207 2205 6078 6078 2208 2207 6079 6079 2206 2203 6080 6080 2209 2208 6081 6081 2208 2207 6082 6082 2207 2205 6083 6083 2217 2204 6084 6084 2216 2206 6085 6085 2215 2209 6086 6086 2215 2209 6087 6087 2216 2206 6088 6088 2214 2210 6089 6089 2215 2209 6090 6090 2214 2210 6091 6091 2213 2211 6092 6092 2213 2211 6093 6093 2214 2210 6094 6094 2211 2212 6095 6095 2213 2211 6096 6096 2211 2212 6097 6097 2212 2213 6098 6098 2212 2213 6099 6099 2211 2212 6100 6100 2210 2214 6101 6101 2222 2215 6102 6102 2221 2216 6103 6103 2220 2217 6104 6104 2222 2215 6105 6105 2220 2217 6106 6106 2225 2218 6107 6107 2225 2218 6108 6108 2220 2217 6109 6109 2224 2219 6110 6110 2223 2220 6111 6111 2221 2216 6112 6112 2222 2215 6113 6113 2223 2220 6114 6114 2236 2221 6115 6115 2221 2216 6116 6116 2237 2222 6117 6117 2236 2221 6118 6118 2223 2220 6119 6119 2237 2222 6120 6120 2234 2223 6121 6121 2236 2221 6122 6122 2235 2224 6123 6123 2234 2223 6124 6124 2237 2222 6125 6125 2235 2224 6126 6126 2232 2225 6127 6127 2234 2223 6128 6128 2233 2226 6129 6129 2232 2225 6130 6130 2235 2224 6131 6131 2233 2226 6132 6132 2230 2227 6133 6133 2232 2225 6134 6134 2231 2228 6135 6135 2230 2227 6136 6136 2233 2226 6137 6137 2231 2228 6138 6138 2226 2229 6139 6139 2230 2227 6140 6140 2228 2230 6141 6141 2226 2229 6142 6142 2231 2228 6143 6143 2228 2230 6144 6144 2227 2231 6145 6145 2226 2229 6146 6146 2229 2232 6147 6147 2227 2231 6148 6148 2228 2230 6149 6149 2240 2233 6150 6150 2239 2234 6151 6151 2238 2235 6152 6152 2240 2233 6153 6153 2238 2235 6154 6154 2257 2236 6155 6155 2241 2237 6156 6156 2239 2234 6157 6157 2240 2233 6158 6158 2257 2236 6159 6159 2238 2235 6160 6160 2255 2238 6161 6161 2241 2237 6162 6162 2242 2239 6163 6163 2239 2234 6164 6164 2256 2240 6165 6165 2257 2236 6166 6166 2255 2238 6167 6167 2242 2239 6168 6168 2243 2241 6169 6169 2239 2234 6170 6170 2256 2240 6171 6171 2255 2238 6172 6172 2254 2242 6173 6173 2244 2243 6174 6174 2243 2241 6175 6175 2242 2239 6176 6176 2254 2242 6177 6177 2255 2238 6178 6178 2253 2244 6179 6179 2244 2243 6180 6180 2245 2245 6181 6181 2243 2241 6182 6182 2254 2242 6183 6183 2253 2244 6184 6184 2252 2246 6185 6185 2246 2247 6186 6186 2245 2245 6187 6187 2244 2243 6188 6188 2252 2246 6189 6189 2253 2244 6190 6190 2250 2248 6191 6191 2246 2247 6192 6192 2247 2249 6193 6193 2245 2245 6194 6194 2251 2250 6195 6195 2252 2246 6196 6196 2250 2248 6197 6197 2247 2249 6198 6198 2248 2251 6199 6199 2245 2245 6200 6200 2251 2250 6201 6201 2250 2248 6202 6202 2249 2252 6203 6203 2249 2252 6204 6204 2248 2251 6205 6205 2247 2249 6206 6206 2249 2252 6207 6207 2250 2248 6208 6208 2248 2251 6209 6209 2260 2253 6210 6210 2259 2254 6211 6211 2258 2255 6212 6212 2291 2256 6213 6213 2260 2253 6214 6214 2258 2255 6215 6215 2261 2257 6216 6216 2259 2254 6217 6217 2260 2253 6218 6218 2264 2258 6219 6219 2263 2259 6220 6220 2262 2260 6221 6221 2265 2261 6222 6222 2263 2259 6223 6223 2264 2258 6224 6224 2265 2261 6225 6225 2266 2262 6226 6226 2263 2259 6227 6227 2269 2263 6228 6228 2268 2264 6229 6229 2267 2265 6230 6230 2270 2266 6231 6231 2268 2264 6232 6232 2269 2263 6233 6233 2273 2267 6234 6234 2272 2268 6235 6235 2271 2269 6236 6236 2274 2270 6237 6237 2272 2268 6238 6238 2273 2267 6239 6239 2274 2270 6240 6240 2275 2271 6241 6241 2272 2268 6242 6242 2278 2272 6243 6243 2277 2273 6244 6244 2276 2274 6245 6245 2279 2275 6246 6246 2277 2273 6247 6247 2278 2272 6248 6248 2279 2275 6249 6249 2280 2276 6250 6250 2277 2273 6251 6251 2281 2277 6252 6252 2280 2276 6253 6253 2279 2275 6254 6254 2284 2278 6255 6255 2283 2279 6256 6256 2282 2280 6257 6257 2283 2279 6258 6258 2285 2281 6259 6259 2282 2280 6260 6260 2286 2282 6261 6261 2285 2281 6262 6262 2283 2279 6263 6263 2289 2283 6264 6264 2288 2284 6265 6265 2287 2285 6266 6266 2290 2286 6267 6267 2288 2284 6268 6268 2289 2283 6269 6269 2294 2287 6270 6270 2293 2288 6271 6271 2292 2289 6272 6272 2292 2289 6273 6273 2302 2290 6274 6274 2294 2287 6275 6275 2295 2291 6276 6276 2293 2288 6277 6277 2294 2287 6278 6278 2301 2292 6279 6279 2302 2290 6280 6280 2292 2289 6281 6281 2296 2293 6282 6282 2293 2288 6283 6283 2295 2291 6284 6284 2297 2294 6285 6285 2293 2288 6286 6286 2296 2293 6287 6287 2292 2289 6288 6288 2298 2295 6289 6289 2301 2292 6290 6290 2301 2292 6291 6291 2298 2295 6292 6292 2300 2296 6293 6293 2292 2289 6294 6294 2299 2297 6295 6295 2298 2295 6296 6296 2293 2288 6297 6297 2299 2297 6298 6298 2292 2289 6299 6299 2293 2288 6300 6300 2297 2294 6301 6301 2299 2297 6302 6302 2299 2297 6303 6303 2297 2294 6304 6304 2303 2298 6305 6305 2306 2299 6306 6306 2305 2300 6307 6307 2304 2301 6308 6308 2314 2302 6309 6309 2304 2301 6310 6310 2305 2300 6311 6311 2307 2303 6312 6312 2305 2300 6313 6313 2306 2299 6314 6314 2313 2304 6315 6315 2304 2301 6316 6316 2314 2302 6317 6317 2306 2299 6318 6318 2308 2305 6319 6319 2307 2303 6320 6320 2309 2306 6321 6321 2308 2305 6322 6322 2306 2299 6323 6323 2304 2301 6324 6324 2313 2304 6325 6325 2310 2307 6326 6326 2310 2307 6327 6327 2313 2304 6328 6328 2312 2308 6329 6329 2311 2309 6330 6330 2304 2301 6331 6331 2310 2307 6332 6332 2306 2299 6333 6333 2304 2301 6334 6334 2311 2309 6335 6335 2306 2299 6336 6336 2311 2309 6337 6337 2309 2306 6338 6338 2309 2306 6339 6339 2311 2309 6340 6340 2315 2310 6341 6341 2318 2311 6342 6342 2317 2312 6343 6343 2316 2313 6344 6344 2316 2313 6345 6345 2326 2314 6346 6346 2318 2311 6347 6347 2319 2315 6348 6348 2317 2312 6349 6349 2318 2311 6350 6350 2325 2316 6351 6351 2326 2314 6352 6352 2316 2313 6353 6353 2320 2317 6354 6354 2317 2312 6355 6355 2319 2315 6356 6356 2321 2318 6357 6357 2317 2312 6358 6358 2320 2317 6359 6359 2316 2313 6360 6360 2322 2319 6361 6361 2325 2316 6362 6362 2325 2316 6363 6363 2322 2319 6364 6364 2324 2320 6365 6365 2316 2313 6366 6366 2323 2321 6367 6367 2322 2319 6368 6368 2317 2312 6369 6369 2323 2321 6370 6370 2316 2313 6371 6371 2317 2312 6372 6372 2321 2318 6373 6373 2323 2321 6374 6374 2323 2321 6375 6375 2321 2318 6376 6376 2327 2322 6377 6377 2330 2323 6378 6378 2329 2324 6379 6379 2328 2325 6380 6380 2338 2326 6381 6381 2328 2325 6382 6382 2329 2324 6383 6383 2331 2327 6384 6384 2329 2324 6385 6385 2330 2323 6386 6386 2337 2328 6387 6387 2328 2325 6388 6388 2338 2326 6389 6389 2330 2323 6390 6390 2332 2329 6391 6391 2331 2327 6392 6392 2333 2330 6393 6393 2332 2329 6394 6394 2330 2323 6395 6395 2328 2325 6396 6396 2337 2328 6397 6397 2334 2331 6398 6398 2334 2331 6399 6399 2337 2328 6400 6400 2336 2332 6401 6401 2335 2333 6402 6402 2328 2325 6403 6403 2334 2331 6404 6404 2330 2323 6405 6405 2328 2325 6406 6406 2335 2333 6407 6407 2330 2323 6408 6408 2335 2333 6409 6409 2333 2330 6410 6410 2333 2330 6411 6411 2335 2333 6412 6412 2339 2334 6413 6413 2342 2335 6414 6414 2341 2336 6415 6415 2340 2337 6416 6416 2340 2337 6417 6417 2350 2338 6418 6418 2342 2335 6419 6419 2343 2339 6420 6420 2341 2336 6421 6421 2342 2335 6422 6422 2349 2340 6423 6423 2350 2338 6424 6424 2340 2337 6425 6425 2344 2341 6426 6426 2341 2336 6427 6427 2343 2339 6428 6428 2345 2342 6429 6429 2341 2336 6430 6430 2344 2341 6431 6431 2340 2337 6432 6432 2346 2343 6433 6433 2349 2340 6434 6434 2349 2340 6435 6435 2346 2343 6436 6436 2348 2344 6437 6437 2340 2337 6438 6438 2347 2345 6439 6439 2346 2343 6440 6440 2341 2336 6441 6441 2347 2345 6442 6442 2340 2337 6443 6443 2341 2336 6444 6444 2345 2342 6445 6445 2347 2345 6446 6446 2347 2345 6447 6447 2345 2342 6448 6448 2351 2346 6449 6449 2354 2347 6450 6450 2353 2348 6451 6451 2352 2349 6452 6452 2362 2350 6453 6453 2352 2349 6454 6454 2353 2348 6455 6455 2355 2351 6456 6456 2353 2348 6457 6457 2354 2347 6458 6458 2361 2352 6459 6459 2352 2349 6460 6460 2362 2350 6461 6461 2354 2347 6462 6462 2356 2353 6463 6463 2355 2351 6464 6464 2357 2354 6465 6465 2356 2353 6466 6466 2354 2347 6467 6467 2352 2349 6468 6468 2361 2352 6469 6469 2358 2355 6470 6470 2358 2355 6471 6471 2361 2352 6472 6472 2360 2356 6473 6473 2359 2357 6474 6474 2352 2349 6475 6475 2358 2355 6476 6476 2354 2347 6477 6477 2352 2349 6478 6478 2359 2357 6479 6479 2354 2347 6480 6480 2359 2357 6481 6481 2357 2354 6482 6482 2357 2354 6483 6483 2359 2357 6484 6484 2363 2358 6485 6485 2366 2359 6486 6486 2365 2360 6487 6487 2364 2361 6488 6488 2367 2362 6489 6489 2365 2360 6490 6490 2366 2359 6491 6491 2367 2362 6492 6492 2368 2363 6493 6493 2365 2360 6494 6494 2392 2364 6495 6495 2367 2362 6496 6496 2366 2359 6497 6497 2369 2365 6498 6498 2368 2363 6499 6499 2367 2362 6500 6500 2369 2365 6501 6501 2370 2366 6502 6502 2368 2363 6503 6503 2393 2367 6504 6504 2367 2362 6505 6505 2392 2364 6506 6506 2393 2367 6507 6507 2369 2365 6508 6508 2367 2362 6509 6509 2392 2364 6510 6510 2439 2368 6511 6511 2393 2367 6512 6512 2440 2369 6513 6513 2439 2368 6514 6514 2392 2364 6515 6515 2440 2369 6516 6516 2465 2370 6517 6517 2439 2368 6518 6518 2394 2371 6519 6519 2369 2365 6520 6520 2393 2367 6521 6521 2393 2367 6522 6522 2439 2368 6523 6523 2394 2371 6524 6524 2439 2368 6525 6525 2465 2370 6526 6526 2463 2372 6527 6527 2465 2370 6528 6528 2464 2373 6529 6529 2463 2372 6530 6530 2463 2372 6531 6531 2464 2373 6532 6532 2462 2374 6533 6533 2439 2368 6534 6534 2463 2372 6535 6535 2441 2375 6536 6536 2439 2368 6537 6537 2441 2375 6538 6538 2394 2371 6539 6539 2463 2372 6540 6540 2462 2374 6541 6541 2461 2376 6542 6542 2441 2375 6543 6543 2463 2372 6544 6544 2461 2376 6545 6545 2461 2376 6546 6546 2462 2374 6547 6547 2460 2377 6548 6548 2394 2371 6549 6549 2441 2375 6550 6550 2395 2378 6551 6551 2461 2376 6552 6552 2460 2377 6553 6553 2459 2379 6554 6554 2459 2379 6555 6555 2460 2377 6556 6556 2457 2380 6557 6557 2441 2375 6558 6558 2461 2376 6559 6559 2442 2381 6560 6560 2442 2381 6561 6561 2461 2376 6562 6562 2459 2379 6563 6563 2441 2375 6564 6564 2442 2381 6565 6565 2395 2378 6566 6566 2459 2379 6567 6567 2457 2380 6568 6568 2458 2382 6569 6569 2458 2382 6570 6570 2457 2380 6571 6571 2456 2383 6572 6572 2442 2381 6573 6573 2459 2379 6574 6574 2443 2384 6575 6575 2443 2384 6576 6576 2459 2379 6577 6577 2458 2382 6578 6578 2458 2382 6579 6579 2456 2383 6580 6580 2489 2385 6581 6581 2489 2385 6582 6582 2456 2383 6583 6583 2488 2386 6584 6584 2443 2384 6585 6585 2458 2382 6586 6586 2444 2387 6587 6587 2444 2387 6588 6588 2458 2382 6589 6589 2489 2385 6590 6590 2489 2385 6591 6591 2488 2386 6592 6592 2487 2388 6593 6593 2487 2388 6594 6594 2488 2386 6595 6595 2486 2389 6596 6596 2444 2387 6597 6597 2489 2385 6598 6598 2445 2390 6599 6599 2445 2390 6600 6600 2489 2385 6601 6601 2487 2388 6602 6602 2487 2388 6603 6603 2486 2389 6604 6604 2485 2391 6605 6605 2485 2391 6606 6606 2486 2389 6607 6607 2484 2392 6608 6608 2445 2390 6609 6609 2487 2388 6610 6610 2446 2393 6611 6611 2446 2393 6612 6612 2487 2388 6613 6613 2485 2391 6614 6614 2485 2391 6615 6615 2484 2392 6616 6616 2483 2394 6617 6617 2483 2394 6618 6618 2484 2392 6619 6619 2482 2395 6620 6620 2446 2393 6621 6621 2485 2391 6622 6622 2447 2396 6623 6623 2447 2396 6624 6624 2485 2391 6625 6625 2483 2394 6626 6626 2483 2394 6627 6627 2482 2395 6628 6628 2481 2397 6629 6629 2481 2397 6630 6630 2482 2395 6631 6631 2480 2398 6632 6632 2447 2396 6633 6633 2483 2394 6634 6634 2448 2399 6635 6635 2448 2399 6636 6636 2483 2394 6637 6637 2481 2397 6638 6638 2481 2397 6639 6639 2480 2398 6640 6640 2479 2400 6641 6641 2479 2400 6642 6642 2480 2398 6643 6643 2478 2401 6644 6644 2448 2399 6645 6645 2481 2397 6646 6646 2449 2402 6647 6647 2449 2402 6648 6648 2481 2397 6649 6649 2479 2400 6650 6650 2479 2400 6651 6651 2478 2401 6652 6652 2477 2403 6653 6653 2477 2403 6654 6654 2478 2401 6655 6655 2476 2404 6656 6656 2449 2402 6657 6657 2479 2400 6658 6658 2450 2405 6659 6659 2450 2405 6660 6660 2479 2400 6661 6661 2477 2403 6662 6662 2477 2403 6663 6663 2476 2404 6664 6664 2475 2406 6665 6665 2475 2406 6666 6666 2476 2404 6667 6667 2474 2407 6668 6668 2450 2405 6669 6669 2477 2403 6670 6670 2451 2408 6671 6671 2451 2408 6672 6672 2477 2403 6673 6673 2475 2406 6674 6674 2475 2406 6675 6675 2474 2407 6676 6676 2473 2409 6677 6677 2473 2409 6678 6678 2474 2407 6679 6679 2472 2410 6680 6680 2451 2408 6681 6681 2475 2406 6682 6682 2452 2411 6683 6683 2452 2411 6684 6684 2475 2406 6685 6685 2473 2409 6686 6686 2473 2409 6687 6687 2472 2410 6688 6688 2471 2412 6689 6689 2471 2412 6690 6690 2472 2410 6691 6691 2470 2413 6692 6692 2452 2411 6693 6693 2473 2409 6694 6694 2453 2414 6695 6695 2453 2414 6696 6696 2473 2409 6697 6697 2471 2412 6698 6698 2471 2412 6699 6699 2470 2413 6700 6700 2469 2415 6701 6701 2469 2415 6702 6702 2470 2413 6703 6703 2467 2416 6704 6704 2468 2417 6705 6705 2467 2416 6706 6706 2466 2418 6707 6707 2469 2415 6708 6708 2467 2416 6709 6709 2468 2417 6710 6710 2455 2419 6711 6711 2469 2415 6712 6712 2468 2417 6713 6713 2454 2420 6714 6714 2471 2412 6715 6715 2469 2415 6716 6716 2454 2420 6717 6717 2469 2415 6718 6718 2455 2419 6719 6719 2453 2414 6720 6720 2471 2412 6721 6721 2454 2420 6722 6722 2454 2420 6723 6723 2455 2419 6724 6724 2426 2421 6725 6725 2426 2421 6726 6726 2455 2419 6727 6727 2427 2422 6728 6728 2427 2422 6729 6729 2391 2423 6730 6730 2426 2421 6731 6731 2453 2414 6732 6732 2454 2420 6733 6733 2424 2424 6734 6734 2426 2421 6735 6735 2391 2423 6736 6736 2389 2425 6737 6737 2391 2423 6738 6738 2390 2426 6739 6739 2389 2425 6740 6740 2389 2425 6741 6741 2390 2426 6742 6742 2388 2427 6743 6743 2425 2428 6744 6744 2454 2420 6745 6745 2426 2421 6746 6746 2426 2421 6747 6747 2389 2425 6748 6748 2425 2428 6749 6749 2424 2424 6750 6750 2454 2420 6751 6751 2425 2428 6752 6752 2389 2425 6753 6753 2388 2427 6754 6754 2387 2429 6755 6755 2425 2428 6756 6756 2389 2425 6757 6757 2387 2429 6758 6758 2425 2428 6759 6759 2387 2429 6760 6760 2424 2424 6761 6761 2387 2429 6762 6762 2388 2427 6763 6763 2386 2430 6764 6764 2387 2429 6765 6765 2386 2430 6766 6766 2385 2431 6767 6767 2424 2424 6768 6768 2387 2429 6769 6769 2385 2431 6770 6770 2385 2431 6771 6771 2386 2430 6772 6772 2384 2432 6773 6773 2424 2424 6774 6774 2385 2431 6775 6775 2423 2433 6776 6776 2423 2433 6777 6777 2453 2414 6778 6778 2424 2424 6779 6779 2385 2431 6780 6780 2384 2432 6781 6781 2383 2434 6782 6782 2423 2433 6783 6783 2385 2431 6784 6784 2383 2434 6785 6785 2383 2434 6786 6786 2384 2432 6787 6787 2382 2435 6788 6788 2452 2411 6789 6789 2453 2414 6790 6790 2423 2433 6791 6791 2383 2434 6792 6792 2382 2435 6793 6793 2381 2436 6794 6794 2381 2436 6795 6795 2382 2435 6796 6796 2380 2437 6797 6797 2423 2433 6798 6798 2383 2434 6799 6799 2422 2438 6800 6800 2422 2438 6801 6801 2452 2411 6802 6802 2423 2433 6803 6803 2422 2438 6804 6804 2383 2434 6805 6805 2381 2436 6806 6806 2421 2439 6807 6807 2452 2411 6808 6808 2422 2438 6809 6809 2422 2438 6810 6810 2381 2436 6811 6811 2421 2439 6812 6812 2451 2408 6813 6813 2452 2411 6814 6814 2421 2439 6815 6815 2381 2436 6816 6816 2380 2437 6817 6817 2379 2440 6818 6818 2421 2439 6819 6819 2381 2436 6820 6820 2379 2440 6821 6821 2379 2440 6822 6822 2380 2437 6823 6823 2377 2441 6824 6824 2420 2442 6825 6825 2451 2408 6826 6826 2421 2439 6827 6827 2421 2439 6828 6828 2379 2440 6829 6829 2420 2442 6830 6830 2450 2405 6831 6831 2451 2408 6832 6832 2420 2442 6833 6833 2379 2440 6834 6834 2377 2441 6835 6835 2378 2443 6836 6836 2420 2442 6837 6837 2379 2440 6838 6838 2378 2443 6839 6839 2378 2443 6840 6840 2377 2441 6841 6841 2376 2444 6842 6842 2376 2444 6843 6843 2438 2445 6844 6844 2378 2443 6845 6845 2419 2446 6846 6846 2450 2405 6847 6847 2420 2442 6848 6848 2420 2442 6849 6849 2378 2443 6850 6850 2419 2446 6851 6851 2378 2443 6852 6852 2438 2445 6853 6853 2418 2447 6854 6854 2419 2446 6855 6855 2378 2443 6856 6856 2418 2447 6857 6857 2438 2445 6858 6858 2437 2448 6859 6859 2418 2447 6860 6860 2417 2449 6861 6861 2450 2405 6862 6862 2419 2446 6863 6863 2419 2446 6864 6864 2418 2447 6865 6865 2417 2449 6866 6866 2449 2402 6867 6867 2450 2405 6868 6868 2417 2449 6869 6869 2418 2447 6870 6870 2437 2448 6871 6871 2416 2450 6872 6872 2417 2449 6873 6873 2418 2447 6874 6874 2416 2450 6875 6875 2437 2448 6876 6876 2436 2451 6877 6877 2416 2450 6878 6878 2415 2452 6879 6879 2449 2402 6880 6880 2417 2449 6881 6881 2417 2449 6882 6882 2416 2450 6883 6883 2415 2452 6884 6884 2448 2399 6885 6885 2449 2402 6886 6886 2415 2452 6887 6887 2416 2450 6888 6888 2436 2451 6889 6889 2414 2453 6890 6890 2415 2452 6891 6891 2416 2450 6892 6892 2414 2453 6893 6893 2436 2451 6894 6894 2435 2454 6895 6895 2414 2453 6896 6896 2413 2455 6897 6897 2448 2399 6898 6898 2415 2452 6899 6899 2415 2452 6900 6900 2414 2453 6901 6901 2413 2455 6902 6902 2414 2453 6903 6903 2435 2454 6904 6904 2412 2456 6905 6905 2413 2455 6906 6906 2414 2453 6907 6907 2412 2456 6908 6908 2435 2454 6909 6909 2434 2457 6910 6910 2412 2456 6911 6911 2411 2458 6912 6912 2448 2399 6913 6913 2413 2455 6914 6914 2413 2455 6915 6915 2412 2456 6916 6916 2411 2458 6917 6917 2447 2396 6918 6918 2448 2399 6919 6919 2411 2458 6920 6920 2412 2456 6921 6921 2434 2457 6922 6922 2410 2459 6923 6923 2411 2458 6924 6924 2412 2456 6925 6925 2410 2459 6926 6926 2434 2457 6927 6927 2433 2460 6928 6928 2410 2459 6929 6929 2409 2461 6930 6930 2447 2396 6931 6931 2411 2458 6932 6932 2411 2458 6933 6933 2410 2459 6934 6934 2409 2461 6935 6935 2446 2393 6936 6936 2447 2396 6937 6937 2409 2461 6938 6938 2410 2459 6939 6939 2433 2460 6940 6940 2408 2462 6941 6941 2409 2461 6942 6942 2410 2459 6943 6943 2408 2462 6944 6944 2433 2460 6945 6945 2432 2463 6946 6946 2408 2462 6947 6947 2407 2464 6948 6948 2446 2393 6949 6949 2409 2461 6950 6950 2409 2461 6951 6951 2408 2462 6952 6952 2407 2464 6953 6953 2408 2462 6954 6954 2432 2463 6955 6955 2406 2465 6956 6956 2407 2464 6957 6957 2408 2462 6958 6958 2406 2465 6959 6959 2432 2463 6960 6960 2431 2466 6961 6961 2406 2465 6962 6962 2405 2467 6963 6963 2446 2393 6964 6964 2407 2464 6965 6965 2407 2464 6966 6966 2406 2465 6967 6967 2405 2467 6968 6968 2445 2390 6969 6969 2446 2393 6970 6970 2405 2467 6971 6971 2406 2465 6972 6972 2431 2466 6973 6973 2404 2468 6974 6974 2405 2467 6975 6975 2406 2465 6976 6976 2404 2468 6977 6977 2431 2466 6978 6978 2430 2469 6979 6979 2404 2468 6980 6980 2403 2470 6981 6981 2445 2390 6982 6982 2405 2467 6983 6983 2405 2467 6984 6984 2404 2468 6985 6985 2403 2470 6986 6986 2444 2387 6987 6987 2445 2390 6988 6988 2403 2470 6989 6989 2404 2468 6990 6990 2430 2469 6991 6991 2402 2471 6992 6992 2403 2470 6993 6993 2404 2468 6994 6994 2402 2471 6995 6995 2430 2469 6996 6996 2429 2472 6997 6997 2402 2471 6998 6998 2401 2473 6999 6999 2444 2387 7000 7000 2403 2470 7001 7001 2403 2470 7002 7002 2402 2471 7003 7003 2401 2473 7004 7004 2402 2471 7005 7005 2429 2472 7006 7006 2400 2474 7007 7007 2401 2473 7008 7008 2402 2471 7009 7009 2400 2474 7010 7010 2429 2472 7011 7011 2428 2475 7012 7012 2400 2474 7013 7013 2399 2476 7014 7014 2444 2387 7015 7015 2401 2473 7016 7016 2401 2473 7017 7017 2400 2474 7018 7018 2399 2476 7019 7019 2443 2384 7020 7020 2444 2387 7021 7021 2399 2476 7022 7022 2400 2474 7023 7023 2428 2475 7024 7024 2398 2477 7025 7025 2399 2476 7026 7026 2400 2474 7027 7027 2398 2477 7028 7028 2397 2478 7029 7029 2443 2384 7030 7030 2399 2476 7031 7031 2399 2476 7032 7032 2398 2477 7033 7033 2397 2478 7034 7034 2442 2381 7035 7035 2443 2384 7036 7036 2397 2478 7037 7037 2398 2477 7038 7038 2428 2475 7039 7039 2375 2479 7040 7040 2397 2478 7041 7041 2398 2477 7042 7042 2375 2479 7043 7043 2375 2479 7044 7044 2428 2475 7045 7045 2374 2480 7046 7046 2396 2481 7047 7047 2442 2381 7048 7048 2397 2478 7049 7049 2397 2478 7050 7050 2375 2479 7051 7051 2396 2481 7052 7052 2395 2378 7053 7053 2442 2381 7054 7054 2396 2481 7055 7055 2375 2479 7056 7056 2374 2480 7057 7057 2373 2482 7058 7058 2396 2481 7059 7059 2375 2479 7060 7060 2373 2482 7061 7061 2396 2481 7062 7062 2373 2482 7063 7063 2395 2378 7064 7064 2373 2482 7065 7065 2374 2480 7066 7066 2372 2483 7067 7067 2395 2378 7068 7068 2373 2482 7069 7069 2371 2484 7070 7070 2373 2482 7071 7071 2372 2483 7072 7072 2371 2484 7073 7073 2395 2378 7074 7074 2371 2484 7075 7075 2394 2371 7076 7076 2371 2484 7077 7077 2372 2483 7078 7078 2370 2366 7079 7079 2394 2371 7080 7080 2371 2484 7081 7081 2369 2365 7082 7082 2371 2484 7083 7083 2370 2366 7084 7084 2369 2365 7085 7085 2492 2485 7086 7086 2491 2486 7087 7087 2490 2487 7088 7088 2493 2488 7089 7089 2491 2486 7090 7090 2492 2485 7091 7091 2494 2489 7092 7092 2493 2488 7093 7093 2492 2485 7094 7094 2493 2488 7095 7095 2518 2490 7096 7096 2491 2486 7097 7097 2495 2491 7098 7098 2493 2488 7099 7099 2494 2489 7100 7100 2496 2492 7101 7101 2495 2491 7102 7102 2494 2489 7103 7103 2519 2493 7104 7104 2518 2490 7105 7105 2493 2488 7106 7106 2495 2491 7107 7107 2519 2493 7108 7108 2493 2488 7109 7109 2565 2494 7110 7110 2518 2490 7111 7111 2519 2493 7112 7112 2566 2495 7113 7113 2518 2490 7114 7114 2565 2494 7115 7115 2566 2495 7116 7116 2565 2494 7117 7117 2591 2496 7118 7118 2520 2497 7119 7119 2519 2493 7120 7120 2495 2491 7121 7121 2565 2494 7122 7122 2519 2493 7123 7123 2520 2497 7124 7124 2591 2496 7125 7125 2565 2494 7126 7126 2589 2498 7127 7127 2591 2496 7128 7128 2589 2498 7129 7129 2590 2499 7130 7130 2590 2499 7131 7131 2589 2498 7132 7132 2588 2500 7133 7133 2565 2494 7134 7134 2567 2501 7135 7135 2589 2498 7136 7136 2565 2494 7137 7137 2520 2497 7138 7138 2567 2501 7139 7139 2589 2498 7140 7140 2587 2502 7141 7141 2588 2500 7142 7142 2589 2498 7143 7143 2567 2501 7144 7144 2587 2502 7145 7145 2588 2500 7146 7146 2587 2502 7147 7147 2586 2503 7148 7148 2567 2501 7149 7149 2520 2497 7150 7150 2521 2504 7151 7151 2587 2502 7152 7152 2585 2505 7153 7153 2586 2503 7154 7154 2586 2503 7155 7155 2585 2505 7156 7156 2584 2506 7157 7157 2567 2501 7158 7158 2568 2507 7159 7159 2587 2502 7160 7160 2587 2502 7161 7161 2568 2507 7162 7162 2585 2505 7163 7163 2567 2501 7164 7164 2521 2504 7165 7165 2568 2507 7166 7166 2585 2505 7167 7167 2583 2508 7168 7168 2584 2506 7169 7169 2584 2506 7170 7170 2583 2508 7171 7171 2582 2509 7172 7172 2568 2507 7173 7173 2569 2510 7174 7174 2585 2505 7175 7175 2585 2505 7176 7176 2569 2510 7177 7177 2583 2508 7178 7178 2583 2508 7179 7179 2615 2511 7180 7180 2582 2509 7181 7181 2582 2509 7182 7182 2615 2511 7183 7183 2614 2512 7184 7184 2569 2510 7185 7185 2570 2513 7186 7186 2583 2508 7187 7187 2583 2508 7188 7188 2570 2513 7189 7189 2615 2511 7190 7190 2615 2511 7191 7191 2613 2514 7192 7192 2614 2512 7193 7193 2614 2512 7194 7194 2613 2514 7195 7195 2612 2515 7196 7196 2570 2513 7197 7197 2571 2516 7198 7198 2615 2511 7199 7199 2615 2511 7200 7200 2571 2516 7201 7201 2613 2514 7202 7202 2613 2514 7203 7203 2611 2517 7204 7204 2612 2515 7205 7205 2612 2515 7206 7206 2611 2517 7207 7207 2610 2518 7208 7208 2571 2516 7209 7209 2572 2519 7210 7210 2613 2514 7211 7211 2613 2514 7212 7212 2572 2519 7213 7213 2611 2517 7214 7214 2611 2517 7215 7215 2609 2520 7216 7216 2610 2518 7217 7217 2610 2518 7218 7218 2609 2520 7219 7219 2608 2521 7220 7220 2572 2519 7221 7221 2573 2522 7222 7222 2611 2517 7223 7223 2611 2517 7224 7224 2573 2522 7225 7225 2609 2520 7226 7226 2609 2520 7227 7227 2607 2523 7228 7228 2608 2521 7229 7229 2608 2521 7230 7230 2607 2523 7231 7231 2606 2524 7232 7232 2573 2522 7233 7233 2574 2525 7234 7234 2609 2520 7235 7235 2609 2520 7236 7236 2574 2525 7237 7237 2607 2523 7238 7238 2607 2523 7239 7239 2605 2526 7240 7240 2606 2524 7241 7241 2606 2524 7242 7242 2605 2526 7243 7243 2604 2527 7244 7244 2574 2525 7245 7245 2575 2528 7246 7246 2607 2523 7247 7247 2607 2523 7248 7248 2575 2528 7249 7249 2605 2526 7250 7250 2605 2526 7251 7251 2603 2529 7252 7252 2604 2527 7253 7253 2604 2527 7254 7254 2603 2529 7255 7255 2602 2530 7256 7256 2575 2528 7257 7257 2576 2531 7258 7258 2605 2526 7259 7259 2605 2526 7260 7260 2576 2531 7261 7261 2603 2529 7262 7262 2603 2529 7263 7263 2601 2532 7264 7264 2602 2530 7265 7265 2602 2530 7266 7266 2601 2532 7267 7267 2600 2533 7268 7268 2576 2531 7269 7269 2577 2534 7270 7270 2603 2529 7271 7271 2603 2529 7272 7272 2577 2534 7273 7273 2601 2532 7274 7274 2601 2532 7275 7275 2599 2535 7276 7276 2600 2533 7277 7277 2600 2533 7278 7278 2599 2535 7279 7279 2598 2536 7280 7280 2577 2534 7281 7281 2578 2537 7282 7282 2601 2532 7283 7283 2601 2532 7284 7284 2578 2537 7285 7285 2599 2535 7286 7286 2599 2535 7287 7287 2597 2538 7288 7288 2598 2536 7289 7289 2598 2536 7290 7290 2597 2538 7291 7291 2596 2539 7292 7292 2578 2537 7293 7293 2579 2540 7294 7294 2599 2535 7295 7295 2599 2535 7296 7296 2579 2540 7297 7297 2597 2538 7298 7298 2597 2538 7299 7299 2595 2541 7300 7300 2596 2539 7301 7301 2596 2539 7302 7302 2595 2541 7303 7303 2594 2542 7304 7304 2594 2542 7305 7305 2593 2543 7306 7306 2592 2544 7307 7307 2595 2541 7308 7308 2593 2543 7309 7309 2594 2542 7310 7310 2595 2541 7311 7311 2581 2545 7312 7312 2593 2543 7313 7313 2597 2538 7314 7314 2580 2546 7315 7315 2595 2541 7316 7316 2580 2546 7317 7317 2581 2545 7318 7318 2595 2541 7319 7319 2579 2540 7320 7320 2580 2546 7321 7321 2597 2538 7322 7322 2580 2546 7323 7323 2552 2547 7324 7324 2581 2545 7325 7325 2581 2545 7326 7326 2552 2547 7327 7327 2553 2548 7328 7328 2553 2548 7329 7329 2552 2547 7330 7330 2517 2549 7331 7331 2579 2540 7332 7332 2550 2550 7333 7333 2580 2546 7334 7334 2517 2549 7335 7335 2552 2547 7336 7336 2515 2551 7337 7337 2517 2549 7338 7338 2515 2551 7339 7339 2516 2552 7340 7340 2580 2546 7341 7341 2551 2553 7342 7342 2552 2547 7343 7343 2552 2547 7344 7344 2551 2553 7345 7345 2515 2551 7346 7346 2580 2546 7347 7347 2550 2550 7348 7348 2551 2553 7349 7349 2516 2552 7350 7350 2515 2551 7351 7351 2514 2554 7352 7352 2515 2551 7353 7353 2551 2553 7354 7354 2513 2555 7355 7355 2515 2551 7356 7356 2513 2555 7357 7357 2514 2554 7358 7358 2551 2553 7359 7359 2550 2550 7360 7360 2513 2555 7361 7361 2514 2554 7362 7362 2513 2555 7363 7363 2512 2556 7364 7364 2513 2555 7365 7365 2511 2557 7366 7366 2512 2556 7367 7367 2513 2555 7368 7368 2550 2550 7369 7369 2511 2557 7370 7370 2512 2556 7371 7371 2511 2557 7372 7372 2510 2558 7373 7373 2550 2550 7374 7374 2549 2559 7375 7375 2511 2557 7376 7376 2579 2540 7377 7377 2549 2559 7378 7378 2550 2550 7379 7379 2511 2557 7380 7380 2509 2560 7381 7381 2510 2558 7382 7382 2511 2557 7383 7383 2549 2559 7384 7384 2509 2560 7385 7385 2510 2558 7386 7386 2509 2560 7387 7387 2508 2561 7388 7388 2578 2537 7389 7389 2549 2559 7390 7390 2579 2540 7391 7391 2509 2560 7392 7392 2507 2562 7393 7393 2508 2561 7394 7394 2508 2561 7395 7395 2507 2562 7396 7396 2506 2563 7397 7397 2549 2559 7398 7398 2548 2564 7399 7399 2509 2560 7400 7400 2578 2537 7401 7401 2548 2564 7402 7402 2549 2559 7403 7403 2509 2560 7404 7404 2548 2564 7405 7405 2507 2562 7406 7406 2578 2537 7407 7407 2547 2565 7408 7408 2548 2564 7409 7409 2548 2564 7410 7410 2547 2565 7411 7411 2507 2562 7412 7412 2577 2534 7413 7413 2547 2565 7414 7414 2578 2537 7415 7415 2507 2562 7416 7416 2505 2566 7417 7417 2506 2563 7418 7418 2507 2562 7419 7419 2547 2565 7420 7420 2505 2566 7421 7421 2506 2563 7422 7422 2505 2566 7423 7423 2504 2567 7424 7424 2577 2534 7425 7425 2546 2568 7426 7426 2547 2565 7427 7427 2547 2565 7428 7428 2546 2568 7429 7429 2505 2566 7430 7430 2576 2531 7431 7431 2546 2568 7432 7432 2577 2534 7433 7433 2505 2566 7434 7434 2503 2569 7435 7435 2504 2567 7436 7436 2505 2566 7437 7437 2546 2568 7438 7438 2503 2569 7439 7439 2504 2567 7440 7440 2503 2569 7441 7441 2502 2570 7442 7442 2502 2570 7443 7443 2503 2569 7444 7444 2564 2571 7445 7445 2576 2531 7446 7446 2545 2572 7447 7447 2546 2568 7448 7448 2546 2568 7449 7449 2545 2572 7450 7450 2503 2569 7451 7451 2564 2571 7452 7452 2503 2569 7453 7453 2544 2573 7454 7454 2503 2569 7455 7455 2545 2572 7456 7456 2544 2573 7457 7457 2564 2571 7458 7458 2544 2573 7459 7459 2563 2574 7460 7460 2576 2531 7461 7461 2543 2575 7462 7462 2545 2572 7463 7463 2545 2572 7464 7464 2543 2575 7465 7465 2544 2573 7466 7466 2575 2528 7467 7467 2543 2575 7468 7468 2576 2531 7469 7469 2563 2574 7470 7470 2544 2573 7471 7471 2542 2576 7472 7472 2544 2573 7473 7473 2543 2575 7474 7474 2542 2576 7475 7475 2563 2574 7476 7476 2542 2576 7477 7477 2562 2577 7478 7478 2575 2528 7479 7479 2541 2578 7480 7480 2543 2575 7481 7481 2543 2575 7482 7482 2541 2578 7483 7483 2542 2576 7484 7484 2574 2525 7485 7485 2541 2578 7486 7486 2575 2528 7487 7487 2562 2577 7488 7488 2542 2576 7489 7489 2540 2579 7490 7490 2542 2576 7491 7491 2541 2578 7492 7492 2540 2579 7493 7493 2562 2577 7494 7494 2540 2579 7495 7495 2561 2580 7496 7496 2574 2525 7497 7497 2539 2581 7498 7498 2541 2578 7499 7499 2541 2578 7500 7500 2539 2581 7501 7501 2540 2579 7502 7502 2561 2580 7503 7503 2540 2579 7504 7504 2538 2582 7505 7505 2540 2579 7506 7506 2539 2581 7507 7507 2538 2582 7508 7508 2561 2580 7509 7509 2538 2582 7510 7510 2560 2583 7511 7511 2574 2525 7512 7512 2537 2584 7513 7513 2539 2581 7514 7514 2539 2581 7515 7515 2537 2584 7516 7516 2538 2582 7517 7517 2573 2522 7518 7518 2537 2584 7519 7519 2574 2525 7520 7520 2560 2583 7521 7521 2538 2582 7522 7522 2536 2585 7523 7523 2538 2582 7524 7524 2537 2584 7525 7525 2536 2585 7526 7526 2560 2583 7527 7527 2536 2585 7528 7528 2559 2586 7529 7529 2573 2522 7530 7530 2535 2587 7531 7531 2537 2584 7532 7532 2537 2584 7533 7533 2535 2587 7534 7534 2536 2585 7535 7535 2572 2519 7536 7536 2535 2587 7537 7537 2573 2522 7538 7538 2559 2586 7539 7539 2536 2585 7540 7540 2534 2588 7541 7541 2536 2585 7542 7542 2535 2587 7543 7543 2534 2588 7544 7544 2559 2586 7545 7545 2534 2588 7546 7546 2558 2589 7547 7547 2572 2519 7548 7548 2533 2590 7549 7549 2535 2587 7550 7550 2535 2587 7551 7551 2533 2590 7552 7552 2534 2588 7553 7553 2558 2589 7554 7554 2534 2588 7555 7555 2532 2591 7556 7556 2534 2588 7557 7557 2533 2590 7558 7558 2532 2591 7559 7559 2558 2589 7560 7560 2532 2591 7561 7561 2557 2592 7562 7562 2572 2519 7563 7563 2531 2593 7564 7564 2533 2590 7565 7565 2533 2590 7566 7566 2531 2593 7567 7567 2532 2591 7568 7568 2571 2516 7569 7569 2531 2593 7570 7570 2572 2519 7571 7571 2557 2592 7572 7572 2532 2591 7573 7573 2530 2594 7574 7574 2532 2591 7575 7575 2531 2593 7576 7576 2530 2594 7577 7577 2557 2592 7578 7578 2530 2594 7579 7579 2556 2595 7580 7580 2571 2516 7581 7581 2529 2596 7582 7582 2531 2593 7583 7583 2531 2593 7584 7584 2529 2596 7585 7585 2530 2594 7586 7586 2570 2513 7587 7587 2529 2596 7588 7588 2571 2516 7589 7589 2556 2595 7590 7590 2530 2594 7591 7591 2528 2597 7592 7592 2530 2594 7593 7593 2529 2596 7594 7594 2528 2597 7595 7595 2556 2595 7596 7596 2528 2597 7597 7597 2555 2598 7598 7598 2570 2513 7599 7599 2527 2599 7600 7600 2529 2596 7601 7601 2529 2596 7602 7602 2527 2599 7603 7603 2528 2597 7604 7604 2555 2598 7605 7605 2528 2597 7606 7606 2526 2600 7607 7607 2528 2597 7608 7608 2527 2599 7609 7609 2526 2600 7610 7610 2555 2598 7611 7611 2526 2600 7612 7612 2554 2601 7613 7613 2570 2513 7614 7614 2525 2602 7615 7615 2527 2599 7616 7616 2527 2599 7617 7617 2525 2602 7618 7618 2526 2600 7619 7619 2569 2510 7620 7620 2525 2602 7621 7621 2570 2513 7622 7622 2554 2601 7623 7623 2526 2600 7624 7624 2524 2603 7625 7625 2526 2600 7626 7626 2525 2602 7627 7627 2524 2603 7628 7628 2569 2510 7629 7629 2523 2604 7630 7630 2525 2602 7631 7631 2525 2602 7632 7632 2523 2604 7633 7633 2524 2603 7634 7634 2568 2507 7635 7635 2523 2604 7636 7636 2569 2510 7637 7637 2524 2603 7638 7638 2501 2605 7639 7639 2554 2601 7640 7640 2524 2603 7641 7641 2523 2604 7642 7642 2501 2605 7643 7643 2554 2601 7644 7644 2501 2605 7645 7645 2500 2606 7646 7646 2568 2507 7647 7647 2522 2607 7648 7648 2523 2604 7649 7649 2523 2604 7650 7650 2522 2607 7651 7651 2501 2605 7652 7652 2568 2507 7653 7653 2521 2504 7654 7654 2522 2607 7655 7655 2501 2605 7656 7656 2499 2608 7657 7657 2500 2606 7658 7658 2501 2605 7659 7659 2522 2607 7660 7660 2499 2608 7661 7661 2522 2607 7662 7662 2521 2504 7663 7663 2499 2608 7664 7664 2500 2606 7665 7665 2499 2608 7666 7666 2498 2609 7667 7667 2499 2608 7668 7668 2521 2504 7669 7669 2497 2610 7670 7670 2499 2608 7671 7671 2497 2610 7672 7672 2498 2609 7673 7673 2521 2504 7674 7674 2520 2497 7675 7675 2497 2610 7676 7676 2498 2609 7677 7677 2497 2610 7678 7678 2496 2492 7679 7679 2497 2610 7680 7680 2520 2497 7681 7681 2495 2491 7682 7682 2497 2610 7683 7683 2495 2491 7684 7684 2496 2492 7685 7685 2618 2611 7686 7686 2617 2612 7687 7687 2616 2613 7688 7688 2619 2614 7689 7689 2617 2612 7690 7690 2618 2611 7691 7691 2619 2614 7692 7692 2618 2611 7693 7693 2625 2615 7694 7694 2625 2615 7695 7695 2618 2611 7696 7696 2624 2616 7697 7697 2622 2617 7698 7698 2621 2618 7699 7699 2620 2619 7700 7700 2623 2620 7701 7701 2621 2618 7702 7702 2622 2617 7703 7703 2622 2617 7704 7704 2620 2619 7705 7705 2627 2621 7706 7706 2627 2621 7707 7707 2620 2619 7708 7708 2626 2622 7709 7709 2630 2623 7710 7710 2629 2624 7711 7711 2628 2625 7712 7712 2631 2626 7713 7713 2629 2624 7714 7714 2630 2623 7715 7715 2634 2627 7716 7716 2633 2628 7717 7717 2632 2629 7718 7718 2635 2630 7719 7719 2633 2628 7720 7720 2634 2627 7721 7721 2638 2631 7722 7722 2637 2632 7723 7723 2636 2633 7724 7724 2639 2634 7725 7725 2637 2632 7726 7726 2638 2631 7727 7727 2639 2634 7728 7728 2638 2631 7729 7729 2645 2635 7730 7730 2645 2635 7731 7731 2638 2631 7732 7732 2644 2636 7733 7733 2642 2637 7734 7734 2641 2638 7735 7735 2640 2639 7736 7736 2643 2640 7737 7737 2641 2638 7738 7738 2642 2637 7739 7739 2642 2637 7740 7740 2640 2639 7741 7741 2647 2641 7742 7742 2647 2641 7743 7743 2640 2639 7744 7744 2646 2642 7745 7745 2650 2643 7746 7746 2649 2644 7747 7747 2648 2645 7748 7748 2651 2646 7749 7749 2649 2644 7750 7750 2650 2643 7751 7751 2654 2647 7752 7752 2653 2648 7753 7753 2652 2649 7754 7754 2655 2650 7755 7755 2653 2648 7756 7756 2654 2647 7757 7757 2658 2651 7758 7758 2657 2652 7759 7759 2656 2653 7760 7760 2656 2653 7761 7761 2657 2652 7762 7762 2671 2654 7763 7763 2656 2653 7764 7764 2721 2655 7765 7765 2658 2651 7766 7766 2671 2654 7767 7767 2721 2655 7768 7768 2656 2653 7769 7769 2659 2656 7770 7770 2657 2652 7771 7771 2658 2651 7772 7772 2659 2656 7773 7773 2708 2657 7774 7774 2657 2652 7775 7775 2706 2658 7776 7776 2708 2657 7777 7777 2659 2656 7778 7778 2718 2659 7779 7779 2657 2652 7780 7780 2708 2657 7781 7781 2659 2656 7782 7782 2707 2660 7783 7783 2706 2658 7784 7784 2718 2659 7785 7785 2672 2661 7786 7786 2657 2652 7787 7787 2717 2662 7788 7788 2672 2661 7789 7789 2718 2659 7790 7790 2657 2652 7791 7791 2672 2661 7792 7792 2671 2654 7793 7793 2672 2661 7794 7794 2717 2662 7795 7795 2669 2663 7796 7796 2672 2661 7797 7797 2669 2663 7798 7798 2671 2654 7799 7799 2669 2663 7800 7800 2717 2662 7801 7801 2716 2664 7802 7802 2716 2664 7803 7803 2715 2665 7804 7804 2669 2663 7805 7805 2669 2663 7806 7806 2715 2665 7807 7807 2668 2666 7808 7808 2668 2666 7809 7809 2715 2665 7810 7810 2714 2667 7811 7811 2671 2654 7812 7812 2669 2663 7813 7813 2670 2668 7814 7814 2714 2667 7815 7815 2666 2669 7816 7816 2668 2666 7817 7817 2711 2670 7818 7818 2666 2669 7819 7819 2714 2667 7820 7820 2712 2671 7821 7821 2666 2669 7822 7822 2711 2670 7823 7823 2669 2663 7824 7824 2668 2666 7825 7825 2667 2672 7826 7826 2670 2668 7827 7827 2669 2663 7828 7828 2667 2672 7829 7829 2668 2666 7830 7830 2666 2669 7831 7831 2667 2672 7832 7832 2713 2673 7833 7833 2664 2674 7834 7834 2712 2671 7835 7835 2712 2671 7836 7836 2664 2674 7837 7837 2666 2669 7838 7838 2666 2669 7839 7839 2664 2674 7840 7840 2665 2675 7841 7841 2667 2672 7842 7842 2666 2669 7843 7843 2665 2675 7844 7844 2665 2675 7845 7845 2664 2674 7846 7846 2663 2676 7847 7847 2663 2676 7848 7848 2726 2677 7849 7849 2665 2675 7850 7850 2791 2678 7851 7851 2790 2679 7852 7852 2726 2677 7853 7853 2726 2677 7854 7854 2725 2680 7855 7855 2665 2675 7856 7856 2726 2677 7857 7857 2790 2679 7858 7858 2725 2680 7859 7859 2790 2679 7860 7860 2789 2681 7861 7861 2725 2680 7862 7862 2665 2675 7863 7863 2725 2680 7864 7864 2667 2672 7865 7865 2789 2681 7866 7866 2788 2682 7867 7867 2725 2680 7868 7868 2725 2680 7869 7869 2788 2682 7870 7870 2724 2683 7871 7871 2725 2680 7872 7872 2724 2683 7873 7873 2667 2672 7874 7874 2788 2682 7875 7875 2787 2684 7876 7876 2724 2683 7877 7877 2724 2683 7878 7878 2723 2685 7879 7879 2667 2672 7880 7880 2724 2683 7881 7881 2787 2684 7882 7882 2723 2685 7883 7883 2667 2672 7884 7884 2723 2685 7885 7885 2670 2668 7886 7886 2787 2684 7887 7887 2786 2686 7888 7888 2723 2685 7889 7889 2670 2668 7890 7890 2723 2685 7891 7891 2671 2654 7892 7892 2786 2686 7893 7893 2785 2687 7894 7894 2723 2685 7895 7895 2723 2685 7896 7896 2722 2688 7897 7897 2671 2654 7898 7898 2723 2685 7899 7899 2785 2687 7900 7900 2722 2688 7901 7901 2785 2687 7902 7902 2784 2689 7903 7903 2722 2688 7904 7904 2722 2688 7905 7905 2721 2655 7906 7906 2671 2654 7907 7907 2722 2688 7908 7908 2784 2689 7909 7909 2721 2655 7910 7910 2784 2689 7911 7911 2783 2690 7912 7912 2721 2655 7913 7913 2783 2690 7914 7914 2782 2691 7915 7915 2721 2655 7916 7916 2721 2655 7917 7917 2782 2691 7918 7918 2720 2692 7919 7919 2782 2691 7920 7920 2781 2693 7921 7921 2720 2692 7922 7922 2721 2655 7923 7923 2720 2692 7924 7924 2658 2651 7925 7925 2720 2692 7926 7926 2781 2693 7927 7927 2719 2694 7928 7928 2720 2692 7929 7929 2719 2694 7930 7930 2658 2651 7931 7931 2781 2693 7932 7932 2793 2695 7933 7933 2719 2694 7934 7934 2793 2695 7935 7935 2792 2696 7936 7936 2719 2694 7937 7937 2719 2694 7938 7938 2792 2696 7939 7939 2728 2697 7940 7940 2719 2694 7941 7941 2728 2697 7942 7942 2661 2698 7943 7943 2658 2651 7944 7944 2719 2694 7945 7945 2661 2698 7946 7946 2661 2698 7947 7947 2728 2697 7948 7948 2727 2699 7949 7949 2727 2699 7950 7950 2662 2700 7951 7951 2661 2698 7952 7952 2661 2698 7953 7953 2660 2701 7954 7954 2658 2651 7955 7955 2662 2700 7956 7956 2660 2701 7957 7957 2661 2698 7958 7958 2660 2701 7959 7959 2659 2656 7960 7960 2658 2651 7961 7961 2662 2700 7962 7962 2710 2702 7963 7963 2660 2701 7964 7964 2660 2701 7965 7965 2707 2660 7966 7966 2659 2656 7967 7967 2660 2701 7968 7968 2710 2702 7969 7969 2709 2703 7970 7970 2709 2703 7971 7971 2707 2660 7972 7972 2660 2701 7973 7973 2675 2704 7974 7974 2674 2705 7975 7975 2673 2706 7976 7976 2673 2706 7977 7977 2674 2705 7978 7978 2678 2707 7979 7979 2676 2708 7980 7980 2674 2705 7981 7981 2675 2704 7982 7982 2678 2707 7983 7983 2674 2705 7984 7984 2677 2709 7985 7985 2685 2710 7986 7986 2674 2705 7987 7987 2676 2708 7988 7988 2677 2709 7989 7989 2674 2705 7990 7990 2680 2711 7991 7991 2683 2712 7992 7992 2674 2705 7993 7993 2685 2710 7994 7994 2680 2711 7995 7995 2674 2705 7996 7996 2679 2713 7997 7997 2684 2714 7998 7998 2674 2705 7999 7999 2683 2712 8000 8000 2679 2713 8001 8001 2674 2705 8002 8002 2682 2715 8003 8003 2681 2716 8004 8004 2674 2705 8005 8005 2684 2714 8006 8006 2682 2715 8007 8007 2674 2705 8008 8008 2681 2716 8009 8009 2688 2717 8010 8010 2687 2718 8011 8011 2686 2719 8012 8012 2689 2720 8013 8013 2687 2718 8014 8014 2688 2717 8015 8015 2687 2718 8016 8016 2691 2721 8017 8017 2686 2719 8018 8018 2705 2722 8019 8019 2689 2720 8020 8020 2688 2717 8021 8021 2705 2722 8022 8022 2688 2717 8023 8023 2704 2723 8024 8024 2686 2719 8025 8025 2691 2721 8026 8026 2690 2724 8027 8027 2691 2721 8028 8028 2692 2725 8029 8029 2690 2724 8030 8030 2692 2725 8031 8031 2694 2726 8032 8032 2690 2724 8033 8033 2794 2727 8034 8034 2688 2717 8035 8035 2686 2719 8036 8036 2794 2727 8037 8037 2686 2719 8038 8038 2690 2724 8039 8039 2704 2723 8040 8040 2688 2717 8041 8041 2703 2728 8042 8042 2794 2727 8043 8043 2703 2728 8044 8044 2688 2717 8045 8045 2700 2729 8046 8046 2704 2723 8047 8047 2703 2728 8048 8048 2794 2727 8049 8049 2700 2729 8050 8050 2703 2728 8051 8051 2702 2730 8052 8052 2704 2723 8053 8053 2700 2729 8054 8054 2701 2731 8055 8055 2702 2730 8056 8056 2700 2729 8057 8057 2698 2732 8058 8058 2701 2731 8059 8059 2700 2729 8060 8060 2794 2727 8061 8061 2698 2732 8062 8062 2700 2729 8063 8063 2699 2733 8064 8064 2701 2731 8065 8065 2698 2732 8066 8066 2699 2733 8067 8067 2698 2732 8068 8068 2697 2734 8069 8069 2697 2734 8070 8070 2698 2732 8071 8071 2695 2735 8072 8072 2794 2727 8073 8073 2695 2735 8074 8074 2698 2732 8075 8075 2696 2736 8076 8076 2697 2734 8077 8077 2695 2735 8078 8078 2696 2736 8079 8079 2695 2735 8080 8080 2694 2726 8081 8081 2794 2727 8082 8082 2693 2737 8083 8083 2695 2735 8084 8084 2694 2726 8085 8085 2695 2735 8086 8086 2693 2737 8087 8087 2794 2727 8088 8088 2690 2724 8089 8089 2693 2737 8090 8090 2690 2724 8091 8091 2694 2726 8092 8092 2693 2737 8093 8093 2731 2738 8094 8094 2730 2739 8095 8095 2729 2740 8096 8096 2736 2741 8097 8097 2731 2738 8098 8098 2729 2740 8099 8099 2732 2742 8100 8100 2730 2739 8101 8101 2731 2738 8102 8102 2738 2743 8103 8103 2731 2738 8104 8104 2736 2741 8105 8105 2732 2742 8106 8106 2734 2744 8107 8107 2730 2739 8108 8108 2738 2743 8109 8109 2736 2741 8110 8110 2737 2745 8111 8111 2730 2739 8112 8112 2734 2744 8113 8113 2733 2746 8114 8114 2737 2745 8115 8115 2736 2741 8116 8116 2735 2747 8117 8117 2734 2744 8118 8118 2751 2748 8119 8119 2733 2746 8120 8120 2740 2749 8121 8121 2737 2745 8122 8122 2735 2747 8123 8123 2752 2750 8124 8124 2751 2748 8125 8125 2734 2744 8126 8126 2742 2751 8127 8127 2737 2745 8128 8128 2740 2749 8129 8129 2751 2748 8130 8130 2752 2750 8131 8131 2754 2752 8132 8132 2754 2752 8133 8133 2752 2750 8134 8134 2753 2753 8135 8135 2742 2751 8136 8136 2740 2749 8137 8137 2741 2754 8138 8138 2741 2754 8139 8139 2740 2749 8140 8140 2739 2755 8141 8141 2744 2756 8142 8142 2741 2754 8143 8143 2739 2755 8144 8144 2746 2757 8145 8145 2741 2754 8146 8146 2744 2756 8147 8147 2746 2757 8148 8148 2744 2756 8149 8149 2745 2758 8150 8150 2745 2758 8151 8151 2744 2756 8152 8152 2743 2759 8153 8153 2748 2760 8154 8154 2745 2758 8155 8155 2743 2759 8156 8156 2750 2761 8157 8157 2745 2758 8158 8158 2748 2760 8159 8159 2750 2761 8160 8160 2748 2760 8161 8161 2749 2762 8162 8162 2749 2762 8163 8163 2748 2760 8164 8164 2747 2763 8165 8165 2757 2764 8166 8166 2756 2765 8167 8167 2755 2766 8168 8168 2756 2765 8169 8169 2780 2767 8170 8170 2755 2766 8171 8171 2758 2768 8172 8172 2756 2765 8173 8173 2757 2764 8174 8174 2755 2766 8175 8175 2780 2767 8176 8176 2779 2769 8177 8177 2759 2770 8178 8178 2758 2768 8179 8179 2757 2764 8180 8180 2780 2767 8181 8181 2778 2771 8182 8182 2779 2769 8183 8183 2779 2769 8184 8184 2778 2771 8185 8185 2777 2772 8186 8186 2760 2773 8187 8187 2758 2768 8188 8188 2759 2770 8189 8189 2761 2774 8190 8190 2760 2773 8191 8191 2759 2770 8192 8192 2762 2775 8193 8193 2760 2773 8194 8194 2761 2774 8195 8195 2763 2776 8196 8196 2762 2775 8197 8197 2761 2774 8198 8198 2764 2777 8199 8199 2762 2775 8200 8200 2763 2776 8201 8201 2765 2778 8202 8202 2764 2777 8203 8203 2763 2776 8204 8204 2766 2779 8205 8205 2764 2777 8206 8206 2765 2778 8207 8207 2767 2780 8208 8208 2766 2779 8209 8209 2765 2778 8210 8210 2768 2781 8211 8211 2766 2779 8212 8212 2767 2780 8213 8213 2769 2782 8214 8214 2768 2781 8215 8215 2767 2780 8216 8216 2770 2783 8217 8217 2768 2781 8218 8218 2769 2782 8219 8219 2771 2784 8220 8220 2770 2783 8221 8221 2769 2782 8222 8222 2772 2785 8223 8223 2770 2783 8224 8224 2771 2784 8225 8225 2773 2786 8226 8226 2772 2785 8227 8227 2771 2784 8228 8228 2774 2787 8229 8229 2772 2785 8230 8230 2773 2786 8231 8231 2775 2788 8232 8232 2774 2787 8233 8233 2773 2786 8234 8234 2776 2789 8235 8235 2774 2787 8236 8236 2775 2788 8237 8237 2797 2790 8238 8238 2796 2791 8239 8239 2795 2792 8240 8240 2798 2793 8241 8241 2796 2791 8242 8242 2797 2790 8243 8243 2795 2792 8244 8244 2799 2794 8245 8245 2797 2790 8246 8246 2800 2795 8247 8247 2799 2794 8248 8248 2795 2792 8249 8249 2803 2796 8250 8250 2802 2797 8251 8251 2801 2798 8252 8252 2804 2799 8253 8253 2802 2797 8254 8254 2803 2796 8255 8255 2807 2800 8256 8256 2806 2801 8257 8257 2805 2802 8258 8258 2808 2803 8259 8259 2806 2801 8260 8260 2807 2800 8261 8261 2811 2804 8262 8262 2810 2805 8263 8263 2809 2806 8264 8264 2812 2807 8265 8265 2810 2805 8266 8266 2811 2804 8267 8267 2815 2808 8268 8268 2814 2809 8269 8269 2813 2810 8270 8270 2816 2811 8271 8271 2814 2809 8272 8272 2815 2808 8273 8273 2819 2812 8274 8274 2818 2813 8275 8275 2817 2814 8276 8276 2820 2815 8277 8277 2818 2813 8278 8278 2819 2812 8279 8279 2823 2816 8280 8280 2822 2817 8281 8281 2821 2818 8282 8282 2824 2819 8283 8283 2822 2817 8284 8284 2823 2816 8285 8285 2827 2820 8286 8286 2826 2821 8287 8287 2825 2822 8288 8288 2828 2823 8289 8289 2826 2821 8290 8290 2827 2820 8291 8291 2825 2822 8292 8292 2829 2824 8293 8293 2827 2820 8294 8294 2830 2825 8295 8295 2829 2824 8296 8296 2825 2822 8297 8297 2833 2826 8298 8298 2832 2827 8299 8299 2831 2828 8300 8300 2831 2828 8301 8301 2836 2829 8302 8302 2835 2830 8303 8303 2832 2827 8304 8304 2836 2829 8305 8305 2831 2828 8306 8306 2832 2827 8307 8307 2878 2831 8308 8308 2836 2829 8309 8309 2876 2832 8310 8310 2878 2831 8311 8311 2832 2827 8312 8312 2834 2833 8313 8313 2876 2832 8314 8314 2832 2827 8315 8315 2834 2833 8316 8316 2832 2827 8317 8317 2833 2826 8318 8318 2877 2834 8319 8319 2876 2832 8320 8320 2834 2833 8321 8321 2834 2833 8322 8322 2884 2835 8323 8323 2877 2834 8324 8324 2834 2833 8325 8325 2833 2826 8326 8326 2848 2836 8327 8327 2848 2836 8328 8328 2884 2835 8329 8329 2834 2833 8330 8330 2848 2836 8331 8331 2833 2826 8332 8332 2847 2837 8333 8333 2848 2836 8334 8334 2883 2838 8335 8335 2884 2835 8336 8336 2848 2836 8337 8337 2847 2837 8338 8338 2846 2839 8339 8339 2846 2839 8340 8340 2883 2838 8341 8341 2848 2836 8342 8342 2846 2839 8343 8343 2847 2837 8344 8344 2845 2840 8345 8345 2843 2841 8346 8346 2846 2839 8347 8347 2845 2840 8348 8348 2844 2842 8349 8349 2883 2838 8350 8350 2846 2839 8351 8351 2844 2842 8352 8352 2846 2839 8353 8353 2843 2841 8354 8354 2882 2843 8355 8355 2883 2838 8356 8356 2844 2842 8357 8357 2841 2844 8358 8358 2844 2842 8359 8359 2843 2841 8360 8360 2842 2845 8361 8361 2882 2843 8362 8362 2844 2842 8363 8363 2842 2845 8364 8364 2844 2842 8365 8365 2841 2844 8366 8366 2881 2846 8367 8367 2882 2843 8368 8368 2842 2845 8369 8369 2842 2845 8370 8370 2879 2847 8371 8371 2881 2846 8372 8372 2842 2845 8373 8373 2841 2844 8374 8374 2840 2848 8375 8375 2840 2848 8376 8376 2879 2847 8377 8377 2842 2845 8378 8378 2840 2848 8379 8379 2880 2849 8380 8380 2879 2847 8381 8381 2840 2848 8382 8382 2841 2844 8383 8383 2838 2850 8384 8384 2839 2851 8385 8385 2880 2849 8386 8386 2840 2848 8387 8387 2840 2848 8388 8388 2838 2850 8389 8389 2839 2851 8390 8390 2839 2851 8391 8391 2838 2850 8392 8392 2837 2852 8393 8393 2851 2853 8394 8394 2850 2854 8395 8395 2849 2855 8396 8396 2865 2856 8397 8397 2851 2853 8398 8398 2849 2855 8399 8399 2852 2857 8400 8400 2850 2854 8401 8401 2851 2853 8402 8402 2866 2858 8403 8403 2851 2853 8404 8404 2865 2856 8405 8405 2852 2857 8406 8406 2854 2859 8407 8407 2850 2854 8408 8408 2863 2860 8409 8409 2866 2858 8410 8410 2865 2856 8411 8411 2850 2854 8412 8412 2854 2859 8413 8413 2853 2861 8414 8414 2864 2862 8415 8415 2866 2858 8416 8416 2863 2860 8417 8417 2854 2859 8418 8418 2856 2863 8419 8419 2853 2861 8420 8420 2853 2861 8421 8421 2856 2863 8422 8422 2855 2864 8423 8423 2861 2865 8424 8424 2864 2862 8425 8425 2863 2860 8426 8426 2862 2866 8427 8427 2864 2862 8428 8428 2861 2865 8429 8429 2857 2867 8430 8430 2862 2866 8431 8431 2861 2865 8432 8432 2858 2868 8433 8433 2862 2866 8434 8434 2857 2867 8435 8435 2859 2869 8436 8436 2858 2868 8437 8437 2857 2867 8438 8438 2860 2870 8439 8439 2858 2868 8440 8440 2859 2869 8441 8441 2869 2871 8442 8442 2868 2872 8443 8443 2867 2873 8444 8444 2869 2871 8445 8445 2867 2873 8446 8446 2875 2874 8447 8447 2869 2871 8448 8448 2870 2875 8449 8449 2868 2872 8450 8450 2869 2871 8451 8451 2875 2874 8452 8452 2874 2876 8453 8453 2869 2871 8454 8454 2871 2877 8455 8455 2870 2875 8456 8456 2869 2871 8457 8457 2874 2876 8458 8458 2873 2878 8459 8459 2869 2871 8460 8460 2872 2879 8461 8461 2871 2877 8462 8462 2869 2871 8463 8463 2873 2878 8464 8464 2872 2879 8465 8465 2887 2880 8466 8466 2886 2881 8467 8467 2885 2882 8468 8468 2885 2882 8469 8469 2911 2883 8470 8470 2887 2880 8471 8471 2912 2884 8472 8472 2911 2883 8473 8473 2885 2882 8474 8474 2912 2884 8475 8475 2910 2885 8476 8476 2911 2883 8477 8477 2911 2883 8478 8478 2910 2885 8479 8479 2909 2886 8480 8480 2909 2886 8481 8481 2910 2885 8482 8482 2892 2887 8483 8483 2892 2887 8484 8484 2910 2885 8485 8485 2891 2888 8486 8486 2892 2887 8487 8487 2891 2888 8488 8488 2888 2889 8489 8489 2888 2889 8490 8490 2891 2888 8491 8491 2890 2890 8492 8492 2890 2890 8493 8493 2889 2891 8494 8494 2888 2889 8495 8495 2895 2892 8496 8496 2894 2893 8497 8497 2893 2894 8498 8498 2896 2895 8499 8499 2894 2893 8500 8500 2895 2892 8501 8501 2893 2894 8502 8502 2913 2896 8503 8503 2895 2892 8504 8504 2896 2895 8505 8505 2898 2897 8506 8506 2894 2893 8507 8507 2914 2898 8508 8508 2913 2896 8509 8509 2893 2894 8510 8510 2894 2893 8511 8511 2898 2897 8512 8512 2897 2899 8513 8513 2898 2897 8514 8514 2940 2900 8515 8515 2897 2899 8516 8516 2914 2898 8517 8517 2901 2901 8518 8518 2913 2896 8519 8519 2913 2896 8520 8520 2901 2901 8521 8521 2899 2902 8522 8522 2901 2901 8523 8523 2900 2903 8524 8524 2899 2902 8525 8525 2902 2904 8526 8526 2900 2903 8527 8527 2901 2901 8528 8528 2902 2904 8529 8529 2904 2905 8530 8530 2900 2903 8531 8531 2900 2903 8532 8532 2904 2905 8533 8533 2903 2906 8534 8534 2904 2905 8535 8535 2939 2907 8536 8536 2903 2906 8537 8537 2907 2908 8538 8538 2906 2909 8539 8539 2905 2910 8540 8540 2906 2909 8541 8541 2928 2911 8542 8542 2905 2910 8543 8543 2908 2912 8544 8544 2906 2909 8545 8545 2907 2908 8546 8546 2906 2909 8547 8547 2927 2913 8548 8548 2928 2911 8549 8549 2908 2912 8550 8550 2907 2908 8551 8551 2932 2914 8552 8552 2928 2911 8553 8553 2927 2913 8554 8554 2926 2915 8555 8555 2932 2914 8556 8556 2907 2908 8557 8557 2930 2916 8558 8558 2941 2917 8559 8559 2926 2915 8560 8560 2927 2913 8561 8561 2942 2918 8562 8562 2926 2915 8563 8563 2941 2917 8564 8564 2932 2914 8565 8565 2930 2916 8566 8566 2931 2919 8567 8567 2931 2919 8568 8568 2930 2916 8569 8569 2929 2920 8570 8570 2931 2919 8571 8571 2929 2920 8572 8572 2933 2921 8573 8573 2934 2922 8574 8574 2931 2919 8575 8575 2933 2921 8576 8576 2935 2923 8577 8577 2931 2919 8578 8578 2934 2922 8579 8579 2936 2924 8580 8580 2935 2923 8581 8581 2934 2922 8582 8582 2937 2925 8583 8583 2935 2923 8584 8584 2936 2924 8585 8585 2937 2925 8586 8586 2936 2924 8587 8587 2938 2926 8588 8588 2915 2927 8589 8589 2937 2925 8590 8590 2938 2926 8591 8591 2916 2928 8592 8592 2937 2925 8593 8593 2915 2927 8594 8594 2917 2929 8595 8595 2916 2928 8596 8596 2915 2927 8597 8597 2918 2930 8598 8598 2916 2928 8599 8599 2917 2929 8600 8600 2917 2929 8601 8601 2920 2931 8602 8602 2918 2930 8603 8603 2918 2930 8604 8604 2920 2931 8605 8605 2921 2932 8606 8606 2921 2932 8607 8607 2920 2931 8608 8608 2919 2933 8609 8609 2922 2934 8610 8610 2921 2932 8611 8611 2919 2933 8612 8612 2923 2935 8613 8613 2921 2932 8614 8614 2922 2934 8615 8615 2924 2936 8616 8616 2923 2935 8617 8617 2922 2934 8618 8618 2925 2937 8619 8619 2923 2935 8620 8620 2924 2936 8621 8621 2945 2938 8622 8622 2944 2939 8623 8623 2943 2940 8624 8624 2946 2941 8625 8625 2944 2939 8626 8626 2945 2938 8627 8627 2967 2942 8628 8628 2946 2941 8629 8629 2945 2938 8630 8630 2968 2943 8631 8631 2946 2941 8632 8632 2967 2942 8633 8633 2946 2941 8634 8634 2947 2944 8635 8635 2944 2939 8636 8636 2968 2943 8637 8637 2962 2945 8638 8638 2946 2941 8639 8639 2948 2946 8640 8640 2947 2944 8641 8641 2946 2941 8642 8642 2946 2941 8643 8643 2962 2945 8644 8644 2948 2946 8645 8645 2948 2946 8646 8646 2949 2947 8647 8647 2947 2944 8648 8648 2962 2945 8649 8649 2961 2948 8650 8650 2948 2946 8651 8651 2950 2949 8652 8652 2949 2947 8653 8653 2948 2946 8654 8654 2948 2946 8655 8655 2961 2948 8656 8656 2950 2949 8657 8657 2950 2949 8658 8658 2951 2950 8659 8659 2949 2947 8660 8660 2961 2948 8661 8661 2963 2951 8662 8662 2950 2949 8663 8663 2952 2952 8664 8664 2951 2950 8665 8665 2950 2949 8666 8666 2950 2949 8667 8667 2963 2951 8668 8668 2952 2952 8669 8669 2952 2952 8670 8670 2953 2953 8671 8671 2951 2950 8672 8672 2963 2951 8673 8673 2969 2954 8674 8674 2952 2952 8675 8675 2954 2955 8676 8676 2953 2953 8677 8677 2952 2952 8678 8678 2952 2952 8679 8679 2969 2954 8680 8680 2954 2955 8681 8681 2954 2955 8682 8682 2955 2956 8683 8683 2953 2953 8684 8684 2969 2954 8685 8685 2965 2957 8686 8686 2954 2955 8687 8687 2956 2958 8688 8688 2955 2956 8689 8689 2954 2955 8690 8690 2954 2955 8691 8691 2965 2957 8692 8692 2956 2958 8693 8693 2956 2958 8694 8694 2957 2959 8695 8695 2955 2956 8696 8696 2965 2957 8697 8697 2964 2960 8698 8698 2956 2958 8699 8699 2958 2961 8700 8700 2957 2959 8701 8701 2956 2958 8702 8702 2956 2958 8703 8703 2964 2960 8704 8704 2958 2961 8705 8705 2958 2961 8706 8706 2959 2962 8707 8707 2957 2959 8708 8708 2964 2960 8709 8709 2966 2963 8710 8710 2958 2961 8711 8711 2960 2964 8712 8712 2959 2962 8713 8713 2958 2961 8714 8714 2958 2961 8715 8715 2966 2963 8716 8716 2960 2964 8717 8717 2972 2965 8718 8718 2971 2966 8719 8719 2970 2967 8720 8720 2972 2965 8721 8721 2970 2967 8722 8722 2978 2968 8723 8723 2972 2965 8724 8724 2973 2969 8725 8725 2971 2966 8726 8726 2972 2965 8727 8727 2978 2968 8728 8728 2977 2970 8729 8729 2972 2965 8730 8730 2974 2971 8731 8731 2973 2969 8732 8732 2972 2965 8733 8733 2977 2970 8734 8734 2976 2972 8735 8735 2972 2965 8736 8736 2975 2973 8737 8737 2974 2971 8738 8738 2972 2965 8739 8739 2976 2972 8740 8740 2975 2973 8741 8741 2981 2974 8742 8742 2980 2975 8743 8743 2979 2976 8744 8744 2980 2975 8745 8745 2981 2974 8746 8746 2989 2977 8747 8747 2989 2977 8748 8748 2981 2974 8749 8749 2988 2978 8750 8750 2995 2979 8751 8751 2980 2975 8752 8752 2989 2977 8753 8753 2981 2974 8754 8754 2982 2980 8755 8755 2988 2978 8756 8756 2982 2980 8757 8757 2981 2974 8758 8758 2979 2976 8759 8759 2988 2978 8760 8760 2982 2980 8761 8761 2990 2981 8762 8762 2987 2982 8763 8763 2980 2975 8764 8764 2995 2979 8765 8765 2980 2975 8766 8766 2987 2982 8767 8767 2979 2976 8768 8768 2994 2983 8769 8769 2987 2982 8770 8770 2995 2979 8771 8771 2982 2980 8772 8772 2983 2984 8773 8773 2990 2981 8774 8774 2983 2984 8775 8775 2982 2980 8776 8776 2979 2976 8777 8777 2990 2981 8778 8778 2983 2984 8779 8779 2991 2985 8780 8780 2986 2986 8781 8781 2987 2982 8782 8782 2994 2983 8783 8783 2987 2982 8784 8784 2986 2986 8785 8785 2979 2976 8786 8786 2993 2987 8787 8787 2986 2986 8788 8788 2994 2983 8789 8789 2983 2984 8790 8790 2984 2988 8791 8791 2991 2985 8792 8792 2984 2988 8793 8793 2983 2984 8794 8794 2979 2976 8795 8795 2991 2985 8796 8796 2984 2988 8797 8797 2992 2989 8798 8798 2986 2986 8799 8799 2985 2990 8800 8800 2979 2976 8801 8801 2985 2990 8802 8802 2984 2988 8803 8803 2979 2976 8804 8804 2984 2988 8805 8805 2985 2990 8806 8806 2992 2989 8807 8807 2985 2990 8808 8808 2986 2986 8809 8809 2993 2987 8810 8810 2992 2989 8811 8811 2985 2990 8812 8812 2993 2987 8813 8813 2998 2991 8814 8814 2997 2992 8815 8815 2996 2993 8816 8816 2997 2992 8817 8817 3001 2994 8818 8818 2996 2993 8819 8819 2999 2995 8820 8820 2997 2992 8821 8821 2998 2991 8822 8822 2996 2993 8823 8823 3001 2994 8824 8824 3000 2996 8825 8825 3001 2994 8826 8826 3003 2997 8827 8827 3000 2996 8828 8828 3010 2998 8829 8829 2999 2995 8830 8830 2998 2991 8831 8831 3011 2999 8832 8832 2999 2995 8833 8833 3010 2998 8834 8834 2998 2991 8835 8835 2996 2993 8836 8836 3012 3000 8837 8837 3010 2998 8838 8838 2998 2991 8839 8839 3012 3000 8840 8840 2996 2993 8841 8841 3000 2996 8842 8842 3012 3000 8843 8843 3008 3001 8844 8844 3011 2999 8845 8845 3010 2998 8846 8846 3008 3001 8847 8847 3010 2998 8848 8848 3012 3000 8849 8849 3009 3002 8850 8850 3011 2999 8851 8851 3008 3001 8852 8852 3006 3003 8853 8853 3009 3002 8854 8854 3008 3001 8855 8855 3006 3003 8856 8856 3008 3001 8857 8857 3012 3000 8858 8858 3007 3004 8859 8859 3009 3002 8860 8860 3006 3003 8861 8861 3000 2996 8862 8862 3002 3005 8863 8863 3012 3000 8864 8864 3000 2996 8865 8865 3003 2997 8866 8866 3002 3005 8867 8867 3003 2997 8868 8868 3005 3006 8869 8869 3002 3005 8870 8870 3004 3007 8871 8871 3006 3003 8872 8872 3012 3000 8873 8873 3002 3005 8874 8874 3004 3007 8875 8875 3012 3000 8876 8876 3002 3005 8877 8877 3005 3006 8878 8878 3004 3007 8879 8879 3004 3007 8880 8880 3007 3004 8881 8881 3006 3003 8882 8882 3005 3006 8883 8883 3007 3004 8884 8884 3004 3007 8885 8885 3015 3008 8886 8886 3014 3009 8887 8887 3013 3010 8888 8888 3014 3009 8889 8889 3015 3008 8890 8890 3021 3011 8891 8891 3021 3011 8892 8892 3015 3008 8893 8893 3020 3012 8894 8894 3029 3013 8895 8895 3014 3009 8896 8896 3021 3011 8897 8897 3022 3014 8898 8898 3020 3012 8899 8899 3015 3008 8900 8900 3019 3015 8901 8901 3014 3009 8902 8902 3029 3013 8903 8903 3014 3009 8904 8904 3019 3015 8905 8905 3013 3010 8906 8906 3029 3013 8907 8907 3028 3016 8908 8908 3019 3015 8909 8909 3027 3017 8910 8910 3019 3015 8911 8911 3028 3016 8912 8912 3018 3018 8913 8913 3019 3015 8914 8914 3027 3017 8915 8915 3019 3015 8916 8916 3018 3018 8917 8917 3013 3010 8918 8918 3027 3017 8919 8919 3026 3019 8920 8920 3018 3018 8921 8921 3025 3020 8922 8922 3018 3018 8923 8923 3026 3019 8924 8924 3017 3021 8925 8925 3018 3018 8926 8926 3025 3020 8927 8927 3018 3018 8928 8928 3017 3021 8929 8929 3013 3010 8930 8930 3024 3022 8931 8931 3017 3021 8932 8932 3025 3020 8933 8933 3017 3021 8934 8934 3016 3023 8935 8935 3013 3010 8936 8936 3016 3023 8937 8937 3017 3021 8938 8938 3024 3022 8939 8939 3016 3023 8940 8940 3015 3008 8941 8941 3013 3010 8942 8942 3024 3022 8943 8943 3023 3024 8944 8944 3016 3023 8945 8945 3015 3008 8946 8946 3016 3023 8947 8947 3022 3014 8948 8948 3022 3014 8949 8949 3016 3023 8950 8950 3023 3024 8951 8951 3032 3025 8952 8952 3031 3026 8953 8953 3030 3027 8954 8954 3031 3026 8955 8955 3035 3028 8956 8956 3030 3027 8957 8957 3033 3029 8958 8958 3031 3026 8959 8959 3032 3025 8960 8960 3030 3027 8961 8961 3035 3028 8962 8962 3034 3030 8963 8963 3035 3028 8964 8964 3037 3031 8965 8965 3034 3030 8966 8966 3048 3032 8967 8967 3033 3029 8968 8968 3032 3025 8969 8969 3049 3033 8970 8970 3033 3029 8971 8971 3048 3032 8972 8972 3034 3030 8973 8973 3037 3031 8974 8974 3036 3034 8975 8975 3037 3031 8976 8976 3039 3035 8977 8977 3036 3034 8978 8978 3046 3036 8979 8979 3049 3033 8980 8980 3048 3032 8981 8981 3047 3037 8982 8982 3049 3033 8983 8983 3046 3036 8984 8984 3036 3034 8985 8985 3039 3035 8986 8986 3038 3038 8987 8987 3039 3035 8988 8988 3041 3039 8989 8989 3038 3038 8990 8990 3044 3040 8991 8991 3047 3037 8992 8992 3046 3036 8993 8993 3045 3041 8994 8994 3047 3037 8995 8995 3044 3040 8996 8996 3038 3038 8997 8997 3041 3039 8998 8998 3040 3042 8999 8999 3041 3039 9000 9000 3043 3043 9001 9001 3040 3042 9002 9002 3043 3043 9003 9003 3045 3041 9004 9004 3042 3044 9005 9005 3040 3042 9006 9006 3043 3043 9007 9007 3042 3044 9008 9008 3042 3044 9009 9009 3045 3041 9010 9010 3044 3040 9011 9011 3038 3038 9012 9012 3040 3042 9013 9013 3050 3045 9014 9014 3040 3042 9015 9015 3042 3044 9016 9016 3050 3045 9017 9017 3042 3044 9018 9018 3044 3040 9019 9019 3050 3045 9020 9020 3036 3034 9021 9021 3038 3038 9022 9022 3050 3045 9023 9023 3044 3040 9024 9024 3046 3036 9025 9025 3050 3045 9026 9026 3034 3030 9027 9027 3036 3034 9028 9028 3050 3045 9029 9029 3046 3036 9030 9030 3048 3032 9031 9031 3050 3045 9032 9032 3030 3027 9033 9033 3034 3030 9034 9034 3050 3045 9035 9035 3048 3032 9036 9036 3032 3025 9037 9037 3050 3045 9038 9038 3032 3025 9039 9039 3030 3027 9040 9040 3050 3045 9041 9041 3053 3046 9042 9042 3052 3047 9043 9043 3051 3048 9044 9044 3053 3046 9045 9045 3051 3048 9046 9046 3064 3049 9047 9047 3064 3049 9048 9048 3051 3048 9049 9049 3063 3050 9050 9050 3054 3051 9051 9051 3052 3047 9052 9052 3053 3046 9053 9053 3054 3051 9054 9054 3056 3052 9055 9055 3052 3047 9056 9056 3052 3047 9057 9057 3056 3052 9058 9058 3055 3053 9059 9059 3056 3052 9060 9060 3057 3054 9061 9061 3055 3053 9062 9062 3058 3055 9063 9063 3057 3054 9064 9064 3056 3052 9065 9065 3058 3055 9066 9066 3059 3056 9067 9067 3057 3054 9068 9068 3060 3057 9069 9069 3059 3056 9070 9070 3058 3055 9071 9071 3060 3057 9072 9072 3062 3058 9073 9073 3059 3056 9074 9074 3059 3056 9075 9075 3062 3058 9076 9076 3061 3059 9077 9077 3067 3060 9078 9078 3066 3061 9079 9079 3065 3062 9080 9080 3067 3060 9081 9081 3065 3062 9082 9082 3077 3063 9083 9083 3077 3063 9084 9084 3065 3062 9085 9085 3076 3064 9086 9086 3068 3065 9087 9087 3066 3061 9088 9088 3067 3060 9089 9089 3069 3066 9090 9090 3066 3061 9091 9091 3068 3065 9092 9092 3068 3065 9093 9093 3070 3067 9094 9094 3069 3066 9095 9095 3071 3068 9096 9096 3070 3067 9097 9097 3068 3065 9098 9098 3071 3068 9099 9099 3072 3069 9100 9100 3070 3067 9101 9101 3073 3070 9102 9102 3072 3069 9103 9103 3071 3068 9104 9104 3073 3070 9105 9105 3074 3071 9106 9106 3072 3069 9107 9107 3075 3072 9108 9108 3074 3071 9109 9109 3073 3070 9110 9110 3080 3073 9111 9111 3079 3074 9112 9112 3078 3075 9113 9113 3081 3076 9114 9114 3079 3074 9115 9115 3080 3073 9116 9116 3079 3074 9117 9117 3117 3077 9118 9118 3078 3075 9119 9119 3078 3075 9120 9120 3082 3078 9121 9121 3080 3073 9122 9122 3078 3075 9123 9123 3117 3077 9124 9124 3116 3079 9125 9125 3078 3075 9126 9126 3116 3079 9127 9127 3083 3080 9128 9128 3083 3080 9129 9129 3082 3078 9130 9130 3078 3075 9131 9131 3083 3080 9132 9132 3116 3079 9133 9133 3118 3081 9134 9134 3118 3081 9135 9135 3119 3082 9136 9136 3083 3080 9137 9137 3083 3080 9138 9138 3085 3083 9139 9139 3082 3078 9140 9140 3083 3080 9141 9141 3119 3082 9142 9142 3085 3083 9143 9143 3082 3078 9144 9144 3085 3083 9145 9145 3084 3084 9146 9146 3085 3083 9147 9147 3087 3085 9148 9148 3084 3084 9149 9149 3085 3083 9150 9150 3119 3082 9151 9151 3087 3085 9152 9152 3084 3084 9153 9153 3087 3085 9154 9154 3086 3086 9155 9155 3087 3085 9156 9156 3088 3087 9157 9157 3086 3086 9158 9158 3087 3085 9159 9159 3119 3082 9160 9160 3089 3088 9161 9161 3089 3088 9162 9162 3088 3087 9163 9163 3087 3085 9164 9164 3089 3088 9165 9165 3119 3082 9166 9166 3120 3089 9167 9167 3120 3089 9168 9168 3121 3090 9169 9169 3089 3088 9170 9170 3089 3088 9171 9171 3121 3090 9172 9172 3091 3091 9173 9173 3089 3088 9174 9174 3091 3091 9175 9175 3088 3087 9176 9176 3088 3087 9177 9177 3091 3091 9178 9178 3090 3092 9179 9179 3094 3093 9180 9180 3093 3094 9181 9181 3092 3095 9182 9182 3095 3096 9183 9183 3093 3094 9184 9184 3094 3093 9185 9185 3094 3093 9186 9186 3092 3095 9187 9187 3097 3097 9188 9188 3095 3096 9189 9189 3102 3098 9190 9190 3093 3094 9191 9191 3103 3099 9192 9192 3102 3098 9193 9193 3095 3096 9194 9194 3102 3098 9195 9195 3115 3100 9196 9196 3093 3094 9197 9197 3093 3094 9198 9198 3115 3100 9199 9199 3107 3101 9200 9200 3093 3094 9201 9201 3107 3101 9202 9202 3092 3095 9203 9203 3115 3100 9204 9204 3114 3102 9205 9205 3107 3101 9206 9206 3107 3101 9207 9207 3114 3102 9208 9208 3105 3103 9209 9209 3107 3101 9210 9210 3105 3103 9211 9211 3106 3104 9212 9212 3092 3095 9213 9213 3107 3101 9214 9214 3106 3104 9215 9215 3106 3104 9216 9216 3105 3103 9217 9217 3104 3105 9218 9218 3092 3095 9219 9219 3106 3104 9220 9220 3096 3106 9221 9221 3097 3097 9222 9222 3092 3095 9223 9223 3096 3106 9224 9224 3106 3104 9225 9225 3104 3105 9226 9226 3109 3107 9227 9227 3096 3106 9228 9228 3106 3104 9229 9229 3109 3107 9230 9230 3109 3107 9231 9231 3104 3105 9232 9232 3108 3108 9233 9233 3098 3109 9234 9234 3097 3097 9235 9235 3096 3106 9236 9236 3096 3106 9237 9237 3109 3107 9238 9238 3098 3109 9239 9239 3099 3110 9240 9240 3097 3097 9241 9241 3098 3109 9242 9242 3099 3110 9243 9243 3098 3109 9244 9244 3101 3111 9245 9245 3101 3111 9246 9246 3098 3109 9247 9247 3100 3112 9248 9248 3109 3107 9249 9249 3108 3108 9250 9250 3111 3113 9251 9251 3098 3109 9252 9252 3109 3107 9253 9253 3111 3113 9254 9254 3098 3109 9255 9255 3111 3113 9256 9256 3100 3112 9257 9257 3111 3113 9258 9258 3108 3108 9259 9259 3110 3114 9260 9260 3100 3112 9261 9261 3111 3113 9262 9262 3113 3115 9263 9263 3111 3113 9264 9264 3110 3114 9265 9265 3113 3115 9266 9266 3113 3115 9267 9267 3110 3114 9268 9268 3112 3116 9269 9269 3124 3117 9270 9270 3123 3118 9271 9271 3122 3119 9272 9272 3125 3120 9273 9273 3123 3118 9274 9274 3124 3117 9275 9275 3123 3118 9276 9276 3127 3121 9277 9277 3122 3119 9278 9278 3124 3117 9279 9279 3138 3122 9280 9280 3125 3120 9281 9281 3122 3119 9282 9282 3127 3121 9283 9283 3126 3123 9284 9284 3137 3124 9285 9285 3138 3122 9286 9286 3124 3117 9287 9287 3126 3123 9288 9288 3127 3121 9289 9289 3181 3125 9290 9290 3138 3122 9291 9291 3137 3124 9292 9292 3136 3126 9293 9293 3181 3125 9294 9294 3127 3121 9295 9295 3179 3127 9296 9296 3137 3124 9297 9297 3132 3128 9298 9298 3136 3126 9299 9299 3181 3125 9300 9300 3179 3127 9301 9301 3180 3129 9302 9302 3136 3126 9303 9303 3132 3128 9304 9304 3133 3130 9305 9305 3180 3129 9306 9306 3179 3127 9307 9307 3178 3131 9308 9308 3134 3132 9309 9309 3133 3130 9310 9310 3132 3128 9311 9311 3178 3131 9312 9312 3194 3133 9313 9313 3180 3129 9314 9314 3135 3134 9315 9315 3133 3130 9316 9316 3134 3132 9317 9317 3193 3135 9318 9318 3194 3133 9319 9319 3178 3131 9320 9320 3134 3132 9321 9321 3140 3136 9322 9322 3135 3134 9323 9323 3135 3134 9324 9324 3140 3136 9325 9325 3139 3137 9326 9326 3194 3133 9327 9327 3193 3135 9328 9328 3192 3138 9329 9329 3194 3133 9330 9330 3192 3138 9331 9331 3188 3139 9332 9332 3188 3139 9333 9333 3192 3138 9334 9334 3190 3140 9335 9335 3190 3140 9336 9336 3189 3141 9337 9337 3188 3139 9338 9338 3191 3142 9339 9339 3189 3141 9340 9340 3190 3140 9341 9341 3189 3141 9342 9342 3191 3142 9343 9343 3196 3143 9344 9344 3196 3143 9345 9345 3191 3142 9346 9346 3195 3144 9347 9347 3130 3145 9348 9348 3129 3146 9349 9349 3128 3147 9350 9350 3131 3148 9351 9351 3129 3146 9352 9352 3130 3145 9353 9353 3145 3149 9354 9354 3128 3147 9355 9355 3129 3146 9356 9356 3130 3145 9357 9357 3156 3150 9358 9358 3131 3148 9359 9359 3146 3151 9360 9360 3128 3147 9361 9361 3145 3149 9362 9362 3147 3152 9363 9363 3146 3151 9364 9364 3145 3149 9365 9365 3153 3153 9366 9366 3156 3150 9367 9367 3130 3145 9368 9368 3153 3153 9369 9369 3157 3154 9370 9370 3156 3150 9371 9371 3158 3155 9372 9372 3157 3154 9373 9373 3153 3153 9374 9374 3158 3155 9375 9375 3160 3156 9376 9376 3157 3154 9377 9377 3157 3154 9378 9378 3160 3156 9379 9379 3159 3157 9380 9380 3159 3157 9381 9381 3160 3156 9382 9382 3206 3158 9383 9383 3206 3158 9384 9384 3160 3156 9385 9385 3207 3159 9386 9386 3207 3159 9387 9387 3204 3160 9388 9388 3206 3158 9389 9389 3206 3158 9390 9390 3204 3160 9391 9391 3205 3161 9392 9392 3204 3160 9393 9393 3185 3162 9394 9394 3205 3161 9395 9395 3205 3161 9396 9396 3185 3162 9397 9397 3187 3163 9398 9398 3187 3163 9399 9399 3185 3162 9400 9400 3186 3164 9401 9401 3204 3160 9402 9402 3154 3165 9403 9403 3185 3162 9404 9404 3155 3166 9405 9405 3154 3165 9406 9406 3204 3160 9407 9407 3155 3166 9408 9408 3153 3153 9409 9409 3154 3165 9410 9410 3154 3165 9411 9411 3153 3153 9412 9412 3130 3145 9413 9413 3154 3165 9414 9414 3130 3145 9415 9415 3161 3167 9416 9416 3154 3165 9417 9417 3161 3167 9418 9418 3185 3162 9419 9419 3161 3167 9420 9420 3130 3145 9421 9421 3128 3147 9422 9422 3185 3162 9423 9423 3161 3167 9424 9424 3184 3168 9425 9425 3186 3164 9426 9426 3185 3162 9427 9427 3184 3168 9428 9428 3184 3168 9429 9429 3197 3169 9430 9430 3186 3164 9431 9431 3128 3147 9432 9432 3162 3170 9433 9433 3161 3167 9434 9434 3162 3170 9435 9435 3184 3168 9436 9436 3161 3167 9437 9437 3146 3151 9438 9438 3162 3170 9439 9439 3128 3147 9440 9440 3198 3171 9441 9441 3197 3169 9442 9442 3184 3168 9443 9443 3198 3171 9444 9444 3184 3168 9445 9445 3162 3170 9446 9446 3198 3171 9447 9447 3199 3172 9448 9448 3197 3169 9449 9449 3146 3151 9450 9450 3163 3173 9451 9451 3162 3170 9452 9452 3163 3173 9453 9453 3198 3171 9454 9454 3162 3170 9455 9455 3200 3174 9456 9456 3199 3172 9457 9457 3198 3171 9458 9458 3200 3174 9459 9459 3198 3171 9460 9460 3163 3173 9461 9461 3200 3174 9462 9462 3149 3175 9463 9463 3199 3172 9464 9464 3163 3173 9465 9465 3149 3175 9466 9466 3200 3174 9467 9467 3148 3176 9468 9468 3163 3173 9469 9469 3146 3151 9470 9470 3149 3175 9471 9471 3163 3173 9472 9472 3148 3176 9473 9473 3148 3176 9474 9474 3146 3151 9475 9475 3147 3152 9476 9476 3149 3175 9477 9477 3148 3176 9478 9478 3147 3152 9479 9479 3143 3177 9480 9480 3142 3178 9481 9481 3141 3179 9482 9482 3141 3179 9483 9483 3151 3180 9484 9484 3143 3177 9485 9485 3143 3177 9486 9486 3151 3180 9487 9487 3150 3181 9488 9488 3151 3180 9489 9489 3152 3182 9490 9490 3150 3181 9491 9491 3144 3183 9492 9492 3142 3178 9493 9493 3143 3177 9494 9494 3182 3184 9495 9495 3142 3178 9496 9496 3144 3183 9497 9497 3183 3185 9498 9498 3142 3178 9499 9499 3182 3184 9500 9500 3201 3186 9501 9501 3183 3185 9502 9502 3182 3184 9503 9503 3202 3187 9504 9504 3183 3185 9505 9505 3201 3186 9506 9506 3202 3187 9507 9507 3201 3186 9508 9508 3203 3188 9509 9509 3166 3189 9510 9510 3165 3190 9511 9511 3164 3191 9512 9512 3166 3189 9513 9513 3164 3191 9514 9514 3171 3192 9515 9515 3167 3193 9516 9516 3165 3190 9517 9517 3166 3189 9518 9518 3164 3191 9519 9519 3177 3194 9520 9520 3171 3192 9521 9521 3168 3195 9522 9522 3165 3190 9523 9523 3167 3193 9524 9524 3176 3196 9525 9525 3177 3194 9526 9526 3164 3191 9527 9527 3169 3197 9528 9528 3165 3190 9529 9529 3168 3195 9530 9530 3176 3196 9531 9531 3164 3191 9532 9532 3175 3198 9533 9533 3170 3199 9534 9534 3165 3190 9535 9535 3169 3197 9536 9536 3175 3198 9537 9537 3164 3191 9538 9538 3172 3200 9539 9539 3165 3190 9540 9540 3172 3200 9541 9541 3164 3191 9542 9542 3170 3199 9543 9543 3174 3201 9544 9544 3165 3190 9545 9545 3165 3190 9546 9546 3173 3202 9547 9547 3172 3200 9548 9548 3165 3190 9549 9549 3174 3201 9550 9550 3173 3202 9551 9551 3210 3203 9552 9552 3209 3204 9553 9553 3208 3205 9554 9554 3210 3203 9555 9555 3208 3205 9556 9556 3235 3206 9557 9557 3211 3207 9558 9558 3209 3204 9559 9559 3210 3203 9560 9560 3214 3208 9561 9561 3213 3209 9562 9562 3212 3210 9563 9563 3215 3211 9564 9564 3213 3209 9565 9565 3214 3208 9566 9566 3215 3211 9567 9567 3216 3212 9568 9568 3213 3209 9569 9569 3216 3212 9570 9570 3237 3213 9571 9571 3213 3209 9572 9572 3215 3211 9573 9573 3236 3214 9574 9574 3216 3212 9575 9575 3219 3215 9576 9576 3218 3216 9577 9577 3217 3217 9578 9578 3217 3217 9579 9579 3218 3216 9580 9580 3224 3218 9581 9581 3220 3219 9582 9582 3218 3216 9583 9583 3219 3215 9584 9584 3234 3220 9585 9585 3217 3217 9586 9586 3224 3218 9587 9587 3219 3215 9588 9588 3221 3221 9589 9589 3220 3219 9590 9590 3233 3222 9591 9591 3217 3217 9592 9592 3234 3220 9593 9593 3219 3215 9594 9594 3222 3223 9595 9595 3221 3221 9596 9596 3233 3222 9597 9597 3232 3224 9598 9598 3217 3217 9599 9599 3223 3225 9600 9600 3222 3223 9601 9601 3219 3215 9602 9602 3217 3217 9603 9603 3232 3224 9604 9604 3225 3226 9605 9605 3225 3226 9606 9606 3219 3215 9607 9607 3217 3217 9608 9608 3223 3225 9609 9609 3219 3215 9610 9610 3227 3227 9611 9611 3226 3228 9612 9612 3219 3215 9613 9613 3225 3226 9614 9614 3227 3227 9615 9615 3219 3215 9616 9616 3226 3228 9617 9617 3230 3229 9618 9618 3229 3230 9619 9619 3228 3231 9620 9620 3231 3232 9621 9621 3229 3230 9622 9622 3230 3229 9623 9623 3240 3233 9624 9624 3239 3234 9625 9625 3238 3235 9626 9626 3240 3233 9627 9627 3305 3236 9628 9628 3260 3237 9629 9629 3240 3233 9630 9630 3260 3237 9631 9631 3239 3234 9632 9632 3260 3237 9633 9633 3259 3238 9634 9634 3239 3234 9635 9635 3238 3235 9636 9636 3307 3239 9637 9637 3240 3233 9638 9638 3259 3238 9639 9639 3258 3240 9640 9640 3239 3234 9641 9641 3238 3235 9642 9642 3241 3241 9643 9643 3307 3239 9644 9644 3239 3234 9645 9645 3258 3240 9646 9646 3247 3242 9647 9647 3239 3234 9648 9648 3247 3242 9649 9649 3238 3235 9650 9650 3258 3240 9651 9651 3257 3243 9652 9652 3247 3242 9653 9653 3242 3244 9654 9654 3241 3241 9655 9655 3238 3235 9656 9656 3247 3242 9657 9657 3257 3243 9658 9658 3255 3245 9659 9659 3238 3235 9660 9660 3247 3242 9661 9661 3255 3245 9662 9662 3257 3243 9663 9663 3256 3246 9664 9664 3255 3245 9665 9665 3256 3246 9666 9666 3254 3247 9667 9667 3255 3245 9668 9668 3243 3248 9669 9669 3242 3244 9670 9670 3238 3235 9671 9671 3255 3245 9672 9672 3254 3247 9673 9673 3246 3249 9674 9674 3238 3235 9675 9675 3255 3245 9676 9676 3246 3249 9677 9677 3254 3247 9678 9678 3253 3250 9679 9679 3246 3249 9680 9680 3249 3251 9681 9681 3306 3252 9682 9682 3243 3248 9683 9683 3246 3249 9684 9684 3253 3250 9685 9685 3245 3253 9686 9686 3253 3250 9687 9687 3252 3254 9688 9688 3245 3253 9689 9689 3246 3249 9690 9690 3245 3253 9691 9691 3238 3235 9692 9692 3252 3254 9693 9693 3251 3255 9694 9694 3245 3253 9695 9695 3238 3235 9696 9696 3248 3256 9697 9697 3243 3248 9698 9698 3248 3256 9699 9699 3249 3251 9700 9700 3243 3248 9701 9701 3250 3257 9702 9702 3249 3251 9703 9703 3248 3256 9704 9704 3245 3253 9705 9705 3244 3258 9706 9706 3238 3235 9707 9707 3238 3235 9708 9708 3244 3258 9709 9709 3248 3256 9710 9710 3245 3253 9711 9711 3251 3255 9712 9712 3244 3258 9713 9713 3244 3258 9714 9714 3250 3257 9715 9715 3248 3256 9716 9716 3251 3255 9717 9717 3250 3257 9718 9718 3244 3258 9719 9719 3263 3259 9720 9720 3262 3260 9721 9721 3261 3261 9722 9722 3277 3262 9723 9723 3263 3259 9724 9724 3261 3261 9725 9725 3262 3260 9726 9726 3264 3263 9727 9727 3261 3261 9728 9728 3276 3264 9729 9729 3277 3262 9730 9730 3261 3261 9731 9731 3264 3263 9732 9732 3265 3265 9733 9733 3261 3261 9734 9734 3275 3266 9735 9735 3276 3264 9736 9736 3261 3261 9737 9737 3265 3265 9738 9738 3266 3267 9739 9739 3261 3261 9740 9740 3274 3268 9741 9741 3275 3266 9742 9742 3261 3261 9743 9743 3266 3267 9744 9744 3267 3269 9745 9745 3261 3261 9746 9746 3273 3270 9747 9747 3274 3268 9748 9748 3261 3261 9749 9749 3267 3269 9750 9750 3268 3271 9751 9751 3261 3261 9752 9752 3272 3272 9753 9753 3273 3270 9754 9754 3261 3261 9755 9755 3268 3271 9756 9756 3269 3273 9757 9757 3261 3261 9758 9758 3271 3274 9759 9759 3272 3272 9760 9760 3261 3261 9761 9761 3269 3273 9762 9762 3270 3275 9763 9763 3261 3261 9764 9764 3270 3275 9765 9765 3271 3274 9766 9766 3261 3261 9767 9767 3280 3276 9768 9768 3279 3277 9769 9769 3278 3278 9770 9770 3281 3279 9771 9771 3279 3277 9772 9772 3280 3276 9773 9773 3279 3277 9774 9774 3308 3280 9775 9775 3278 3278 9776 9776 3309 3281 9777 9777 3308 3280 9778 9778 3279 3277 9779 9779 3284 3282 9780 9780 3283 3283 9781 9781 3282 3284 9782 9782 3285 3285 9783 9783 3283 3283 9784 9784 3284 3282 9785 9785 3283 3283 9786 9786 3300 3286 9787 9787 3282 3284 9788 9788 3283 3283 9789 9789 3302 3287 9790 9790 3300 3286 9791 9791 3302 3287 9792 9792 3301 3288 9793 9793 3300 3286 9794 9794 3302 3287 9795 9795 3303 3289 9796 9796 3301 3288 9797 9797 3304 3290 9798 9798 3303 3289 9799 9799 3302 3287 9800 9800 3288 3291 9801 9801 3287 3292 9802 9802 3286 3293 9803 9803 3289 3294 9804 9804 3287 3292 9805 9805 3288 3291 9806 9806 3289 3294 9807 9807 3314 3295 9808 9808 3287 3292 9809 9809 3287 3292 9810 9810 3314 3295 9811 9811 3313 3296 9812 9812 3292 3297 9813 9813 3291 3298 9814 9814 3290 3299 9815 9815 3291 3298 9816 9816 3297 3300 9817 9817 3290 3299 9818 9818 3298 3301 9819 9819 3297 3300 9820 9820 3291 3298 9821 9821 3291 3298 9822 9822 3292 3297 9823 9823 3315 3302 9824 9824 3292 3297 9825 9825 3316 3303 9826 9826 3315 3302 9827 9827 3318 3304 9828 9828 3315 3302 9829 9829 3316 3303 9830 9830 3319 3305 9831 9831 3315 3302 9832 9832 3318 3304 9833 9833 3295 3306 9834 9834 3294 3307 9835 9835 3293 3308 9836 9836 3295 3306 9837 9837 3293 3308 9838 9838 3317 3309 9839 9839 3296 3310 9840 9840 3294 3307 9841 9841 3295 3306 9842 9842 3296 3310 9843 9843 3299 3311 9844 9844 3294 3307 9845 9845 3312 3312 9846 9846 3311 3313 9847 9847 3310 3314 9848 9848 3320 3315 9849 9849 3310 3314 9850 9850 3311 3313 9851 9851 3321 3316 9852 9852 3310 3314 9853 9853 3320 3315 9854 9854 3321 3316 9855 9855 3320 3315 9856 9856 3322 3317 9857 9857 3325 3318 9858 9858 3324 3319 9859 9859 3323 3320 9860 9860 3326 3321 9861 9861 3324 3319 9862 9862 3325 3318 9863 9863 3326 3321 9864 9864 3332 3322 9865 9865 3324 3319 9866 9866 3324 3319 9867 9867 3332 3322 9868 9868 3331 3323 9869 9869 3329 3324 9870 9870 3328 3325 9871 9871 3327 3326 9872 9872 3330 3327 9873 9873 3328 3325 9874 9874 3329 3324 9875 9875 3328 3325 9876 9876 3334 3328 9877 9877 3327 3326 9878 9878 3327 3326 9879 9879 3334 3328 9880 9880 3333 3329 9881 9881 3337 3330 9882 9882 3336 3331 9883 9883 3335 3332 9884 9884 3338 3333 9885 9885 3336 3331 9886 9886 3337 3330 9887 9887 3341 3334 9888 9888 3340 3335 9889 9889 3339 3336 9890 9890 3342 3337 9891 9891 3340 3335 9892 9892 3341 3334 9893 9893 3345 3338 9894 9894 3344 3339 9895 9895 3343 3340 9896 9896 3346 3341 9897 9897 3344 3339 9898 9898 3345 3338 9899 9899 3346 3341 9900 9900 3352 3342 9901 9901 3344 3339 9902 9902 3344 3339 9903 9903 3352 3342 9904 9904 3351 3343 9905 9905 3349 3344 9906 9906 3348 3345 9907 9907 3347 3346 9908 9908 3350 3347 9909 9909 3348 3345 9910 9910 3349 3344 9911 9911 3348 3345 9912 9912 3354 3348 9913 9913 3347 3346 9914 9914 3347 3346 9915 9915 3354 3348 9916 9916 3353 3349 9917 9917 3357 3350 9918 9918 3356 3351 9919 9919 3355 3352 9920 9920 3358 3353 9921 9921 3356 3351 9922 9922 3357 3350 9923 9923 3361 3354 9924 9924 3360 3355 9925 9925 3359 3356 9926 9926 3362 3357 9927 9927 3360 3355 9928 9928 3361 3354 9929 9929 3365 3358 9930 9930 3364 3359 9931 9931 3363 3360 9932 9932 3366 3361 9933 9933 3364 3359 9934 9934 3365 3358 9935 9935 3366 3361 9936 9936 3372 3362 9937 9937 3364 3359 9938 9938 3364 3359 9939 9939 3372 3362 9940 9940 3371 3363 9941 9941 3369 3364 9942 9942 3368 3365 9943 9943 3367 3366 9944 9944 3370 3367 9945 9945 3368 3365 9946 9946 3369 3364 9947 9947 3368 3365 9948 9948 3374 3368 9949 9949 3367 3366 9950 9950 3367 3366 9951 9951 3374 3368 9952 9952 3373 3369 9953 9953 3377 3370 9954 9954 3376 3371 9955 9955 3375 3372 9956 9956 3378 3373 9957 9957 3376 3371 9958 9958 3377 3370 9959 9959 3381 3374 9960 9960 3380 3375 9961 9961 3379 3376 9962 9962 3382 3377 9963 9963 3380 3375 9964 9964 3381 3374 9965 9965 3385 3378 9966 9966 3384 3379 9967 9967 3383 3380 9968 9968 3386 3381 9969 9969 3384 3379 9970 9970 3385 3378 9971 9971 3386 3381 9972 9972 3392 3382 9973 9973 3384 3379 9974 9974 3384 3379 9975 9975 3392 3382 9976 9976 3391 3383 9977 9977 3389 3384 9978 9978 3388 3385 9979 9979 3387 3386 9980 9980 3390 3387 9981 9981 3388 3385 9982 9982 3389 3384 9983 9983 3388 3385 9984 9984 3394 3388 9985 9985 3387 3386 9986 9986 3387 3386 9987 9987 3394 3388 9988 9988 3393 3389 9989 9989 3397 3390 9990 9990 3396 3391 9991 9991 3395 3392 9992 9992 3398 3393 9993 9993 3396 3391 9994 9994 3397 3390 9995 9995 3401 3394 9996 9996 3400 3395 9997 9997 3399 3396 9998 9998 3402 3397 9999 9999 3400 3395 10000 10000 3401 3394 10001 10001 3405 3398 10002 10002 3404 3399 10003 10003 3403 3400 10004 10004 3405 3398 10005 10005 3403 3400 10006 10006 3418 3401 10007 10007 3467 3402 10008 10008 3403 3400 10009 10009 3404 3399 10010 10010 3467 3402 10011 10011 3418 3401 10012 10012 3403 3400 10013 10013 3405 3398 10014 10014 3407 3403 10015 10015 3404 3399 10016 10016 3455 3404 10017 10017 3407 3403 10018 10018 3405 3398 10019 10019 3453 3405 10020 10020 3407 3403 10021 10021 3455 3404 10022 10022 3405 3398 10023 10023 3465 3406 10024 10024 3455 3404 10025 10025 3454 3407 10026 10026 3407 3403 10027 10027 3453 3405 10028 10028 3419 3408 10029 10029 3465 3406 10030 10030 3405 3398 10031 10031 3464 3409 10032 10032 3465 3406 10033 10033 3419 3408 10034 10034 3419 3408 10035 10035 3405 3398 10036 10036 3418 3401 10037 10037 3419 3408 10038 10038 3415 3410 10039 10039 3464 3409 10040 10040 3415 3410 10041 10041 3419 3408 10042 10042 3418 3401 10043 10043 3464 3409 10044 10044 3415 3410 10045 10045 3463 3411 10046 10046 3462 3412 10047 10047 3463 3411 10048 10048 3415 3410 10049 10049 3415 3410 10050 10050 3416 3413 10051 10051 3462 3412 10052 10052 3462 3412 10053 10053 3416 3413 10054 10054 3461 3414 10055 10055 3415 3410 10056 10056 3418 3401 10057 10057 3417 3415 10058 10058 3414 3416 10059 10059 3461 3414 10060 10060 3416 3413 10061 10061 3458 3417 10062 10062 3461 3414 10063 10063 3414 3416 10064 10064 3414 3416 10065 10065 3459 3418 10066 10066 3458 3417 10067 10067 3416 3413 10068 10068 3415 3410 10069 10069 3413 3419 10070 10070 3415 3410 10071 10071 3417 3415 10072 10072 3413 3419 10073 10073 3414 3416 10074 10074 3416 3413 10075 10075 3413 3419 10076 10076 3460 3420 10077 10077 3459 3418 10078 10078 3412 3421 10079 10079 3412 3421 10080 10080 3459 3418 10081 10081 3414 3416 10082 10082 3412 3421 10083 10083 3414 3416 10084 10084 3411 3422 10085 10085 3414 3416 10086 10086 3413 3419 10087 10087 3411 3422 10088 10088 3412 3421 10089 10089 3411 3422 10090 10090 3410 3423 10091 10091 3473 3424 10092 10092 3410 3423 10093 10093 3411 3422 10094 10094 3538 3425 10095 10095 3473 3424 10096 10096 3537 3426 10097 10097 3471 3427 10098 10098 3473 3424 10099 10099 3411 3422 10100 10100 3537 3426 10101 10101 3473 3424 10102 10102 3471 3427 10103 10103 3471 3427 10104 10104 3411 3422 10105 10105 3413 3419 10106 10106 3536 3428 10107 10107 3537 3426 10108 10108 3471 3427 10109 10109 3536 3428 10110 10110 3471 3427 10111 10111 3535 3429 10112 10112 3535 3429 10113 10113 3471 3427 10114 10114 3472 3430 10115 10115 3472 3430 10116 10116 3471 3427 10117 10117 3413 3419 10118 10118 3535 3429 10119 10119 3472 3430 10120 10120 3534 3431 10121 10121 3469 3432 10122 10122 3472 3430 10123 10123 3413 3419 10124 10124 3534 3431 10125 10125 3472 3430 10126 10126 3469 3432 10127 10127 3469 3432 10128 10128 3413 3419 10129 10129 3417 3415 10130 10130 3533 3433 10131 10131 3534 3431 10132 10132 3469 3432 10133 10133 3469 3432 10134 10134 3417 3415 10135 10135 3418 3401 10136 10136 3533 3433 10137 10137 3469 3432 10138 10138 3532 3434 10139 10139 3470 3435 10140 10140 3469 3432 10141 10141 3418 3401 10142 10142 3532 3434 10143 10143 3469 3432 10144 10144 3470 3435 10145 10145 3532 3434 10146 10146 3470 3435 10147 10147 3531 3436 10148 10148 3467 3402 10149 10149 3470 3435 10150 10150 3418 3401 10151 10151 3531 3436 10152 10152 3470 3435 10153 10153 3467 3402 10154 10154 3530 3437 10155 10155 3531 3436 10156 10156 3467 3402 10157 10157 3530 3437 10158 10158 3467 3402 10159 10159 3529 3438 10160 10160 3529 3438 10161 10161 3467 3402 10162 10162 3468 3439 10163 10163 3529 3438 10164 10164 3468 3439 10165 10165 3528 3440 10166 10166 3468 3439 10167 10167 3467 3402 10168 10168 3404 3399 10169 10169 3528 3440 10170 10170 3468 3439 10171 10171 3466 3441 10172 10172 3466 3441 10173 10173 3468 3439 10174 10174 3404 3399 10175 10175 3540 3442 10176 10176 3528 3440 10177 10177 3466 3441 10178 10178 3540 3442 10179 10179 3466 3441 10180 10180 3539 3443 10181 10181 3539 3443 10182 10182 3466 3441 10183 10183 3475 3444 10184 10184 3475 3444 10185 10185 3466 3441 10186 10186 3408 3445 10187 10187 3466 3441 10188 10188 3404 3399 10189 10189 3408 3445 10190 10190 3475 3444 10191 10191 3408 3445 10192 10192 3474 3446 10193 10193 3409 3447 10194 10194 3474 3446 10195 10195 3408 3445 10196 10196 3406 3448 10197 10197 3408 3445 10198 10198 3404 3399 10199 10199 3406 3448 10200 10200 3409 3447 10201 10201 3408 3445 10202 10202 3407 3403 10203 10203 3406 3448 10204 10204 3404 3399 10205 10205 3409 3447 10206 10206 3406 3448 10207 10207 3457 3449 10208 10208 3406 3448 10209 10209 3407 3403 10210 10210 3454 3407 10211 10211 3457 3449 10212 10212 3406 3448 10213 10213 3456 3450 10214 10214 3454 3407 10215 10215 3456 3450 10216 10216 3406 3448 10217 10217 3422 3451 10218 10218 3421 3452 10219 10219 3420 3453 10220 10220 3422 3451 10221 10221 3420 3453 10222 10222 3425 3454 10223 10223 3422 3451 10224 10224 3423 3455 10225 10225 3421 3452 10226 10226 3422 3451 10227 10227 3425 3454 10228 10228 3424 3456 10229 10229 3422 3451 10230 10230 3432 3457 10231 10231 3423 3455 10232 10232 3422 3451 10233 10233 3424 3456 10234 10234 3427 3458 10235 10235 3422 3451 10236 10236 3430 3459 10237 10237 3432 3457 10238 10238 3422 3451 10239 10239 3427 3458 10240 10240 3426 3460 10241 10241 3422 3451 10242 10242 3431 3461 10243 10243 3430 3459 10244 10244 3422 3451 10245 10245 3426 3460 10246 10246 3429 3462 10247 10247 3422 3451 10248 10248 3428 3463 10249 10249 3431 3461 10250 10250 3422 3451 10251 10251 3429 3462 10252 10252 3428 3463 10253 10253 3435 3464 10254 10254 3434 3465 10255 10255 3433 3466 10256 10256 3436 3467 10257 10257 3434 3465 10258 10258 3435 3464 10259 10259 3435 3464 10260 10260 3433 3466 10261 10261 3438 3468 10262 10262 3436 3467 10263 10263 3452 3469 10264 10264 3434 3465 10265 10265 3452 3469 10266 10266 3451 3470 10267 10267 3434 3465 10268 10268 3438 3468 10269 10269 3433 3466 10270 10270 3437 3471 10271 10271 3439 3472 10272 10272 3438 3468 10273 10273 3437 3471 10274 10274 3439 3472 10275 10275 3437 3471 10276 10276 3441 3473 10277 10277 3434 3465 10278 10278 3541 3474 10279 10279 3433 3466 10280 10280 3433 3466 10281 10281 3541 3474 10282 10282 3437 3471 10283 10283 3434 3465 10284 10284 3451 3470 10285 10285 3450 3475 10286 10286 3450 3475 10287 10287 3541 3474 10288 10288 3434 3465 10289 10289 3451 3470 10290 10290 3447 3476 10291 10291 3450 3475 10292 10292 3447 3476 10293 10293 3541 3474 10294 10294 3450 3475 10295 10295 3449 3477 10296 10296 3447 3476 10297 10297 3451 3470 10298 10298 3449 3477 10299 10299 3448 3478 10300 10300 3447 3476 10301 10301 3448 3478 10302 10302 3445 3479 10303 10303 3447 3476 10304 10304 3445 3479 10305 10305 3541 3474 10306 10306 3447 3476 10307 10307 3446 3480 10308 10308 3445 3479 10309 10309 3448 3478 10310 10310 3446 3480 10311 10311 3444 3481 10312 10312 3445 3479 10313 10313 3445 3479 10314 10314 3444 3481 10315 10315 3442 3482 10316 10316 3442 3482 10317 10317 3541 3474 10318 10318 3445 3479 10319 10319 3444 3481 10320 10320 3443 3483 10321 10321 3442 3482 10322 10322 3443 3483 10323 10323 3441 3473 10324 10324 3442 3482 10325 10325 3440 3484 10326 10326 3541 3474 10327 10327 3442 3482 10328 10328 3442 3482 10329 10329 3441 3473 10330 10330 3440 3484 10331 10331 3437 3471 10332 10332 3541 3474 10333 10333 3440 3484 10334 10334 3441 3473 10335 10335 3437 3471 10336 10336 3440 3484 10337 10337 3478 3485 10338 10338 3477 3486 10339 10339 3476 3487 10340 10340 3477 3486 10341 10341 3484 3488 10342 10342 3476 3487 10343 10343 3479 3489 10344 10344 3477 3486 10345 10345 3478 3485 10346 10346 3485 3490 10347 10347 3484 3488 10348 10348 3477 3486 10349 10349 3479 3489 10350 10350 3478 3485 10351 10351 3481 3491 10352 10352 3485 3490 10353 10353 3483 3492 10354 10354 3484 3488 10355 10355 3481 3491 10356 10356 3478 3485 10357 10357 3480 3493 10358 10358 3484 3488 10359 10359 3483 3492 10360 10360 3482 3494 10361 10361 3498 3495 10362 10362 3481 3491 10363 10363 3480 3493 10364 10364 3483 3492 10365 10365 3488 3496 10366 10366 3482 3494 10367 10367 3499 3497 10368 10368 3481 3491 10369 10369 3498 3495 10370 10370 3489 3498 10371 10371 3488 3496 10372 10372 3483 3492 10373 10373 3498 3495 10374 10374 3501 3499 10375 10375 3499 3497 10376 10376 3499 3497 10377 10377 3501 3499 10378 10378 3500 3500 10379 10379 3489 3498 10380 10380 3487 3501 10381 10381 3488 3496 10382 10382 3488 3496 10383 10383 3487 3501 10384 10384 3486 3502 10385 10385 3487 3501 10386 10386 3492 3503 10387 10387 3486 3502 10388 10388 3493 3504 10389 10389 3492 3503 10390 10390 3487 3501 10391 10391 3493 3504 10392 10392 3491 3505 10393 10393 3492 3503 10394 10394 3492 3503 10395 10395 3491 3505 10396 10396 3490 3506 10397 10397 3491 3505 10398 10398 3496 3507 10399 10399 3490 3506 10400 10400 3497 3508 10401 10401 3496 3507 10402 10402 3491 3505 10403 10403 3497 3508 10404 10404 3495 3509 10405 10405 3496 3507 10406 10406 3496 3507 10407 10407 3495 3509 10408 10408 3494 3510 10409 10409 3504 3511 10410 10410 3503 3512 10411 10411 3502 3513 10412 10412 3504 3511 10413 10413 3502 3513 10414 10414 3527 3514 10415 10415 3505 3515 10416 10416 3503 3512 10417 10417 3504 3511 10418 10418 3527 3514 10419 10419 3502 3513 10420 10420 3525 3516 10421 10421 3505 3515 10422 10422 3506 3517 10423 10423 3503 3512 10424 10424 3527 3514 10425 10425 3525 3516 10426 10426 3526 3518 10427 10427 3526 3518 10428 10428 3525 3516 10429 10429 3524 3519 10430 10430 3507 3520 10431 10431 3506 3517 10432 10432 3505 3515 10433 10433 3507 3520 10434 10434 3508 3521 10435 10435 3506 3517 10436 10436 3509 3522 10437 10437 3508 3521 10438 10438 3507 3520 10439 10439 3509 3522 10440 10440 3510 3523 10441 10441 3508 3521 10442 10442 3511 3524 10443 10443 3510 3523 10444 10444 3509 3522 10445 10445 3511 3524 10446 10446 3512 3525 10447 10447 3510 3523 10448 10448 3513 3526 10449 10449 3512 3525 10450 10450 3511 3524 10451 10451 3513 3526 10452 10452 3514 3527 10453 10453 3512 3525 10454 10454 3515 3528 10455 10455 3514 3527 10456 10456 3513 3526 10457 10457 3515 3528 10458 10458 3516 3529 10459 10459 3514 3527 10460 10460 3517 3530 10461 10461 3516 3529 10462 10462 3515 3528 10463 10463 3517 3530 10464 10464 3518 3531 10465 10465 3516 3529 10466 10466 3519 3532 10467 10467 3518 3531 10468 10468 3517 3530 10469 10469 3519 3532 10470 10470 3520 3533 10471 10471 3518 3531 10472 10472 3521 3534 10473 10473 3520 3533 10474 10474 3519 3532 10475 10475 3521 3534 10476 10476 3522 3535 10477 10477 3520 3533 10478 10478 3523 3536 10479 10479 3522 3535 10480 10480 3521 3534 10481 10481</p>
        </triangles>
      </mesh>
    </geometry>
  </library_geometries>
  <library_visual_scenes>
    <visual_scene id="Scene" name="Scene">
      <node id="enm_motora_eye" name="enm_motora_eye" type="NODE">
        <matrix sid="transform">1 0 0 0 0 -4.37114e-8 -1 0 0 1 -4.37114e-8 0 0 0 0 1</matrix>
        <instance_geometry url="#Mesh_001-mesh" name="enm_motora_eye">
          <bind_material>
            <technique_common>
              <instance_material symbol="enm_motora_eye-material" target="#enm_motora_eye-material">
                <bind_vertex_input semantic="Float2" input_semantic="TEXCOORD" input_set="0"/>
              </instance_material>
            </technique_common>
          </bind_material>
        </instance_geometry>
      </node>
      <node id="enm_motora_body" name="enm_motora_body" type="NODE">
        <matrix sid="transform">1 0 0 0 0 -4.37114e-8 -1 0 0 1 -4.37114e-8 0 0 0 0 1</matrix>
        <instance_geometry url="#Mesh-mesh" name="enm_motora_body">
          <bind_material>
            <technique_common>
              <instance_material symbol="enm_motora_body-material" target="#enm_motora_body-material">
                <bind_vertex_input semantic="Float2" input_semantic="TEXCOORD" input_set="0"/>
              </instance_material>
            </technique_common>
          </bind_material>
        </instance_geometry>
      </node>
    </visual_scene>
  </library_visual_scenes>
  <scene>
    <instance_visual_scene url="#Scene"/>
  </scene>
</COLLADA>